RecordID,In-hospital_death,split,saps_i,saps_i_available,sofa,sofa_available
100001,0,test,3.0,1,1.0,1
100002,1,train,16.0,1,7.0,1
100003,0,train,14.0,1,9.0,1
100004,1,test,13.0,1,9.0,1
100005,0,train,13.0,1,9.0,1
100006,0,train,25.0,1,12.0,1
100007,0,validation,6.0,1,1.0,1
100008,0,train,12.0,1,1.0,1
100009,0,train,8.0,1,,0
100011,0,train,15.0,1,5.0,1
100012,0,test,9.0,1,1.0,1
100013,0,test,15.0,1,5.0,1
100014,0,train,11.0,1,8.0,1
100015,0,validation,13.0,1,2.0,1
100016,0,train,17.0,1,9.0,1
100017,0,validation,18.0,1,7.0,1
100018,0,test,17.0,1,5.0,1
100019,0,train,9.0,1,1.0,1
100020,0,train,16.0,1,7.0,1
100021,0,train,11.0,1,1.0,1
100022,1,train,13.0,1,9.0,1
100023,0,validation,10.0,1,6.0,1
100024,0,train,23.0,1,12.0,1
100025,0,validation,8.0,1,1.0,1
100026,0,train,15.0,1,6.0,1
100027,0,train,19.0,1,9.0,1
100028,0,test,12.0,1,4.0,1
100029,0,train,13.0,1,5.0,1
100030,1,train,20.0,1,8.0,1
100031,0,test,8.0,1,1.0,1
100032,0,train,16.0,1,4.0,1
100033,0,train,15.0,1,3.0,1
100034,0,train,24.0,1,15.0,1
100035,0,train,13.0,1,2.0,1
100036,0,train,18.0,1,11.0,1
100037,0,train,5.0,1,4.0,1
100038,0,train,10.0,1,5.0,1
100039,0,train,10.0,1,4.0,1
100040,0,train,14.0,1,8.0,1
100041,0,train,10.0,1,1.0,1
100042,0,train,20.0,1,11.0,1
100043,0,train,12.0,1,5.0,1
100044,0,train,22.0,1,13.0,1
100045,1,train,25.0,1,12.0,1
100046,0,train,19.0,1,14.0,1
100047,0,train,12.0,1,0.0,1
100048,0,validation,18.0,1,10.0,1
100049,0,train,15.0,1,5.0,1
100050,0,train,17.0,1,8.0,1
100051,0,train,12.0,1,6.0,1
100052,0,validation,12.0,1,10.0,1
100053,0,train,18.0,1,10.0,1
100054,0,train,17.0,1,10.0,1
100055,1,train,24.0,1,13.0,1
100056,0,train,14.0,1,4.0,1
100057,0,test,22.0,1,10.0,1
100058,0,test,5.0,1,1.0,1
100059,0,train,,0,3.0,1
100060,0,train,13.0,1,1.0,1
100061,0,test,12.0,1,5.0,1
100062,0,train,18.0,1,8.0,1
100063,0,train,8.0,1,1.0,1
100064,0,train,9.0,1,3.0,1
100065,1,train,21.0,1,12.0,1
100066,1,train,17.0,1,6.0,1
100067,0,train,23.0,1,8.0,1
100068,0,train,18.0,1,12.0,1
100069,0,test,14.0,1,1.0,1
100070,0,train,16.0,1,13.0,1
100071,0,train,12.0,1,8.0,1
100072,1,train,27.0,1,11.0,1
100073,0,train,15.0,1,14.0,1
100074,0,train,16.0,1,5.0,1
100075,0,train,10.0,1,2.0,1
100076,0,test,11.0,1,5.0,1
100077,0,train,18.0,1,7.0,1
100078,0,train,18.0,1,8.0,1
100079,0,train,18.0,1,11.0,1
100080,0,train,18.0,1,13.0,1
100081,0,validation,18.0,1,8.0,1
100082,0,train,17.0,1,9.0,1
100083,0,test,8.0,1,0.0,1
100084,0,train,13.0,1,8.0,1
100085,0,train,18.0,1,9.0,1
100086,0,train,19.0,1,12.0,1
100087,0,train,19.0,1,10.0,1
100088,0,validation,21.0,1,8.0,1
100089,0,validation,15.0,1,6.0,1
100090,0,train,11.0,1,2.0,1
100091,0,train,16.0,1,9.0,1
100092,0,train,21.0,1,9.0,1
100093,1,validation,15.0,1,6.0,1
100094,0,validation,9.0,1,1.0,1
100095,0,train,23.0,1,10.0,1
100096,1,test,10.0,1,5.0,1
100097,0,test,15.0,1,7.0,1
100098,0,train,22.0,1,13.0,1
100099,0,test,12.0,1,4.0,1
100100,0,train,27.0,1,14.0,1
100101,0,validation,14.0,1,8.0,1
100102,0,train,6.0,1,2.0,1
100103,0,train,13.0,1,7.0,1
100104,0,validation,12.0,1,4.0,1
100105,1,train,10.0,1,4.0,1
100106,0,validation,19.0,1,16.0,1
100107,0,train,23.0,1,12.0,1
100108,1,test,12.0,1,10.0,1
100109,0,train,11.0,1,6.0,1
100110,0,train,22.0,1,11.0,1
100111,0,train,15.0,1,1.0,1
100112,0,train,13.0,1,11.0,1
100113,0,train,16.0,1,9.0,1
100114,0,validation,13.0,1,1.0,1
100115,0,train,17.0,1,6.0,1
100116,1,train,22.0,1,9.0,1
100117,0,train,9.0,1,4.0,1
100118,0,validation,18.0,1,7.0,1
100119,0,train,22.0,1,7.0,1
100120,1,validation,19.0,1,13.0,1
100121,0,test,5.0,1,2.0,1
100122,0,train,12.0,1,9.0,1
100123,0,train,16.0,1,3.0,1
100124,0,validation,16.0,1,6.0,1
100125,0,validation,19.0,1,11.0,1
100126,1,train,23.0,1,5.0,1
100127,0,train,17.0,1,8.0,1
100128,0,validation,17.0,1,15.0,1
100129,0,train,10.0,1,4.0,1
100130,0,validation,20.0,1,8.0,1
100131,0,train,14.0,1,9.0,1
100132,0,train,27.0,1,13.0,1
100133,0,test,10.0,1,2.0,1
100134,0,test,12.0,1,4.0,1
100135,0,train,8.0,1,2.0,1
100136,0,validation,16.0,1,6.0,1
100137,0,train,24.0,1,17.0,1
100138,0,train,19.0,1,3.0,1
100139,0,train,12.0,1,1.0,1
100140,1,test,13.0,1,4.0,1
100141,0,validation,19.0,1,6.0,1
100142,0,train,8.0,1,3.0,1
100143,0,validation,13.0,1,4.0,1
100144,1,test,15.0,1,6.0,1
100145,1,validation,16.0,1,6.0,1
100146,0,train,15.0,1,7.0,1
100147,0,validation,12.0,1,3.0,1
100148,0,test,21.0,1,9.0,1
100149,0,test,9.0,1,3.0,1
100150,0,train,21.0,1,9.0,1
100151,0,train,13.0,1,4.0,1
100152,0,train,5.0,1,1.0,1
100153,1,train,23.0,1,14.0,1
100154,0,train,14.0,1,7.0,1
100155,0,train,7.0,1,1.0,1
100156,0,test,11.0,1,,0
100157,0,train,16.0,1,9.0,1
100158,0,test,10.0,1,4.0,1
100159,0,validation,17.0,1,9.0,1
100160,0,validation,25.0,1,13.0,1
100161,0,train,6.0,1,,0
100162,0,validation,18.0,1,11.0,1
100163,0,train,18.0,1,12.0,1
100164,1,validation,16.0,1,,0
100165,0,train,17.0,1,8.0,1
100166,0,train,15.0,1,1.0,1
100167,0,train,13.0,1,9.0,1
100168,0,train,9.0,1,1.0,1
100169,0,test,15.0,1,2.0,1
100170,0,train,24.0,1,12.0,1
100171,0,validation,8.0,1,9.0,1
100172,0,validation,14.0,1,9.0,1
100173,0,train,9.0,1,3.0,1
100174,0,train,9.0,1,3.0,1
100175,0,train,9.0,1,2.0,1
100176,0,train,23.0,1,9.0,1
100177,1,validation,23.0,1,15.0,1
100178,0,train,,0,4.0,1
100179,0,train,22.0,1,14.0,1
100180,0,train,15.0,1,5.0,1
100181,0,validation,11.0,1,7.0,1
100182,0,train,10.0,1,8.0,1
100183,0,train,23.0,1,6.0,1
100184,0,test,16.0,1,7.0,1
100185,0,validation,12.0,1,6.0,1
100186,0,train,12.0,1,3.0,1
100187,0,train,26.0,1,12.0,1
100188,0,train,19.0,1,7.0,1
100189,0,train,14.0,1,1.0,1
100190,0,validation,17.0,1,15.0,1
100191,0,test,17.0,1,10.0,1
100192,0,validation,20.0,1,8.0,1
100193,0,validation,,0,6.0,1
100194,0,train,17.0,1,8.0,1
100195,0,train,13.0,1,2.0,1
100196,1,test,14.0,1,12.0,1
100197,0,train,27.0,1,15.0,1
100198,0,test,25.0,1,8.0,1
100199,0,test,8.0,1,,0
100200,0,train,9.0,1,5.0,1
100201,0,validation,17.0,1,5.0,1
100202,0,test,21.0,1,13.0,1
100203,0,test,13.0,1,0.0,1
100204,1,train,21.0,1,9.0,1
100205,0,train,20.0,1,9.0,1
100206,0,test,10.0,1,3.0,1
100207,0,train,13.0,1,5.0,1
100208,0,train,14.0,1,9.0,1
100209,1,train,,0,0.0,1
100210,0,train,22.0,1,9.0,1
100211,0,train,13.0,1,2.0,1
100212,1,validation,20.0,1,20.0,1
100213,0,test,17.0,1,,0
100214,0,test,18.0,1,7.0,1
100215,1,train,,0,5.0,1
100216,0,test,9.0,1,2.0,1
100217,0,train,24.0,1,14.0,1
100218,0,train,17.0,1,7.0,1
100219,1,train,26.0,1,12.0,1
100220,0,train,,0,,0
100221,0,validation,17.0,1,6.0,1
100222,0,validation,20.0,1,13.0,1
100223,0,test,7.0,1,10.0,1
100224,0,train,11.0,1,5.0,1
100225,0,validation,13.0,1,6.0,1
100226,0,train,,0,0.0,1
100227,0,train,16.0,1,10.0,1
100228,1,train,15.0,1,5.0,1
100229,0,train,21.0,1,8.0,1
100230,0,train,21.0,1,13.0,1
100231,0,test,16.0,1,8.0,1
100232,0,test,14.0,1,1.0,1
100233,0,train,11.0,1,5.0,1
100234,0,train,20.0,1,9.0,1
100235,0,test,18.0,1,8.0,1
100236,0,validation,15.0,1,8.0,1
100237,0,train,19.0,1,8.0,1
100238,0,train,20.0,1,12.0,1
100239,0,train,11.0,1,2.0,1
100240,0,train,6.0,1,0.0,1
100241,0,train,10.0,1,4.0,1
100242,0,validation,16.0,1,8.0,1
100243,0,train,18.0,1,8.0,1
100244,0,train,19.0,1,7.0,1
100245,0,test,12.0,1,8.0,1
100246,1,train,15.0,1,4.0,1
100247,0,train,23.0,1,4.0,1
100249,0,test,22.0,1,10.0,1
100251,0,validation,9.0,1,3.0,1
100252,0,train,,0,,0
100253,1,train,19.0,1,6.0,1
100254,0,train,12.0,1,5.0,1
100255,0,validation,16.0,1,7.0,1
100256,0,train,10.0,1,6.0,1
100257,0,train,22.0,1,8.0,1
100258,0,train,16.0,1,9.0,1
100259,0,train,17.0,1,9.0,1
100260,1,validation,13.0,1,5.0,1
100261,0,validation,,0,0.0,1
100262,1,train,30.0,1,15.0,1
100263,1,validation,21.0,1,9.0,1
100264,0,test,25.0,1,13.0,1
100265,1,train,,0,17.0,1
100266,0,test,20.0,1,10.0,1
100267,0,train,11.0,1,,0
100268,1,train,16.0,1,15.0,1
100269,0,test,14.0,1,6.0,1
100270,0,validation,7.0,1,5.0,1
100271,0,train,24.0,1,14.0,1
100272,0,train,16.0,1,1.0,1
100273,0,validation,6.0,1,1.0,1
100274,0,test,9.0,1,5.0,1
100275,1,train,16.0,1,15.0,1
100276,1,train,22.0,1,17.0,1
100277,1,train,27.0,1,17.0,1
100278,0,train,11.0,1,8.0,1
100279,0,train,10.0,1,2.0,1
100280,0,train,11.0,1,3.0,1
100281,0,train,,0,8.0,1
100282,0,train,16.0,1,7.0,1
100283,1,train,28.0,1,12.0,1
100284,0,test,17.0,1,8.0,1
100285,0,train,16.0,1,6.0,1
100286,0,train,14.0,1,7.0,1
100287,0,train,9.0,1,0.0,1
100288,0,train,12.0,1,3.0,1
100289,0,validation,20.0,1,7.0,1
100290,0,train,15.0,1,9.0,1
100291,1,train,16.0,1,6.0,1
100292,0,train,20.0,1,15.0,1
100293,0,test,23.0,1,12.0,1
100294,0,test,16.0,1,9.0,1
100295,0,train,11.0,1,1.0,1
100296,0,train,9.0,1,1.0,1
100297,1,train,14.0,1,8.0,1
100298,0,train,7.0,1,1.0,1
100299,0,train,17.0,1,8.0,1
100300,0,train,21.0,1,9.0,1
100301,1,train,25.0,1,9.0,1
100302,0,train,10.0,1,0.0,1
100303,0,test,24.0,1,6.0,1
100304,0,test,20.0,1,9.0,1
100305,0,train,11.0,1,2.0,1
100306,0,train,10.0,1,2.0,1
100307,0,test,14.0,1,5.0,1
100308,0,validation,19.0,1,5.0,1
100309,0,test,12.0,1,1.0,1
100310,0,test,13.0,1,4.0,1
100311,0,test,9.0,1,,0
100312,1,train,12.0,1,8.0,1
100313,0,validation,16.0,1,6.0,1
100314,0,test,21.0,1,11.0,1
100315,0,train,16.0,1,11.0,1
100316,0,train,20.0,1,10.0,1
100317,0,train,12.0,1,2.0,1
100318,0,train,12.0,1,6.0,1
100319,0,train,21.0,1,5.0,1
100320,1,train,22.0,1,13.0,1
100321,1,train,14.0,1,2.0,1
100322,0,validation,15.0,1,9.0,1
100323,0,train,,0,6.0,1
100324,0,train,18.0,1,,0
100325,0,validation,8.0,1,2.0,1
100326,0,train,17.0,1,8.0,1
100327,0,train,22.0,1,9.0,1
100328,0,train,16.0,1,12.0,1
100329,0,validation,8.0,1,3.0,1
100330,0,train,14.0,1,4.0,1
100331,0,train,21.0,1,6.0,1
100332,0,train,19.0,1,7.0,1
100333,0,train,15.0,1,7.0,1
100334,0,train,7.0,1,0.0,1
100335,0,train,13.0,1,3.0,1
100336,0,test,15.0,1,11.0,1
100337,0,validation,19.0,1,8.0,1
100338,0,train,15.0,1,6.0,1
100339,0,train,14.0,1,8.0,1
100340,0,train,17.0,1,7.0,1
100341,0,test,11.0,1,6.0,1
100342,1,test,23.0,1,6.0,1
100343,0,test,8.0,1,1.0,1
100344,0,train,16.0,1,9.0,1
100345,0,train,20.0,1,10.0,1
100346,0,train,16.0,1,11.0,1
100347,0,train,11.0,1,10.0,1
100348,0,train,18.0,1,6.0,1
100349,0,train,11.0,1,3.0,1
100350,0,train,34.0,1,16.0,1
100351,0,train,18.0,1,16.0,1
100352,1,train,14.0,1,7.0,1
100353,0,train,20.0,1,10.0,1
100354,0,train,8.0,1,5.0,1
100355,0,train,19.0,1,7.0,1
100356,1,train,15.0,1,7.0,1
100357,1,validation,19.0,1,9.0,1
100358,0,train,18.0,1,11.0,1
100359,0,test,16.0,1,7.0,1
100360,0,train,7.0,1,1.0,1
100361,1,train,20.0,1,15.0,1
100362,0,validation,17.0,1,8.0,1
100363,0,train,12.0,1,,0
100364,0,test,14.0,1,11.0,1
100365,0,train,18.0,1,8.0,1
100366,0,train,17.0,1,11.0,1
100367,0,train,9.0,1,5.0,1
100368,0,train,8.0,1,1.0,1
100369,0,train,8.0,1,1.0,1
100370,1,test,18.0,1,17.0,1
100371,0,validation,19.0,1,6.0,1
100372,0,train,12.0,1,8.0,1
100373,0,train,20.0,1,6.0,1
100374,0,validation,5.0,1,2.0,1
100376,0,test,5.0,1,1.0,1
100377,1,train,13.0,1,6.0,1
100378,0,train,13.0,1,8.0,1
100379,0,test,20.0,1,10.0,1
100380,1,test,9.0,1,,0
100381,0,train,11.0,1,2.0,1
100382,0,train,18.0,1,9.0,1
100383,1,validation,,0,6.0,1
100384,0,train,16.0,1,7.0,1
100385,0,train,5.0,1,1.0,1
100386,0,train,9.0,1,4.0,1
100387,1,train,13.0,1,12.0,1
100388,0,train,14.0,1,12.0,1
100389,0,train,8.0,1,4.0,1
100390,1,validation,13.0,1,12.0,1
100391,1,test,24.0,1,11.0,1
100392,0,train,3.0,1,0.0,1
100393,1,train,19.0,1,7.0,1
100394,0,validation,17.0,1,5.0,1
100395,0,test,15.0,1,6.0,1
100396,0,train,17.0,1,,0
100397,0,train,11.0,1,4.0,1
100398,0,train,20.0,1,7.0,1
100399,0,validation,10.0,1,6.0,1
100400,1,train,13.0,1,1.0,1
100401,0,validation,18.0,1,8.0,1
100402,0,train,15.0,1,5.0,1
100403,0,train,15.0,1,7.0,1
100404,0,train,17.0,1,9.0,1
100405,0,train,16.0,1,6.0,1
100406,0,train,20.0,1,10.0,1
100407,0,train,6.0,1,1.0,1
100408,1,train,17.0,1,17.0,1
100409,0,train,18.0,1,10.0,1
100410,0,validation,22.0,1,9.0,1
100411,1,train,14.0,1,10.0,1
100412,0,train,10.0,1,4.0,1
100413,0,train,14.0,1,4.0,1
100414,0,train,14.0,1,5.0,1
100416,0,train,22.0,1,15.0,1
100417,0,validation,16.0,1,10.0,1
100418,0,train,17.0,1,8.0,1
100419,0,test,16.0,1,8.0,1
100420,0,train,14.0,1,6.0,1
100421,1,train,14.0,1,3.0,1
100422,1,validation,16.0,1,7.0,1
100423,0,train,15.0,1,6.0,1
100424,0,train,18.0,1,8.0,1
100425,0,test,8.0,1,4.0,1
100426,0,train,2.0,1,2.0,1
100427,0,test,14.0,1,6.0,1
100428,0,train,10.0,1,2.0,1
100429,0,test,16.0,1,10.0,1
100430,0,train,23.0,1,13.0,1
100431,0,train,13.0,1,5.0,1
100432,0,test,16.0,1,7.0,1
100433,1,train,25.0,1,11.0,1
100434,0,train,15.0,1,0.0,1
100435,0,train,18.0,1,10.0,1
100436,0,train,18.0,1,9.0,1
100437,0,validation,6.0,1,1.0,1
100438,0,validation,19.0,1,10.0,1
100439,0,train,14.0,1,8.0,1
100440,0,train,17.0,1,2.0,1
100441,0,validation,15.0,1,8.0,1
100442,0,train,14.0,1,9.0,1
100443,0,train,13.0,1,3.0,1
100444,1,train,13.0,1,4.0,1
100445,0,test,9.0,1,3.0,1
100446,0,train,10.0,1,8.0,1
100447,0,validation,7.0,1,1.0,1
100448,0,train,19.0,1,14.0,1
100449,0,train,,0,0.0,1
100450,0,train,21.0,1,7.0,1
100451,1,train,10.0,1,7.0,1
100452,0,validation,21.0,1,7.0,1
100453,0,train,10.0,1,4.0,1
100454,1,train,23.0,1,7.0,1
100455,0,test,14.0,1,7.0,1
100456,1,test,13.0,1,8.0,1
100457,0,train,9.0,1,7.0,1
100458,1,train,18.0,1,4.0,1
100459,0,train,25.0,1,11.0,1
100460,0,train,19.0,1,8.0,1
100461,1,validation,17.0,1,8.0,1
100462,0,test,13.0,1,6.0,1
100463,0,test,19.0,1,13.0,1
100464,1,train,21.0,1,1.0,1
100465,1,test,18.0,1,16.0,1
100466,0,validation,12.0,1,3.0,1
100467,0,train,14.0,1,2.0,1
100468,0,train,8.0,1,5.0,1
100469,0,train,22.0,1,9.0,1
100470,0,test,18.0,1,13.0,1
100471,0,train,16.0,1,9.0,1
100472,0,train,14.0,1,4.0,1
100473,0,validation,14.0,1,,0
100474,0,train,16.0,1,9.0,1
100475,0,validation,21.0,1,9.0,1
100476,0,train,13.0,1,3.0,1
100477,0,train,9.0,1,1.0,1
100478,0,validation,17.0,1,5.0,1
100479,0,test,8.0,1,4.0,1
100480,0,test,15.0,1,3.0,1
100481,0,train,,0,9.0,1
100482,0,train,9.0,1,1.0,1
100483,0,train,21.0,1,7.0,1
100484,0,train,21.0,1,9.0,1
100485,0,test,29.0,1,10.0,1
100486,1,validation,19.0,1,5.0,1
100487,0,validation,19.0,1,6.0,1
100488,0,train,7.0,1,2.0,1
100489,1,train,20.0,1,11.0,1
100490,0,train,18.0,1,9.0,1
100491,0,test,28.0,1,12.0,1
100492,1,validation,,0,5.0,1
100493,0,train,17.0,1,12.0,1
100494,0,train,21.0,1,8.0,1
100495,0,train,15.0,1,6.0,1
100496,0,validation,15.0,1,5.0,1
100497,0,train,8.0,1,,0
100498,1,test,19.0,1,10.0,1
100499,0,train,19.0,1,13.0,1
100500,0,train,24.0,1,10.0,1
100501,0,train,12.0,1,3.0,1
100503,0,train,7.0,1,1.0,1
100504,0,train,15.0,1,8.0,1
100505,0,train,9.0,1,3.0,1
100506,0,train,14.0,1,10.0,1
100507,0,train,20.0,1,9.0,1
100508,0,train,16.0,1,11.0,1
100509,0,train,18.0,1,10.0,1
100510,0,train,17.0,1,7.0,1
100511,0,train,24.0,1,8.0,1
100512,0,train,16.0,1,11.0,1
100513,0,train,10.0,1,1.0,1
100514,0,validation,3.0,1,1.0,1
100515,0,validation,17.0,1,9.0,1
100516,0,train,11.0,1,5.0,1
100517,0,train,20.0,1,11.0,1
100518,0,train,23.0,1,11.0,1
100519,0,validation,10.0,1,2.0,1
100520,1,train,10.0,1,3.0,1
100521,0,train,17.0,1,7.0,1
100522,0,test,11.0,1,6.0,1
100523,0,validation,3.0,1,2.0,1
100524,0,train,13.0,1,4.0,1
100525,0,test,19.0,1,12.0,1
100526,0,train,16.0,1,6.0,1
100527,1,validation,18.0,1,6.0,1
100528,0,train,,0,4.0,1
100529,0,validation,9.0,1,3.0,1
100530,0,train,10.0,1,12.0,1
100531,0,validation,16.0,1,7.0,1
100532,0,train,17.0,1,7.0,1
100533,0,train,13.0,1,4.0,1
100534,0,train,14.0,1,8.0,1
100535,0,validation,12.0,1,8.0,1
100536,0,train,13.0,1,8.0,1
100537,0,test,10.0,1,4.0,1
100538,0,train,22.0,1,14.0,1
100539,0,train,11.0,1,2.0,1
100540,0,validation,15.0,1,4.0,1
100541,0,test,23.0,1,14.0,1
100542,0,train,7.0,1,5.0,1
100543,0,train,14.0,1,6.0,1
100544,0,train,5.0,1,0.0,1
100545,0,train,10.0,1,2.0,1
100546,0,train,24.0,1,12.0,1
100547,0,train,11.0,1,2.0,1
100548,1,train,30.0,1,15.0,1
100549,0,test,20.0,1,3.0,1
100550,0,train,10.0,1,3.0,1
100551,1,train,10.0,1,8.0,1
100552,0,train,16.0,1,4.0,1
100553,0,train,18.0,1,9.0,1
100554,0,validation,17.0,1,4.0,1
100555,1,train,22.0,1,12.0,1
100556,0,train,20.0,1,14.0,1
100557,0,train,11.0,1,5.0,1
100558,1,train,18.0,1,6.0,1
100559,0,test,22.0,1,4.0,1
100560,0,train,7.0,1,1.0,1
100561,0,train,19.0,1,1.0,1
100562,0,train,,0,0.0,1
100563,0,validation,17.0,1,7.0,1
100564,0,validation,15.0,1,6.0,1
100565,0,train,8.0,1,5.0,1
100566,0,validation,9.0,1,6.0,1
100567,0,train,13.0,1,6.0,1
100568,0,test,7.0,1,1.0,1
100569,0,validation,4.0,1,3.0,1
100570,0,test,23.0,1,7.0,1
100571,0,test,24.0,1,7.0,1
100572,0,train,20.0,1,12.0,1
100573,0,train,16.0,1,8.0,1
100574,0,train,16.0,1,12.0,1
100575,0,train,16.0,1,8.0,1
100576,0,train,,0,10.0,1
100577,0,train,11.0,1,3.0,1
100578,0,train,17.0,1,7.0,1
100579,0,test,19.0,1,13.0,1
100580,0,train,20.0,1,10.0,1
100581,0,train,13.0,1,1.0,1
100582,0,train,11.0,1,11.0,1
100583,1,train,33.0,1,7.0,1
100584,0,validation,24.0,1,12.0,1
100585,0,validation,28.0,1,18.0,1
100586,0,validation,9.0,1,3.0,1
100587,0,train,23.0,1,8.0,1
100588,0,validation,19.0,1,13.0,1
100589,0,validation,17.0,1,6.0,1
100590,0,test,5.0,1,,0
100591,0,train,9.0,1,4.0,1
100592,0,train,15.0,1,5.0,1
100593,0,train,10.0,1,4.0,1
100594,0,train,15.0,1,8.0,1
100595,1,test,12.0,1,5.0,1
100596,0,test,9.0,1,3.0,1
100597,0,train,13.0,1,3.0,1
100598,1,train,16.0,1,10.0,1
100599,0,validation,16.0,1,5.0,1
100600,1,test,21.0,1,7.0,1
100601,0,train,16.0,1,6.0,1
100602,0,test,11.0,1,7.0,1
100603,0,train,13.0,1,3.0,1
100604,0,train,25.0,1,18.0,1
100605,1,train,16.0,1,10.0,1
100606,0,validation,16.0,1,8.0,1
100607,0,validation,13.0,1,1.0,1
100608,0,train,15.0,1,10.0,1
100609,0,train,13.0,1,8.0,1
100610,0,train,11.0,1,3.0,1
100611,0,train,22.0,1,9.0,1
100612,1,train,20.0,1,10.0,1
100613,0,train,18.0,1,7.0,1
100614,0,validation,10.0,1,7.0,1
100615,0,test,16.0,1,10.0,1
100616,0,validation,13.0,1,7.0,1
100618,0,validation,12.0,1,5.0,1
100619,0,validation,20.0,1,5.0,1
100620,0,train,14.0,1,7.0,1
100621,0,train,26.0,1,9.0,1
100622,0,train,9.0,1,2.0,1
100623,0,validation,17.0,1,13.0,1
100624,0,train,15.0,1,11.0,1
100625,0,train,12.0,1,3.0,1
100626,0,train,10.0,1,1.0,1
100627,0,train,15.0,1,,0
100628,1,test,18.0,1,3.0,1
100629,0,test,12.0,1,6.0,1
100630,0,train,19.0,1,13.0,1
100631,0,validation,8.0,1,0.0,1
100632,1,train,15.0,1,3.0,1
100633,0,train,13.0,1,,0
100634,0,train,7.0,1,4.0,1
100635,1,train,11.0,1,3.0,1
100636,0,train,13.0,1,6.0,1
100637,0,validation,14.0,1,7.0,1
100638,0,train,12.0,1,1.0,1
100639,1,train,14.0,1,5.0,1
100640,0,validation,10.0,1,0.0,1
100641,0,test,16.0,1,5.0,1
100642,0,train,,0,8.0,1
100643,0,train,15.0,1,5.0,1
100644,0,train,19.0,1,8.0,1
100645,0,train,22.0,1,8.0,1
100646,1,train,,0,1.0,1
100647,0,train,19.0,1,11.0,1
100648,0,train,8.0,1,4.0,1
100649,0,train,18.0,1,6.0,1
100650,0,train,5.0,1,0.0,1
100651,0,train,9.0,1,4.0,1
100653,1,train,11.0,1,0.0,1
100654,0,train,22.0,1,7.0,1
100655,0,train,13.0,1,10.0,1
100656,1,train,25.0,1,12.0,1
100657,0,train,22.0,1,11.0,1
100658,0,train,15.0,1,10.0,1
100659,0,validation,17.0,1,6.0,1
100660,0,test,16.0,1,5.0,1
100661,0,train,24.0,1,,0
100662,0,train,5.0,1,7.0,1
100663,0,train,11.0,1,1.0,1
100664,0,train,22.0,1,9.0,1
100665,0,test,11.0,1,3.0,1
100666,0,validation,23.0,1,12.0,1
100667,1,validation,28.0,1,13.0,1
100668,0,validation,14.0,1,7.0,1
100669,0,train,21.0,1,15.0,1
100670,0,train,16.0,1,13.0,1
100671,0,test,12.0,1,1.0,1
100672,0,train,8.0,1,,0
100673,1,train,14.0,1,9.0,1
100674,0,train,16.0,1,9.0,1
100675,0,train,17.0,1,11.0,1
100676,0,train,17.0,1,8.0,1
100677,0,validation,11.0,1,5.0,1
100678,0,train,6.0,1,4.0,1
100680,0,train,9.0,1,4.0,1
100681,0,train,11.0,1,1.0,1
100682,0,train,10.0,1,6.0,1
100683,0,train,5.0,1,4.0,1
100684,0,train,15.0,1,4.0,1
100685,0,train,14.0,1,4.0,1
100686,0,train,,0,4.0,1
100687,0,train,15.0,1,7.0,1
100688,0,train,16.0,1,3.0,1
100689,0,train,19.0,1,11.0,1
100690,1,train,15.0,1,8.0,1
100691,0,validation,23.0,1,9.0,1
100692,0,train,15.0,1,11.0,1
100693,0,train,8.0,1,4.0,1
100694,0,train,18.0,1,6.0,1
100695,0,train,15.0,1,10.0,1
100696,1,validation,24.0,1,13.0,1
100697,0,test,18.0,1,10.0,1
100698,0,validation,29.0,1,13.0,1
100699,1,train,12.0,1,2.0,1
100700,0,train,23.0,1,7.0,1
100701,0,test,15.0,1,6.0,1
100702,0,validation,14.0,1,2.0,1
100703,0,test,14.0,1,6.0,1
100704,0,train,11.0,1,2.0,1
100705,0,test,15.0,1,7.0,1
100706,0,train,18.0,1,8.0,1
100707,0,train,12.0,1,3.0,1
100708,0,train,14.0,1,10.0,1
100709,0,train,17.0,1,9.0,1
100710,1,train,10.0,1,7.0,1
100711,0,train,15.0,1,7.0,1
100712,0,train,16.0,1,9.0,1
100713,0,train,20.0,1,6.0,1
100714,0,train,24.0,1,6.0,1
100715,0,train,8.0,1,1.0,1
100716,0,train,18.0,1,9.0,1
100717,0,validation,13.0,1,1.0,1
100718,0,train,8.0,1,1.0,1
100719,0,train,11.0,1,3.0,1
100720,0,validation,16.0,1,12.0,1
100721,0,train,14.0,1,2.0,1
100722,0,test,10.0,1,5.0,1
100723,0,train,15.0,1,7.0,1
100724,0,train,,0,3.0,1
100725,0,train,14.0,1,3.0,1
100726,0,train,12.0,1,7.0,1
100727,0,test,20.0,1,5.0,1
100728,0,train,14.0,1,7.0,1
100729,0,train,22.0,1,8.0,1
100730,0,train,16.0,1,5.0,1
100731,0,validation,18.0,1,8.0,1
100732,0,train,12.0,1,0.0,1
100733,0,train,14.0,1,2.0,1
100734,0,train,9.0,1,,0
100735,0,train,10.0,1,7.0,1
100736,0,train,9.0,1,2.0,1
100737,1,validation,14.0,1,9.0,1
100738,0,train,15.0,1,13.0,1
100739,0,test,21.0,1,10.0,1
100740,0,validation,13.0,1,3.0,1
100742,0,train,19.0,1,9.0,1
100743,0,train,11.0,1,1.0,1
100744,0,train,9.0,1,0.0,1
100745,0,train,25.0,1,10.0,1
100746,0,validation,20.0,1,9.0,1
100747,0,train,,0,1.0,1
100748,0,train,9.0,1,5.0,1
100749,0,train,15.0,1,6.0,1
100750,0,validation,14.0,1,5.0,1
100751,0,train,2.0,1,1.0,1
100752,0,train,20.0,1,7.0,1
100753,0,train,,0,10.0,1
100754,0,validation,22.0,1,12.0,1
100755,0,validation,11.0,1,7.0,1
100756,0,train,13.0,1,6.0,1
100757,0,train,18.0,1,9.0,1
100758,0,train,22.0,1,11.0,1
100759,0,validation,,0,2.0,1
100760,0,train,18.0,1,10.0,1
100761,1,test,19.0,1,8.0,1
100762,1,train,22.0,1,12.0,1
100763,0,test,13.0,1,8.0,1
100764,0,train,17.0,1,10.0,1
100765,1,train,13.0,1,4.0,1
100766,1,train,15.0,1,4.0,1
100767,0,test,14.0,1,4.0,1
100768,0,train,9.0,1,1.0,1
100769,0,validation,13.0,1,4.0,1
100770,0,test,9.0,1,6.0,1
100771,0,train,10.0,1,5.0,1
100772,1,test,23.0,1,7.0,1
100773,1,train,13.0,1,7.0,1
100774,0,test,10.0,1,2.0,1
100775,0,train,17.0,1,10.0,1
100776,0,train,13.0,1,6.0,1
100777,0,train,20.0,1,10.0,1
100778,0,train,20.0,1,9.0,1
100779,0,train,20.0,1,7.0,1
100780,0,validation,17.0,1,12.0,1
100781,0,train,22.0,1,11.0,1
100782,0,validation,6.0,1,2.0,1
100783,0,train,14.0,1,11.0,1
100784,0,train,7.0,1,0.0,1
100785,0,train,28.0,1,12.0,1
100786,0,train,9.0,1,3.0,1
100787,0,train,13.0,1,10.0,1
100788,0,train,19.0,1,12.0,1
100789,0,train,22.0,1,11.0,1
100790,1,train,17.0,1,7.0,1
100791,0,train,8.0,1,2.0,1
100792,0,train,16.0,1,6.0,1
100793,1,train,23.0,1,11.0,1
100794,0,test,13.0,1,4.0,1
100795,1,test,17.0,1,6.0,1
100796,0,train,16.0,1,10.0,1
100797,1,validation,19.0,1,16.0,1
100799,0,train,6.0,1,1.0,1
100800,0,test,21.0,1,9.0,1
100801,0,train,9.0,1,,0
100802,0,train,13.0,1,2.0,1
100803,0,train,12.0,1,8.0,1
100804,0,train,20.0,1,8.0,1
100805,0,train,11.0,1,6.0,1
100806,0,train,18.0,1,5.0,1
100807,0,train,14.0,1,5.0,1
100808,0,train,5.0,1,2.0,1
100809,0,train,10.0,1,3.0,1
100810,0,validation,9.0,1,5.0,1
100811,0,train,11.0,1,2.0,1
100812,0,train,21.0,1,,0
100813,0,train,6.0,1,1.0,1
100814,0,test,12.0,1,2.0,1
100815,0,validation,10.0,1,8.0,1
100816,0,train,10.0,1,2.0,1
100817,1,test,16.0,1,7.0,1
100818,0,test,6.0,1,2.0,1
100819,0,train,18.0,1,9.0,1
100820,0,train,15.0,1,13.0,1
100821,0,test,10.0,1,6.0,1
100822,1,train,22.0,1,12.0,1
100823,0,train,10.0,1,2.0,1
100824,0,test,16.0,1,6.0,1
100825,1,validation,17.0,1,8.0,1
100826,0,validation,21.0,1,6.0,1
100827,0,train,19.0,1,3.0,1
100828,0,train,9.0,1,0.0,1
100829,0,train,12.0,1,2.0,1
100830,0,train,12.0,1,4.0,1
100831,0,test,15.0,1,5.0,1
100832,1,train,21.0,1,8.0,1
100833,0,test,6.0,1,3.0,1
100834,0,train,3.0,1,5.0,1
100835,0,validation,10.0,1,5.0,1
100836,1,train,20.0,1,7.0,1
100837,0,train,16.0,1,5.0,1
100838,0,train,18.0,1,9.0,1
100839,0,train,14.0,1,2.0,1
100840,0,train,11.0,1,0.0,1
100841,1,validation,20.0,1,5.0,1
100842,0,train,18.0,1,13.0,1
100843,0,train,13.0,1,2.0,1
100844,0,train,24.0,1,13.0,1
100845,1,train,19.0,1,6.0,1
100846,0,train,4.0,1,1.0,1
100847,1,train,25.0,1,6.0,1
100848,0,train,14.0,1,8.0,1
100849,1,validation,21.0,1,4.0,1
100850,0,test,14.0,1,12.0,1
100851,0,train,14.0,1,5.0,1
100852,0,train,15.0,1,8.0,1
100853,0,train,15.0,1,5.0,1
100854,0,train,17.0,1,10.0,1
100855,0,validation,14.0,1,3.0,1
100856,0,test,5.0,1,3.0,1
100857,0,train,5.0,1,4.0,1
100858,1,train,15.0,1,11.0,1
100859,0,train,20.0,1,14.0,1
100860,0,test,25.0,1,12.0,1
100861,0,train,6.0,1,2.0,1
100862,0,test,22.0,1,10.0,1
100863,0,test,21.0,1,7.0,1
100864,0,train,22.0,1,8.0,1
100865,0,train,23.0,1,8.0,1
100866,1,train,11.0,1,9.0,1
100867,0,train,19.0,1,7.0,1
100868,0,test,12.0,1,4.0,1
100869,0,train,7.0,1,1.0,1
100870,0,train,10.0,1,5.0,1
100871,0,train,8.0,1,1.0,1
100872,0,validation,17.0,1,5.0,1
100873,0,test,16.0,1,4.0,1
100874,0,validation,20.0,1,8.0,1
100875,1,train,25.0,1,11.0,1
100876,0,train,14.0,1,7.0,1
100877,0,train,17.0,1,8.0,1
100878,0,train,8.0,1,2.0,1
100879,0,test,14.0,1,6.0,1
100880,0,train,12.0,1,1.0,1
100881,1,validation,19.0,1,7.0,1
100882,1,train,18.0,1,12.0,1
100883,1,train,21.0,1,5.0,1
100884,0,train,12.0,1,4.0,1
100885,0,train,17.0,1,9.0,1
100886,0,validation,14.0,1,,0
100887,0,validation,10.0,1,2.0,1
100888,0,train,15.0,1,5.0,1
100889,0,test,8.0,1,0.0,1
100890,0,train,15.0,1,2.0,1
100891,0,train,16.0,1,3.0,1
100892,0,train,8.0,1,6.0,1
100894,1,train,14.0,1,9.0,1
100895,0,test,5.0,1,0.0,1
100896,0,test,13.0,1,6.0,1
100897,0,train,,0,19.0,1
100898,1,test,20.0,1,10.0,1
100899,0,train,15.0,1,10.0,1
100900,0,train,16.0,1,8.0,1
100901,1,train,20.0,1,7.0,1
100902,0,validation,23.0,1,13.0,1
100903,0,train,23.0,1,17.0,1
100904,0,train,21.0,1,13.0,1
100905,0,validation,21.0,1,12.0,1
100906,0,train,7.0,1,2.0,1
100907,0,validation,14.0,1,8.0,1
100908,0,test,17.0,1,1.0,1
100909,1,train,12.0,1,,0
100910,0,validation,13.0,1,11.0,1
100911,0,validation,8.0,1,5.0,1
100912,1,train,24.0,1,15.0,1
100913,0,train,,0,0.0,1
100914,0,train,,0,1.0,1
100915,0,test,18.0,1,15.0,1
100916,0,validation,20.0,1,13.0,1
100917,0,train,16.0,1,9.0,1
100918,0,train,19.0,1,17.0,1
100919,0,train,20.0,1,7.0,1
100920,0,train,19.0,1,10.0,1
100921,0,validation,11.0,1,4.0,1
100922,0,test,9.0,1,5.0,1
100923,1,test,20.0,1,11.0,1
100924,0,train,14.0,1,5.0,1
100925,1,train,9.0,1,4.0,1
100926,0,train,15.0,1,9.0,1
100927,0,validation,18.0,1,10.0,1
100928,0,train,11.0,1,3.0,1
100929,1,train,10.0,1,1.0,1
100930,0,train,13.0,1,4.0,1
100932,0,validation,15.0,1,8.0,1
100933,0,train,22.0,1,8.0,1
100934,0,train,22.0,1,12.0,1
100935,0,train,22.0,1,9.0,1
100936,0,train,14.0,1,6.0,1
100937,0,test,19.0,1,8.0,1
100938,0,train,13.0,1,4.0,1
100939,1,train,17.0,1,13.0,1
100940,0,validation,15.0,1,11.0,1
100941,0,train,6.0,1,2.0,1
100942,0,train,19.0,1,11.0,1
100943,1,train,17.0,1,9.0,1
100944,0,train,8.0,1,5.0,1
100945,0,train,21.0,1,12.0,1
100946,0,train,4.0,1,0.0,1
100947,0,train,21.0,1,8.0,1
100948,0,train,15.0,1,7.0,1
100949,0,test,18.0,1,5.0,1
100950,0,train,19.0,1,14.0,1
100951,0,validation,3.0,1,5.0,1
100952,0,train,,0,0.0,1
100953,1,train,22.0,1,9.0,1
100954,0,train,15.0,1,1.0,1
100955,0,validation,12.0,1,1.0,1
100956,0,validation,16.0,1,6.0,1
100957,0,train,19.0,1,10.0,1
100958,1,test,7.0,1,0.0,1
100959,0,train,15.0,1,8.0,1
100960,0,train,13.0,1,12.0,1
100961,0,train,10.0,1,4.0,1
100962,1,train,15.0,1,8.0,1
100963,0,train,17.0,1,8.0,1
100964,0,train,10.0,1,3.0,1
100965,1,test,12.0,1,6.0,1
100966,1,train,18.0,1,7.0,1
100967,0,train,6.0,1,1.0,1
100968,0,train,12.0,1,3.0,1
100969,0,train,17.0,1,12.0,1
100970,0,train,11.0,1,2.0,1
100971,0,train,12.0,1,6.0,1
100972,0,train,7.0,1,4.0,1
100973,0,train,15.0,1,8.0,1
100974,0,train,19.0,1,4.0,1
100975,0,train,11.0,1,5.0,1
100976,0,train,11.0,1,4.0,1
100977,1,validation,13.0,1,7.0,1
100978,1,train,12.0,1,7.0,1
100979,0,test,12.0,1,0.0,1
100981,0,train,21.0,1,3.0,1
100982,1,validation,16.0,1,11.0,1
100983,1,validation,15.0,1,9.0,1
100984,1,train,14.0,1,1.0,1
100985,0,train,17.0,1,7.0,1
100986,0,validation,15.0,1,8.0,1
100987,0,test,18.0,1,7.0,1
100988,0,validation,10.0,1,1.0,1
100989,0,train,24.0,1,11.0,1
100990,0,test,14.0,1,6.0,1
100991,1,train,20.0,1,9.0,1
100992,0,validation,22.0,1,11.0,1
100993,0,validation,22.0,1,14.0,1
100994,1,train,23.0,1,11.0,1
100995,0,train,19.0,1,6.0,1
100996,0,train,13.0,1,5.0,1
100997,0,train,9.0,1,1.0,1
100998,0,test,16.0,1,10.0,1
100999,1,train,24.0,1,9.0,1
101000,0,train,28.0,1,12.0,1
101001,1,train,16.0,1,9.0,1
101002,0,validation,,0,15.0,1
101003,0,validation,13.0,1,5.0,1
101004,0,validation,9.0,1,1.0,1
101005,0,train,10.0,1,5.0,1
101006,0,train,11.0,1,6.0,1
101007,0,train,21.0,1,11.0,1
101008,0,train,7.0,1,0.0,1
101009,0,train,5.0,1,1.0,1
101011,0,train,14.0,1,8.0,1
101013,1,train,10.0,1,8.0,1
101014,0,train,19.0,1,11.0,1
101015,0,train,9.0,1,,0
101016,0,train,13.0,1,7.0,1
101017,0,train,19.0,1,7.0,1
101018,0,train,15.0,1,11.0,1
101019,0,train,17.0,1,9.0,1
101020,0,train,9.0,1,6.0,1
101021,0,validation,13.0,1,,0
101022,0,train,,0,5.0,1
101023,0,train,18.0,1,10.0,1
101024,0,validation,9.0,1,2.0,1
101025,0,train,15.0,1,5.0,1
101026,0,train,8.0,1,5.0,1
101027,0,train,21.0,1,16.0,1
101028,0,train,15.0,1,2.0,1
101029,1,test,20.0,1,7.0,1
101030,0,train,8.0,1,6.0,1
101031,0,test,19.0,1,5.0,1
101032,0,test,19.0,1,8.0,1
101033,0,test,9.0,1,2.0,1
101034,0,train,13.0,1,1.0,1
101035,0,train,19.0,1,16.0,1
101036,0,validation,24.0,1,,0
101037,0,train,7.0,1,4.0,1
101038,1,train,20.0,1,13.0,1
101039,0,test,11.0,1,4.0,1
101040,0,train,23.0,1,13.0,1
101041,0,train,19.0,1,9.0,1
101042,0,train,18.0,1,7.0,1
101043,0,train,18.0,1,4.0,1
101044,0,validation,11.0,1,12.0,1
101045,0,test,22.0,1,11.0,1
101046,0,train,18.0,1,11.0,1
101047,1,validation,19.0,1,6.0,1
101048,0,test,16.0,1,11.0,1
101049,0,validation,15.0,1,4.0,1
101050,0,train,10.0,1,3.0,1
101051,0,train,14.0,1,3.0,1
101052,0,train,18.0,1,6.0,1
101053,0,train,8.0,1,1.0,1
101054,0,train,14.0,1,14.0,1
101055,0,train,9.0,1,3.0,1
101056,0,test,9.0,1,5.0,1
101057,0,train,16.0,1,6.0,1
101058,0,train,17.0,1,10.0,1
101059,0,test,19.0,1,13.0,1
101060,0,validation,12.0,1,4.0,1
101061,0,train,16.0,1,5.0,1
101062,0,train,15.0,1,10.0,1
101063,1,train,21.0,1,10.0,1
101064,1,validation,23.0,1,16.0,1
101065,1,train,19.0,1,8.0,1
101066,1,train,18.0,1,14.0,1
101067,0,train,20.0,1,12.0,1
101068,0,train,18.0,1,4.0,1
101069,0,train,11.0,1,6.0,1
101070,0,validation,12.0,1,8.0,1
101071,0,train,10.0,1,4.0,1
101072,0,train,20.0,1,10.0,1
101073,0,train,15.0,1,8.0,1
101074,0,validation,16.0,1,9.0,1
101075,0,train,12.0,1,8.0,1
101077,0,train,19.0,1,10.0,1
101078,0,train,15.0,1,10.0,1
101079,0,train,12.0,1,3.0,1
101080,0,validation,12.0,1,9.0,1
101081,0,train,19.0,1,17.0,1
101082,0,train,19.0,1,13.0,1
101083,0,train,10.0,1,2.0,1
101084,0,train,20.0,1,10.0,1
101085,0,train,21.0,1,12.0,1
101086,0,train,6.0,1,0.0,1
101087,0,train,21.0,1,14.0,1
101088,1,train,20.0,1,4.0,1
101089,0,train,24.0,1,11.0,1
101090,0,train,20.0,1,11.0,1
101091,1,test,17.0,1,14.0,1
101092,0,validation,17.0,1,9.0,1
101093,0,train,14.0,1,5.0,1
101094,1,train,21.0,1,14.0,1
101095,0,validation,20.0,1,10.0,1
101096,1,train,19.0,1,8.0,1
101097,0,train,,0,2.0,1
101098,0,train,5.0,1,0.0,1
101099,0,train,14.0,1,6.0,1
101100,0,validation,11.0,1,7.0,1
101101,1,train,19.0,1,11.0,1
101102,1,train,,0,0.0,1
101103,0,validation,11.0,1,5.0,1
101104,0,train,21.0,1,9.0,1
101105,0,test,20.0,1,9.0,1
101106,0,test,13.0,1,4.0,1
101107,0,train,20.0,1,13.0,1
101108,0,train,18.0,1,5.0,1
101109,0,train,21.0,1,7.0,1
101110,0,test,16.0,1,14.0,1
101111,0,train,15.0,1,9.0,1
101112,0,train,18.0,1,10.0,1
101113,0,train,15.0,1,7.0,1
101114,0,train,19.0,1,8.0,1
101115,1,train,18.0,1,8.0,1
101116,0,train,16.0,1,10.0,1
101117,1,train,17.0,1,11.0,1
101118,0,test,12.0,1,4.0,1
101119,0,train,,0,0.0,1
101120,0,train,16.0,1,12.0,1
101121,0,train,16.0,1,4.0,1
101122,0,train,13.0,1,4.0,1
101123,0,train,13.0,1,3.0,1
101124,0,train,15.0,1,6.0,1
101125,0,validation,18.0,1,13.0,1
101126,0,train,7.0,1,2.0,1
101127,1,train,26.0,1,11.0,1
101128,0,train,14.0,1,5.0,1
101129,0,train,14.0,1,11.0,1
101130,0,train,13.0,1,5.0,1
101131,0,validation,9.0,1,1.0,1
101132,0,train,21.0,1,10.0,1
101133,0,test,26.0,1,10.0,1
101134,0,train,24.0,1,11.0,1
101135,0,test,10.0,1,5.0,1
101136,0,test,9.0,1,5.0,1
101137,0,train,20.0,1,8.0,1
101138,0,train,16.0,1,12.0,1
101139,0,train,18.0,1,10.0,1
101141,1,train,14.0,1,7.0,1
101142,0,train,12.0,1,6.0,1
101143,1,train,14.0,1,6.0,1
101144,0,validation,7.0,1,2.0,1
101145,0,train,4.0,1,2.0,1
101146,0,validation,8.0,1,1.0,1
101147,1,train,27.0,1,13.0,1
101148,1,train,,0,3.0,1
101149,0,train,18.0,1,8.0,1
101150,0,validation,7.0,1,0.0,1
101151,0,validation,13.0,1,6.0,1
101152,0,train,22.0,1,11.0,1
101153,0,train,5.0,1,5.0,1
101154,0,train,7.0,1,1.0,1
101155,0,validation,15.0,1,9.0,1
101156,0,train,12.0,1,3.0,1
101157,0,train,21.0,1,9.0,1
101158,0,validation,8.0,1,1.0,1
101159,0,train,17.0,1,11.0,1
101160,0,train,7.0,1,5.0,1
101161,1,train,10.0,1,4.0,1
101162,1,test,17.0,1,10.0,1
101163,0,train,12.0,1,5.0,1
101164,1,train,11.0,1,6.0,1
101165,0,train,19.0,1,5.0,1
101166,0,train,15.0,1,7.0,1
101167,0,train,13.0,1,4.0,1
101168,0,validation,8.0,1,2.0,1
101169,0,train,12.0,1,3.0,1
101170,1,train,5.0,1,4.0,1
101171,0,train,8.0,1,3.0,1
101172,0,train,15.0,1,8.0,1
101173,1,train,17.0,1,5.0,1
101174,0,test,11.0,1,3.0,1
101175,0,train,18.0,1,8.0,1
101176,0,test,25.0,1,14.0,1
101177,1,train,13.0,1,4.0,1
101178,0,train,10.0,1,7.0,1
101179,1,validation,3.0,1,7.0,1
101180,1,test,28.0,1,15.0,1
101181,1,test,21.0,1,15.0,1
101182,0,train,8.0,1,2.0,1
101183,0,train,9.0,1,2.0,1
101184,0,train,22.0,1,11.0,1
101185,0,train,12.0,1,8.0,1
101186,0,train,13.0,1,4.0,1
101187,0,train,11.0,1,5.0,1
101188,0,train,11.0,1,5.0,1
101190,0,train,19.0,1,9.0,1
101191,0,train,20.0,1,7.0,1
101192,0,train,16.0,1,10.0,1
101193,0,train,20.0,1,6.0,1
101194,0,train,19.0,1,8.0,1
101195,0,test,14.0,1,9.0,1
101196,1,validation,25.0,1,14.0,1
101197,1,test,16.0,1,5.0,1
101198,0,train,21.0,1,11.0,1
101199,1,train,,0,10.0,1
101200,0,train,7.0,1,7.0,1
101201,0,train,14.0,1,7.0,1
101202,0,train,18.0,1,7.0,1
101203,1,train,12.0,1,1.0,1
101204,0,validation,12.0,1,6.0,1
101205,0,train,19.0,1,9.0,1
101206,1,test,20.0,1,5.0,1
101207,1,validation,13.0,1,5.0,1
101208,1,train,22.0,1,16.0,1
101209,1,train,14.0,1,7.0,1
101210,1,train,13.0,1,11.0,1
101211,0,validation,14.0,1,12.0,1
101212,0,test,9.0,1,3.0,1
101213,0,train,9.0,1,2.0,1
101214,0,test,19.0,1,11.0,1
101215,1,train,15.0,1,4.0,1
101216,0,validation,17.0,1,7.0,1
101217,1,train,7.0,1,1.0,1
101218,0,train,16.0,1,10.0,1
101219,0,train,16.0,1,4.0,1
101220,0,train,7.0,1,3.0,1
101221,1,test,20.0,1,13.0,1
101222,0,test,20.0,1,15.0,1
101223,0,test,13.0,1,2.0,1
101224,0,train,8.0,1,4.0,1
101225,0,test,25.0,1,10.0,1
101226,0,train,10.0,1,3.0,1
101227,1,train,24.0,1,20.0,1
101228,1,train,16.0,1,15.0,1
101229,0,test,12.0,1,5.0,1
101230,0,train,17.0,1,6.0,1
101231,0,test,13.0,1,1.0,1
101233,0,train,17.0,1,8.0,1
101234,0,test,19.0,1,12.0,1
101235,0,validation,16.0,1,8.0,1
101236,0,train,9.0,1,4.0,1
101237,0,train,22.0,1,7.0,1
101238,0,train,17.0,1,7.0,1
101239,0,train,16.0,1,5.0,1
101240,0,train,18.0,1,6.0,1
101242,0,train,15.0,1,11.0,1
101243,0,test,16.0,1,6.0,1
101244,0,validation,17.0,1,9.0,1
101245,0,train,11.0,1,8.0,1
101246,0,test,8.0,1,2.0,1
101247,1,train,17.0,1,6.0,1
101248,0,validation,9.0,1,5.0,1
101249,0,validation,6.0,1,4.0,1
101250,0,train,9.0,1,4.0,1
101251,0,train,5.0,1,1.0,1
101252,0,train,7.0,1,3.0,1
101253,0,train,11.0,1,2.0,1
101254,0,train,7.0,1,2.0,1
101255,0,test,26.0,1,15.0,1
101256,0,train,13.0,1,9.0,1
101257,0,test,18.0,1,8.0,1
101258,0,validation,22.0,1,14.0,1
101259,1,validation,26.0,1,16.0,1
101260,0,train,14.0,1,6.0,1
101261,0,train,23.0,1,11.0,1
101262,0,train,14.0,1,10.0,1
101263,0,train,21.0,1,13.0,1
101264,0,train,5.0,1,1.0,1
101265,0,train,4.0,1,0.0,1
101266,0,train,14.0,1,12.0,1
101267,0,train,7.0,1,1.0,1
101268,0,train,27.0,1,11.0,1
101269,0,train,13.0,1,1.0,1
101270,0,validation,10.0,1,9.0,1
101271,0,test,8.0,1,3.0,1
101272,0,train,14.0,1,7.0,1
101273,0,train,19.0,1,3.0,1
101274,0,train,17.0,1,6.0,1
101275,0,train,11.0,1,1.0,1
101276,1,train,23.0,1,8.0,1
101277,1,train,16.0,1,7.0,1
101278,0,train,22.0,1,13.0,1
101279,0,validation,20.0,1,8.0,1
101280,0,validation,13.0,1,1.0,1
101281,0,train,24.0,1,8.0,1
101282,1,train,12.0,1,3.0,1
101283,0,train,11.0,1,4.0,1
101284,0,test,18.0,1,7.0,1
101285,0,validation,12.0,1,9.0,1
101286,0,train,12.0,1,9.0,1
101287,0,validation,18.0,1,5.0,1
101288,1,train,15.0,1,4.0,1
101289,1,train,,0,8.0,1
101290,0,train,10.0,1,1.0,1
101291,1,test,17.0,1,14.0,1
101292,0,train,15.0,1,12.0,1
101293,1,train,24.0,1,13.0,1
101294,0,train,16.0,1,8.0,1
101295,0,train,20.0,1,13.0,1
101296,0,train,17.0,1,12.0,1
101297,1,train,21.0,1,5.0,1
101298,0,train,15.0,1,6.0,1
101299,0,train,12.0,1,2.0,1
101300,0,train,12.0,1,10.0,1
101301,0,validation,12.0,1,4.0,1
101302,0,train,14.0,1,3.0,1
101303,0,validation,,0,4.0,1
101304,0,train,4.0,1,1.0,1
101305,0,validation,17.0,1,7.0,1
101306,0,train,4.0,1,1.0,1
101307,0,train,,0,8.0,1
101308,0,train,21.0,1,11.0,1
101309,0,train,20.0,1,9.0,1
101310,1,train,9.0,1,4.0,1
101311,0,train,13.0,1,6.0,1
101312,0,train,9.0,1,4.0,1
101313,0,test,15.0,1,7.0,1
101314,1,test,15.0,1,9.0,1
101315,0,train,18.0,1,8.0,1
101316,0,train,20.0,1,9.0,1
101317,0,train,,0,0.0,1
101318,0,train,15.0,1,7.0,1
101319,0,train,9.0,1,1.0,1
101320,0,train,9.0,1,0.0,1
101321,1,train,22.0,1,11.0,1
101322,1,test,16.0,1,7.0,1
101323,0,test,14.0,1,1.0,1
101324,0,train,3.0,1,5.0,1
101325,1,test,8.0,1,1.0,1
101326,0,train,23.0,1,10.0,1
101327,0,train,21.0,1,15.0,1
101328,0,train,17.0,1,3.0,1
101329,0,train,18.0,1,13.0,1
101330,0,train,6.0,1,3.0,1
101331,0,train,15.0,1,7.0,1
101332,0,train,17.0,1,3.0,1
101333,0,train,18.0,1,9.0,1
101334,0,train,8.0,1,,0
101335,1,train,23.0,1,12.0,1
101336,0,train,5.0,1,0.0,1
101337,0,train,15.0,1,3.0,1
101338,0,train,17.0,1,7.0,1
101339,0,train,19.0,1,7.0,1
101340,1,train,19.0,1,6.0,1
101341,0,validation,7.0,1,4.0,1
101342,0,validation,12.0,1,1.0,1
101343,0,train,8.0,1,2.0,1
101344,0,train,,0,6.0,1
101345,0,train,20.0,1,,0
101346,0,validation,13.0,1,8.0,1
101347,0,train,24.0,1,10.0,1
101348,0,train,7.0,1,2.0,1
101349,0,train,22.0,1,12.0,1
101350,0,validation,17.0,1,13.0,1
101351,0,validation,22.0,1,10.0,1
101352,0,train,22.0,1,15.0,1
101353,1,test,13.0,1,,0
101354,0,test,7.0,1,2.0,1
101355,0,train,16.0,1,11.0,1
101356,0,train,15.0,1,3.0,1
101357,0,train,8.0,1,4.0,1
101358,1,train,20.0,1,10.0,1
101359,0,validation,14.0,1,12.0,1
101360,0,train,11.0,1,5.0,1
101361,1,train,14.0,1,8.0,1
101362,0,train,21.0,1,10.0,1
101363,0,train,17.0,1,8.0,1
101364,0,train,17.0,1,8.0,1
101365,0,validation,20.0,1,3.0,1
101366,0,train,16.0,1,5.0,1
101367,0,train,14.0,1,6.0,1
101368,0,train,9.0,1,2.0,1
101369,0,train,13.0,1,3.0,1
101370,0,train,23.0,1,13.0,1
101371,0,validation,18.0,1,7.0,1
101372,0,train,22.0,1,13.0,1
101373,1,train,11.0,1,1.0,1
101374,1,train,15.0,1,11.0,1
101375,0,train,17.0,1,5.0,1
101376,0,train,10.0,1,1.0,1
101377,0,train,19.0,1,8.0,1
101378,1,train,24.0,1,12.0,1
101379,0,train,11.0,1,7.0,1
101380,0,train,5.0,1,0.0,1
101381,1,train,13.0,1,8.0,1
101382,0,test,17.0,1,14.0,1
101383,1,train,26.0,1,15.0,1
101384,0,train,9.0,1,1.0,1
101385,0,test,5.0,1,1.0,1
101386,0,train,16.0,1,6.0,1
101387,1,train,17.0,1,17.0,1
101388,0,test,15.0,1,3.0,1
101389,1,train,21.0,1,8.0,1
101390,0,train,18.0,1,9.0,1
101391,0,train,18.0,1,3.0,1
101392,1,train,16.0,1,8.0,1
101393,0,train,17.0,1,12.0,1
101394,0,train,19.0,1,8.0,1
101395,0,test,18.0,1,9.0,1
101396,0,validation,11.0,1,6.0,1
101397,0,train,12.0,1,4.0,1
101398,0,train,15.0,1,6.0,1
101399,0,test,19.0,1,18.0,1
101400,1,train,17.0,1,5.0,1
101401,0,train,6.0,1,0.0,1
101402,0,test,10.0,1,6.0,1
101403,1,train,18.0,1,9.0,1
101404,0,validation,17.0,1,7.0,1
101405,0,train,13.0,1,7.0,1
101406,0,train,13.0,1,9.0,1
101407,0,train,14.0,1,7.0,1
101408,0,train,12.0,1,6.0,1
101409,0,train,14.0,1,7.0,1
101410,0,train,17.0,1,6.0,1
101411,0,train,12.0,1,1.0,1
101412,0,train,16.0,1,7.0,1
101413,0,validation,10.0,1,3.0,1
101414,0,train,11.0,1,1.0,1
101415,0,train,15.0,1,6.0,1
101416,0,test,6.0,1,5.0,1
101417,1,validation,,0,13.0,1
101418,0,validation,4.0,1,2.0,1
101419,0,train,13.0,1,9.0,1
101420,1,train,10.0,1,5.0,1
101421,1,train,15.0,1,5.0,1
101422,1,train,13.0,1,1.0,1
101423,0,train,14.0,1,6.0,1
101424,1,train,21.0,1,6.0,1
101425,0,train,18.0,1,8.0,1
101426,0,validation,11.0,1,2.0,1
101427,0,test,17.0,1,13.0,1
101428,0,train,9.0,1,9.0,1
101429,0,train,8.0,1,1.0,1
101430,0,train,16.0,1,9.0,1
101431,0,test,13.0,1,10.0,1
101432,1,train,16.0,1,3.0,1
101433,0,train,24.0,1,14.0,1
101435,1,train,15.0,1,11.0,1
101436,0,train,23.0,1,8.0,1
101437,0,validation,19.0,1,8.0,1
101438,0,train,17.0,1,13.0,1
101439,0,train,12.0,1,7.0,1
101440,0,validation,18.0,1,5.0,1
101441,0,train,24.0,1,10.0,1
101442,0,train,16.0,1,2.0,1
101443,0,train,12.0,1,4.0,1
101444,0,train,15.0,1,7.0,1
101445,0,train,14.0,1,,0
101446,1,train,14.0,1,7.0,1
101447,0,validation,14.0,1,6.0,1
101448,0,test,11.0,1,6.0,1
101449,0,train,14.0,1,4.0,1
101450,0,train,13.0,1,3.0,1
101451,1,test,19.0,1,,0
101452,0,train,6.0,1,0.0,1
101453,0,validation,15.0,1,4.0,1
101454,0,train,19.0,1,10.0,1
101455,0,test,6.0,1,9.0,1
101456,0,train,6.0,1,1.0,1
101457,0,train,8.0,1,6.0,1
101458,0,train,19.0,1,8.0,1
101459,0,train,11.0,1,5.0,1
101460,0,test,21.0,1,10.0,1
101461,0,validation,3.0,1,,0
101463,0,test,10.0,1,4.0,1
101464,0,validation,19.0,1,13.0,1
101465,0,train,21.0,1,13.0,1
101466,0,train,12.0,1,8.0,1
101467,0,train,7.0,1,3.0,1
101468,0,train,11.0,1,3.0,1
101469,0,train,16.0,1,3.0,1
101470,1,test,19.0,1,8.0,1
101471,1,train,24.0,1,18.0,1
101472,0,train,16.0,1,3.0,1
101473,0,train,18.0,1,7.0,1
101474,0,train,14.0,1,11.0,1
101475,0,train,15.0,1,12.0,1
101476,1,train,21.0,1,14.0,1
101477,1,validation,10.0,1,7.0,1
101478,0,train,21.0,1,,0
101479,1,train,22.0,1,14.0,1
101480,0,train,20.0,1,6.0,1
101481,0,test,15.0,1,6.0,1
101482,0,train,13.0,1,5.0,1
101483,0,train,15.0,1,11.0,1
101484,1,train,7.0,1,11.0,1
101486,0,test,20.0,1,7.0,1
101487,0,train,19.0,1,14.0,1
101488,0,train,9.0,1,5.0,1
101489,0,train,5.0,1,1.0,1
101491,0,train,8.0,1,4.0,1
101492,0,train,14.0,1,4.0,1
101493,0,train,11.0,1,7.0,1
101494,0,train,19.0,1,8.0,1
101495,0,train,,0,3.0,1
101496,0,train,16.0,1,5.0,1
101497,0,train,17.0,1,13.0,1
101498,0,validation,12.0,1,6.0,1
101499,1,train,14.0,1,9.0,1
101500,0,train,18.0,1,12.0,1
101501,0,test,10.0,1,1.0,1
101502,0,train,17.0,1,8.0,1
101503,0,train,26.0,1,10.0,1
101504,0,train,,0,3.0,1
101505,0,train,18.0,1,10.0,1
101506,0,test,7.0,1,6.0,1
101507,0,validation,16.0,1,8.0,1
101508,0,train,19.0,1,6.0,1
101509,0,train,15.0,1,4.0,1
101510,0,train,21.0,1,12.0,1
101511,0,train,18.0,1,9.0,1
101512,0,train,13.0,1,2.0,1
101513,0,train,12.0,1,1.0,1
101514,0,train,10.0,1,3.0,1
101515,0,train,12.0,1,3.0,1
101516,0,train,12.0,1,5.0,1
101517,0,train,23.0,1,10.0,1
101518,0,train,17.0,1,11.0,1
101519,1,train,10.0,1,7.0,1
101520,0,train,25.0,1,10.0,1
101521,1,test,13.0,1,5.0,1
101522,0,test,19.0,1,8.0,1
101523,0,test,16.0,1,10.0,1
101524,0,test,23.0,1,11.0,1
101525,0,train,18.0,1,13.0,1
101526,0,train,6.0,1,1.0,1
101527,1,train,23.0,1,13.0,1
101529,0,validation,17.0,1,9.0,1
101530,0,validation,9.0,1,1.0,1
101531,0,train,27.0,1,9.0,1
101532,1,train,13.0,1,3.0,1
101533,0,test,9.0,1,13.0,1
101534,0,train,12.0,1,3.0,1
101535,0,train,9.0,1,1.0,1
101536,0,train,15.0,1,5.0,1
101537,0,train,11.0,1,0.0,1
101538,0,train,14.0,1,8.0,1
101539,0,train,9.0,1,1.0,1
101540,0,train,10.0,1,1.0,1
101541,0,train,16.0,1,7.0,1
101542,0,train,21.0,1,8.0,1
101543,0,train,17.0,1,11.0,1
101544,0,test,17.0,1,2.0,1
101545,0,train,14.0,1,7.0,1
101546,0,train,21.0,1,12.0,1
101547,0,train,19.0,1,7.0,1
101548,1,train,14.0,1,12.0,1
101549,1,train,20.0,1,22.0,1
101550,0,train,22.0,1,9.0,1
101551,0,train,16.0,1,14.0,1
101552,0,test,17.0,1,3.0,1
101553,1,train,18.0,1,5.0,1
101554,0,train,18.0,1,6.0,1
101555,1,train,11.0,1,2.0,1
101556,0,train,8.0,1,0.0,1
101557,0,train,14.0,1,9.0,1
101558,0,train,20.0,1,12.0,1
101559,0,train,12.0,1,6.0,1
101560,0,train,14.0,1,9.0,1
101561,0,validation,8.0,1,2.0,1
101563,0,train,6.0,1,3.0,1
101564,0,train,9.0,1,1.0,1
101565,0,train,13.0,1,3.0,1
101566,0,train,12.0,1,8.0,1
101567,0,train,18.0,1,10.0,1
101568,0,train,8.0,1,,0
101569,0,train,10.0,1,1.0,1
101570,0,train,11.0,1,3.0,1
101571,1,train,6.0,1,6.0,1
101572,0,train,,0,12.0,1
101573,1,train,14.0,1,8.0,1
101574,0,train,16.0,1,5.0,1
101575,0,train,19.0,1,14.0,1
101576,1,train,17.0,1,17.0,1
101577,0,validation,15.0,1,2.0,1
101578,0,test,8.0,1,2.0,1
101579,0,train,22.0,1,13.0,1
101580,0,train,14.0,1,6.0,1
101581,0,train,21.0,1,4.0,1
101582,0,test,17.0,1,9.0,1
101583,0,test,5.0,1,2.0,1
101584,0,train,13.0,1,6.0,1
101585,0,train,10.0,1,10.0,1
101586,1,train,11.0,1,4.0,1
101587,0,train,8.0,1,3.0,1
101588,0,train,16.0,1,7.0,1
101589,0,train,15.0,1,11.0,1
101590,0,test,8.0,1,4.0,1
101591,0,train,22.0,1,16.0,1
101592,0,validation,14.0,1,5.0,1
101593,0,train,11.0,1,2.0,1
101594,0,train,19.0,1,5.0,1
101595,1,train,19.0,1,,0
101596,0,train,21.0,1,6.0,1
101597,0,train,17.0,1,3.0,1
101598,0,train,9.0,1,8.0,1
101599,0,validation,24.0,1,10.0,1
101600,0,validation,16.0,1,,0
101601,0,train,12.0,1,7.0,1
101602,0,validation,13.0,1,3.0,1
101603,0,train,14.0,1,3.0,1
101604,1,train,23.0,1,15.0,1
101605,0,train,7.0,1,4.0,1
101606,0,train,16.0,1,3.0,1
101607,0,train,13.0,1,2.0,1
101608,0,train,6.0,1,3.0,1
101609,0,train,10.0,1,5.0,1
101610,0,train,14.0,1,6.0,1
101611,0,validation,15.0,1,5.0,1
101612,0,test,21.0,1,11.0,1
101613,0,train,19.0,1,4.0,1
101614,0,train,16.0,1,11.0,1
101615,0,test,6.0,1,2.0,1
101616,0,train,12.0,1,2.0,1
101617,0,train,18.0,1,8.0,1
101618,0,train,11.0,1,3.0,1
101619,0,train,16.0,1,6.0,1
101620,0,validation,18.0,1,8.0,1
101621,0,train,16.0,1,10.0,1
101622,1,validation,12.0,1,7.0,1
101623,1,train,,0,3.0,1
101624,1,train,27.0,1,7.0,1
101625,0,train,18.0,1,10.0,1
101626,0,test,26.0,1,16.0,1
101627,0,train,23.0,1,8.0,1
101628,0,train,17.0,1,8.0,1
101629,0,train,14.0,1,0.0,1
101630,0,train,12.0,1,1.0,1
101631,0,train,18.0,1,8.0,1
101632,1,train,9.0,1,1.0,1
101633,0,train,16.0,1,8.0,1
101634,0,train,16.0,1,3.0,1
101635,0,train,16.0,1,11.0,1
101636,0,train,12.0,1,6.0,1
101637,0,train,23.0,1,17.0,1
101638,0,train,15.0,1,5.0,1
101639,0,validation,16.0,1,7.0,1
101640,0,test,15.0,1,6.0,1
101641,0,train,10.0,1,1.0,1
101642,0,validation,14.0,1,7.0,1
101643,0,train,11.0,1,7.0,1
101644,1,validation,,0,3.0,1
101645,0,validation,22.0,1,14.0,1
101646,0,test,10.0,1,1.0,1
101648,0,train,15.0,1,5.0,1
101649,0,train,21.0,1,10.0,1
101650,1,train,24.0,1,16.0,1
101651,0,test,23.0,1,9.0,1
101652,0,train,14.0,1,9.0,1
101653,0,train,7.0,1,3.0,1
101654,0,train,23.0,1,6.0,1
101655,0,train,15.0,1,8.0,1
101656,0,validation,13.0,1,4.0,1
101657,0,train,17.0,1,7.0,1
101658,0,train,21.0,1,14.0,1
101659,0,test,18.0,1,9.0,1
101660,0,validation,13.0,1,2.0,1
101661,0,train,14.0,1,4.0,1
101662,0,train,16.0,1,10.0,1
101663,0,train,12.0,1,1.0,1
101664,0,train,7.0,1,0.0,1
101665,1,test,19.0,1,7.0,1
101666,0,train,13.0,1,9.0,1
101667,0,train,17.0,1,,0
101668,0,test,22.0,1,6.0,1
101669,0,validation,21.0,1,14.0,1
101670,0,train,11.0,1,1.0,1
101671,1,train,25.0,1,16.0,1
101672,0,train,16.0,1,6.0,1
101673,0,validation,23.0,1,7.0,1
101674,0,train,17.0,1,7.0,1
101675,0,train,12.0,1,1.0,1
101676,0,validation,6.0,1,7.0,1
101677,0,validation,9.0,1,0.0,1
101678,0,train,15.0,1,1.0,1
101679,0,train,7.0,1,3.0,1
101680,0,train,15.0,1,2.0,1
101681,0,test,7.0,1,2.0,1
101682,0,train,19.0,1,8.0,1
101683,0,train,12.0,1,6.0,1
101684,0,train,13.0,1,5.0,1
101685,1,validation,20.0,1,12.0,1
101686,0,train,10.0,1,3.0,1
101687,0,test,6.0,1,0.0,1
101688,0,train,20.0,1,13.0,1
101689,0,test,15.0,1,9.0,1
101690,1,train,20.0,1,13.0,1
101691,0,train,10.0,1,1.0,1
101692,1,test,,0,18.0,1
101693,0,train,12.0,1,9.0,1
101694,0,test,25.0,1,6.0,1
101695,0,validation,11.0,1,4.0,1
101696,0,train,10.0,1,5.0,1
101697,0,train,9.0,1,3.0,1
101698,0,train,20.0,1,15.0,1
101699,0,train,16.0,1,9.0,1
101700,0,train,10.0,1,3.0,1
101701,0,train,17.0,1,13.0,1
101702,0,train,14.0,1,11.0,1
101703,1,train,17.0,1,7.0,1
101704,0,train,17.0,1,8.0,1
101705,0,validation,15.0,1,7.0,1
101706,0,train,15.0,1,5.0,1
101707,0,validation,19.0,1,8.0,1
101708,0,train,10.0,1,5.0,1
101709,0,train,20.0,1,9.0,1
101710,0,train,11.0,1,4.0,1
101711,1,train,18.0,1,11.0,1
101712,0,test,13.0,1,5.0,1
101713,0,train,8.0,1,6.0,1
101714,0,train,10.0,1,1.0,1
101715,0,train,15.0,1,6.0,1
101716,0,validation,16.0,1,12.0,1
101717,1,train,23.0,1,13.0,1
101718,0,train,17.0,1,4.0,1
101719,0,test,16.0,1,7.0,1
101720,0,train,17.0,1,7.0,1
101721,1,train,22.0,1,9.0,1
101722,0,train,4.0,1,2.0,1
101723,0,train,21.0,1,11.0,1
101724,1,train,12.0,1,6.0,1
101725,0,train,18.0,1,9.0,1
101726,0,test,5.0,1,1.0,1
101727,0,train,12.0,1,4.0,1
101728,1,validation,22.0,1,8.0,1
101729,0,train,11.0,1,7.0,1
101730,0,test,10.0,1,4.0,1
101731,0,train,21.0,1,8.0,1
101732,0,test,19.0,1,10.0,1
101733,0,train,12.0,1,6.0,1
101734,1,train,16.0,1,10.0,1
101735,0,train,11.0,1,8.0,1
101736,0,train,13.0,1,4.0,1
101737,0,train,22.0,1,8.0,1
101738,0,train,10.0,1,3.0,1
101739,1,train,21.0,1,11.0,1
101740,0,train,11.0,1,0.0,1
101741,0,test,14.0,1,6.0,1
101742,0,train,10.0,1,3.0,1
101743,0,train,23.0,1,10.0,1
101744,0,train,25.0,1,10.0,1
101745,0,train,23.0,1,13.0,1
101746,0,train,12.0,1,1.0,1
101747,0,train,17.0,1,,0
101748,0,validation,7.0,1,0.0,1
101749,0,train,22.0,1,12.0,1
101750,0,train,17.0,1,6.0,1
101751,0,train,14.0,1,2.0,1
101752,0,train,14.0,1,3.0,1
101753,0,train,19.0,1,16.0,1
101754,1,train,8.0,1,1.0,1
101755,0,train,20.0,1,9.0,1
101756,0,train,20.0,1,9.0,1
101757,0,test,25.0,1,9.0,1
101758,0,train,20.0,1,10.0,1
101759,1,train,14.0,1,4.0,1
101760,0,train,17.0,1,10.0,1
101761,0,validation,11.0,1,5.0,1
101762,0,train,13.0,1,8.0,1
101763,0,train,13.0,1,7.0,1
101764,0,train,9.0,1,3.0,1
101765,0,train,6.0,1,2.0,1
101766,0,train,20.0,1,8.0,1
101767,0,train,19.0,1,7.0,1
101768,0,train,13.0,1,8.0,1
101769,0,train,8.0,1,2.0,1
101770,0,validation,9.0,1,,0
101771,0,train,5.0,1,1.0,1
101772,0,train,14.0,1,10.0,1
101773,1,train,10.0,1,4.0,1
101774,0,train,13.0,1,4.0,1
101775,0,test,13.0,1,4.0,1
101776,0,train,16.0,1,3.0,1
101777,0,train,12.0,1,2.0,1
101778,0,train,9.0,1,1.0,1
101779,0,test,19.0,1,9.0,1
101780,0,train,9.0,1,3.0,1
101781,0,validation,13.0,1,4.0,1
101782,0,train,14.0,1,8.0,1
101783,0,train,15.0,1,5.0,1
101784,0,train,19.0,1,10.0,1
101785,1,train,17.0,1,7.0,1
101786,0,train,7.0,1,1.0,1
101787,1,train,12.0,1,7.0,1
101788,0,train,15.0,1,9.0,1
101789,0,train,17.0,1,3.0,1
101790,0,train,16.0,1,,0
101791,0,test,6.0,1,5.0,1
101792,0,train,12.0,1,,0
101793,0,train,6.0,1,2.0,1
101794,0,train,13.0,1,7.0,1
101795,0,train,16.0,1,6.0,1
101796,0,test,13.0,1,6.0,1
101797,0,train,24.0,1,7.0,1
101798,1,train,19.0,1,12.0,1
101799,0,train,14.0,1,12.0,1
101800,0,validation,18.0,1,8.0,1
101801,0,train,23.0,1,7.0,1
101802,0,validation,15.0,1,3.0,1
101803,1,train,28.0,1,10.0,1
101804,0,validation,14.0,1,5.0,1
101805,1,train,19.0,1,5.0,1
101806,0,train,13.0,1,4.0,1
101807,0,train,11.0,1,1.0,1
101808,0,validation,28.0,1,9.0,1
101809,0,validation,10.0,1,2.0,1
101810,0,train,15.0,1,3.0,1
101811,0,validation,,0,7.0,1
101812,0,train,15.0,1,8.0,1
101813,0,train,8.0,1,3.0,1
101814,1,test,21.0,1,16.0,1
101815,0,test,,0,1.0,1
101816,0,train,10.0,1,10.0,1
101817,0,train,15.0,1,5.0,1
101818,0,train,21.0,1,14.0,1
101819,0,train,18.0,1,,0
101820,1,train,20.0,1,9.0,1
101821,0,test,18.0,1,9.0,1
101822,0,train,13.0,1,10.0,1
101823,0,train,19.0,1,8.0,1
101824,0,test,8.0,1,1.0,1
101825,0,train,12.0,1,4.0,1
101826,0,train,11.0,1,3.0,1
101827,0,test,14.0,1,6.0,1
101828,0,train,2.0,1,3.0,1
101829,0,train,14.0,1,10.0,1
101830,0,train,14.0,1,7.0,1
101831,0,validation,16.0,1,5.0,1
101832,0,test,17.0,1,10.0,1
101833,0,train,15.0,1,7.0,1
101834,0,train,11.0,1,3.0,1
101835,0,train,21.0,1,7.0,1
101836,0,train,7.0,1,1.0,1
101837,0,train,20.0,1,12.0,1
101838,0,train,10.0,1,0.0,1
101839,0,train,18.0,1,4.0,1
101840,0,test,10.0,1,1.0,1
101841,0,train,19.0,1,5.0,1
101842,0,test,9.0,1,2.0,1
101843,0,train,23.0,1,8.0,1
101844,1,train,16.0,1,9.0,1
101845,0,test,15.0,1,3.0,1
101846,0,test,16.0,1,4.0,1
101847,0,train,21.0,1,12.0,1
101848,0,validation,4.0,1,1.0,1
101849,0,train,12.0,1,1.0,1
101850,0,train,15.0,1,3.0,1
101851,0,validation,18.0,1,9.0,1
101852,0,train,16.0,1,2.0,1
101853,0,train,21.0,1,10.0,1
101854,1,train,13.0,1,9.0,1
101855,0,train,22.0,1,9.0,1
101856,0,train,19.0,1,5.0,1
101857,0,test,20.0,1,10.0,1
101858,0,train,12.0,1,1.0,1
101859,0,train,12.0,1,1.0,1
101860,0,train,19.0,1,6.0,1
101861,0,train,23.0,1,7.0,1
101862,0,test,,0,9.0,1
101863,0,test,15.0,1,7.0,1
101864,0,test,8.0,1,0.0,1
101865,1,train,22.0,1,5.0,1
101866,0,validation,9.0,1,1.0,1
101867,0,test,7.0,1,3.0,1
101868,0,train,18.0,1,5.0,1
101869,0,test,7.0,1,1.0,1
101870,1,train,19.0,1,19.0,1
101871,1,train,18.0,1,13.0,1
101872,0,train,20.0,1,2.0,1
101873,0,test,15.0,1,6.0,1
101874,0,validation,11.0,1,1.0,1
101875,0,train,17.0,1,9.0,1
101876,0,validation,6.0,1,1.0,1
101877,0,train,16.0,1,5.0,1
101878,0,train,10.0,1,7.0,1
101879,0,test,10.0,1,2.0,1
101880,0,train,13.0,1,2.0,1
101881,0,train,13.0,1,4.0,1
101882,0,test,7.0,1,2.0,1
101883,0,train,23.0,1,8.0,1
101884,0,train,19.0,1,9.0,1
101885,0,train,9.0,1,5.0,1
101886,0,validation,24.0,1,8.0,1
101887,0,train,10.0,1,2.0,1
101888,1,train,18.0,1,9.0,1
101889,0,test,14.0,1,1.0,1
101890,0,train,16.0,1,9.0,1
101891,0,train,16.0,1,6.0,1
101892,0,train,12.0,1,2.0,1
101893,0,train,14.0,1,4.0,1
101894,0,test,10.0,1,0.0,1
101895,0,validation,19.0,1,8.0,1
101896,0,train,16.0,1,4.0,1
101897,1,test,19.0,1,13.0,1
101898,1,train,25.0,1,6.0,1
101899,0,test,11.0,1,6.0,1
101901,0,train,15.0,1,0.0,1
101902,0,train,18.0,1,3.0,1
101903,1,train,27.0,1,20.0,1
101904,1,train,10.0,1,3.0,1
101905,0,validation,25.0,1,6.0,1
101906,0,train,13.0,1,3.0,1
101907,0,train,,0,18.0,1
101908,0,test,12.0,1,10.0,1
101909,0,test,10.0,1,5.0,1
101910,0,train,9.0,1,11.0,1
101911,0,validation,12.0,1,2.0,1
101912,0,train,8.0,1,12.0,1
101913,0,train,17.0,1,8.0,1
101914,0,train,23.0,1,13.0,1
101915,0,validation,16.0,1,9.0,1
101916,0,train,18.0,1,11.0,1
101917,0,train,18.0,1,6.0,1
101918,0,train,16.0,1,4.0,1
101919,1,test,23.0,1,11.0,1
101920,0,train,,0,13.0,1
101921,1,train,17.0,1,3.0,1
101922,1,train,21.0,1,6.0,1
101923,0,train,14.0,1,4.0,1
101924,0,train,15.0,1,7.0,1
101925,0,train,6.0,1,1.0,1
101926,0,test,17.0,1,7.0,1
101927,0,validation,12.0,1,1.0,1
101928,1,test,,0,12.0,1
101929,0,train,10.0,1,4.0,1
101930,0,train,14.0,1,6.0,1
101931,0,validation,18.0,1,9.0,1
101933,1,validation,17.0,1,14.0,1
101934,0,train,18.0,1,14.0,1
101935,0,train,22.0,1,12.0,1
101936,0,train,11.0,1,7.0,1
101937,0,train,20.0,1,14.0,1
101938,0,train,20.0,1,7.0,1
101939,0,validation,15.0,1,5.0,1
101940,0,train,,0,7.0,1
101941,0,train,20.0,1,4.0,1
101942,0,test,10.0,1,7.0,1
101943,0,train,25.0,1,9.0,1
101944,0,validation,9.0,1,7.0,1
101945,1,train,14.0,1,4.0,1
101946,0,train,10.0,1,2.0,1
101947,0,validation,18.0,1,13.0,1
101948,0,train,13.0,1,5.0,1
101949,0,validation,14.0,1,3.0,1
101950,1,train,11.0,1,2.0,1
101951,0,train,23.0,1,13.0,1
101952,0,train,8.0,1,2.0,1
101953,0,validation,9.0,1,5.0,1
101954,1,test,18.0,1,12.0,1
101955,0,test,17.0,1,5.0,1
101956,0,train,15.0,1,9.0,1
101957,0,train,7.0,1,1.0,1
101958,0,train,18.0,1,12.0,1
101959,1,train,20.0,1,15.0,1
101960,0,train,6.0,1,3.0,1
101961,0,validation,21.0,1,15.0,1
101962,0,train,14.0,1,10.0,1
101963,0,train,15.0,1,2.0,1
101964,0,train,13.0,1,1.0,1
101965,0,train,15.0,1,1.0,1
101966,1,train,16.0,1,9.0,1
101967,0,train,18.0,1,5.0,1
101968,0,test,15.0,1,9.0,1
101969,0,train,13.0,1,8.0,1
101970,0,test,16.0,1,15.0,1
101971,1,train,22.0,1,15.0,1
101972,0,train,6.0,1,2.0,1
101973,0,test,16.0,1,6.0,1
101974,0,train,16.0,1,9.0,1
101975,0,train,13.0,1,6.0,1
101976,0,train,10.0,1,4.0,1
101977,0,validation,19.0,1,8.0,1
101978,0,train,4.0,1,0.0,1
101979,0,test,20.0,1,7.0,1
101980,0,train,17.0,1,6.0,1
101981,0,train,14.0,1,2.0,1
101982,0,train,21.0,1,12.0,1
101983,0,train,15.0,1,11.0,1
101984,0,train,17.0,1,7.0,1
101985,0,train,17.0,1,4.0,1
101986,0,validation,,0,5.0,1
101987,0,validation,2.0,1,0.0,1
101988,0,validation,13.0,1,5.0,1
101989,0,train,7.0,1,2.0,1
101990,0,train,20.0,1,12.0,1
101991,0,train,9.0,1,1.0,1
101992,0,train,11.0,1,3.0,1
101993,0,train,12.0,1,6.0,1
101994,0,train,19.0,1,5.0,1
101995,0,validation,19.0,1,7.0,1
101996,0,train,18.0,1,3.0,1
101997,0,train,18.0,1,,0
101998,0,train,11.0,1,5.0,1
101999,0,train,17.0,1,7.0,1
102000,0,validation,16.0,1,8.0,1
102001,0,validation,12.0,1,7.0,1
102002,0,test,19.0,1,5.0,1
102003,0,train,19.0,1,7.0,1
102004,0,train,18.0,1,4.0,1
102005,1,train,16.0,1,4.0,1
102006,0,train,9.0,1,6.0,1
102007,0,train,17.0,1,13.0,1
102008,1,train,11.0,1,6.0,1
102009,1,validation,8.0,1,5.0,1
102010,0,train,15.0,1,7.0,1
102011,0,train,28.0,1,14.0,1
102012,0,validation,18.0,1,6.0,1
102013,0,validation,14.0,1,3.0,1
102014,0,validation,14.0,1,4.0,1
102016,0,validation,20.0,1,6.0,1
102017,0,train,9.0,1,5.0,1
102018,0,validation,15.0,1,11.0,1
102019,1,validation,28.0,1,13.0,1
102020,0,validation,13.0,1,3.0,1
102021,0,train,17.0,1,5.0,1
102022,0,train,14.0,1,1.0,1
102023,1,train,,0,13.0,1
102024,1,train,11.0,1,4.0,1
102025,0,train,3.0,1,4.0,1
102026,0,validation,15.0,1,10.0,1
102027,0,train,15.0,1,9.0,1
102028,0,train,12.0,1,7.0,1
102029,0,train,22.0,1,9.0,1
102030,0,test,17.0,1,7.0,1
102031,0,train,9.0,1,1.0,1
102032,0,train,7.0,1,1.0,1
102033,0,test,14.0,1,10.0,1
102034,0,validation,20.0,1,10.0,1
102035,0,train,18.0,1,14.0,1
102036,0,train,19.0,1,8.0,1
102037,0,train,12.0,1,8.0,1
102038,1,train,14.0,1,5.0,1
102039,0,train,6.0,1,1.0,1
102040,1,validation,19.0,1,8.0,1
102041,0,test,11.0,1,2.0,1
102042,0,train,13.0,1,7.0,1
102043,1,train,16.0,1,8.0,1
102044,1,train,16.0,1,6.0,1
102045,0,train,13.0,1,8.0,1
102046,1,train,13.0,1,6.0,1
102047,0,train,16.0,1,9.0,1
102048,0,train,19.0,1,9.0,1
102049,0,test,21.0,1,5.0,1
102050,1,test,24.0,1,7.0,1
102051,0,train,14.0,1,10.0,1
102052,0,train,11.0,1,8.0,1
102053,0,train,,0,1.0,1
102055,0,train,9.0,1,2.0,1
102056,1,train,20.0,1,10.0,1
102057,0,train,15.0,1,11.0,1
102058,0,train,13.0,1,4.0,1
102059,0,train,23.0,1,7.0,1
102060,0,train,18.0,1,11.0,1
102061,0,train,12.0,1,2.0,1
102062,0,train,17.0,1,10.0,1
102063,0,train,,0,11.0,1
102064,0,train,17.0,1,6.0,1
102065,0,validation,8.0,1,2.0,1
102066,0,validation,29.0,1,13.0,1
102067,1,train,17.0,1,8.0,1
102068,0,train,17.0,1,3.0,1
102069,0,validation,22.0,1,8.0,1
102070,0,train,20.0,1,11.0,1
102071,0,train,9.0,1,2.0,1
102072,0,test,16.0,1,10.0,1
102074,0,validation,16.0,1,7.0,1
102075,1,test,23.0,1,14.0,1
102076,1,train,,0,4.0,1
102077,0,train,11.0,1,4.0,1
102078,0,train,22.0,1,12.0,1
102079,0,train,12.0,1,2.0,1
102080,0,train,,0,1.0,1
102081,0,train,8.0,1,1.0,1
102082,0,validation,19.0,1,9.0,1
102083,0,train,10.0,1,4.0,1
102084,0,train,13.0,1,1.0,1
102085,1,train,14.0,1,6.0,1
102086,0,train,13.0,1,9.0,1
102087,0,train,20.0,1,9.0,1
102088,0,train,16.0,1,12.0,1
102089,0,train,19.0,1,14.0,1
102090,1,validation,25.0,1,10.0,1
102091,0,train,17.0,1,7.0,1
102092,0,train,7.0,1,3.0,1
102093,0,test,16.0,1,6.0,1
102094,0,test,19.0,1,8.0,1
102095,0,train,11.0,1,5.0,1
102096,0,test,13.0,1,10.0,1
102098,0,validation,14.0,1,7.0,1
102099,0,train,14.0,1,7.0,1
102100,0,train,13.0,1,7.0,1
102101,0,train,10.0,1,1.0,1
102102,0,train,,0,,0
102103,0,test,23.0,1,5.0,1
102104,0,train,9.0,1,6.0,1
102105,0,train,21.0,1,7.0,1
102106,0,train,20.0,1,11.0,1
102107,1,test,18.0,1,6.0,1
102108,0,train,16.0,1,6.0,1
102109,0,test,3.0,1,2.0,1
102110,0,test,16.0,1,10.0,1
102111,1,test,12.0,1,3.0,1
102112,0,train,16.0,1,4.0,1
102113,0,train,22.0,1,7.0,1
102114,0,test,17.0,1,7.0,1
102115,0,train,18.0,1,7.0,1
102118,0,train,7.0,1,1.0,1
102119,0,test,14.0,1,5.0,1
102120,0,train,13.0,1,12.0,1
102121,0,train,8.0,1,2.0,1
102122,0,train,12.0,1,5.0,1
102123,0,test,13.0,1,8.0,1
102124,0,train,13.0,1,3.0,1
102125,0,train,,0,0.0,1
102126,0,train,20.0,1,12.0,1
102127,0,train,19.0,1,9.0,1
102128,1,train,15.0,1,4.0,1
102129,1,train,16.0,1,8.0,1
102130,0,validation,26.0,1,13.0,1
102131,0,train,18.0,1,14.0,1
102132,0,train,18.0,1,13.0,1
102133,0,train,13.0,1,7.0,1
102134,0,train,18.0,1,12.0,1
102135,0,train,9.0,1,6.0,1
102136,0,train,16.0,1,2.0,1
102137,0,train,,0,2.0,1
102138,0,train,9.0,1,4.0,1
102139,0,test,21.0,1,11.0,1
102140,0,train,11.0,1,9.0,1
102141,0,train,8.0,1,3.0,1
102142,0,validation,18.0,1,11.0,1
102143,1,train,17.0,1,8.0,1
102144,0,validation,9.0,1,2.0,1
102145,0,validation,17.0,1,10.0,1
102146,0,test,10.0,1,3.0,1
102147,0,train,21.0,1,12.0,1
102148,0,train,13.0,1,3.0,1
102149,0,test,13.0,1,7.0,1
102150,1,test,,0,,0
102151,1,validation,24.0,1,7.0,1
102152,0,train,9.0,1,0.0,1
102153,0,validation,16.0,1,12.0,1
102154,0,train,12.0,1,,0
102155,0,train,23.0,1,19.0,1
102156,0,validation,16.0,1,7.0,1
102157,0,train,11.0,1,2.0,1
102158,1,train,16.0,1,6.0,1
102159,0,train,18.0,1,6.0,1
102160,0,validation,18.0,1,14.0,1
102161,1,train,23.0,1,15.0,1
102162,0,train,26.0,1,9.0,1
102163,0,validation,26.0,1,15.0,1
102165,0,train,19.0,1,10.0,1
102166,0,train,18.0,1,8.0,1
102167,0,train,16.0,1,6.0,1
102168,0,train,13.0,1,2.0,1
102169,1,test,19.0,1,5.0,1
102170,0,train,9.0,1,1.0,1
102171,0,validation,7.0,1,4.0,1
102172,0,test,6.0,1,0.0,1
102173,0,train,5.0,1,1.0,1
102174,0,validation,12.0,1,2.0,1
102175,0,validation,18.0,1,10.0,1
102176,1,train,8.0,1,4.0,1
102177,0,validation,14.0,1,9.0,1
102178,0,train,13.0,1,1.0,1
102179,1,test,12.0,1,4.0,1
102180,0,validation,22.0,1,14.0,1
102181,0,train,16.0,1,9.0,1
102182,0,train,23.0,1,11.0,1
102183,0,train,16.0,1,6.0,1
102184,0,train,28.0,1,14.0,1
102185,0,train,10.0,1,1.0,1
102186,0,train,11.0,1,3.0,1
102187,0,train,14.0,1,7.0,1
102188,0,train,14.0,1,3.0,1
102189,0,test,17.0,1,9.0,1
102190,0,train,10.0,1,4.0,1
102191,0,train,22.0,1,8.0,1
102192,0,validation,11.0,1,,0
102193,1,test,21.0,1,5.0,1
102194,1,test,24.0,1,13.0,1
102195,0,test,24.0,1,14.0,1
102196,1,test,14.0,1,5.0,1
102197,0,validation,14.0,1,6.0,1
102198,0,train,18.0,1,8.0,1
102199,0,train,5.0,1,1.0,1
102200,0,train,18.0,1,6.0,1
102201,0,train,16.0,1,12.0,1
102202,0,train,14.0,1,,0
102203,0,train,15.0,1,4.0,1
102204,1,train,13.0,1,9.0,1
102205,0,train,21.0,1,8.0,1
102206,0,train,,0,2.0,1
102207,0,train,10.0,1,6.0,1
102208,0,test,15.0,1,10.0,1
102209,0,train,4.0,1,0.0,1
102210,0,validation,7.0,1,8.0,1
102211,0,test,9.0,1,,0
102212,0,train,13.0,1,4.0,1
102213,0,train,5.0,1,0.0,1
102214,0,train,17.0,1,7.0,1
102215,0,train,26.0,1,10.0,1
102216,0,train,15.0,1,8.0,1
102217,0,train,7.0,1,1.0,1
102218,0,train,18.0,1,9.0,1
102219,0,train,12.0,1,5.0,1
102220,0,train,8.0,1,2.0,1
102221,0,train,20.0,1,9.0,1
102222,0,train,16.0,1,11.0,1
102223,0,train,7.0,1,2.0,1
102224,0,train,15.0,1,4.0,1
102225,0,validation,25.0,1,12.0,1
102226,1,train,12.0,1,2.0,1
102227,0,train,7.0,1,0.0,1
102228,0,train,19.0,1,10.0,1
102229,0,train,23.0,1,13.0,1
102230,0,train,13.0,1,5.0,1
102231,0,train,15.0,1,3.0,1
102232,0,validation,11.0,1,8.0,1
102233,1,validation,22.0,1,5.0,1
102234,0,validation,18.0,1,12.0,1
102235,1,train,19.0,1,9.0,1
102236,0,train,11.0,1,4.0,1
102237,0,validation,9.0,1,0.0,1
102238,0,validation,7.0,1,6.0,1
102239,1,train,15.0,1,10.0,1
102240,1,train,,0,0.0,1
102241,0,train,17.0,1,6.0,1
102242,0,train,,0,7.0,1
102243,0,train,17.0,1,12.0,1
102244,0,validation,16.0,1,4.0,1
102245,0,test,13.0,1,9.0,1
102246,0,train,13.0,1,6.0,1
102247,0,test,15.0,1,4.0,1
102248,1,train,21.0,1,10.0,1
102249,0,validation,14.0,1,6.0,1
102250,0,train,8.0,1,0.0,1
102251,0,test,28.0,1,10.0,1
102252,0,train,15.0,1,5.0,1
102253,0,train,23.0,1,15.0,1
102254,0,validation,12.0,1,5.0,1
102255,1,train,16.0,1,6.0,1
102256,0,train,22.0,1,11.0,1
102257,0,validation,20.0,1,10.0,1
102258,0,train,10.0,1,2.0,1
102259,0,validation,16.0,1,10.0,1
102260,0,train,16.0,1,6.0,1
102261,0,train,15.0,1,10.0,1
102262,1,train,20.0,1,7.0,1
102263,0,train,18.0,1,8.0,1
102264,0,train,5.0,1,3.0,1
102265,0,train,9.0,1,2.0,1
102266,0,test,18.0,1,12.0,1
102267,0,train,16.0,1,,0
102268,0,train,15.0,1,12.0,1
102269,0,train,9.0,1,,0
102270,1,train,16.0,1,7.0,1
102271,0,train,11.0,1,6.0,1
102272,0,train,13.0,1,4.0,1
102273,1,train,27.0,1,16.0,1
102274,0,train,18.0,1,12.0,1
102275,0,validation,16.0,1,11.0,1
102276,0,train,21.0,1,11.0,1
102277,0,train,16.0,1,11.0,1
102278,0,train,19.0,1,9.0,1
102279,0,train,8.0,1,6.0,1
102280,0,train,18.0,1,9.0,1
102281,0,train,20.0,1,10.0,1
102282,1,train,17.0,1,8.0,1
102283,0,train,16.0,1,7.0,1
102284,0,test,15.0,1,5.0,1
102285,1,test,14.0,1,6.0,1
102286,0,test,11.0,1,2.0,1
102287,0,train,22.0,1,11.0,1
102288,1,test,17.0,1,2.0,1
102289,0,train,9.0,1,4.0,1
102290,0,validation,13.0,1,6.0,1
102291,0,train,13.0,1,6.0,1
102292,0,train,4.0,1,0.0,1
102293,0,test,17.0,1,5.0,1
102294,0,train,,0,7.0,1
102295,0,train,16.0,1,10.0,1
102296,0,train,18.0,1,8.0,1
102297,0,train,24.0,1,4.0,1
102298,0,test,15.0,1,12.0,1
102299,0,test,23.0,1,10.0,1
102300,0,test,12.0,1,6.0,1
102301,0,train,16.0,1,11.0,1
102302,0,train,17.0,1,13.0,1
102303,0,train,16.0,1,7.0,1
102304,0,train,3.0,1,1.0,1
102305,0,train,9.0,1,6.0,1
102306,0,test,9.0,1,4.0,1
102307,1,train,17.0,1,18.0,1
102308,0,train,9.0,1,2.0,1
102309,1,validation,21.0,1,16.0,1
102310,0,train,,0,9.0,1
102311,0,train,15.0,1,5.0,1
102312,0,train,22.0,1,13.0,1
102313,0,train,17.0,1,4.0,1
102314,0,test,29.0,1,14.0,1
102315,1,train,13.0,1,2.0,1
102316,0,train,11.0,1,0.0,1
102317,0,train,15.0,1,3.0,1
102318,0,validation,12.0,1,3.0,1
102319,1,train,17.0,1,5.0,1
102320,0,train,6.0,1,4.0,1
102321,0,test,26.0,1,12.0,1
102322,0,train,18.0,1,11.0,1
102323,0,train,10.0,1,2.0,1
102324,1,train,26.0,1,12.0,1
102325,0,train,15.0,1,12.0,1
102326,0,test,25.0,1,14.0,1
102327,0,train,19.0,1,9.0,1
102328,1,train,23.0,1,7.0,1
102329,0,train,11.0,1,2.0,1
102330,0,train,16.0,1,10.0,1
102331,0,train,15.0,1,9.0,1
102332,0,train,9.0,1,0.0,1
102333,0,train,15.0,1,7.0,1
102334,0,test,8.0,1,2.0,1
102335,1,train,15.0,1,9.0,1
102336,0,train,6.0,1,,0
102337,0,test,21.0,1,9.0,1
102338,1,train,8.0,1,1.0,1
102339,0,train,18.0,1,13.0,1
102340,0,train,15.0,1,8.0,1
102341,0,train,20.0,1,11.0,1
102342,0,train,22.0,1,6.0,1
102343,0,train,12.0,1,5.0,1
102344,0,train,17.0,1,,0
102345,0,train,,0,5.0,1
102346,0,train,24.0,1,8.0,1
102347,0,train,,0,0.0,1
102348,0,train,2.0,1,2.0,1
102349,1,train,16.0,1,8.0,1
102350,0,test,12.0,1,4.0,1
102351,0,train,20.0,1,9.0,1
102352,1,train,16.0,1,11.0,1
102353,0,train,19.0,1,7.0,1
102354,0,train,12.0,1,2.0,1
102355,0,test,14.0,1,15.0,1
102356,0,train,5.0,1,4.0,1
102357,0,train,17.0,1,4.0,1
102358,0,validation,11.0,1,3.0,1
102359,0,train,9.0,1,1.0,1
102360,1,train,,0,16.0,1
102361,0,train,19.0,1,3.0,1
102362,0,train,16.0,1,5.0,1
102363,0,train,13.0,1,3.0,1
102364,0,train,5.0,1,2.0,1
102365,0,test,14.0,1,10.0,1
102366,0,train,15.0,1,9.0,1
102367,1,train,22.0,1,14.0,1
102368,0,train,16.0,1,13.0,1
102369,0,test,18.0,1,6.0,1
102370,0,train,22.0,1,10.0,1
102371,0,train,14.0,1,8.0,1
102372,0,train,27.0,1,7.0,1
102373,1,train,17.0,1,6.0,1
102374,0,train,16.0,1,5.0,1
102375,0,train,11.0,1,1.0,1
102376,0,train,9.0,1,2.0,1
102377,0,validation,26.0,1,16.0,1
102378,1,test,16.0,1,10.0,1
102379,0,train,16.0,1,5.0,1
102380,0,train,13.0,1,2.0,1
102381,0,test,12.0,1,2.0,1
102382,0,train,5.0,1,2.0,1
102383,0,train,18.0,1,8.0,1
102384,1,train,16.0,1,9.0,1
102385,0,train,17.0,1,2.0,1
102386,0,train,25.0,1,5.0,1
102387,0,train,18.0,1,6.0,1
102388,0,train,16.0,1,11.0,1
102389,0,validation,16.0,1,6.0,1
102390,0,train,19.0,1,8.0,1
102391,0,validation,4.0,1,1.0,1
102392,0,train,12.0,1,1.0,1
102393,0,validation,5.0,1,2.0,1
102394,0,train,9.0,1,4.0,1
102395,0,validation,10.0,1,0.0,1
102396,0,test,17.0,1,9.0,1
102397,1,test,21.0,1,17.0,1
102398,0,validation,18.0,1,6.0,1
102399,1,validation,20.0,1,12.0,1
102400,0,train,16.0,1,6.0,1
102401,0,test,20.0,1,13.0,1
102403,0,validation,17.0,1,12.0,1
102404,0,train,19.0,1,11.0,1
102405,1,test,15.0,1,5.0,1
102406,0,train,8.0,1,1.0,1
102407,0,train,15.0,1,7.0,1
102408,0,train,18.0,1,9.0,1
102409,0,train,,0,4.0,1
102410,0,train,10.0,1,1.0,1
102411,0,train,6.0,1,4.0,1
102412,0,train,17.0,1,7.0,1
102413,0,train,9.0,1,2.0,1
102414,0,train,7.0,1,0.0,1
102415,0,train,10.0,1,4.0,1
102416,0,train,12.0,1,11.0,1
102417,0,train,15.0,1,11.0,1
102418,0,train,12.0,1,3.0,1
102419,0,train,10.0,1,3.0,1
102420,0,train,11.0,1,4.0,1
102421,0,validation,21.0,1,8.0,1
102422,0,validation,27.0,1,14.0,1
102423,0,train,14.0,1,6.0,1
102424,1,validation,17.0,1,6.0,1
102425,0,test,14.0,1,7.0,1
102426,0,train,8.0,1,6.0,1
102427,1,train,10.0,1,4.0,1
102428,0,train,22.0,1,11.0,1
102429,0,train,21.0,1,10.0,1
102430,0,validation,12.0,1,2.0,1
102431,0,train,15.0,1,9.0,1
102432,0,test,4.0,1,0.0,1
102433,0,test,14.0,1,7.0,1
102434,0,train,9.0,1,7.0,1
102435,1,train,24.0,1,6.0,1
102436,0,train,19.0,1,8.0,1
102437,0,validation,2.0,1,2.0,1
102438,0,train,16.0,1,11.0,1
102439,1,train,16.0,1,7.0,1
102440,0,test,14.0,1,5.0,1
102441,0,test,25.0,1,12.0,1
102442,0,train,19.0,1,12.0,1
102443,0,train,10.0,1,4.0,1
102444,0,train,14.0,1,5.0,1
102445,0,train,17.0,1,10.0,1
102446,0,train,12.0,1,6.0,1
102447,0,train,14.0,1,5.0,1
102448,0,train,24.0,1,10.0,1
102449,0,train,20.0,1,7.0,1
102450,0,train,19.0,1,8.0,1
102451,0,validation,14.0,1,2.0,1
102452,1,validation,12.0,1,10.0,1
102453,0,train,23.0,1,11.0,1
102454,1,train,18.0,1,5.0,1
102455,1,test,19.0,1,11.0,1
102456,0,train,14.0,1,11.0,1
102457,0,train,26.0,1,12.0,1
102458,0,validation,12.0,1,3.0,1
102459,0,train,12.0,1,3.0,1
102460,0,test,7.0,1,2.0,1
102461,0,train,5.0,1,2.0,1
102462,0,test,13.0,1,8.0,1
102463,0,train,19.0,1,,0
102464,0,train,14.0,1,6.0,1
102465,0,train,18.0,1,5.0,1
102466,0,train,21.0,1,7.0,1
102467,0,validation,20.0,1,10.0,1
102468,0,test,15.0,1,2.0,1
102469,0,train,21.0,1,13.0,1
102470,0,train,13.0,1,9.0,1
102471,1,validation,17.0,1,8.0,1
102472,0,train,14.0,1,2.0,1
102473,0,train,17.0,1,7.0,1
102474,0,validation,14.0,1,6.0,1
102475,0,train,12.0,1,4.0,1
102476,0,train,16.0,1,7.0,1
102477,0,test,13.0,1,5.0,1
102478,0,train,14.0,1,7.0,1
102479,0,train,17.0,1,8.0,1
102480,1,validation,20.0,1,10.0,1
102481,0,train,10.0,1,4.0,1
102482,0,train,15.0,1,7.0,1
102483,0,test,14.0,1,8.0,1
102484,0,train,23.0,1,14.0,1
102485,0,train,20.0,1,14.0,1
102486,0,train,20.0,1,5.0,1
102487,0,train,6.0,1,4.0,1
102488,0,train,12.0,1,2.0,1
102489,0,train,14.0,1,4.0,1
102490,0,train,13.0,1,2.0,1
102491,0,test,4.0,1,2.0,1
102492,0,test,14.0,1,6.0,1
102493,0,train,19.0,1,8.0,1
102494,0,train,9.0,1,5.0,1
102495,0,train,10.0,1,1.0,1
102496,0,train,7.0,1,0.0,1
102497,0,train,21.0,1,11.0,1
102498,0,validation,12.0,1,4.0,1
102499,0,validation,6.0,1,1.0,1
102500,1,train,19.0,1,12.0,1
102501,0,train,8.0,1,6.0,1
102502,0,train,19.0,1,9.0,1
102503,0,train,1.0,1,0.0,1
102504,0,train,19.0,1,13.0,1
102505,0,validation,18.0,1,11.0,1
102506,0,train,21.0,1,11.0,1
102507,1,train,18.0,1,0.0,1
102508,0,train,14.0,1,2.0,1
102509,0,train,18.0,1,7.0,1
102510,0,train,19.0,1,6.0,1
102511,0,train,16.0,1,3.0,1
102512,0,validation,8.0,1,0.0,1
102513,0,train,16.0,1,8.0,1
102514,0,train,14.0,1,13.0,1
102515,0,train,10.0,1,2.0,1
102516,0,train,12.0,1,4.0,1
102517,0,train,13.0,1,8.0,1
102518,0,validation,7.0,1,1.0,1
102519,0,train,6.0,1,4.0,1
102520,0,train,22.0,1,8.0,1
102521,1,train,20.0,1,14.0,1
102522,0,train,16.0,1,7.0,1
102523,0,train,26.0,1,18.0,1
102524,0,test,16.0,1,11.0,1
102525,0,validation,19.0,1,8.0,1
102526,0,train,9.0,1,2.0,1
102527,0,validation,10.0,1,4.0,1
102528,0,train,12.0,1,9.0,1
102529,0,train,16.0,1,7.0,1
102530,1,train,23.0,1,9.0,1
102531,0,train,15.0,1,,0
102532,1,train,20.0,1,6.0,1
102533,0,train,17.0,1,6.0,1
102534,0,train,12.0,1,10.0,1
102535,0,train,19.0,1,11.0,1
102536,0,train,14.0,1,2.0,1
102537,0,train,21.0,1,7.0,1
102538,0,train,4.0,1,1.0,1
102539,0,train,13.0,1,2.0,1
102540,0,train,8.0,1,1.0,1
102541,0,train,10.0,1,5.0,1
102542,0,train,19.0,1,7.0,1
102543,0,test,20.0,1,15.0,1
102544,0,validation,,0,,0
102545,1,train,9.0,1,2.0,1
102546,0,train,19.0,1,11.0,1
102547,0,test,13.0,1,3.0,1
102548,0,train,7.0,1,1.0,1
102549,0,train,11.0,1,4.0,1
102550,0,train,8.0,1,2.0,1
102551,0,train,7.0,1,3.0,1
102552,0,train,19.0,1,6.0,1
102553,0,train,12.0,1,6.0,1
102554,0,test,16.0,1,13.0,1
102555,0,train,13.0,1,5.0,1
102556,0,train,20.0,1,11.0,1
102557,0,train,21.0,1,17.0,1
102558,0,train,15.0,1,7.0,1
102559,0,test,20.0,1,4.0,1
102560,0,validation,20.0,1,4.0,1
102561,0,train,14.0,1,3.0,1
102562,0,train,6.0,1,6.0,1
102563,0,validation,6.0,1,2.0,1
102564,0,validation,13.0,1,1.0,1
102565,0,train,14.0,1,8.0,1
102566,0,test,14.0,1,5.0,1
102567,0,train,17.0,1,12.0,1
102568,0,test,19.0,1,10.0,1
102569,1,train,13.0,1,7.0,1
102570,0,train,27.0,1,15.0,1
102571,0,train,25.0,1,12.0,1
102572,0,train,13.0,1,4.0,1
102573,0,test,14.0,1,5.0,1
102574,0,test,16.0,1,4.0,1
102575,0,train,11.0,1,2.0,1
102576,0,train,16.0,1,9.0,1
102577,0,train,17.0,1,7.0,1
102578,0,train,4.0,1,1.0,1
102579,0,test,19.0,1,14.0,1
102580,0,train,8.0,1,2.0,1
102581,1,train,15.0,1,1.0,1
102582,0,train,,0,0.0,1
102583,0,test,15.0,1,7.0,1
102584,0,validation,9.0,1,1.0,1
102585,0,train,11.0,1,4.0,1
102586,0,train,17.0,1,11.0,1
102587,0,train,20.0,1,7.0,1
102588,0,train,10.0,1,2.0,1
102589,1,train,23.0,1,13.0,1
102590,0,train,14.0,1,8.0,1
102591,0,train,13.0,1,3.0,1
102592,0,train,12.0,1,2.0,1
102593,0,validation,20.0,1,10.0,1
102594,0,train,18.0,1,16.0,1
102595,1,train,17.0,1,14.0,1
102596,0,train,14.0,1,7.0,1
102597,0,train,17.0,1,5.0,1
102598,0,train,10.0,1,3.0,1
102599,1,test,14.0,1,7.0,1
102600,0,validation,11.0,1,4.0,1
102601,0,test,7.0,1,1.0,1
102602,0,test,18.0,1,5.0,1
102603,1,validation,17.0,1,6.0,1
102604,0,train,19.0,1,6.0,1
102605,0,train,13.0,1,4.0,1
102606,0,train,13.0,1,2.0,1
102607,0,test,20.0,1,4.0,1
102608,0,train,20.0,1,3.0,1
102609,0,train,21.0,1,11.0,1
102610,0,train,9.0,1,4.0,1
102611,0,validation,19.0,1,6.0,1
102612,0,train,11.0,1,6.0,1
102613,0,train,13.0,1,8.0,1
102614,1,test,24.0,1,19.0,1
102615,0,train,16.0,1,12.0,1
102616,0,train,13.0,1,4.0,1
102617,0,train,20.0,1,10.0,1
102618,0,train,9.0,1,1.0,1
102619,0,train,18.0,1,13.0,1
102620,0,train,15.0,1,10.0,1
102621,0,train,20.0,1,11.0,1
102622,0,test,17.0,1,6.0,1
102623,1,train,14.0,1,5.0,1
102624,1,train,14.0,1,13.0,1
102625,0,train,21.0,1,13.0,1
102626,0,train,11.0,1,4.0,1
102627,0,validation,9.0,1,4.0,1
102628,0,validation,,0,11.0,1
102629,0,validation,14.0,1,,0
102630,0,train,11.0,1,4.0,1
102631,0,validation,20.0,1,13.0,1
102632,0,train,22.0,1,13.0,1
102633,0,train,10.0,1,3.0,1
102634,0,validation,18.0,1,7.0,1
102635,1,train,15.0,1,8.0,1
102636,0,validation,21.0,1,15.0,1
102637,0,test,21.0,1,11.0,1
102638,0,train,18.0,1,8.0,1
102639,0,validation,17.0,1,9.0,1
102640,0,test,21.0,1,12.0,1
102641,0,validation,14.0,1,3.0,1
102642,0,train,7.0,1,4.0,1
102643,0,train,9.0,1,6.0,1
102644,0,train,10.0,1,2.0,1
102645,0,train,12.0,1,5.0,1
102646,0,train,10.0,1,4.0,1
102647,0,test,11.0,1,10.0,1
102648,0,validation,8.0,1,4.0,1
102649,0,train,18.0,1,8.0,1
102650,0,validation,18.0,1,9.0,1
102651,0,test,11.0,1,2.0,1
102652,0,validation,9.0,1,2.0,1
102653,0,train,12.0,1,0.0,1
102654,0,train,13.0,1,7.0,1
102655,0,train,11.0,1,6.0,1
102656,0,train,,0,7.0,1
102657,0,train,,0,0.0,1
102658,0,train,23.0,1,12.0,1
102659,0,train,13.0,1,5.0,1
102660,1,train,,0,2.0,1
102661,0,train,20.0,1,8.0,1
102662,0,train,17.0,1,9.0,1
102663,0,train,10.0,1,2.0,1
102664,0,train,17.0,1,11.0,1
102665,0,train,9.0,1,4.0,1
102666,0,train,18.0,1,7.0,1
102667,0,train,12.0,1,5.0,1
102668,0,train,14.0,1,1.0,1
102669,0,train,15.0,1,10.0,1
102670,0,train,,0,8.0,1
102671,0,train,5.0,1,2.0,1
102672,0,train,18.0,1,13.0,1
102673,0,train,18.0,1,8.0,1
102674,0,test,,0,6.0,1
102675,0,train,12.0,1,3.0,1
102676,0,validation,20.0,1,4.0,1
102677,0,train,18.0,1,7.0,1
102678,0,validation,21.0,1,10.0,1
102679,0,train,14.0,1,5.0,1
102680,0,train,10.0,1,1.0,1
102681,0,train,20.0,1,12.0,1
102682,0,train,15.0,1,7.0,1
102683,0,train,18.0,1,5.0,1
102684,0,validation,17.0,1,10.0,1
102685,0,validation,19.0,1,7.0,1
102686,0,test,12.0,1,4.0,1
102687,0,train,17.0,1,9.0,1
102688,0,train,12.0,1,1.0,1
102689,0,train,17.0,1,18.0,1
102690,1,train,18.0,1,5.0,1
102691,0,train,16.0,1,10.0,1
102692,0,train,14.0,1,6.0,1
102694,1,train,15.0,1,6.0,1
102695,0,train,7.0,1,4.0,1
102696,1,train,23.0,1,7.0,1
102697,0,train,14.0,1,3.0,1
102698,1,validation,12.0,1,11.0,1
102699,0,train,22.0,1,13.0,1
102700,0,train,17.0,1,9.0,1
102701,0,train,32.0,1,11.0,1
102702,0,train,15.0,1,8.0,1
102703,0,validation,15.0,1,8.0,1
102704,0,test,13.0,1,6.0,1
102705,0,train,19.0,1,16.0,1
102706,0,train,10.0,1,4.0,1
102707,0,train,12.0,1,7.0,1
102708,0,train,14.0,1,13.0,1
102709,0,test,7.0,1,1.0,1
102710,0,train,15.0,1,8.0,1
102711,0,train,16.0,1,8.0,1
102712,0,train,16.0,1,10.0,1
102713,0,train,8.0,1,1.0,1
102714,1,train,21.0,1,5.0,1
102715,0,validation,22.0,1,6.0,1
102716,0,test,5.0,1,0.0,1
102717,0,train,21.0,1,8.0,1
102718,0,train,17.0,1,8.0,1
102719,0,train,1.0,1,1.0,1
102720,0,train,11.0,1,5.0,1
102721,0,test,10.0,1,0.0,1
102723,0,test,17.0,1,8.0,1
102724,0,validation,18.0,1,8.0,1
102725,0,train,20.0,1,5.0,1
102726,0,train,13.0,1,4.0,1
102727,0,train,13.0,1,4.0,1
102728,0,train,11.0,1,7.0,1
102729,0,train,18.0,1,9.0,1
102730,0,train,15.0,1,4.0,1
102731,1,train,16.0,1,6.0,1
102732,0,train,22.0,1,11.0,1
102733,0,test,17.0,1,11.0,1
102734,0,train,22.0,1,10.0,1
102735,0,validation,17.0,1,12.0,1
102736,0,train,11.0,1,7.0,1
102737,1,train,24.0,1,9.0,1
102738,1,validation,18.0,1,8.0,1
102739,1,validation,28.0,1,17.0,1
102740,0,train,12.0,1,2.0,1
102741,0,train,20.0,1,12.0,1
102742,0,validation,16.0,1,10.0,1
102743,1,test,19.0,1,13.0,1
102744,0,test,16.0,1,9.0,1
102745,0,validation,4.0,1,3.0,1
102746,0,train,14.0,1,8.0,1
102747,0,test,15.0,1,5.0,1
102748,0,train,18.0,1,4.0,1
102749,0,train,5.0,1,3.0,1
102750,0,train,4.0,1,5.0,1
102751,0,train,,0,13.0,1
102752,1,train,13.0,1,3.0,1
102753,0,train,6.0,1,1.0,1
102754,0,test,18.0,1,5.0,1
102755,0,train,26.0,1,13.0,1
102756,0,train,12.0,1,13.0,1
102757,0,train,15.0,1,7.0,1
102758,0,train,10.0,1,1.0,1
102759,0,train,9.0,1,1.0,1
102760,0,train,12.0,1,3.0,1
102761,1,validation,17.0,1,3.0,1
102762,0,test,14.0,1,5.0,1
102763,0,validation,,0,,0
102764,0,train,17.0,1,14.0,1
102765,0,validation,18.0,1,8.0,1
102766,1,train,19.0,1,13.0,1
102767,1,train,15.0,1,6.0,1
102768,0,validation,10.0,1,8.0,1
102769,0,train,11.0,1,4.0,1
102770,1,train,15.0,1,6.0,1
102771,0,train,23.0,1,9.0,1
102772,1,train,24.0,1,8.0,1
102773,0,train,24.0,1,13.0,1
102774,0,train,14.0,1,7.0,1
102775,0,train,20.0,1,8.0,1
102776,0,train,5.0,1,1.0,1
102777,0,train,20.0,1,12.0,1
102778,0,train,14.0,1,4.0,1
102779,0,train,13.0,1,4.0,1
102780,0,train,17.0,1,7.0,1
102781,0,train,10.0,1,5.0,1
102782,0,validation,24.0,1,13.0,1
102783,0,train,18.0,1,7.0,1
102784,0,train,13.0,1,8.0,1
102785,0,validation,13.0,1,4.0,1
102786,0,train,21.0,1,11.0,1
102787,0,validation,13.0,1,9.0,1
102788,0,validation,17.0,1,11.0,1
102789,0,train,18.0,1,11.0,1
102790,1,train,15.0,1,13.0,1
102791,1,validation,22.0,1,9.0,1
102792,0,train,14.0,1,0.0,1
102793,0,train,16.0,1,9.0,1
102794,0,train,22.0,1,10.0,1
102795,1,train,19.0,1,10.0,1
102796,0,train,16.0,1,8.0,1
102797,1,validation,13.0,1,2.0,1
102798,0,train,20.0,1,8.0,1
102799,1,test,,0,11.0,1
102800,0,train,11.0,1,8.0,1
102801,0,train,16.0,1,6.0,1
102802,0,test,10.0,1,10.0,1
102803,0,train,12.0,1,3.0,1
102804,1,train,23.0,1,8.0,1
102805,0,train,17.0,1,12.0,1
102806,0,validation,14.0,1,11.0,1
102807,0,train,16.0,1,11.0,1
102808,0,train,9.0,1,1.0,1
102809,0,validation,16.0,1,7.0,1
102810,0,test,15.0,1,10.0,1
102811,0,train,18.0,1,14.0,1
102812,0,train,10.0,1,7.0,1
102813,0,test,18.0,1,7.0,1
102814,0,train,13.0,1,13.0,1
102815,0,test,10.0,1,3.0,1
102816,0,test,9.0,1,2.0,1
102817,0,train,18.0,1,7.0,1
102818,0,test,12.0,1,1.0,1
102820,0,validation,22.0,1,15.0,1
102821,0,train,,0,1.0,1
102822,0,train,20.0,1,10.0,1
102823,0,train,14.0,1,2.0,1
102824,0,train,11.0,1,6.0,1
102825,1,train,22.0,1,11.0,1
102826,0,train,17.0,1,9.0,1
102827,0,train,17.0,1,8.0,1
102828,0,train,18.0,1,12.0,1
102829,0,validation,17.0,1,8.0,1
102830,0,validation,11.0,1,3.0,1
102831,0,train,8.0,1,1.0,1
102832,0,validation,10.0,1,7.0,1
102833,0,train,5.0,1,1.0,1
102834,0,train,11.0,1,9.0,1
102835,0,train,8.0,1,3.0,1
102836,0,test,17.0,1,5.0,1
102837,0,test,10.0,1,2.0,1
102838,0,train,,0,1.0,1
102839,0,train,16.0,1,6.0,1
102840,0,train,26.0,1,17.0,1
102841,0,validation,20.0,1,7.0,1
102842,0,train,18.0,1,9.0,1
102843,0,train,15.0,1,7.0,1
102844,0,train,10.0,1,3.0,1
102845,0,train,12.0,1,5.0,1
102846,0,train,14.0,1,8.0,1
102847,0,validation,15.0,1,7.0,1
102848,0,train,16.0,1,8.0,1
102849,0,validation,25.0,1,10.0,1
102850,0,test,,0,5.0,1
102851,0,train,24.0,1,10.0,1
102852,0,train,19.0,1,8.0,1
102853,0,train,16.0,1,14.0,1
102854,1,train,11.0,1,4.0,1
102855,0,train,12.0,1,6.0,1
102856,0,validation,16.0,1,7.0,1
102857,0,test,12.0,1,5.0,1
102858,0,test,32.0,1,14.0,1
102859,0,train,18.0,1,3.0,1
102860,0,train,25.0,1,9.0,1
102861,0,train,17.0,1,11.0,1
102862,0,train,15.0,1,6.0,1
102863,0,train,23.0,1,8.0,1
102864,0,train,14.0,1,9.0,1
102865,0,train,13.0,1,2.0,1
102866,0,train,21.0,1,7.0,1
102867,0,train,18.0,1,8.0,1
102868,0,validation,15.0,1,8.0,1
102869,0,test,9.0,1,3.0,1
102870,0,train,5.0,1,2.0,1
102871,0,train,17.0,1,6.0,1
102872,0,train,10.0,1,2.0,1
102873,0,train,4.0,1,1.0,1
102874,0,train,18.0,1,7.0,1
102875,0,train,15.0,1,9.0,1
102876,0,train,19.0,1,9.0,1
102877,0,train,15.0,1,7.0,1
102878,1,validation,12.0,1,5.0,1
102879,0,train,20.0,1,5.0,1
102880,0,train,11.0,1,5.0,1
102881,1,train,18.0,1,10.0,1
102882,0,train,9.0,1,1.0,1
102883,0,train,22.0,1,,0
102884,0,train,,0,4.0,1
102885,0,test,16.0,1,5.0,1
102886,0,train,16.0,1,8.0,1
102887,0,train,17.0,1,6.0,1
102888,0,train,20.0,1,13.0,1
102889,1,validation,26.0,1,14.0,1
102890,0,validation,9.0,1,5.0,1
102891,0,train,12.0,1,8.0,1
102892,0,train,16.0,1,10.0,1
102893,0,train,12.0,1,5.0,1
102895,0,train,14.0,1,,0
102896,0,train,16.0,1,4.0,1
102897,1,train,15.0,1,5.0,1
102898,0,train,12.0,1,8.0,1
102899,0,train,13.0,1,9.0,1
102900,0,test,15.0,1,11.0,1
102901,0,train,12.0,1,13.0,1
102902,0,train,11.0,1,12.0,1
102903,0,train,22.0,1,11.0,1
102904,0,train,9.0,1,3.0,1
102905,0,train,12.0,1,8.0,1
102906,1,train,17.0,1,6.0,1
102907,0,validation,11.0,1,11.0,1
102908,0,validation,21.0,1,14.0,1
102909,0,validation,6.0,1,4.0,1
102910,0,test,8.0,1,3.0,1
102911,0,train,13.0,1,8.0,1
102912,0,train,5.0,1,2.0,1
102913,0,train,6.0,1,1.0,1
102914,0,train,15.0,1,8.0,1
102915,0,train,9.0,1,1.0,1
102916,1,test,14.0,1,7.0,1
102917,0,train,19.0,1,4.0,1
102918,0,train,20.0,1,13.0,1
102919,0,train,16.0,1,4.0,1
102920,0,train,17.0,1,12.0,1
102921,0,validation,15.0,1,6.0,1
102922,0,train,6.0,1,0.0,1
102923,0,train,13.0,1,3.0,1
102924,0,train,8.0,1,1.0,1
102925,0,train,14.0,1,4.0,1
102926,0,test,13.0,1,2.0,1
102927,0,train,4.0,1,3.0,1
102928,0,validation,14.0,1,4.0,1
102929,0,train,7.0,1,3.0,1
102930,0,train,13.0,1,11.0,1
102931,0,train,10.0,1,,0
102932,0,validation,10.0,1,3.0,1
102933,0,train,22.0,1,10.0,1
102934,0,train,14.0,1,10.0,1
102935,0,validation,15.0,1,5.0,1
102936,0,test,14.0,1,7.0,1
102937,0,train,13.0,1,,0
102938,0,train,18.0,1,6.0,1
102939,0,train,10.0,1,1.0,1
102941,0,train,12.0,1,1.0,1
102942,0,train,16.0,1,8.0,1
102943,0,train,24.0,1,14.0,1
102944,0,train,21.0,1,13.0,1
102945,0,train,4.0,1,1.0,1
102946,0,train,13.0,1,5.0,1
102947,1,train,23.0,1,5.0,1
102948,0,train,11.0,1,5.0,1
102949,0,train,15.0,1,2.0,1
102950,0,train,14.0,1,7.0,1
102951,0,test,14.0,1,,0
102952,0,train,7.0,1,1.0,1
102953,0,train,19.0,1,5.0,1
102954,0,train,8.0,1,1.0,1
102955,0,train,14.0,1,11.0,1
102956,0,validation,6.0,1,2.0,1
102957,0,train,21.0,1,13.0,1
102958,0,train,15.0,1,4.0,1
102959,0,train,19.0,1,9.0,1
102960,0,train,16.0,1,7.0,1
102961,0,train,15.0,1,4.0,1
102962,1,train,,0,4.0,1
102963,1,train,8.0,1,1.0,1
102964,0,train,18.0,1,9.0,1
102965,0,train,17.0,1,8.0,1
102966,0,validation,21.0,1,13.0,1
102967,0,train,15.0,1,8.0,1
102968,1,train,20.0,1,14.0,1
102969,0,test,22.0,1,7.0,1
102970,0,train,25.0,1,9.0,1
102971,0,validation,14.0,1,7.0,1
102972,0,train,15.0,1,1.0,1
102973,0,train,2.0,1,1.0,1
102974,0,train,9.0,1,3.0,1
102975,0,train,20.0,1,4.0,1
102976,0,train,13.0,1,10.0,1
102977,0,train,13.0,1,6.0,1
102978,0,train,20.0,1,8.0,1
102979,0,train,20.0,1,8.0,1
102980,0,test,15.0,1,10.0,1
102981,1,train,23.0,1,10.0,1
102982,0,train,11.0,1,,0
102983,0,train,18.0,1,6.0,1
102984,0,train,14.0,1,7.0,1
102985,0,validation,21.0,1,6.0,1
102986,0,train,17.0,1,8.0,1
102987,0,train,10.0,1,2.0,1
102988,0,train,20.0,1,13.0,1
102989,0,train,25.0,1,4.0,1
102990,0,train,17.0,1,1.0,1
102991,0,validation,8.0,1,0.0,1
102992,0,train,25.0,1,10.0,1
102993,0,validation,8.0,1,2.0,1
102994,1,train,19.0,1,10.0,1
102995,0,train,16.0,1,6.0,1
102996,0,train,24.0,1,4.0,1
102997,0,train,17.0,1,1.0,1
102998,0,train,7.0,1,1.0,1
102999,0,train,23.0,1,10.0,1
103000,0,train,10.0,1,8.0,1
103001,0,test,16.0,1,7.0,1
103002,0,train,23.0,1,14.0,1
103003,0,test,20.0,1,10.0,1
103004,0,test,14.0,1,6.0,1
103005,0,train,16.0,1,6.0,1
103006,0,train,25.0,1,12.0,1
103007,0,train,8.0,1,1.0,1
103008,0,train,15.0,1,9.0,1
103009,1,train,21.0,1,10.0,1
103010,0,test,2.0,1,1.0,1
103011,0,train,15.0,1,7.0,1
103012,0,train,12.0,1,7.0,1
103013,0,validation,11.0,1,6.0,1
103014,0,train,12.0,1,2.0,1
103015,1,validation,20.0,1,8.0,1
103016,0,train,20.0,1,12.0,1
103017,0,train,18.0,1,10.0,1
103018,1,validation,30.0,1,13.0,1
103019,1,train,25.0,1,,0
103020,0,test,20.0,1,14.0,1
103021,0,train,19.0,1,11.0,1
103022,0,train,15.0,1,6.0,1
103023,0,train,8.0,1,6.0,1
103024,0,train,28.0,1,14.0,1
103025,0,test,12.0,1,2.0,1
103026,0,train,20.0,1,9.0,1
103027,0,test,10.0,1,0.0,1
103028,1,train,19.0,1,5.0,1
103029,0,train,13.0,1,1.0,1
103030,0,validation,13.0,1,6.0,1
103031,0,validation,,0,1.0,1
103032,1,test,24.0,1,14.0,1
103033,0,test,21.0,1,8.0,1
103034,0,train,14.0,1,3.0,1
103035,0,train,,0,2.0,1
103036,0,train,11.0,1,5.0,1
103037,0,train,7.0,1,5.0,1
103038,1,test,15.0,1,7.0,1
103039,0,test,18.0,1,8.0,1
103040,0,train,9.0,1,2.0,1
103041,0,validation,16.0,1,5.0,1
103042,0,validation,11.0,1,4.0,1
103043,0,train,20.0,1,12.0,1
103044,0,train,17.0,1,11.0,1
103045,0,train,,0,1.0,1
103046,0,train,18.0,1,8.0,1
103047,0,train,16.0,1,7.0,1
103048,0,train,,0,2.0,1
103049,0,train,7.0,1,12.0,1
103050,0,train,16.0,1,9.0,1
103051,0,train,7.0,1,8.0,1
103052,1,validation,27.0,1,5.0,1
103053,0,train,8.0,1,3.0,1
103054,0,train,6.0,1,1.0,1
103055,0,train,19.0,1,11.0,1
103056,0,train,15.0,1,7.0,1
103057,0,train,18.0,1,8.0,1
103058,0,train,3.0,1,4.0,1
103059,0,test,20.0,1,10.0,1
103060,0,train,14.0,1,10.0,1
103061,0,test,9.0,1,11.0,1
103062,0,train,5.0,1,1.0,1
103063,0,train,11.0,1,6.0,1
103064,0,train,14.0,1,4.0,1
103065,0,train,8.0,1,2.0,1
103066,0,train,21.0,1,12.0,1
103067,0,train,13.0,1,6.0,1
103068,0,train,23.0,1,10.0,1
103069,0,validation,17.0,1,9.0,1
103070,0,train,10.0,1,1.0,1
103071,0,train,11.0,1,2.0,1
103072,0,validation,10.0,1,6.0,1
103073,0,train,10.0,1,2.0,1
103074,0,train,3.0,1,1.0,1
103075,1,train,23.0,1,6.0,1
103076,0,validation,14.0,1,4.0,1
103077,1,train,21.0,1,11.0,1
103078,0,test,18.0,1,7.0,1
103079,1,train,12.0,1,1.0,1
103080,0,validation,17.0,1,15.0,1
103081,0,train,17.0,1,11.0,1
103082,0,validation,7.0,1,8.0,1
103083,0,train,26.0,1,16.0,1
103084,0,test,6.0,1,3.0,1
103085,0,train,22.0,1,12.0,1
103086,0,train,16.0,1,4.0,1
103087,0,validation,16.0,1,7.0,1
103088,0,train,11.0,1,6.0,1
103089,0,train,10.0,1,9.0,1
103090,0,validation,8.0,1,1.0,1
103091,0,train,9.0,1,2.0,1
103092,0,train,17.0,1,2.0,1
103094,0,train,13.0,1,3.0,1
103095,0,train,5.0,1,5.0,1
103096,0,validation,19.0,1,11.0,1
103097,0,validation,7.0,1,6.0,1
103099,0,train,14.0,1,1.0,1
103100,0,train,12.0,1,5.0,1
103101,0,train,20.0,1,12.0,1
103102,0,train,22.0,1,15.0,1
103103,0,train,21.0,1,10.0,1
103104,0,train,13.0,1,4.0,1
103105,0,train,12.0,1,9.0,1
103106,1,validation,8.0,1,10.0,1
103107,1,train,18.0,1,8.0,1
103108,0,train,13.0,1,4.0,1
103109,0,train,16.0,1,8.0,1
103110,0,test,24.0,1,8.0,1
103111,1,test,18.0,1,6.0,1
103112,0,train,17.0,1,5.0,1
103113,0,train,20.0,1,8.0,1
103114,0,validation,18.0,1,11.0,1
103115,0,test,20.0,1,7.0,1
103116,0,train,19.0,1,5.0,1
103117,0,train,18.0,1,9.0,1
103118,0,train,16.0,1,3.0,1
103119,0,validation,21.0,1,11.0,1
103120,0,train,7.0,1,0.0,1
103121,0,test,23.0,1,,0
103122,0,train,,0,0.0,1
103123,0,train,21.0,1,12.0,1
103124,0,train,16.0,1,11.0,1
103125,0,train,10.0,1,5.0,1
103126,1,train,6.0,1,5.0,1
103127,0,train,25.0,1,7.0,1
103128,0,train,16.0,1,5.0,1
103129,0,validation,10.0,1,1.0,1
103130,0,train,7.0,1,2.0,1
103131,0,train,22.0,1,8.0,1
103132,0,validation,14.0,1,8.0,1
103133,0,train,16.0,1,6.0,1
103134,0,train,11.0,1,1.0,1
103135,0,test,9.0,1,3.0,1
103136,0,train,15.0,1,8.0,1
103137,0,test,23.0,1,9.0,1
103138,0,train,11.0,1,6.0,1
103139,0,train,18.0,1,7.0,1
103140,0,validation,6.0,1,2.0,1
103141,0,validation,9.0,1,2.0,1
103142,0,train,9.0,1,2.0,1
103143,1,train,14.0,1,6.0,1
103144,1,train,26.0,1,15.0,1
103145,0,train,12.0,1,11.0,1
103146,0,test,11.0,1,3.0,1
103147,0,train,19.0,1,11.0,1
103148,0,train,24.0,1,12.0,1
103149,0,train,13.0,1,1.0,1
103150,0,train,15.0,1,6.0,1
103152,1,train,12.0,1,2.0,1
103153,0,test,14.0,1,10.0,1
103154,1,train,15.0,1,4.0,1
103155,0,train,15.0,1,11.0,1
103156,0,train,20.0,1,9.0,1
103157,0,test,16.0,1,4.0,1
103158,0,test,13.0,1,3.0,1
103159,0,train,5.0,1,1.0,1
103160,0,train,24.0,1,13.0,1
103161,0,test,19.0,1,12.0,1
103162,0,test,18.0,1,7.0,1
103163,0,train,14.0,1,2.0,1
103164,0,validation,10.0,1,2.0,1
103165,0,test,15.0,1,2.0,1
103166,0,train,8.0,1,1.0,1
103167,0,validation,13.0,1,3.0,1
103168,0,train,19.0,1,11.0,1
103169,0,train,13.0,1,4.0,1
103170,0,test,10.0,1,2.0,1
103171,0,test,10.0,1,3.0,1
103172,0,train,22.0,1,9.0,1
103173,1,train,14.0,1,8.0,1
103174,1,validation,15.0,1,6.0,1
103175,0,test,17.0,1,,0
103176,0,train,20.0,1,10.0,1
103177,0,train,11.0,1,6.0,1
103178,0,train,12.0,1,8.0,1
103179,0,train,7.0,1,2.0,1
103180,0,train,15.0,1,12.0,1
103181,0,train,17.0,1,5.0,1
103182,0,train,15.0,1,5.0,1
103183,0,test,14.0,1,10.0,1
103184,0,train,8.0,1,2.0,1
103186,0,test,13.0,1,9.0,1
103187,0,train,10.0,1,8.0,1
103188,0,train,7.0,1,2.0,1
103189,1,train,19.0,1,6.0,1
103190,0,train,23.0,1,10.0,1
103191,0,validation,8.0,1,3.0,1
103192,1,train,22.0,1,7.0,1
103193,0,train,18.0,1,10.0,1
103194,0,test,17.0,1,6.0,1
103195,0,train,18.0,1,8.0,1
103196,0,train,10.0,1,5.0,1
103197,0,train,20.0,1,7.0,1
103198,0,train,13.0,1,4.0,1
103199,1,train,26.0,1,22.0,1
103200,0,train,13.0,1,5.0,1
103201,0,validation,9.0,1,4.0,1
103202,0,train,20.0,1,11.0,1
103203,0,train,18.0,1,3.0,1
103204,0,train,12.0,1,12.0,1
103205,0,train,18.0,1,6.0,1
103206,0,train,15.0,1,4.0,1
103207,0,validation,15.0,1,6.0,1
103208,0,validation,15.0,1,7.0,1
103209,0,train,16.0,1,8.0,1
103210,0,train,11.0,1,5.0,1
103211,0,train,14.0,1,4.0,1
103212,0,train,17.0,1,9.0,1
103213,0,validation,,0,6.0,1
103214,0,train,16.0,1,6.0,1
103215,0,validation,13.0,1,10.0,1
103216,0,train,8.0,1,3.0,1
103217,1,validation,15.0,1,6.0,1
103219,1,train,7.0,1,7.0,1
103220,0,train,11.0,1,6.0,1
103221,0,test,22.0,1,12.0,1
103222,1,train,,0,4.0,1
103223,0,test,19.0,1,12.0,1
103224,0,train,12.0,1,4.0,1
103225,1,validation,20.0,1,9.0,1
103226,0,validation,18.0,1,7.0,1
103227,0,train,16.0,1,12.0,1
103228,0,validation,12.0,1,3.0,1
103229,0,test,13.0,1,6.0,1
103230,0,train,17.0,1,8.0,1
103231,0,test,19.0,1,3.0,1
103232,0,train,18.0,1,9.0,1
103233,0,validation,11.0,1,2.0,1
103234,0,test,10.0,1,0.0,1
103235,1,train,19.0,1,11.0,1
103236,0,validation,16.0,1,9.0,1
103237,0,train,17.0,1,5.0,1
103239,1,train,20.0,1,15.0,1
103240,0,validation,26.0,1,11.0,1
103241,0,train,9.0,1,5.0,1
103242,0,test,6.0,1,1.0,1
103243,0,train,14.0,1,8.0,1
103244,0,test,9.0,1,1.0,1
103245,0,train,9.0,1,5.0,1
103246,0,test,15.0,1,9.0,1
103247,0,train,15.0,1,10.0,1
103248,0,test,19.0,1,6.0,1
103249,0,train,12.0,1,7.0,1
103250,0,train,,0,11.0,1
103251,0,train,24.0,1,15.0,1
103252,0,train,13.0,1,6.0,1
103253,0,train,15.0,1,9.0,1
103254,0,train,16.0,1,6.0,1
103255,0,validation,15.0,1,4.0,1
103256,1,test,14.0,1,7.0,1
103257,0,train,10.0,1,2.0,1
103258,0,train,17.0,1,8.0,1
103259,0,train,18.0,1,9.0,1
103260,0,validation,9.0,1,11.0,1
103261,0,train,2.0,1,1.0,1
103262,0,train,14.0,1,7.0,1
103263,0,train,11.0,1,2.0,1
103264,0,test,19.0,1,6.0,1
103265,0,test,9.0,1,0.0,1
103266,0,train,15.0,1,5.0,1
103267,0,validation,18.0,1,12.0,1
103268,0,train,6.0,1,0.0,1
103269,0,validation,9.0,1,3.0,1
103270,0,train,15.0,1,5.0,1
103271,0,train,10.0,1,6.0,1
103272,0,validation,14.0,1,5.0,1
103273,0,validation,18.0,1,9.0,1
103274,0,train,14.0,1,7.0,1
103275,0,train,26.0,1,7.0,1
103276,0,train,14.0,1,3.0,1
103277,1,test,16.0,1,12.0,1
103278,1,train,14.0,1,5.0,1
103279,0,train,15.0,1,11.0,1
103280,1,train,15.0,1,10.0,1
103281,0,train,17.0,1,8.0,1
103282,0,train,9.0,1,3.0,1
103283,0,train,15.0,1,6.0,1
103284,0,train,28.0,1,14.0,1
103285,1,train,17.0,1,13.0,1
103286,0,train,6.0,1,1.0,1
103287,0,train,14.0,1,8.0,1
103288,0,validation,12.0,1,2.0,1
103289,0,train,17.0,1,6.0,1
103290,0,validation,17.0,1,8.0,1
103291,0,test,11.0,1,3.0,1
103292,0,train,19.0,1,16.0,1
103293,0,train,14.0,1,7.0,1
103294,0,train,21.0,1,9.0,1
103295,1,validation,24.0,1,8.0,1
103296,0,train,13.0,1,2.0,1
103297,0,train,11.0,1,6.0,1
103298,0,test,8.0,1,3.0,1
103299,0,train,10.0,1,2.0,1
103300,0,train,14.0,1,1.0,1
103301,0,train,16.0,1,8.0,1
103302,0,test,23.0,1,17.0,1
103303,1,train,13.0,1,0.0,1
103304,0,validation,14.0,1,2.0,1
103305,0,train,10.0,1,1.0,1
103306,0,train,9.0,1,0.0,1
103307,0,train,10.0,1,8.0,1
103308,0,train,10.0,1,1.0,1
103309,1,train,23.0,1,18.0,1
103311,0,train,11.0,1,3.0,1
103312,0,train,13.0,1,7.0,1
103313,0,train,14.0,1,6.0,1
103314,0,train,21.0,1,11.0,1
103315,0,train,20.0,1,13.0,1
103317,0,train,16.0,1,9.0,1
103318,0,validation,14.0,1,8.0,1
103319,0,train,10.0,1,3.0,1
103320,0,train,19.0,1,2.0,1
103321,0,train,14.0,1,8.0,1
103322,0,train,16.0,1,3.0,1
103323,0,train,10.0,1,5.0,1
103324,0,validation,20.0,1,12.0,1
103325,0,train,18.0,1,7.0,1
103326,0,train,7.0,1,1.0,1
103327,0,train,27.0,1,12.0,1
103328,0,train,17.0,1,12.0,1
103329,0,train,13.0,1,6.0,1
103330,0,train,12.0,1,1.0,1
103331,1,validation,18.0,1,8.0,1
103332,0,train,9.0,1,2.0,1
103333,1,validation,17.0,1,8.0,1
103334,0,test,11.0,1,3.0,1
103335,1,train,17.0,1,5.0,1
103336,0,validation,21.0,1,7.0,1
103337,1,validation,11.0,1,1.0,1
103338,0,test,19.0,1,6.0,1
103339,0,test,22.0,1,8.0,1
103340,0,test,18.0,1,10.0,1
103341,0,test,16.0,1,9.0,1
103342,0,train,12.0,1,1.0,1
103343,1,validation,20.0,1,7.0,1
103344,1,train,18.0,1,9.0,1
103345,0,train,13.0,1,,0
103346,0,train,9.0,1,6.0,1
103347,0,validation,18.0,1,9.0,1
103348,0,train,6.0,1,2.0,1
103349,0,train,18.0,1,7.0,1
103350,0,validation,20.0,1,9.0,1
103351,0,train,11.0,1,9.0,1
103352,0,train,14.0,1,8.0,1
103353,1,train,14.0,1,8.0,1
103354,0,train,19.0,1,8.0,1
103355,0,train,23.0,1,9.0,1
103356,1,validation,,0,12.0,1
103357,0,train,18.0,1,12.0,1
103358,0,train,20.0,1,14.0,1
103359,0,train,13.0,1,2.0,1
103360,0,validation,18.0,1,8.0,1
103361,1,train,11.0,1,9.0,1
103362,0,train,9.0,1,0.0,1
103363,0,train,15.0,1,10.0,1
103364,0,train,14.0,1,1.0,1
103365,0,train,6.0,1,3.0,1
103366,0,train,10.0,1,1.0,1
103367,0,test,12.0,1,7.0,1
103368,0,train,,0,,0
103369,0,train,,0,5.0,1
103370,0,train,9.0,1,3.0,1
103371,1,train,19.0,1,10.0,1
103372,0,train,9.0,1,4.0,1
103373,1,train,19.0,1,12.0,1
103374,1,train,12.0,1,5.0,1
103376,0,train,19.0,1,8.0,1
103377,0,train,13.0,1,3.0,1
103378,1,train,22.0,1,11.0,1
103379,0,train,11.0,1,2.0,1
103380,0,test,16.0,1,11.0,1
103381,1,test,11.0,1,2.0,1
103382,0,validation,16.0,1,5.0,1
103383,0,train,10.0,1,5.0,1
103384,0,train,20.0,1,6.0,1
103385,0,test,20.0,1,11.0,1
103386,0,train,11.0,1,3.0,1
103388,0,train,16.0,1,5.0,1
103389,0,validation,12.0,1,7.0,1
103390,0,train,11.0,1,3.0,1
103391,0,validation,21.0,1,4.0,1
103392,0,validation,21.0,1,7.0,1
103393,0,test,10.0,1,2.0,1
103394,0,train,8.0,1,7.0,1
103395,0,test,15.0,1,9.0,1
103396,0,train,6.0,1,6.0,1
103397,1,train,23.0,1,7.0,1
103398,0,train,18.0,1,7.0,1
103399,0,test,22.0,1,13.0,1
103400,0,train,12.0,1,2.0,1
103401,0,train,7.0,1,8.0,1
103402,0,train,9.0,1,3.0,1
103403,0,train,19.0,1,11.0,1
103404,0,test,16.0,1,9.0,1
103405,0,train,21.0,1,9.0,1
103406,0,train,10.0,1,2.0,1
103407,0,validation,13.0,1,8.0,1
103408,1,train,23.0,1,14.0,1
103409,0,train,10.0,1,3.0,1
103410,0,train,19.0,1,10.0,1
103411,0,train,10.0,1,8.0,1
103412,0,train,21.0,1,3.0,1
103413,0,train,12.0,1,9.0,1
103414,0,train,14.0,1,5.0,1
103415,0,train,16.0,1,5.0,1
103416,0,train,10.0,1,5.0,1
103417,0,train,5.0,1,3.0,1
103418,0,train,5.0,1,6.0,1
103419,0,train,17.0,1,8.0,1
103420,0,train,13.0,1,5.0,1
103421,0,train,14.0,1,9.0,1
103422,0,test,6.0,1,0.0,1
103423,0,train,9.0,1,5.0,1
103424,0,train,28.0,1,16.0,1
103425,0,validation,12.0,1,6.0,1
103426,0,train,18.0,1,10.0,1
103427,0,train,15.0,1,10.0,1
103428,0,train,16.0,1,5.0,1
103429,0,train,22.0,1,7.0,1
103430,0,train,17.0,1,7.0,1
103431,1,validation,10.0,1,9.0,1
103432,0,test,17.0,1,8.0,1
103433,0,validation,8.0,1,2.0,1
103434,0,train,19.0,1,8.0,1
103435,0,test,18.0,1,10.0,1
103436,1,train,23.0,1,4.0,1
103437,1,train,17.0,1,12.0,1
103438,1,train,25.0,1,6.0,1
103439,0,train,19.0,1,12.0,1
103440,1,train,16.0,1,4.0,1
103441,0,train,7.0,1,3.0,1
103442,0,test,13.0,1,5.0,1
103443,0,test,12.0,1,11.0,1
103444,1,test,13.0,1,4.0,1
103445,0,train,18.0,1,4.0,1
103446,0,train,10.0,1,2.0,1
103447,0,train,14.0,1,1.0,1
103448,0,train,16.0,1,12.0,1
103449,0,train,14.0,1,7.0,1
103450,0,train,17.0,1,5.0,1
103451,1,test,24.0,1,8.0,1
103452,0,test,17.0,1,8.0,1
103453,0,train,17.0,1,18.0,1
103454,0,train,19.0,1,2.0,1
103455,0,train,16.0,1,7.0,1
103456,0,validation,17.0,1,2.0,1
103457,0,train,15.0,1,10.0,1
103458,0,train,22.0,1,13.0,1
103459,1,train,18.0,1,12.0,1
103460,0,train,,0,0.0,1
103461,0,train,28.0,1,9.0,1
103462,0,validation,11.0,1,7.0,1
103463,1,train,30.0,1,18.0,1
103464,0,train,10.0,1,1.0,1
103465,0,train,13.0,1,4.0,1
103466,0,test,21.0,1,10.0,1
103467,0,train,10.0,1,4.0,1
103468,1,train,,0,6.0,1
103469,0,train,22.0,1,12.0,1
103470,0,train,7.0,1,4.0,1
103471,0,train,12.0,1,3.0,1
103472,0,train,15.0,1,7.0,1
103474,0,validation,11.0,1,3.0,1
103475,0,train,14.0,1,9.0,1
103476,0,train,17.0,1,9.0,1
103477,0,train,14.0,1,4.0,1
103478,0,train,8.0,1,4.0,1
103479,0,train,17.0,1,1.0,1
103480,0,train,11.0,1,6.0,1
103481,0,train,9.0,1,2.0,1
103482,1,train,12.0,1,2.0,1
103483,0,train,10.0,1,11.0,1
103484,0,train,11.0,1,6.0,1
103485,0,train,14.0,1,1.0,1
103486,0,train,12.0,1,6.0,1
103487,0,test,18.0,1,10.0,1
103488,0,train,10.0,1,5.0,1
103489,0,test,16.0,1,1.0,1
103490,0,train,7.0,1,4.0,1
103491,0,train,8.0,1,2.0,1
103492,0,train,15.0,1,8.0,1
103493,0,train,20.0,1,7.0,1
103494,0,validation,16.0,1,7.0,1
103495,0,train,12.0,1,3.0,1
103496,1,train,12.0,1,5.0,1
103498,0,train,14.0,1,8.0,1
103499,0,train,19.0,1,9.0,1
103500,0,validation,13.0,1,8.0,1
103501,1,train,13.0,1,4.0,1
103502,0,train,16.0,1,12.0,1
103503,0,train,10.0,1,2.0,1
103504,0,train,21.0,1,7.0,1
103505,0,train,,0,4.0,1
103506,0,train,21.0,1,9.0,1
103507,0,test,18.0,1,16.0,1
103508,0,validation,12.0,1,8.0,1
103509,0,train,28.0,1,7.0,1
103510,0,validation,13.0,1,4.0,1
103511,0,test,12.0,1,4.0,1
103512,0,train,21.0,1,4.0,1
103513,0,train,18.0,1,12.0,1
103514,0,validation,5.0,1,2.0,1
103515,1,train,16.0,1,6.0,1
103516,0,train,18.0,1,15.0,1
103517,0,train,8.0,1,1.0,1
103518,1,train,22.0,1,11.0,1
103519,1,train,14.0,1,5.0,1
103520,0,train,17.0,1,7.0,1
103521,0,train,9.0,1,5.0,1
103522,0,train,19.0,1,14.0,1
103523,0,train,17.0,1,8.0,1
103524,0,train,20.0,1,5.0,1
103525,0,validation,11.0,1,3.0,1
103526,0,train,13.0,1,2.0,1
103527,0,train,14.0,1,6.0,1
103528,0,test,10.0,1,3.0,1
103529,0,train,16.0,1,6.0,1
103530,0,train,16.0,1,7.0,1
103531,0,test,15.0,1,8.0,1
103532,0,validation,17.0,1,12.0,1
103533,0,test,17.0,1,6.0,1
103534,0,test,19.0,1,7.0,1
103535,0,train,20.0,1,9.0,1
103536,0,validation,9.0,1,1.0,1
103537,0,train,15.0,1,6.0,1
103538,0,validation,18.0,1,12.0,1
103539,0,validation,19.0,1,9.0,1
103540,0,train,21.0,1,13.0,1
103541,0,validation,14.0,1,7.0,1
103542,0,train,6.0,1,1.0,1
103543,0,train,15.0,1,7.0,1
103544,0,validation,10.0,1,5.0,1
103545,0,train,23.0,1,15.0,1
103546,0,train,19.0,1,7.0,1
103547,0,test,18.0,1,8.0,1
103548,0,train,14.0,1,6.0,1
103549,0,train,4.0,1,3.0,1
103550,1,test,21.0,1,10.0,1
103551,0,train,14.0,1,3.0,1
103552,1,train,,0,0.0,1
103553,0,train,13.0,1,1.0,1
103554,0,validation,16.0,1,9.0,1
103555,0,train,17.0,1,7.0,1
103556,0,validation,12.0,1,1.0,1
103557,0,train,18.0,1,0.0,1
103558,0,train,19.0,1,6.0,1
103559,0,train,21.0,1,8.0,1
103560,0,train,22.0,1,9.0,1
103561,0,test,23.0,1,14.0,1
103562,0,validation,16.0,1,8.0,1
103563,1,test,24.0,1,16.0,1
103564,1,train,,0,16.0,1
103565,0,train,2.0,1,6.0,1
103566,0,train,13.0,1,11.0,1
103567,0,train,15.0,1,6.0,1
103568,0,validation,19.0,1,9.0,1
103569,0,test,14.0,1,7.0,1
103570,0,train,13.0,1,2.0,1
103571,0,train,9.0,1,3.0,1
103572,0,train,,0,1.0,1
103573,0,train,10.0,1,2.0,1
103574,0,train,5.0,1,1.0,1
103575,0,train,5.0,1,0.0,1
103576,0,train,12.0,1,2.0,1
103577,0,train,18.0,1,11.0,1
103578,0,validation,22.0,1,13.0,1
103579,1,train,,0,9.0,1
103580,0,train,21.0,1,12.0,1
103581,0,train,15.0,1,6.0,1
103582,1,train,17.0,1,5.0,1
103583,1,train,25.0,1,8.0,1
103584,0,validation,22.0,1,11.0,1
103585,0,train,12.0,1,5.0,1
103586,0,train,16.0,1,6.0,1
103587,0,train,9.0,1,8.0,1
103588,0,train,18.0,1,7.0,1
103589,0,train,7.0,1,2.0,1
103590,1,train,18.0,1,6.0,1
103591,0,train,11.0,1,1.0,1
103592,0,train,,0,7.0,1
103593,0,train,14.0,1,13.0,1
103594,0,train,20.0,1,6.0,1
103595,0,train,17.0,1,12.0,1
103596,1,train,29.0,1,17.0,1
103597,0,train,11.0,1,2.0,1
103598,0,test,11.0,1,0.0,1
103599,0,train,18.0,1,11.0,1
103600,0,train,2.0,1,1.0,1
103601,1,validation,16.0,1,8.0,1
103602,0,test,23.0,1,10.0,1
103603,0,train,17.0,1,6.0,1
103604,0,train,7.0,1,1.0,1
103605,0,test,10.0,1,3.0,1
103606,0,train,14.0,1,4.0,1
103607,0,train,11.0,1,3.0,1
103608,1,train,16.0,1,12.0,1
103609,0,train,11.0,1,4.0,1
103610,1,train,20.0,1,15.0,1
103611,1,train,12.0,1,7.0,1
103612,0,test,19.0,1,14.0,1
103613,0,train,20.0,1,5.0,1
103614,0,train,23.0,1,14.0,1
103615,1,train,16.0,1,9.0,1
103616,0,train,12.0,1,4.0,1
103617,0,train,10.0,1,6.0,1
103618,0,train,10.0,1,2.0,1
103619,0,train,19.0,1,9.0,1
103620,0,train,9.0,1,6.0,1
103621,0,train,8.0,1,6.0,1
103622,0,train,13.0,1,9.0,1
103623,0,train,17.0,1,10.0,1
103624,0,train,15.0,1,8.0,1
103625,0,test,12.0,1,2.0,1
103626,0,train,12.0,1,4.0,1
103627,0,train,16.0,1,1.0,1
103628,0,train,21.0,1,10.0,1
103629,1,train,16.0,1,12.0,1
103630,0,test,20.0,1,9.0,1
103631,0,test,16.0,1,9.0,1
103632,0,train,11.0,1,1.0,1
103633,1,validation,23.0,1,16.0,1
103634,0,test,7.0,1,2.0,1
103635,0,validation,14.0,1,16.0,1
103636,0,train,16.0,1,6.0,1
103637,0,train,16.0,1,7.0,1
103638,1,train,11.0,1,4.0,1
103639,0,validation,17.0,1,12.0,1
103640,0,train,10.0,1,1.0,1
103641,0,test,15.0,1,14.0,1
103642,0,train,20.0,1,6.0,1
103643,0,train,22.0,1,9.0,1
103644,0,train,14.0,1,6.0,1
103645,0,train,22.0,1,12.0,1
103646,0,train,15.0,1,9.0,1
103647,0,test,14.0,1,3.0,1
103648,0,validation,17.0,1,5.0,1
103649,0,test,13.0,1,2.0,1
103650,0,validation,11.0,1,0.0,1
103651,0,train,12.0,1,6.0,1
103652,0,train,13.0,1,9.0,1
103654,0,train,21.0,1,4.0,1
103655,1,train,13.0,1,4.0,1
103656,0,train,21.0,1,8.0,1
103657,0,train,16.0,1,7.0,1
103658,0,train,20.0,1,11.0,1
103659,0,train,14.0,1,9.0,1
103660,0,train,12.0,1,,0
103661,0,train,8.0,1,0.0,1
103662,0,validation,19.0,1,8.0,1
103663,1,train,19.0,1,11.0,1
103664,0,train,14.0,1,8.0,1
103665,1,train,15.0,1,2.0,1
103666,1,train,26.0,1,12.0,1
103667,0,train,20.0,1,8.0,1
103668,0,train,14.0,1,9.0,1
103669,0,train,7.0,1,1.0,1
103670,0,train,7.0,1,1.0,1
103671,0,train,14.0,1,9.0,1
103672,0,train,15.0,1,5.0,1
103673,0,test,22.0,1,8.0,1
103674,0,test,21.0,1,13.0,1
103675,0,validation,19.0,1,8.0,1
103676,0,validation,17.0,1,3.0,1
103677,0,train,14.0,1,2.0,1
103678,0,test,7.0,1,1.0,1
103679,0,validation,16.0,1,2.0,1
103680,1,train,13.0,1,5.0,1
103681,0,train,20.0,1,8.0,1
103682,0,train,12.0,1,,0
103683,0,test,8.0,1,3.0,1
103684,0,train,9.0,1,2.0,1
103685,1,test,22.0,1,14.0,1
103686,0,train,4.0,1,0.0,1
103687,1,train,8.0,1,1.0,1
103688,0,train,19.0,1,3.0,1
103689,1,train,18.0,1,4.0,1
103690,0,train,10.0,1,1.0,1
103691,1,test,,0,,0
103693,1,train,17.0,1,11.0,1
103694,0,train,20.0,1,10.0,1
103695,0,train,14.0,1,8.0,1
103696,0,validation,18.0,1,10.0,1
103697,0,validation,19.0,1,8.0,1
103698,1,train,26.0,1,11.0,1
103699,0,validation,12.0,1,1.0,1
103700,0,test,19.0,1,10.0,1
103701,0,train,12.0,1,2.0,1
103702,0,train,10.0,1,6.0,1
103703,0,train,16.0,1,8.0,1
103704,0,train,13.0,1,2.0,1
103705,0,train,10.0,1,5.0,1
103706,0,train,12.0,1,2.0,1
103707,0,train,11.0,1,1.0,1
103708,0,train,18.0,1,9.0,1
103709,1,train,14.0,1,8.0,1
103710,0,test,11.0,1,6.0,1
103711,0,train,8.0,1,3.0,1
103712,0,test,,0,,0
103713,0,train,27.0,1,10.0,1
103714,1,validation,27.0,1,15.0,1
103715,1,train,19.0,1,8.0,1
103716,1,train,20.0,1,14.0,1
103717,0,train,19.0,1,7.0,1
103718,0,train,7.0,1,1.0,1
103719,0,train,9.0,1,4.0,1
103720,0,train,23.0,1,12.0,1
103721,1,train,20.0,1,16.0,1
103722,1,train,11.0,1,6.0,1
103723,0,test,,0,5.0,1
103724,0,train,9.0,1,5.0,1
103725,0,train,18.0,1,7.0,1
103726,0,train,19.0,1,6.0,1
103727,0,test,11.0,1,2.0,1
103728,0,train,10.0,1,3.0,1
103729,0,train,17.0,1,8.0,1
103730,1,validation,20.0,1,7.0,1
103731,0,train,17.0,1,8.0,1
103732,0,train,11.0,1,7.0,1
103733,0,train,11.0,1,5.0,1
103734,0,train,20.0,1,9.0,1
103735,0,test,9.0,1,9.0,1
103736,0,train,15.0,1,9.0,1
103737,0,test,14.0,1,8.0,1
103738,1,test,10.0,1,9.0,1
103739,0,train,10.0,1,4.0,1
103740,0,train,23.0,1,11.0,1
103741,0,validation,18.0,1,6.0,1
103742,0,train,14.0,1,5.0,1
103743,1,train,20.0,1,6.0,1
103744,0,train,9.0,1,9.0,1
103745,0,test,18.0,1,9.0,1
103746,0,validation,18.0,1,8.0,1
103747,0,train,9.0,1,2.0,1
103748,0,test,12.0,1,6.0,1
103749,0,test,16.0,1,10.0,1
103750,1,test,15.0,1,8.0,1
103751,0,validation,18.0,1,12.0,1
103752,0,train,,0,4.0,1
103753,0,train,3.0,1,2.0,1
103754,0,train,9.0,1,0.0,1
103755,0,validation,10.0,1,1.0,1
103756,0,test,14.0,1,0.0,1
103757,0,test,17.0,1,11.0,1
103758,0,train,11.0,1,3.0,1
103759,0,train,24.0,1,6.0,1
103760,0,train,14.0,1,8.0,1
103761,1,train,12.0,1,5.0,1
103762,0,train,23.0,1,8.0,1
103763,0,test,15.0,1,,0
103764,0,train,9.0,1,3.0,1
103765,0,train,6.0,1,1.0,1
103766,0,test,18.0,1,7.0,1
103767,0,train,14.0,1,2.0,1
103768,0,train,11.0,1,4.0,1
103769,0,test,12.0,1,2.0,1
103770,0,validation,12.0,1,9.0,1
103771,0,train,20.0,1,11.0,1
103772,0,train,14.0,1,4.0,1
103773,0,train,19.0,1,4.0,1
103774,1,train,24.0,1,14.0,1
103775,0,train,19.0,1,9.0,1
103776,0,validation,17.0,1,6.0,1
103777,0,train,20.0,1,11.0,1
103778,0,train,5.0,1,1.0,1
103779,0,train,20.0,1,7.0,1
103780,0,test,15.0,1,6.0,1
103782,0,train,17.0,1,5.0,1
103783,0,train,21.0,1,15.0,1
103784,0,train,,0,,0
103785,0,train,12.0,1,3.0,1
103786,0,train,,0,2.0,1
103787,0,train,15.0,1,2.0,1
103788,0,train,8.0,1,2.0,1
103789,1,train,18.0,1,15.0,1
103790,0,train,15.0,1,6.0,1
103791,0,test,20.0,1,10.0,1
103792,1,train,,0,3.0,1
103793,0,train,16.0,1,10.0,1
103794,0,train,12.0,1,1.0,1
103795,0,train,19.0,1,9.0,1
103796,0,train,14.0,1,7.0,1
103797,0,train,18.0,1,14.0,1
103798,0,test,19.0,1,9.0,1
103799,1,test,9.0,1,1.0,1
103800,0,test,5.0,1,,0
103801,0,validation,20.0,1,7.0,1
103802,0,train,16.0,1,9.0,1
103803,0,train,15.0,1,10.0,1
103804,0,test,10.0,1,8.0,1
103805,0,test,12.0,1,9.0,1
103806,0,train,,0,5.0,1
103807,0,train,16.0,1,8.0,1
103808,0,train,,0,0.0,1
103809,1,train,19.0,1,12.0,1
103810,0,validation,13.0,1,3.0,1
103812,0,train,13.0,1,5.0,1
103813,0,test,14.0,1,6.0,1
103814,0,test,18.0,1,13.0,1
103815,0,train,13.0,1,4.0,1
103816,0,train,13.0,1,8.0,1
103817,0,train,18.0,1,7.0,1
103818,0,test,22.0,1,9.0,1
103819,0,train,14.0,1,1.0,1
103820,0,train,12.0,1,2.0,1
103821,1,validation,24.0,1,9.0,1
103822,0,validation,,0,8.0,1
103823,0,test,14.0,1,11.0,1
103824,0,test,15.0,1,7.0,1
103825,0,test,9.0,1,10.0,1
103826,0,train,16.0,1,9.0,1
103827,1,train,24.0,1,9.0,1
103829,0,test,8.0,1,2.0,1
103830,0,train,9.0,1,1.0,1
103831,0,train,11.0,1,9.0,1
103832,0,train,,0,4.0,1
103833,0,train,11.0,1,1.0,1
103834,0,train,16.0,1,8.0,1
103835,0,test,18.0,1,8.0,1
103836,1,test,17.0,1,4.0,1
103837,0,train,15.0,1,3.0,1
103839,0,train,10.0,1,7.0,1
103840,0,test,13.0,1,5.0,1
103841,1,train,15.0,1,4.0,1
103842,0,validation,10.0,1,2.0,1
103843,0,train,12.0,1,1.0,1
103844,0,train,15.0,1,3.0,1
103845,0,test,18.0,1,7.0,1
103847,0,train,13.0,1,2.0,1
103848,0,train,10.0,1,2.0,1
103849,1,train,,0,4.0,1
103850,1,train,17.0,1,8.0,1
103851,0,train,15.0,1,7.0,1
103852,0,train,11.0,1,2.0,1
103853,0,train,,0,0.0,1
103854,1,validation,22.0,1,13.0,1
103855,0,train,21.0,1,9.0,1
103856,0,train,17.0,1,5.0,1
103857,0,train,10.0,1,5.0,1
103858,0,test,25.0,1,8.0,1
103859,0,test,12.0,1,4.0,1
103860,1,train,24.0,1,20.0,1
103861,0,train,11.0,1,2.0,1
103862,0,train,18.0,1,7.0,1
103863,0,validation,14.0,1,9.0,1
103864,1,test,13.0,1,3.0,1
103865,0,validation,,0,4.0,1
103866,0,train,10.0,1,1.0,1
103867,0,train,10.0,1,4.0,1
103868,0,train,18.0,1,22.0,1
103869,0,train,18.0,1,10.0,1
103870,0,train,,0,14.0,1
103871,0,test,23.0,1,15.0,1
103872,0,train,14.0,1,2.0,1
103873,1,train,20.0,1,3.0,1
103874,0,train,19.0,1,8.0,1
103875,0,validation,27.0,1,10.0,1
103876,0,train,15.0,1,10.0,1
103877,0,train,21.0,1,12.0,1
103878,1,train,21.0,1,13.0,1
103879,0,train,5.0,1,2.0,1
103880,0,train,10.0,1,3.0,1
103881,0,train,16.0,1,8.0,1
103882,0,train,20.0,1,8.0,1
103883,0,train,6.0,1,1.0,1
103884,1,train,16.0,1,6.0,1
103885,0,test,12.0,1,5.0,1
103886,0,train,13.0,1,5.0,1
103887,0,train,17.0,1,8.0,1
103888,0,test,10.0,1,2.0,1
103890,1,train,12.0,1,8.0,1
103891,0,validation,20.0,1,11.0,1
103892,0,train,14.0,1,6.0,1
103893,0,train,19.0,1,8.0,1
103894,1,train,14.0,1,7.0,1
103895,0,train,13.0,1,4.0,1
103896,0,train,23.0,1,8.0,1
103897,0,train,12.0,1,4.0,1
103898,0,test,20.0,1,9.0,1
103899,0,train,7.0,1,4.0,1
103900,0,train,19.0,1,13.0,1
103901,0,train,24.0,1,7.0,1
103902,0,train,21.0,1,10.0,1
103903,0,train,13.0,1,5.0,1
103904,0,train,17.0,1,6.0,1
103905,0,train,21.0,1,6.0,1
103906,0,train,15.0,1,6.0,1
103907,0,validation,12.0,1,7.0,1
103908,1,train,21.0,1,15.0,1
103909,0,train,11.0,1,6.0,1
103910,1,train,19.0,1,14.0,1
103911,0,train,12.0,1,2.0,1
103912,0,test,10.0,1,4.0,1
103913,0,validation,14.0,1,5.0,1
103914,0,test,17.0,1,10.0,1
103915,0,train,7.0,1,0.0,1
103916,0,train,20.0,1,14.0,1
103917,0,validation,10.0,1,3.0,1
103918,0,test,16.0,1,3.0,1
103919,0,test,16.0,1,10.0,1
103920,0,train,9.0,1,12.0,1
103921,0,train,14.0,1,0.0,1
103922,0,train,20.0,1,5.0,1
103923,0,test,16.0,1,,0
103924,1,train,16.0,1,3.0,1
103925,0,validation,15.0,1,7.0,1
103926,0,validation,7.0,1,4.0,1
103927,0,train,6.0,1,1.0,1
103928,0,train,22.0,1,11.0,1
103929,1,train,19.0,1,6.0,1
103930,1,train,,0,8.0,1
103931,0,validation,6.0,1,2.0,1
103932,0,validation,16.0,1,12.0,1
103933,0,train,14.0,1,1.0,1
103934,0,train,,0,6.0,1
103935,1,test,20.0,1,14.0,1
103936,0,train,,0,4.0,1
103937,0,train,11.0,1,5.0,1
103938,0,validation,17.0,1,8.0,1
103939,0,train,13.0,1,2.0,1
103940,0,train,20.0,1,10.0,1
103941,0,train,12.0,1,12.0,1
103942,0,train,17.0,1,4.0,1
103943,0,train,10.0,1,3.0,1
103944,0,train,7.0,1,1.0,1
103945,1,train,16.0,1,5.0,1
103946,0,validation,16.0,1,10.0,1
103947,0,test,16.0,1,8.0,1
103948,0,train,15.0,1,9.0,1
103949,0,train,9.0,1,1.0,1
103950,0,validation,12.0,1,8.0,1
103951,0,train,4.0,1,0.0,1
103953,0,train,11.0,1,4.0,1
103954,1,train,14.0,1,7.0,1
103955,1,train,16.0,1,6.0,1
103956,0,train,21.0,1,11.0,1
103957,0,train,9.0,1,,0
103958,1,train,13.0,1,8.0,1
103959,0,train,11.0,1,7.0,1
103960,1,test,19.0,1,8.0,1
103961,0,train,22.0,1,10.0,1
103962,0,train,15.0,1,3.0,1
103963,0,train,18.0,1,5.0,1
103964,0,train,13.0,1,5.0,1
103965,1,test,21.0,1,9.0,1
103966,1,validation,22.0,1,9.0,1
103967,0,test,18.0,1,6.0,1
103968,0,validation,15.0,1,2.0,1
103969,0,train,12.0,1,3.0,1
103972,0,validation,9.0,1,3.0,1
103973,0,test,24.0,1,12.0,1
103974,0,train,13.0,1,6.0,1
103975,0,train,9.0,1,2.0,1
103976,0,train,14.0,1,1.0,1
103977,0,train,17.0,1,6.0,1
103978,0,train,7.0,1,,0
103979,0,train,6.0,1,1.0,1
103980,0,train,24.0,1,10.0,1
103981,0,train,19.0,1,9.0,1
103982,0,validation,14.0,1,10.0,1
103983,0,train,21.0,1,10.0,1
103984,0,train,14.0,1,8.0,1
103985,0,train,4.0,1,1.0,1
103986,0,validation,9.0,1,2.0,1
103987,0,test,25.0,1,17.0,1
103988,0,train,12.0,1,1.0,1
103989,0,train,15.0,1,4.0,1
103990,0,train,17.0,1,9.0,1
103991,0,validation,,0,1.0,1
103992,1,train,22.0,1,10.0,1
103993,0,train,8.0,1,1.0,1
103994,0,train,11.0,1,4.0,1
103995,0,train,20.0,1,10.0,1
103996,0,test,12.0,1,7.0,1
103997,0,train,14.0,1,9.0,1
103998,0,validation,20.0,1,12.0,1
103999,0,train,13.0,1,5.0,1
104000,0,train,7.0,1,1.0,1
104001,0,train,13.0,1,1.0,1
104002,0,train,11.0,1,1.0,1
104003,0,train,19.0,1,8.0,1
104004,0,train,18.0,1,,0
104005,0,train,22.0,1,10.0,1
104006,0,train,16.0,1,7.0,1
104007,1,train,23.0,1,4.0,1
104008,0,train,25.0,1,13.0,1
104009,0,train,17.0,1,6.0,1
104010,0,train,15.0,1,8.0,1
104011,0,train,21.0,1,6.0,1
104012,0,train,20.0,1,6.0,1
104013,0,test,10.0,1,8.0,1
104014,0,train,18.0,1,8.0,1
104015,0,train,14.0,1,7.0,1
104016,0,train,9.0,1,6.0,1
104017,0,train,24.0,1,10.0,1
104018,0,train,15.0,1,2.0,1
104019,0,train,2.0,1,0.0,1
104020,0,train,13.0,1,7.0,1
104021,0,train,17.0,1,13.0,1
104022,0,train,17.0,1,9.0,1
104023,0,train,11.0,1,0.0,1
104024,0,train,5.0,1,6.0,1
104025,0,validation,18.0,1,9.0,1
104026,0,train,17.0,1,9.0,1
104027,1,validation,14.0,1,4.0,1
104028,0,train,8.0,1,7.0,1
104029,1,validation,15.0,1,7.0,1
104030,0,test,18.0,1,10.0,1
104031,1,test,16.0,1,3.0,1
104032,0,train,22.0,1,13.0,1
104033,0,train,12.0,1,7.0,1
104034,0,train,10.0,1,1.0,1
104035,1,train,15.0,1,7.0,1
104036,0,train,12.0,1,5.0,1
104037,0,train,,0,,0
104038,0,train,11.0,1,3.0,1
104039,0,train,19.0,1,5.0,1
104040,1,train,16.0,1,5.0,1
104041,0,train,16.0,1,6.0,1
104042,0,test,12.0,1,8.0,1
104043,0,train,21.0,1,5.0,1
104044,0,test,17.0,1,9.0,1
104045,0,train,15.0,1,5.0,1
104046,0,train,7.0,1,2.0,1
104047,0,train,12.0,1,6.0,1
104048,0,train,17.0,1,8.0,1
104049,0,train,9.0,1,1.0,1
104050,0,train,19.0,1,11.0,1
104051,0,train,6.0,1,1.0,1
104052,0,validation,13.0,1,5.0,1
104053,0,train,10.0,1,3.0,1
104054,0,test,17.0,1,6.0,1
104055,0,test,20.0,1,5.0,1
104056,0,train,19.0,1,13.0,1
104057,0,train,19.0,1,15.0,1
104058,0,train,5.0,1,1.0,1
104059,0,train,11.0,1,4.0,1
104060,0,train,7.0,1,1.0,1
104061,0,train,13.0,1,9.0,1
104062,1,test,11.0,1,12.0,1
104063,0,train,19.0,1,11.0,1
104064,1,test,17.0,1,5.0,1
104065,0,train,5.0,1,1.0,1
104066,0,train,10.0,1,2.0,1
104067,0,train,21.0,1,9.0,1
104068,0,train,13.0,1,7.0,1
104069,1,validation,10.0,1,2.0,1
104070,0,train,12.0,1,3.0,1
104071,0,train,11.0,1,1.0,1
104072,0,validation,6.0,1,3.0,1
104073,0,validation,21.0,1,12.0,1
104074,0,train,11.0,1,2.0,1
104075,0,train,13.0,1,3.0,1
104076,0,validation,13.0,1,6.0,1
104077,0,test,10.0,1,1.0,1
104078,0,train,17.0,1,8.0,1
104079,1,train,29.0,1,15.0,1
104080,0,train,20.0,1,9.0,1
104081,1,train,16.0,1,4.0,1
104082,0,train,9.0,1,3.0,1
104083,0,test,9.0,1,0.0,1
104084,0,validation,18.0,1,4.0,1
104085,0,test,7.0,1,2.0,1
104086,0,train,8.0,1,0.0,1
104087,0,train,16.0,1,6.0,1
104088,0,train,10.0,1,3.0,1
104089,0,validation,9.0,1,2.0,1
104090,0,validation,17.0,1,6.0,1
104091,1,validation,,0,,0
104092,0,train,15.0,1,5.0,1
104093,0,test,12.0,1,0.0,1
104094,0,train,8.0,1,3.0,1
104095,1,train,,0,4.0,1
104096,0,validation,26.0,1,12.0,1
104097,0,train,21.0,1,13.0,1
104098,0,train,10.0,1,7.0,1
104099,0,validation,17.0,1,8.0,1
104100,0,train,17.0,1,4.0,1
104101,0,train,7.0,1,7.0,1
104102,0,train,18.0,1,8.0,1
104103,1,train,24.0,1,16.0,1
104104,0,train,6.0,1,1.0,1
104106,0,train,16.0,1,6.0,1
104107,0,train,10.0,1,,0
104108,1,train,22.0,1,15.0,1
104109,0,train,16.0,1,7.0,1
104110,0,validation,15.0,1,2.0,1
104111,1,test,13.0,1,,0
104112,0,train,11.0,1,2.0,1
104113,0,validation,19.0,1,6.0,1
104114,0,train,16.0,1,7.0,1
104115,0,train,18.0,1,10.0,1
104116,0,train,22.0,1,14.0,1
104117,0,train,10.0,1,3.0,1
104118,0,train,9.0,1,1.0,1
104119,0,train,6.0,1,2.0,1
104120,1,train,19.0,1,8.0,1
104121,0,train,11.0,1,7.0,1
104122,0,train,15.0,1,10.0,1
104123,0,validation,17.0,1,9.0,1
104124,0,train,6.0,1,7.0,1
104125,1,test,15.0,1,14.0,1
104126,0,train,19.0,1,7.0,1
104127,0,train,15.0,1,1.0,1
104128,0,test,18.0,1,,0
104129,0,train,12.0,1,1.0,1
104130,0,train,19.0,1,12.0,1
104131,0,train,27.0,1,10.0,1
104132,0,validation,6.0,1,,0
104133,0,train,8.0,1,1.0,1
104134,0,validation,11.0,1,1.0,1
104135,1,train,18.0,1,10.0,1
104136,0,test,19.0,1,10.0,1
104137,0,train,15.0,1,6.0,1
104138,0,train,10.0,1,1.0,1
104139,0,test,9.0,1,6.0,1
104140,0,train,14.0,1,7.0,1
104141,0,train,22.0,1,10.0,1
104142,0,test,18.0,1,12.0,1
104143,0,train,19.0,1,13.0,1
104144,0,train,25.0,1,7.0,1
104145,0,train,8.0,1,2.0,1
104146,0,train,17.0,1,5.0,1
104147,0,train,19.0,1,14.0,1
104148,0,train,16.0,1,5.0,1
104149,0,train,12.0,1,10.0,1
104150,0,train,21.0,1,11.0,1
104151,0,train,16.0,1,6.0,1
104152,1,train,17.0,1,5.0,1
104154,0,validation,19.0,1,7.0,1
104155,0,train,19.0,1,9.0,1
104156,0,train,13.0,1,8.0,1
104157,0,train,7.0,1,4.0,1
104158,0,train,22.0,1,9.0,1
104159,0,train,10.0,1,6.0,1
104160,1,test,14.0,1,7.0,1
104161,0,train,11.0,1,2.0,1
104162,0,train,10.0,1,2.0,1
104163,0,train,15.0,1,7.0,1
104164,1,train,16.0,1,16.0,1
104165,0,train,8.0,1,9.0,1
104166,0,train,5.0,1,1.0,1
104167,0,train,16.0,1,8.0,1
104168,1,train,29.0,1,15.0,1
104169,0,train,10.0,1,1.0,1
104170,0,test,8.0,1,2.0,1
104171,1,validation,9.0,1,3.0,1
104172,0,test,7.0,1,2.0,1
104173,0,train,18.0,1,10.0,1
104174,0,train,12.0,1,4.0,1
104175,0,validation,16.0,1,7.0,1
104176,0,test,13.0,1,11.0,1
104177,0,train,17.0,1,5.0,1
104178,0,train,14.0,1,3.0,1
104179,0,train,14.0,1,5.0,1
104180,0,test,10.0,1,7.0,1
104181,0,train,9.0,1,1.0,1
104182,0,train,7.0,1,3.0,1
104183,0,train,21.0,1,9.0,1
104184,0,test,7.0,1,1.0,1
104185,0,train,20.0,1,12.0,1
104186,0,train,6.0,1,1.0,1
104187,0,train,14.0,1,8.0,1
104188,0,train,9.0,1,1.0,1
104189,0,train,22.0,1,12.0,1
104190,0,train,15.0,1,11.0,1
104192,0,validation,14.0,1,13.0,1
104193,0,train,22.0,1,8.0,1
104194,0,validation,8.0,1,1.0,1
104195,0,test,15.0,1,1.0,1
104196,1,validation,22.0,1,14.0,1
104197,0,test,11.0,1,7.0,1
104198,0,train,14.0,1,12.0,1
104199,0,train,6.0,1,1.0,1
104200,0,train,8.0,1,9.0,1
104201,0,validation,15.0,1,6.0,1
104202,0,train,9.0,1,1.0,1
104203,0,train,8.0,1,5.0,1
104204,0,train,8.0,1,2.0,1
104205,1,train,21.0,1,12.0,1
104206,0,validation,13.0,1,4.0,1
104207,0,train,12.0,1,5.0,1
104208,0,test,24.0,1,7.0,1
104209,0,train,14.0,1,1.0,1
104210,1,train,15.0,1,5.0,1
104211,0,train,11.0,1,4.0,1
104212,0,train,22.0,1,11.0,1
104213,0,test,19.0,1,12.0,1
104214,0,train,17.0,1,4.0,1
104215,0,train,11.0,1,6.0,1
104216,0,train,11.0,1,,0
104217,1,validation,20.0,1,7.0,1
104218,0,train,9.0,1,1.0,1
104219,0,train,6.0,1,3.0,1
104220,1,train,22.0,1,8.0,1
104221,0,train,13.0,1,7.0,1
104222,0,train,11.0,1,7.0,1
104223,0,test,18.0,1,11.0,1
104224,0,train,18.0,1,12.0,1
104225,0,train,16.0,1,14.0,1
104226,0,test,10.0,1,2.0,1
104227,0,train,13.0,1,8.0,1
104228,0,train,15.0,1,5.0,1
104229,0,train,12.0,1,3.0,1
104230,1,train,16.0,1,14.0,1
104231,0,train,9.0,1,3.0,1
104232,0,train,9.0,1,1.0,1
104233,0,train,19.0,1,11.0,1
104234,0,train,15.0,1,9.0,1
104236,1,train,18.0,1,3.0,1
104237,1,train,15.0,1,1.0,1
104238,0,train,21.0,1,9.0,1
104239,0,train,15.0,1,10.0,1
104240,0,test,21.0,1,7.0,1
104241,0,test,18.0,1,7.0,1
104242,1,train,,0,7.0,1
104243,1,train,13.0,1,11.0,1
104244,0,train,14.0,1,3.0,1
104245,0,validation,8.0,1,1.0,1
104246,1,test,12.0,1,2.0,1
104247,0,train,12.0,1,9.0,1
104248,1,validation,20.0,1,8.0,1
104249,0,validation,20.0,1,15.0,1
104250,0,train,21.0,1,5.0,1
104251,0,train,10.0,1,2.0,1
104252,1,train,24.0,1,6.0,1
104253,0,train,14.0,1,7.0,1
104254,0,train,17.0,1,8.0,1
104255,0,test,14.0,1,7.0,1
104256,0,train,5.0,1,2.0,1
104257,0,train,14.0,1,11.0,1
104259,0,train,15.0,1,8.0,1
104260,0,train,15.0,1,13.0,1
104261,0,train,13.0,1,7.0,1
104262,0,test,21.0,1,,0
104263,0,test,16.0,1,11.0,1
104264,0,train,22.0,1,12.0,1
104265,0,train,20.0,1,13.0,1
104266,0,test,11.0,1,1.0,1
104267,0,train,28.0,1,,0
104268,0,validation,17.0,1,8.0,1
104269,0,train,15.0,1,8.0,1
104271,0,train,16.0,1,9.0,1
104272,0,train,15.0,1,8.0,1
104273,1,train,20.0,1,10.0,1
104274,0,train,22.0,1,9.0,1
104275,0,test,20.0,1,8.0,1
104276,0,test,9.0,1,3.0,1
104277,0,train,15.0,1,9.0,1
104278,0,train,12.0,1,5.0,1
104279,0,test,6.0,1,1.0,1
104280,0,validation,11.0,1,1.0,1
104281,0,train,19.0,1,8.0,1
104282,0,test,,0,2.0,1
104283,0,train,8.0,1,2.0,1
104284,1,train,11.0,1,8.0,1
104285,0,train,10.0,1,4.0,1
104286,0,train,16.0,1,7.0,1
104287,1,test,20.0,1,9.0,1
104288,0,train,,0,1.0,1
104289,1,train,29.0,1,10.0,1
104290,1,train,22.0,1,15.0,1
104291,1,train,12.0,1,9.0,1
104292,0,train,21.0,1,9.0,1
104293,0,train,4.0,1,1.0,1
104294,0,train,13.0,1,1.0,1
104295,0,validation,16.0,1,10.0,1
104296,0,train,13.0,1,7.0,1
104297,0,train,11.0,1,4.0,1
104298,0,test,10.0,1,6.0,1
104299,0,train,,0,0.0,1
104300,0,train,22.0,1,10.0,1
104301,0,train,24.0,1,18.0,1
104302,0,train,14.0,1,9.0,1
104303,0,train,21.0,1,13.0,1
104304,0,train,12.0,1,3.0,1
104305,0,train,14.0,1,2.0,1
104306,0,train,,0,,0
104307,0,train,21.0,1,12.0,1
104308,0,train,15.0,1,10.0,1
104309,0,train,27.0,1,12.0,1
104310,0,train,5.0,1,2.0,1
104311,1,train,20.0,1,6.0,1
104312,0,test,20.0,1,9.0,1
104313,0,train,10.0,1,6.0,1
104314,0,train,12.0,1,9.0,1
104315,0,train,22.0,1,2.0,1
104316,0,train,6.0,1,0.0,1
104317,0,train,21.0,1,11.0,1
104318,1,validation,16.0,1,6.0,1
104319,0,train,20.0,1,13.0,1
104320,0,train,16.0,1,9.0,1
104321,1,train,21.0,1,11.0,1
104322,1,train,9.0,1,6.0,1
104323,0,validation,11.0,1,3.0,1
104324,0,test,2.0,1,0.0,1
104325,1,train,25.0,1,14.0,1
104326,0,test,15.0,1,1.0,1
104327,0,train,14.0,1,6.0,1
104328,0,validation,6.0,1,0.0,1
104329,0,train,15.0,1,3.0,1
104330,0,train,20.0,1,7.0,1
104331,1,test,18.0,1,11.0,1
104332,0,test,15.0,1,5.0,1
104333,1,train,,0,5.0,1
104334,0,train,17.0,1,6.0,1
104335,0,train,13.0,1,8.0,1
104336,0,test,14.0,1,4.0,1
104337,0,validation,14.0,1,10.0,1
104338,0,train,23.0,1,7.0,1
104339,0,train,21.0,1,14.0,1
104340,0,train,20.0,1,8.0,1
104341,0,train,8.0,1,3.0,1
104342,0,validation,15.0,1,8.0,1
104343,0,train,,0,7.0,1
104344,0,train,17.0,1,11.0,1
104345,0,train,8.0,1,2.0,1
104346,0,validation,23.0,1,13.0,1
104347,0,train,13.0,1,6.0,1
104348,0,validation,20.0,1,10.0,1
104349,0,test,15.0,1,6.0,1
104350,1,test,16.0,1,8.0,1
104351,0,train,19.0,1,10.0,1
104352,0,train,9.0,1,6.0,1
104353,0,train,10.0,1,6.0,1
104354,0,test,11.0,1,2.0,1
104355,1,train,21.0,1,10.0,1
104356,0,train,18.0,1,5.0,1
104357,0,test,17.0,1,10.0,1
104358,0,validation,9.0,1,1.0,1
104359,0,test,19.0,1,11.0,1
104360,0,validation,18.0,1,7.0,1
104361,0,train,10.0,1,2.0,1
104362,0,train,13.0,1,4.0,1
104363,0,validation,20.0,1,9.0,1
104364,0,train,14.0,1,3.0,1
104365,0,train,8.0,1,6.0,1
104366,1,validation,15.0,1,9.0,1
104367,0,train,14.0,1,5.0,1
104368,1,train,12.0,1,3.0,1
104369,0,validation,20.0,1,7.0,1
104370,0,train,17.0,1,7.0,1
104371,0,validation,17.0,1,4.0,1
104372,0,validation,7.0,1,4.0,1
104373,1,train,21.0,1,,0
104374,0,train,12.0,1,10.0,1
104375,0,train,12.0,1,7.0,1
104376,0,train,17.0,1,10.0,1
104377,0,train,11.0,1,4.0,1
104378,0,train,22.0,1,8.0,1
104379,1,train,20.0,1,10.0,1
104380,1,train,16.0,1,9.0,1
104381,0,train,13.0,1,7.0,1
104382,1,test,15.0,1,9.0,1
104383,0,train,21.0,1,13.0,1
104384,0,train,11.0,1,5.0,1
104385,0,train,21.0,1,14.0,1
104386,0,train,13.0,1,2.0,1
104387,0,train,10.0,1,5.0,1
104389,0,test,6.0,1,2.0,1
104390,0,validation,11.0,1,2.0,1
104391,1,train,20.0,1,10.0,1
104392,1,test,17.0,1,10.0,1
104393,1,train,15.0,1,5.0,1
104394,1,test,13.0,1,5.0,1
104395,0,train,18.0,1,4.0,1
104396,0,train,11.0,1,5.0,1
104397,1,test,17.0,1,9.0,1
104398,0,test,14.0,1,5.0,1
104399,0,train,14.0,1,11.0,1
104400,0,train,,0,,0
104401,0,validation,18.0,1,7.0,1
104402,0,train,6.0,1,3.0,1
104403,0,train,16.0,1,10.0,1
104404,0,train,15.0,1,7.0,1
104405,0,train,8.0,1,0.0,1
104406,0,train,17.0,1,8.0,1
104407,0,validation,20.0,1,13.0,1
104408,0,train,19.0,1,5.0,1
104409,0,train,12.0,1,6.0,1
104410,0,train,14.0,1,8.0,1
104411,0,test,27.0,1,15.0,1
104412,0,train,16.0,1,2.0,1
104413,1,validation,18.0,1,5.0,1
104414,1,train,20.0,1,16.0,1
104415,0,train,13.0,1,6.0,1
104416,1,test,16.0,1,6.0,1
104417,0,test,15.0,1,8.0,1
104418,0,validation,14.0,1,15.0,1
104419,0,train,11.0,1,5.0,1
104420,0,train,15.0,1,8.0,1
104421,0,train,22.0,1,14.0,1
104422,0,train,22.0,1,10.0,1
104423,0,validation,24.0,1,11.0,1
104424,0,train,5.0,1,1.0,1
104425,1,train,9.0,1,4.0,1
104426,0,train,12.0,1,4.0,1
104427,1,test,13.0,1,7.0,1
104428,0,train,11.0,1,1.0,1
104429,0,train,19.0,1,7.0,1
104430,0,train,5.0,1,0.0,1
104431,0,validation,16.0,1,7.0,1
104432,0,train,9.0,1,6.0,1
104433,0,validation,12.0,1,4.0,1
104434,1,test,26.0,1,20.0,1
104435,0,test,18.0,1,5.0,1
104436,0,train,11.0,1,1.0,1
104437,0,train,11.0,1,4.0,1
104438,0,train,10.0,1,9.0,1
104439,0,train,12.0,1,2.0,1
104440,0,train,12.0,1,6.0,1
104441,0,test,21.0,1,12.0,1
104442,0,train,22.0,1,9.0,1
104444,0,train,16.0,1,7.0,1
104445,0,train,23.0,1,,0
104446,0,train,10.0,1,4.0,1
104447,0,train,16.0,1,7.0,1
104448,1,train,26.0,1,20.0,1
104449,0,train,14.0,1,5.0,1
104450,0,train,17.0,1,8.0,1
104451,0,validation,18.0,1,14.0,1
104452,1,test,23.0,1,16.0,1
104453,0,validation,15.0,1,6.0,1
104454,0,train,27.0,1,12.0,1
104455,0,train,,0,11.0,1
104456,0,validation,16.0,1,9.0,1
104457,1,train,10.0,1,8.0,1
104458,0,train,18.0,1,7.0,1
104459,0,test,23.0,1,3.0,1
104460,1,validation,19.0,1,12.0,1
104461,0,train,20.0,1,8.0,1
104462,0,train,17.0,1,8.0,1
104463,0,train,21.0,1,8.0,1
104464,0,train,17.0,1,7.0,1
104465,0,test,21.0,1,13.0,1
104466,0,validation,23.0,1,9.0,1
104467,0,train,14.0,1,7.0,1
104468,0,train,12.0,1,1.0,1
104469,0,train,22.0,1,9.0,1
104470,0,train,15.0,1,13.0,1
104471,0,test,15.0,1,6.0,1
104472,0,train,7.0,1,5.0,1
104473,1,test,16.0,1,10.0,1
104474,0,train,21.0,1,12.0,1
104475,0,train,15.0,1,13.0,1
104476,0,train,9.0,1,4.0,1
104477,0,train,10.0,1,1.0,1
104478,0,train,10.0,1,7.0,1
104479,0,train,26.0,1,12.0,1
104480,0,test,8.0,1,1.0,1
104481,0,test,16.0,1,7.0,1
104482,0,train,6.0,1,1.0,1
104483,0,train,7.0,1,0.0,1
104484,0,train,20.0,1,5.0,1
104485,0,train,8.0,1,4.0,1
104486,0,train,15.0,1,8.0,1
104487,0,test,15.0,1,12.0,1
104488,0,train,9.0,1,6.0,1
104489,1,train,,0,16.0,1
104490,0,train,10.0,1,1.0,1
104491,0,train,11.0,1,2.0,1
104492,0,test,14.0,1,3.0,1
104493,0,train,17.0,1,8.0,1
104494,0,train,4.0,1,2.0,1
104495,0,train,12.0,1,12.0,1
104496,0,train,5.0,1,3.0,1
104497,0,test,20.0,1,8.0,1
104498,1,train,10.0,1,11.0,1
104499,0,train,10.0,1,1.0,1
104500,0,train,18.0,1,,0
104501,0,train,19.0,1,12.0,1
104502,0,train,14.0,1,6.0,1
104503,0,train,8.0,1,0.0,1
104504,0,train,17.0,1,12.0,1
104505,0,train,19.0,1,11.0,1
104506,0,train,13.0,1,3.0,1
104507,1,train,16.0,1,10.0,1
104508,0,train,16.0,1,7.0,1
104509,0,train,19.0,1,11.0,1
104510,0,validation,12.0,1,9.0,1
104511,0,train,,0,11.0,1
104512,0,train,22.0,1,8.0,1
104513,0,train,20.0,1,6.0,1
104514,0,train,9.0,1,2.0,1
104515,0,train,14.0,1,3.0,1
104516,1,train,17.0,1,2.0,1
104517,0,train,21.0,1,7.0,1
104518,0,train,16.0,1,11.0,1
104519,0,train,23.0,1,11.0,1
104520,0,train,17.0,1,12.0,1
104521,0,test,16.0,1,14.0,1
104522,0,validation,15.0,1,8.0,1
104523,0,train,25.0,1,11.0,1
104524,1,train,19.0,1,13.0,1
104525,0,train,1.0,1,2.0,1
104526,0,train,3.0,1,1.0,1
104527,0,train,3.0,1,1.0,1
104528,0,test,11.0,1,7.0,1
104529,0,train,17.0,1,11.0,1
104530,0,train,14.0,1,13.0,1
104531,0,train,10.0,1,1.0,1
104532,0,train,10.0,1,1.0,1
104533,1,train,30.0,1,20.0,1
104534,0,train,7.0,1,2.0,1
104535,0,train,12.0,1,4.0,1
104536,1,train,21.0,1,12.0,1
104537,0,validation,16.0,1,7.0,1
104538,0,validation,11.0,1,9.0,1
104539,0,train,11.0,1,3.0,1
104540,0,test,6.0,1,3.0,1
104541,1,test,20.0,1,9.0,1
104542,1,train,18.0,1,8.0,1
104543,0,train,18.0,1,12.0,1
104544,0,train,12.0,1,2.0,1
104545,0,validation,18.0,1,10.0,1
104546,0,train,6.0,1,1.0,1
104547,1,test,12.0,1,4.0,1
104548,0,train,14.0,1,8.0,1
104549,1,train,28.0,1,9.0,1
104550,0,train,15.0,1,10.0,1
104551,0,test,11.0,1,5.0,1
104552,0,train,16.0,1,2.0,1
104553,0,train,7.0,1,2.0,1
104554,0,train,12.0,1,7.0,1
104555,0,train,13.0,1,4.0,1
104556,0,test,22.0,1,13.0,1
104557,0,train,19.0,1,11.0,1
104558,0,train,17.0,1,8.0,1
104559,0,train,16.0,1,7.0,1
104560,0,train,20.0,1,11.0,1
104561,0,train,11.0,1,5.0,1
104562,0,test,19.0,1,13.0,1
104563,0,train,18.0,1,9.0,1
104564,0,train,8.0,1,3.0,1
104565,0,test,13.0,1,8.0,1
104566,0,train,23.0,1,8.0,1
104567,0,train,10.0,1,3.0,1
104569,1,train,,0,,0
104570,1,train,20.0,1,11.0,1
104571,0,test,22.0,1,8.0,1
104572,0,train,14.0,1,2.0,1
104573,0,train,15.0,1,12.0,1
104574,0,train,15.0,1,6.0,1
104575,0,train,8.0,1,1.0,1
104576,0,train,13.0,1,2.0,1
104577,0,test,21.0,1,5.0,1
104578,0,validation,14.0,1,3.0,1
104579,0,train,10.0,1,2.0,1
104580,0,test,14.0,1,7.0,1
104581,0,validation,21.0,1,11.0,1
104582,0,validation,21.0,1,3.0,1
104583,0,test,4.0,1,6.0,1
104584,0,validation,10.0,1,5.0,1
104585,0,train,10.0,1,1.0,1
104586,0,validation,7.0,1,1.0,1
104587,0,train,18.0,1,9.0,1
104588,0,train,11.0,1,6.0,1
104589,0,train,12.0,1,5.0,1
104590,0,test,10.0,1,3.0,1
104591,0,train,23.0,1,15.0,1
104592,0,validation,18.0,1,13.0,1
104593,0,train,18.0,1,9.0,1
104594,0,test,7.0,1,1.0,1
104595,0,train,27.0,1,14.0,1
104596,1,train,20.0,1,6.0,1
104597,0,train,12.0,1,2.0,1
104598,0,test,20.0,1,6.0,1
104599,0,test,18.0,1,3.0,1
104600,0,train,16.0,1,6.0,1
104601,0,validation,16.0,1,6.0,1
104602,0,train,20.0,1,10.0,1
104603,1,test,15.0,1,8.0,1
104604,0,train,13.0,1,5.0,1
104605,0,train,15.0,1,7.0,1
104606,0,train,11.0,1,6.0,1
104607,1,train,7.0,1,3.0,1
104608,0,train,10.0,1,1.0,1
104609,0,train,11.0,1,3.0,1
104610,0,train,11.0,1,4.0,1
104611,0,train,13.0,1,2.0,1
104612,0,validation,20.0,1,8.0,1
104613,0,train,19.0,1,6.0,1
104614,0,train,5.0,1,1.0,1
104615,0,train,17.0,1,8.0,1
104616,0,validation,13.0,1,10.0,1
104617,0,test,20.0,1,9.0,1
104618,0,train,18.0,1,12.0,1
104619,1,validation,22.0,1,13.0,1
104620,0,train,13.0,1,1.0,1
104621,1,validation,8.0,1,6.0,1
104622,0,test,16.0,1,8.0,1
104623,0,train,12.0,1,7.0,1
104624,0,train,19.0,1,10.0,1
104625,0,train,8.0,1,1.0,1
104626,0,train,18.0,1,9.0,1
104627,1,test,7.0,1,1.0,1
104628,0,train,7.0,1,3.0,1
104629,0,validation,15.0,1,9.0,1
104630,0,train,7.0,1,4.0,1
104631,0,train,13.0,1,1.0,1
104632,0,validation,21.0,1,8.0,1
104633,0,train,16.0,1,8.0,1
104634,0,test,16.0,1,10.0,1
104635,0,validation,14.0,1,4.0,1
104636,0,train,16.0,1,7.0,1
104637,0,test,7.0,1,4.0,1
104638,0,train,14.0,1,13.0,1
104639,0,train,20.0,1,8.0,1
104640,0,train,10.0,1,2.0,1
104641,0,train,11.0,1,7.0,1
104642,0,train,3.0,1,2.0,1
104643,0,train,,0,11.0,1
104644,0,train,22.0,1,11.0,1
104646,0,train,17.0,1,5.0,1
104647,0,train,4.0,1,1.0,1
104648,0,train,10.0,1,7.0,1
104649,0,train,9.0,1,3.0,1
104650,1,train,20.0,1,8.0,1
104651,0,test,15.0,1,5.0,1
104652,0,train,9.0,1,,0
104654,0,train,11.0,1,7.0,1
104655,0,train,25.0,1,12.0,1
104656,0,test,20.0,1,6.0,1
104657,0,test,11.0,1,2.0,1
104658,0,validation,13.0,1,3.0,1
104659,0,validation,15.0,1,4.0,1
104660,0,train,12.0,1,6.0,1
104661,0,test,5.0,1,2.0,1
104662,0,test,20.0,1,6.0,1
104663,0,train,17.0,1,11.0,1
104664,0,train,18.0,1,7.0,1
104665,0,train,24.0,1,9.0,1
104666,0,validation,8.0,1,1.0,1
104667,0,train,,0,3.0,1
104668,0,train,18.0,1,9.0,1
104669,0,train,22.0,1,7.0,1
104670,0,train,15.0,1,7.0,1
104671,1,train,18.0,1,9.0,1
104672,0,validation,19.0,1,9.0,1
104673,0,test,16.0,1,12.0,1
104674,0,validation,10.0,1,6.0,1
104675,0,train,20.0,1,14.0,1
104676,0,train,19.0,1,7.0,1
104677,1,train,15.0,1,7.0,1
104678,0,train,19.0,1,9.0,1
104679,1,validation,,0,9.0,1
104680,1,test,23.0,1,13.0,1
104681,1,train,,0,0.0,1
104682,0,validation,12.0,1,7.0,1
104683,1,test,22.0,1,12.0,1
104684,0,train,15.0,1,5.0,1
104685,1,test,18.0,1,7.0,1
104686,0,train,11.0,1,7.0,1
104687,0,train,12.0,1,14.0,1
104688,0,train,6.0,1,2.0,1
104689,0,train,21.0,1,13.0,1
104690,0,test,10.0,1,4.0,1
104691,1,train,10.0,1,6.0,1
104692,0,validation,,0,3.0,1
104693,0,train,22.0,1,10.0,1
104694,0,train,21.0,1,9.0,1
104695,0,test,22.0,1,12.0,1
104696,0,test,8.0,1,5.0,1
104697,0,train,14.0,1,9.0,1
104698,0,train,7.0,1,2.0,1
104699,0,train,11.0,1,5.0,1
104700,0,validation,9.0,1,6.0,1
104701,0,train,11.0,1,3.0,1
104702,0,train,13.0,1,4.0,1
104703,0,validation,13.0,1,1.0,1
104704,0,test,15.0,1,3.0,1
104705,0,train,9.0,1,1.0,1
104706,0,test,16.0,1,7.0,1
104707,0,train,14.0,1,7.0,1
104708,1,train,17.0,1,16.0,1
104709,1,train,29.0,1,13.0,1
104710,0,validation,21.0,1,5.0,1
104711,0,validation,18.0,1,7.0,1
104712,0,validation,7.0,1,8.0,1
104713,0,train,8.0,1,8.0,1
104714,0,train,6.0,1,1.0,1
104715,0,train,19.0,1,10.0,1
104716,0,train,11.0,1,2.0,1
104717,0,train,15.0,1,10.0,1
104718,0,train,8.0,1,7.0,1
104719,0,train,16.0,1,8.0,1
104720,0,train,15.0,1,2.0,1
104721,1,train,15.0,1,10.0,1
104722,0,test,16.0,1,12.0,1
104723,0,test,22.0,1,12.0,1
104724,0,train,22.0,1,13.0,1
104725,0,validation,14.0,1,10.0,1
104726,1,train,23.0,1,17.0,1
104727,0,train,4.0,1,2.0,1
104728,1,validation,,0,1.0,1
104729,0,train,21.0,1,0.0,1
104730,0,train,9.0,1,0.0,1
104731,1,train,16.0,1,5.0,1
104732,0,validation,10.0,1,1.0,1
104733,0,train,19.0,1,7.0,1
104734,1,test,16.0,1,7.0,1
104735,0,train,15.0,1,8.0,1
104736,0,validation,24.0,1,8.0,1
104737,1,train,38.0,1,20.0,1
104738,0,train,19.0,1,13.0,1
104739,0,train,4.0,1,2.0,1
104740,0,train,19.0,1,4.0,1
104741,0,validation,19.0,1,10.0,1
104742,1,train,16.0,1,6.0,1
104743,0,train,16.0,1,8.0,1
104744,0,train,13.0,1,3.0,1
104745,0,train,19.0,1,9.0,1
104746,0,train,3.0,1,3.0,1
104747,1,train,14.0,1,9.0,1
104748,0,train,14.0,1,3.0,1
104749,0,test,18.0,1,6.0,1
104750,0,train,17.0,1,7.0,1
104751,0,validation,18.0,1,9.0,1
104752,0,train,19.0,1,5.0,1
104753,0,validation,9.0,1,3.0,1
104754,0,train,14.0,1,8.0,1
104755,0,train,15.0,1,15.0,1
104756,0,validation,9.0,1,1.0,1
104757,0,train,14.0,1,5.0,1
104758,0,train,10.0,1,1.0,1
104759,0,train,19.0,1,7.0,1
104760,1,train,23.0,1,14.0,1
104761,1,test,13.0,1,4.0,1
104762,0,train,6.0,1,2.0,1
104763,0,train,19.0,1,7.0,1
104764,0,test,17.0,1,6.0,1
104765,0,train,27.0,1,9.0,1
104766,0,train,9.0,1,1.0,1
104767,0,train,15.0,1,1.0,1
104768,0,train,,0,1.0,1
104770,0,train,16.0,1,2.0,1
104771,0,test,18.0,1,10.0,1
104772,0,validation,14.0,1,7.0,1
104773,0,train,14.0,1,10.0,1
104774,0,train,20.0,1,22.0,1
104775,0,validation,15.0,1,6.0,1
104776,0,train,13.0,1,11.0,1
104777,0,train,14.0,1,11.0,1
104778,0,train,12.0,1,8.0,1
104779,0,validation,9.0,1,1.0,1
104780,0,validation,10.0,1,4.0,1
104781,0,train,10.0,1,2.0,1
104782,0,train,19.0,1,8.0,1
104783,0,train,18.0,1,16.0,1
104784,0,train,11.0,1,8.0,1
104785,0,validation,,0,1.0,1
104786,0,train,16.0,1,12.0,1
104787,0,train,18.0,1,9.0,1
104788,0,train,15.0,1,10.0,1
104789,0,validation,13.0,1,7.0,1
104790,0,train,12.0,1,5.0,1
104791,1,train,15.0,1,7.0,1
104792,0,test,17.0,1,13.0,1
104793,0,train,20.0,1,7.0,1
104794,0,test,21.0,1,14.0,1
104795,0,train,20.0,1,2.0,1
104796,0,train,23.0,1,11.0,1
104797,0,train,8.0,1,2.0,1
104798,0,train,6.0,1,1.0,1
104799,1,validation,12.0,1,3.0,1
104800,0,train,8.0,1,4.0,1
104801,0,train,14.0,1,2.0,1
104802,0,train,15.0,1,10.0,1
104803,0,train,6.0,1,0.0,1
104804,0,train,12.0,1,5.0,1
104805,0,test,16.0,1,5.0,1
104806,1,train,18.0,1,12.0,1
104807,0,test,18.0,1,13.0,1
104808,0,train,14.0,1,1.0,1
104809,0,train,3.0,1,1.0,1
104810,0,train,11.0,1,5.0,1
104811,0,test,7.0,1,3.0,1
104812,0,validation,10.0,1,0.0,1
104813,0,train,14.0,1,11.0,1
104814,0,test,8.0,1,1.0,1
104815,0,validation,15.0,1,6.0,1
104816,1,train,17.0,1,8.0,1
104817,0,validation,7.0,1,4.0,1
104818,0,validation,8.0,1,,0
104819,0,validation,2.0,1,1.0,1
104820,0,train,13.0,1,5.0,1
104821,0,train,22.0,1,11.0,1
104822,0,train,16.0,1,7.0,1
104823,0,train,9.0,1,3.0,1
104824,0,train,9.0,1,1.0,1
104825,1,train,13.0,1,6.0,1
104826,0,train,24.0,1,10.0,1
104827,1,train,24.0,1,16.0,1
104828,0,train,8.0,1,5.0,1
104829,0,train,6.0,1,3.0,1
104830,0,train,5.0,1,1.0,1
104831,0,test,19.0,1,8.0,1
104832,0,train,4.0,1,0.0,1
104833,0,train,18.0,1,10.0,1
104834,0,train,27.0,1,13.0,1
104835,1,test,20.0,1,14.0,1
104836,0,train,15.0,1,5.0,1
104837,0,train,15.0,1,9.0,1
104838,0,train,12.0,1,6.0,1
104839,0,train,18.0,1,8.0,1
104840,1,train,19.0,1,10.0,1
104841,1,validation,26.0,1,9.0,1
104842,1,train,22.0,1,14.0,1
104843,0,train,21.0,1,11.0,1
104844,0,train,12.0,1,4.0,1
104845,0,train,20.0,1,9.0,1
104846,0,train,14.0,1,4.0,1
104847,0,train,19.0,1,11.0,1
104848,0,train,7.0,1,9.0,1
104849,0,train,9.0,1,3.0,1
104850,0,train,12.0,1,7.0,1
104851,0,train,14.0,1,9.0,1
104852,0,validation,7.0,1,1.0,1
104853,0,test,19.0,1,6.0,1
104854,0,train,13.0,1,6.0,1
104855,0,train,26.0,1,8.0,1
104856,0,train,12.0,1,1.0,1
104857,0,train,17.0,1,3.0,1
104858,0,test,16.0,1,6.0,1
104859,0,train,21.0,1,8.0,1
104860,0,train,14.0,1,5.0,1
104861,0,train,21.0,1,9.0,1
104862,0,train,13.0,1,4.0,1
104863,0,train,5.0,1,0.0,1
104864,0,train,22.0,1,9.0,1
104865,0,train,10.0,1,1.0,1
104866,0,train,21.0,1,7.0,1
104867,0,test,14.0,1,6.0,1
104868,0,validation,22.0,1,14.0,1
104869,0,train,12.0,1,7.0,1
104870,0,train,19.0,1,7.0,1
104871,0,train,15.0,1,13.0,1
104872,0,train,22.0,1,12.0,1
104873,0,train,9.0,1,1.0,1
104874,0,validation,15.0,1,7.0,1
104875,0,train,7.0,1,1.0,1
104876,1,train,20.0,1,12.0,1
104877,0,train,16.0,1,7.0,1
104878,0,train,12.0,1,2.0,1
104879,0,test,9.0,1,3.0,1
104880,0,train,15.0,1,16.0,1
104881,0,train,18.0,1,8.0,1
104882,0,test,18.0,1,7.0,1
104883,0,train,14.0,1,3.0,1
104884,0,train,19.0,1,11.0,1
104885,0,test,6.0,1,0.0,1
104886,1,train,19.0,1,10.0,1
104887,0,validation,8.0,1,4.0,1
104888,0,train,15.0,1,8.0,1
104889,0,train,5.0,1,1.0,1
104890,0,validation,19.0,1,5.0,1
104891,0,validation,17.0,1,12.0,1
104892,0,train,18.0,1,8.0,1
104893,0,train,16.0,1,8.0,1
104894,0,train,10.0,1,2.0,1
104895,0,test,23.0,1,12.0,1
104896,0,train,13.0,1,7.0,1
104897,0,train,4.0,1,0.0,1
104899,0,train,8.0,1,5.0,1
104900,0,train,10.0,1,2.0,1
104901,0,train,17.0,1,10.0,1
104902,0,train,19.0,1,12.0,1
104903,0,validation,15.0,1,10.0,1
104904,1,train,22.0,1,13.0,1
104905,1,validation,18.0,1,8.0,1
104906,0,train,11.0,1,10.0,1
104907,0,validation,21.0,1,7.0,1
104908,0,test,8.0,1,0.0,1
104909,0,train,11.0,1,1.0,1
104910,0,train,10.0,1,7.0,1
104911,0,train,15.0,1,5.0,1
104912,0,train,17.0,1,3.0,1
104913,0,train,14.0,1,6.0,1
104914,0,train,12.0,1,2.0,1
104915,0,test,6.0,1,4.0,1
104916,0,validation,10.0,1,7.0,1
104917,0,validation,14.0,1,10.0,1
104918,0,train,11.0,1,4.0,1
104919,0,test,16.0,1,8.0,1
104920,1,train,14.0,1,3.0,1
104921,0,train,24.0,1,12.0,1
104922,0,train,6.0,1,0.0,1
104923,0,validation,15.0,1,7.0,1
104924,0,train,22.0,1,5.0,1
104925,0,train,21.0,1,11.0,1
104926,0,train,24.0,1,7.0,1
104927,1,validation,24.0,1,4.0,1
104928,0,train,,0,,0
104929,0,train,7.0,1,2.0,1
104930,0,validation,16.0,1,9.0,1
104931,0,test,15.0,1,7.0,1
104932,0,train,10.0,1,2.0,1
104933,0,train,17.0,1,7.0,1
104934,0,train,17.0,1,13.0,1
104935,0,test,19.0,1,12.0,1
104936,0,train,21.0,1,8.0,1
104937,0,train,10.0,1,11.0,1
104938,0,validation,22.0,1,10.0,1
104939,0,test,16.0,1,11.0,1
104940,1,train,9.0,1,4.0,1
104941,0,train,18.0,1,8.0,1
104942,0,train,12.0,1,4.0,1
104943,0,train,,0,0.0,1
104944,0,validation,9.0,1,1.0,1
104945,0,train,13.0,1,3.0,1
104946,0,validation,6.0,1,1.0,1
104947,1,test,19.0,1,12.0,1
104948,1,train,26.0,1,18.0,1
104949,0,train,19.0,1,7.0,1
104950,0,train,10.0,1,0.0,1
104951,0,train,14.0,1,6.0,1
104952,0,train,14.0,1,1.0,1
104953,0,train,6.0,1,1.0,1
104954,0,train,9.0,1,4.0,1
104955,0,train,19.0,1,7.0,1
104956,0,train,14.0,1,8.0,1
104957,1,train,10.0,1,3.0,1
104958,0,train,24.0,1,9.0,1
104959,0,train,19.0,1,8.0,1
104960,0,train,9.0,1,3.0,1
104961,0,test,12.0,1,5.0,1
104962,0,train,18.0,1,11.0,1
104963,0,train,13.0,1,3.0,1
104964,0,test,13.0,1,7.0,1
104965,0,train,14.0,1,6.0,1
104966,0,train,20.0,1,6.0,1
104967,0,train,21.0,1,7.0,1
104968,0,test,17.0,1,10.0,1
104969,1,validation,23.0,1,14.0,1
104970,0,validation,,0,2.0,1
104971,0,train,8.0,1,1.0,1
104972,0,train,20.0,1,11.0,1
104973,0,validation,20.0,1,9.0,1
104974,0,train,11.0,1,1.0,1
104975,0,train,,0,0.0,1
104976,0,train,20.0,1,15.0,1
104977,0,train,12.0,1,2.0,1
104978,0,train,16.0,1,7.0,1
104979,0,test,21.0,1,9.0,1
104980,0,train,18.0,1,12.0,1
104981,0,validation,12.0,1,4.0,1
104982,0,test,4.0,1,1.0,1
104983,0,test,17.0,1,5.0,1
104984,0,train,15.0,1,4.0,1
104985,0,validation,,0,10.0,1
104986,0,train,16.0,1,9.0,1
104987,0,test,18.0,1,7.0,1
104988,0,train,18.0,1,6.0,1
104989,1,train,20.0,1,7.0,1
104990,1,train,24.0,1,9.0,1
104991,0,train,10.0,1,5.0,1
104992,0,train,9.0,1,2.0,1
104993,0,train,8.0,1,,0
104994,0,validation,12.0,1,2.0,1
104995,0,train,19.0,1,12.0,1
104996,0,validation,5.0,1,7.0,1
104997,0,validation,19.0,1,6.0,1
104998,1,train,17.0,1,10.0,1
104999,0,train,12.0,1,2.0,1
105000,0,train,18.0,1,12.0,1
105001,0,validation,10.0,1,4.0,1
105002,0,validation,25.0,1,13.0,1
105003,0,test,15.0,1,11.0,1
105004,0,train,23.0,1,10.0,1
105005,0,train,22.0,1,8.0,1
105006,0,test,5.0,1,3.0,1
105007,0,train,21.0,1,10.0,1
105008,0,train,16.0,1,9.0,1
105009,0,test,11.0,1,5.0,1
105010,0,train,,0,7.0,1
105011,0,validation,23.0,1,8.0,1
105012,0,test,25.0,1,14.0,1
105013,0,train,16.0,1,5.0,1
105014,0,train,9.0,1,4.0,1
105015,0,validation,21.0,1,10.0,1
105016,0,train,11.0,1,1.0,1
105017,0,test,9.0,1,2.0,1
105018,0,train,19.0,1,6.0,1
105019,0,train,10.0,1,3.0,1
105020,0,train,15.0,1,6.0,1
105021,0,train,10.0,1,2.0,1
105022,0,train,10.0,1,1.0,1
105023,0,validation,18.0,1,8.0,1
105024,0,train,18.0,1,13.0,1
105025,0,train,13.0,1,4.0,1
105026,0,train,,0,7.0,1
105027,0,train,6.0,1,1.0,1
105028,0,train,21.0,1,13.0,1
105029,1,train,19.0,1,22.0,1
105030,0,train,10.0,1,1.0,1
105031,0,train,18.0,1,6.0,1
105032,0,validation,19.0,1,11.0,1
105033,0,train,,0,0.0,1
105034,0,train,22.0,1,14.0,1
105035,0,train,11.0,1,2.0,1
105036,0,validation,8.0,1,3.0,1
105037,0,train,10.0,1,5.0,1
105038,1,train,19.0,1,7.0,1
105039,1,train,24.0,1,13.0,1
105040,0,test,16.0,1,3.0,1
105041,1,validation,27.0,1,19.0,1
105042,0,train,20.0,1,11.0,1
105043,0,train,19.0,1,7.0,1
105044,0,validation,,0,11.0,1
105045,0,train,20.0,1,12.0,1
105046,1,train,15.0,1,5.0,1
105047,0,train,25.0,1,10.0,1
105048,0,train,21.0,1,10.0,1
105049,0,train,18.0,1,7.0,1
105050,0,train,9.0,1,4.0,1
105051,0,train,20.0,1,13.0,1
105052,0,test,18.0,1,1.0,1
105053,0,train,12.0,1,9.0,1
105054,0,validation,16.0,1,7.0,1
105055,1,validation,26.0,1,14.0,1
105056,0,test,12.0,1,1.0,1
105057,0,test,21.0,1,9.0,1
105058,0,train,17.0,1,9.0,1
105059,0,test,20.0,1,7.0,1
105060,1,train,14.0,1,2.0,1
105061,0,train,9.0,1,4.0,1
105062,0,train,19.0,1,7.0,1
105063,0,train,9.0,1,1.0,1
105064,0,train,15.0,1,8.0,1
105065,1,train,15.0,1,8.0,1
105066,0,train,7.0,1,1.0,1
105067,0,train,8.0,1,1.0,1
105068,0,train,18.0,1,11.0,1
105069,0,test,13.0,1,3.0,1
105070,0,test,6.0,1,1.0,1
105071,0,train,13.0,1,1.0,1
105072,0,train,10.0,1,,0
105073,0,validation,14.0,1,10.0,1
105074,0,train,22.0,1,15.0,1
105075,0,test,21.0,1,8.0,1
105076,0,train,15.0,1,4.0,1
105077,0,train,19.0,1,11.0,1
105078,0,train,12.0,1,2.0,1
105079,0,train,,0,0.0,1
105080,0,train,12.0,1,3.0,1
105081,0,train,14.0,1,2.0,1
105082,1,train,17.0,1,5.0,1
105083,1,train,12.0,1,9.0,1
105084,0,train,11.0,1,0.0,1
105085,0,train,21.0,1,10.0,1
105086,0,train,14.0,1,2.0,1
105087,0,train,14.0,1,8.0,1
105088,0,train,16.0,1,11.0,1
105089,0,validation,8.0,1,0.0,1
105090,0,train,15.0,1,5.0,1
105091,0,validation,20.0,1,9.0,1
105092,0,test,25.0,1,11.0,1
105093,0,test,25.0,1,9.0,1
105094,0,train,17.0,1,10.0,1
105095,0,train,9.0,1,3.0,1
105096,0,train,13.0,1,9.0,1
105097,0,train,16.0,1,8.0,1
105098,0,train,18.0,1,5.0,1
105099,0,train,5.0,1,7.0,1
105100,0,train,10.0,1,1.0,1
105101,0,validation,18.0,1,7.0,1
105102,0,train,18.0,1,11.0,1
105103,0,train,15.0,1,7.0,1
105104,0,test,19.0,1,0.0,1
105105,0,train,14.0,1,10.0,1
105106,0,train,14.0,1,6.0,1
105107,0,test,21.0,1,11.0,1
105109,0,validation,11.0,1,8.0,1
105110,1,test,9.0,1,0.0,1
105112,0,train,13.0,1,6.0,1
105113,1,test,24.0,1,12.0,1
105114,0,train,17.0,1,13.0,1
105115,0,validation,9.0,1,2.0,1
105116,1,train,20.0,1,4.0,1
105117,0,validation,16.0,1,9.0,1
105118,0,train,20.0,1,10.0,1
105119,0,train,7.0,1,3.0,1
105120,0,validation,24.0,1,9.0,1
105121,0,train,11.0,1,3.0,1
105122,0,train,16.0,1,10.0,1
105123,1,train,22.0,1,11.0,1
105124,0,validation,19.0,1,12.0,1
105125,1,train,18.0,1,8.0,1
105126,0,train,12.0,1,2.0,1
105127,0,test,7.0,1,1.0,1
105128,0,train,9.0,1,10.0,1
105129,0,train,17.0,1,12.0,1
105130,0,train,9.0,1,0.0,1
105131,0,train,14.0,1,11.0,1
105132,0,train,22.0,1,7.0,1
105133,0,validation,14.0,1,4.0,1
105134,0,test,11.0,1,5.0,1
105135,0,test,,0,0.0,1
105136,0,test,15.0,1,4.0,1
105137,1,train,8.0,1,7.0,1
105138,0,train,11.0,1,4.0,1
105140,0,train,20.0,1,12.0,1
105141,0,train,20.0,1,12.0,1
105142,0,train,18.0,1,8.0,1
105143,0,train,16.0,1,4.0,1
105144,0,train,16.0,1,6.0,1
105145,0,test,4.0,1,0.0,1
105146,0,test,18.0,1,7.0,1
105147,0,train,20.0,1,12.0,1
105149,0,test,11.0,1,9.0,1
105150,1,validation,21.0,1,9.0,1
105151,1,train,27.0,1,13.0,1
105152,0,train,14.0,1,11.0,1
105153,0,train,15.0,1,12.0,1
105154,0,train,20.0,1,4.0,1
105155,0,test,18.0,1,12.0,1
105156,1,test,16.0,1,9.0,1
105157,0,train,12.0,1,13.0,1
105158,0,train,15.0,1,4.0,1
105159,0,test,8.0,1,,0
105161,0,train,15.0,1,2.0,1
105162,0,train,9.0,1,1.0,1
105163,0,validation,6.0,1,0.0,1
105164,1,train,22.0,1,9.0,1
105165,0,train,23.0,1,7.0,1
105166,0,train,8.0,1,5.0,1
105167,1,train,19.0,1,11.0,1
105168,0,train,19.0,1,,0
105169,0,train,15.0,1,6.0,1
105170,0,train,10.0,1,5.0,1
105171,0,train,4.0,1,4.0,1
105172,0,validation,12.0,1,4.0,1
105173,0,train,10.0,1,4.0,1
105174,0,train,11.0,1,0.0,1
105175,0,train,21.0,1,13.0,1
105176,0,train,23.0,1,11.0,1
105177,0,train,,0,5.0,1
105178,0,validation,21.0,1,6.0,1
105179,0,train,20.0,1,8.0,1
105180,0,validation,18.0,1,3.0,1
105181,0,test,11.0,1,2.0,1
105182,0,test,11.0,1,1.0,1
105183,0,train,18.0,1,8.0,1
105184,0,validation,14.0,1,7.0,1
105185,0,test,15.0,1,10.0,1
105186,0,test,20.0,1,11.0,1
105187,0,test,16.0,1,7.0,1
105188,0,test,5.0,1,0.0,1
105189,0,train,20.0,1,7.0,1
105190,1,train,17.0,1,7.0,1
105191,1,train,12.0,1,3.0,1
105192,0,test,16.0,1,10.0,1
105193,0,train,,0,8.0,1
105194,0,train,5.0,1,1.0,1
105195,0,train,15.0,1,12.0,1
105196,0,train,17.0,1,11.0,1
105197,0,train,17.0,1,7.0,1
105198,0,train,22.0,1,12.0,1
105199,0,train,17.0,1,10.0,1
105200,0,train,20.0,1,9.0,1
105202,0,train,19.0,1,11.0,1
105203,0,train,13.0,1,5.0,1
105204,1,train,17.0,1,11.0,1
105205,0,test,21.0,1,16.0,1
105206,0,test,8.0,1,6.0,1
105207,1,train,21.0,1,12.0,1
105208,0,validation,15.0,1,10.0,1
105209,0,validation,4.0,1,2.0,1
105210,1,validation,8.0,1,6.0,1
105211,1,train,21.0,1,7.0,1
105212,0,train,12.0,1,6.0,1
105213,0,train,12.0,1,12.0,1
105214,0,train,10.0,1,4.0,1
105215,1,train,22.0,1,5.0,1
105216,0,test,14.0,1,9.0,1
105217,1,test,19.0,1,7.0,1
105218,0,train,16.0,1,7.0,1
105219,0,test,10.0,1,8.0,1
105220,0,train,5.0,1,1.0,1
105221,0,train,7.0,1,1.0,1
105222,0,train,22.0,1,10.0,1
105223,1,train,22.0,1,8.0,1
105224,0,validation,16.0,1,10.0,1
105225,0,test,16.0,1,10.0,1
105226,0,train,9.0,1,1.0,1
105227,0,test,12.0,1,6.0,1
105228,0,train,14.0,1,3.0,1
105229,0,train,14.0,1,9.0,1
105230,0,train,20.0,1,11.0,1
105231,1,train,12.0,1,10.0,1
105232,0,train,16.0,1,13.0,1
105233,0,train,21.0,1,7.0,1
105234,1,train,18.0,1,11.0,1
105235,0,test,16.0,1,5.0,1
105236,0,train,17.0,1,8.0,1
105237,0,train,15.0,1,1.0,1
105238,0,train,8.0,1,3.0,1
105239,1,train,26.0,1,,0
105240,0,test,27.0,1,10.0,1
105241,0,train,15.0,1,9.0,1
105242,0,train,13.0,1,2.0,1
105243,0,train,17.0,1,8.0,1
105244,0,validation,9.0,1,3.0,1
105245,1,train,21.0,1,8.0,1
105246,0,validation,8.0,1,1.0,1
105247,0,train,11.0,1,4.0,1
105248,0,test,9.0,1,1.0,1
105249,0,test,17.0,1,14.0,1
105250,0,test,20.0,1,10.0,1
105251,0,validation,14.0,1,1.0,1
105252,1,train,20.0,1,11.0,1
105253,1,train,12.0,1,2.0,1
105254,0,train,10.0,1,2.0,1
105255,0,train,17.0,1,4.0,1
105256,0,train,10.0,1,2.0,1
105257,0,test,19.0,1,6.0,1
105258,0,train,13.0,1,7.0,1
105259,0,test,9.0,1,1.0,1
105260,0,test,14.0,1,4.0,1
105261,0,train,18.0,1,7.0,1
105262,1,train,22.0,1,18.0,1
105263,0,train,24.0,1,11.0,1
105264,0,train,11.0,1,7.0,1
105265,0,train,16.0,1,9.0,1
105266,1,validation,24.0,1,18.0,1
105267,1,train,12.0,1,12.0,1
105268,0,train,,0,9.0,1
105269,0,train,10.0,1,2.0,1
105270,0,train,20.0,1,7.0,1
105271,0,train,15.0,1,8.0,1
105272,1,train,17.0,1,14.0,1
105273,0,train,11.0,1,5.0,1
105274,0,test,12.0,1,3.0,1
105275,1,train,23.0,1,8.0,1
105276,0,test,26.0,1,11.0,1
105277,0,test,14.0,1,6.0,1
105278,0,train,11.0,1,1.0,1
105279,1,train,16.0,1,4.0,1
105280,1,test,,0,20.0,1
105281,0,train,25.0,1,11.0,1
105282,0,train,5.0,1,2.0,1
105283,0,validation,19.0,1,11.0,1
105284,0,train,17.0,1,4.0,1
105285,1,train,19.0,1,8.0,1
105286,0,train,14.0,1,5.0,1
105287,0,train,20.0,1,10.0,1
105288,0,test,18.0,1,9.0,1
105289,0,train,13.0,1,3.0,1
105290,0,train,21.0,1,10.0,1
105291,0,train,21.0,1,10.0,1
105292,0,validation,21.0,1,9.0,1
105293,0,train,17.0,1,8.0,1
105294,0,train,19.0,1,5.0,1
105295,0,validation,15.0,1,2.0,1
105296,0,train,18.0,1,9.0,1
105297,0,train,17.0,1,6.0,1
105298,0,validation,22.0,1,9.0,1
105299,0,validation,13.0,1,9.0,1
105300,0,train,18.0,1,5.0,1
105301,0,test,19.0,1,4.0,1
105302,0,train,10.0,1,1.0,1
105303,1,train,17.0,1,7.0,1
105304,0,train,16.0,1,3.0,1
105305,0,train,13.0,1,6.0,1
105306,0,train,13.0,1,6.0,1
105307,0,train,4.0,1,1.0,1
105308,1,test,9.0,1,21.0,1
105309,0,train,8.0,1,3.0,1
105310,0,train,11.0,1,5.0,1
105311,0,train,10.0,1,4.0,1
105312,0,test,16.0,1,13.0,1
105313,0,train,13.0,1,6.0,1
105315,0,train,15.0,1,3.0,1
105316,1,test,19.0,1,19.0,1
105317,0,validation,15.0,1,,0
105318,1,train,28.0,1,16.0,1
105319,0,train,,0,0.0,1
105320,0,test,14.0,1,10.0,1
105321,0,train,13.0,1,5.0,1
105322,0,train,11.0,1,7.0,1
105323,0,test,15.0,1,8.0,1
105324,0,train,11.0,1,1.0,1
105325,0,test,9.0,1,1.0,1
105326,0,train,19.0,1,10.0,1
105327,0,validation,15.0,1,9.0,1
105328,0,train,20.0,1,9.0,1
105329,0,train,13.0,1,1.0,1
105330,0,test,24.0,1,8.0,1
105331,0,validation,22.0,1,8.0,1
105332,0,train,15.0,1,15.0,1
105333,0,train,14.0,1,4.0,1
105334,0,train,15.0,1,7.0,1
105335,0,train,20.0,1,7.0,1
105336,0,train,18.0,1,9.0,1
105337,0,test,7.0,1,1.0,1
105338,0,train,14.0,1,4.0,1
105339,0,train,28.0,1,11.0,1
105340,0,validation,13.0,1,7.0,1
105341,0,train,11.0,1,1.0,1
105342,0,test,6.0,1,4.0,1
105343,0,train,19.0,1,14.0,1
105344,1,train,26.0,1,10.0,1
105345,0,validation,15.0,1,7.0,1
105346,0,train,26.0,1,7.0,1
105347,0,train,13.0,1,7.0,1
105348,1,train,14.0,1,8.0,1
105349,0,train,20.0,1,10.0,1
105350,0,test,12.0,1,7.0,1
105351,0,test,18.0,1,10.0,1
105352,0,train,7.0,1,0.0,1
105353,1,train,16.0,1,8.0,1
105354,0,train,22.0,1,5.0,1
105355,0,train,12.0,1,0.0,1
105356,0,train,16.0,1,6.0,1
105357,0,validation,12.0,1,1.0,1
105358,1,train,11.0,1,5.0,1
105359,0,train,14.0,1,3.0,1
105360,0,train,19.0,1,3.0,1
105361,0,test,9.0,1,6.0,1
105362,0,train,6.0,1,0.0,1
105363,0,train,6.0,1,0.0,1
105364,0,train,,0,,0
105365,0,train,13.0,1,4.0,1
105366,0,train,16.0,1,10.0,1
105367,0,train,12.0,1,1.0,1
105368,0,validation,14.0,1,7.0,1
105369,0,train,18.0,1,9.0,1
105370,1,validation,10.0,1,12.0,1
105371,0,test,19.0,1,8.0,1
105372,0,test,15.0,1,4.0,1
105373,0,train,21.0,1,13.0,1
105374,0,train,13.0,1,6.0,1
105375,0,validation,17.0,1,7.0,1
105376,0,train,,0,0.0,1
105377,0,train,18.0,1,5.0,1
105378,0,validation,20.0,1,8.0,1
105379,1,validation,14.0,1,8.0,1
105380,0,validation,5.0,1,0.0,1
105381,0,test,4.0,1,1.0,1
105382,0,train,4.0,1,1.0,1
105383,0,train,6.0,1,2.0,1
105384,0,validation,19.0,1,6.0,1
105385,0,validation,12.0,1,2.0,1
105386,0,train,14.0,1,4.0,1
105387,0,test,9.0,1,1.0,1
105388,0,train,11.0,1,3.0,1
105390,0,test,21.0,1,8.0,1
105391,0,train,16.0,1,6.0,1
105392,0,validation,14.0,1,3.0,1
105393,0,validation,15.0,1,5.0,1
105394,1,test,6.0,1,5.0,1
105395,0,train,16.0,1,5.0,1
105396,0,validation,23.0,1,6.0,1
105397,0,train,6.0,1,1.0,1
105398,0,train,12.0,1,3.0,1
105399,1,validation,24.0,1,15.0,1
105400,1,train,21.0,1,17.0,1
105401,0,train,16.0,1,6.0,1
105402,0,validation,9.0,1,1.0,1
105403,0,train,7.0,1,0.0,1
105404,1,validation,12.0,1,7.0,1
105405,0,validation,20.0,1,9.0,1
105406,0,train,7.0,1,1.0,1
105407,0,train,10.0,1,8.0,1
105408,0,train,8.0,1,4.0,1
105409,0,train,22.0,1,11.0,1
105410,1,train,20.0,1,7.0,1
105411,1,train,13.0,1,7.0,1
105412,0,train,11.0,1,7.0,1
105413,0,train,14.0,1,4.0,1
105414,0,train,15.0,1,9.0,1
105415,0,train,26.0,1,13.0,1
105416,0,test,11.0,1,2.0,1
105417,1,train,18.0,1,6.0,1
105418,0,validation,17.0,1,12.0,1
105419,0,train,11.0,1,1.0,1
105420,0,validation,13.0,1,11.0,1
105421,0,train,,0,6.0,1
105422,1,test,16.0,1,4.0,1
105423,0,train,8.0,1,1.0,1
105424,0,validation,18.0,1,5.0,1
105425,1,validation,11.0,1,2.0,1
105426,0,test,20.0,1,10.0,1
105427,0,train,13.0,1,8.0,1
105428,0,train,15.0,1,9.0,1
105429,0,train,17.0,1,5.0,1
105430,0,validation,16.0,1,11.0,1
105431,0,train,18.0,1,7.0,1
105432,0,train,19.0,1,5.0,1
105433,0,train,15.0,1,1.0,1
105434,0,train,15.0,1,6.0,1
105435,1,train,23.0,1,14.0,1
105436,0,train,10.0,1,2.0,1
105437,0,train,,0,1.0,1
105438,0,train,17.0,1,13.0,1
105440,0,train,,0,4.0,1
105441,0,test,19.0,1,9.0,1
105442,0,validation,22.0,1,9.0,1
105443,0,train,18.0,1,9.0,1
105444,1,train,16.0,1,8.0,1
105445,0,test,14.0,1,3.0,1
105446,0,train,12.0,1,3.0,1
105447,0,test,15.0,1,7.0,1
105448,0,train,14.0,1,6.0,1
105449,0,train,17.0,1,7.0,1
105450,0,train,22.0,1,11.0,1
105451,0,train,8.0,1,5.0,1
105452,0,train,5.0,1,1.0,1
105453,0,test,16.0,1,9.0,1
105454,0,train,11.0,1,6.0,1
105455,0,train,14.0,1,1.0,1
105456,0,train,5.0,1,2.0,1
105457,0,train,21.0,1,12.0,1
105458,0,train,19.0,1,8.0,1
105459,0,train,14.0,1,7.0,1
105460,0,train,13.0,1,1.0,1
105461,0,train,15.0,1,12.0,1
105462,0,train,18.0,1,4.0,1
105463,0,test,9.0,1,2.0,1
105464,0,train,14.0,1,7.0,1
105465,0,train,23.0,1,15.0,1
105466,0,train,5.0,1,1.0,1
105467,0,train,13.0,1,8.0,1
105468,0,train,13.0,1,5.0,1
105469,0,train,20.0,1,7.0,1
105470,1,train,15.0,1,7.0,1
105471,0,test,19.0,1,5.0,1
105472,0,train,17.0,1,8.0,1
105473,0,train,12.0,1,4.0,1
105474,0,train,8.0,1,5.0,1
105475,0,train,17.0,1,6.0,1
105476,0,train,12.0,1,2.0,1
105477,0,test,12.0,1,4.0,1
105478,0,train,11.0,1,12.0,1
105479,0,train,21.0,1,12.0,1
105480,0,train,24.0,1,8.0,1
105481,0,train,10.0,1,2.0,1
105482,0,train,12.0,1,1.0,1
105483,0,train,19.0,1,7.0,1
105484,0,train,20.0,1,11.0,1
105485,1,train,11.0,1,3.0,1
105486,0,train,,0,5.0,1
105487,0,train,21.0,1,12.0,1
105488,0,train,13.0,1,4.0,1
105489,0,train,18.0,1,9.0,1
105490,0,train,18.0,1,8.0,1
105491,0,train,15.0,1,8.0,1
105492,1,train,22.0,1,14.0,1
105493,1,train,13.0,1,5.0,1
105494,0,train,11.0,1,1.0,1
105495,0,train,27.0,1,12.0,1
105496,0,validation,16.0,1,5.0,1
105497,0,train,16.0,1,6.0,1
105498,0,validation,14.0,1,15.0,1
105499,0,train,6.0,1,,0
105500,0,train,16.0,1,8.0,1
105501,0,validation,16.0,1,12.0,1
105502,0,train,10.0,1,5.0,1
105503,0,test,17.0,1,7.0,1
105504,0,train,12.0,1,2.0,1
105505,0,train,17.0,1,8.0,1
105506,1,validation,,0,2.0,1
105507,0,train,5.0,1,1.0,1
105508,0,train,9.0,1,4.0,1
105509,0,train,10.0,1,2.0,1
105510,0,validation,13.0,1,2.0,1
105511,1,train,4.0,1,0.0,1
105512,0,test,15.0,1,10.0,1
105513,0,validation,16.0,1,11.0,1
105514,0,train,22.0,1,10.0,1
105515,0,test,20.0,1,12.0,1
105516,0,train,24.0,1,8.0,1
105517,0,train,11.0,1,4.0,1
105518,0,train,7.0,1,,0
105519,0,train,13.0,1,7.0,1
105520,0,train,13.0,1,9.0,1
105521,0,test,24.0,1,11.0,1
105522,0,train,9.0,1,4.0,1
105523,0,train,25.0,1,14.0,1
105524,0,validation,17.0,1,7.0,1
105525,0,train,10.0,1,1.0,1
105526,0,test,8.0,1,2.0,1
105527,0,validation,11.0,1,6.0,1
105528,0,train,17.0,1,8.0,1
105529,0,train,15.0,1,9.0,1
105530,0,train,13.0,1,4.0,1
105531,0,train,12.0,1,4.0,1
105532,0,train,16.0,1,7.0,1
105533,0,train,18.0,1,9.0,1
105534,0,test,13.0,1,15.0,1
105535,0,train,3.0,1,0.0,1
105536,0,test,8.0,1,5.0,1
105537,0,validation,13.0,1,4.0,1
105538,0,test,18.0,1,7.0,1
105539,0,train,21.0,1,10.0,1
105540,0,train,19.0,1,9.0,1
105541,1,train,21.0,1,11.0,1
105542,1,train,16.0,1,10.0,1
105543,0,train,,0,,0
105544,0,test,,0,1.0,1
105545,0,train,20.0,1,10.0,1
105546,0,train,14.0,1,7.0,1
105547,0,train,11.0,1,3.0,1
105548,0,test,12.0,1,1.0,1
105549,0,train,14.0,1,2.0,1
105550,0,test,11.0,1,6.0,1
105551,0,train,7.0,1,1.0,1
105552,0,train,16.0,1,8.0,1
105553,0,train,10.0,1,3.0,1
105554,1,train,15.0,1,12.0,1
105555,0,test,9.0,1,1.0,1
105556,0,validation,20.0,1,,0
105557,0,train,17.0,1,5.0,1
105558,0,train,15.0,1,4.0,1
105559,0,train,21.0,1,12.0,1
105560,0,train,19.0,1,4.0,1
105561,0,test,15.0,1,1.0,1
105562,0,test,10.0,1,4.0,1
105563,1,train,14.0,1,7.0,1
105564,1,train,14.0,1,6.0,1
105565,0,train,9.0,1,1.0,1
105566,0,train,20.0,1,7.0,1
105567,0,validation,14.0,1,3.0,1
105568,0,test,13.0,1,8.0,1
105569,0,train,11.0,1,4.0,1
105570,0,train,4.0,1,,0
105571,0,train,21.0,1,10.0,1
105572,0,train,24.0,1,12.0,1
105573,0,train,4.0,1,6.0,1
105574,0,train,21.0,1,8.0,1
105575,0,test,21.0,1,9.0,1
105576,0,test,19.0,1,9.0,1
105577,0,train,12.0,1,1.0,1
105578,1,train,20.0,1,10.0,1
105579,0,train,16.0,1,8.0,1
105580,0,train,17.0,1,7.0,1
105581,0,test,18.0,1,14.0,1
105582,0,train,11.0,1,4.0,1
105583,0,train,23.0,1,6.0,1
105584,0,test,14.0,1,9.0,1
105585,0,train,10.0,1,6.0,1
105586,1,test,17.0,1,9.0,1
105587,0,train,,0,,0
105588,0,test,21.0,1,15.0,1
105589,0,train,17.0,1,11.0,1
105590,0,train,22.0,1,11.0,1
105591,0,validation,9.0,1,2.0,1
105592,0,train,20.0,1,9.0,1
105593,0,train,6.0,1,3.0,1
105594,0,train,15.0,1,6.0,1
105595,0,test,20.0,1,12.0,1
105596,1,train,13.0,1,3.0,1
105597,1,test,20.0,1,14.0,1
105598,0,test,9.0,1,4.0,1
105599,0,train,19.0,1,8.0,1
105600,0,validation,14.0,1,3.0,1
105601,0,train,13.0,1,5.0,1
105602,0,train,14.0,1,10.0,1
105603,0,train,24.0,1,9.0,1
105604,0,train,15.0,1,9.0,1
105605,0,train,12.0,1,1.0,1
105606,0,train,21.0,1,6.0,1
105607,0,train,14.0,1,5.0,1
105608,1,train,24.0,1,11.0,1
105609,0,train,20.0,1,9.0,1
105610,0,train,15.0,1,12.0,1
105611,0,train,12.0,1,1.0,1
105612,0,train,20.0,1,10.0,1
105613,0,train,21.0,1,7.0,1
105614,1,validation,14.0,1,7.0,1
105615,0,test,15.0,1,7.0,1
105616,0,train,22.0,1,11.0,1
105617,1,validation,16.0,1,11.0,1
105618,1,train,15.0,1,8.0,1
105619,0,test,10.0,1,9.0,1
105620,0,test,20.0,1,9.0,1
105621,0,validation,16.0,1,9.0,1
105622,0,test,9.0,1,4.0,1
105623,0,train,,0,0.0,1
105624,0,train,21.0,1,7.0,1
105625,1,train,14.0,1,4.0,1
105626,1,train,24.0,1,6.0,1
105627,0,train,12.0,1,7.0,1
105628,0,train,8.0,1,1.0,1
105629,0,train,18.0,1,11.0,1
105630,1,train,26.0,1,12.0,1
105631,0,train,17.0,1,10.0,1
105632,0,test,15.0,1,6.0,1
105633,0,train,14.0,1,11.0,1
105634,0,train,3.0,1,1.0,1
105635,0,train,11.0,1,9.0,1
105636,0,test,13.0,1,4.0,1
105637,0,test,11.0,1,7.0,1
105638,0,validation,25.0,1,7.0,1
105639,0,train,15.0,1,4.0,1
105640,0,train,16.0,1,6.0,1
105641,0,test,18.0,1,8.0,1
105642,0,train,10.0,1,6.0,1
105643,0,validation,20.0,1,5.0,1
105644,0,train,22.0,1,7.0,1
105645,0,train,16.0,1,6.0,1
105646,0,train,13.0,1,7.0,1
105647,0,validation,18.0,1,9.0,1
105648,1,train,25.0,1,9.0,1
105649,0,test,14.0,1,11.0,1
105650,0,train,,0,1.0,1
105651,1,train,19.0,1,6.0,1
105652,0,train,23.0,1,9.0,1
105653,0,train,20.0,1,11.0,1
105654,0,train,14.0,1,2.0,1
105655,0,train,,0,8.0,1
105656,0,train,8.0,1,3.0,1
105657,1,train,18.0,1,12.0,1
105658,0,train,20.0,1,6.0,1
105659,0,train,20.0,1,11.0,1
105661,0,train,19.0,1,6.0,1
105662,0,train,18.0,1,6.0,1
105663,0,train,23.0,1,11.0,1
105664,0,validation,15.0,1,6.0,1
105665,0,train,21.0,1,13.0,1
105666,0,validation,9.0,1,5.0,1
105667,0,train,15.0,1,4.0,1
105668,0,train,19.0,1,8.0,1
105669,0,test,14.0,1,8.0,1
105670,0,train,7.0,1,5.0,1
105671,0,validation,8.0,1,4.0,1
105672,0,train,16.0,1,3.0,1
105673,0,train,13.0,1,10.0,1
105674,0,train,19.0,1,10.0,1
105675,0,train,9.0,1,8.0,1
105676,0,test,13.0,1,2.0,1
105677,0,train,24.0,1,,0
105678,0,train,18.0,1,11.0,1
105679,0,train,18.0,1,8.0,1
105680,0,train,16.0,1,9.0,1
105681,0,train,16.0,1,10.0,1
105682,0,test,18.0,1,8.0,1
105683,0,validation,16.0,1,11.0,1
105684,0,train,25.0,1,8.0,1
105685,1,test,9.0,1,5.0,1
105686,0,train,21.0,1,7.0,1
105687,0,test,16.0,1,6.0,1
105688,0,train,5.0,1,1.0,1
105689,1,train,21.0,1,13.0,1
105690,0,train,17.0,1,4.0,1
105691,0,train,,0,11.0,1
105693,0,train,22.0,1,5.0,1
105694,0,train,7.0,1,0.0,1
105695,0,test,21.0,1,10.0,1
105696,0,train,20.0,1,18.0,1
105697,0,train,9.0,1,3.0,1
105698,0,train,13.0,1,4.0,1
105699,0,train,18.0,1,5.0,1
105700,0,train,21.0,1,14.0,1
105701,0,validation,18.0,1,7.0,1
105703,0,train,11.0,1,3.0,1
105704,0,train,19.0,1,8.0,1
105705,0,validation,17.0,1,11.0,1
105706,0,train,13.0,1,11.0,1
105707,0,validation,20.0,1,9.0,1
105708,0,train,20.0,1,14.0,1
105709,0,validation,11.0,1,7.0,1
105710,0,train,15.0,1,7.0,1
105711,0,validation,18.0,1,6.0,1
105712,1,validation,29.0,1,17.0,1
105713,0,test,22.0,1,10.0,1
105714,0,train,15.0,1,6.0,1
105715,0,train,13.0,1,6.0,1
105716,0,validation,16.0,1,4.0,1
105717,0,train,13.0,1,5.0,1
105718,0,train,14.0,1,10.0,1
105719,0,train,7.0,1,4.0,1
105721,0,train,23.0,1,12.0,1
105722,0,train,19.0,1,12.0,1
105723,0,train,5.0,1,2.0,1
105724,0,train,14.0,1,7.0,1
105725,0,train,17.0,1,8.0,1
105726,0,validation,,0,11.0,1
105727,0,train,23.0,1,6.0,1
105728,0,test,7.0,1,1.0,1
105729,0,train,13.0,1,6.0,1
105730,0,train,17.0,1,7.0,1
105731,0,train,19.0,1,4.0,1
105732,0,train,8.0,1,2.0,1
105733,0,validation,16.0,1,9.0,1
105734,0,train,11.0,1,1.0,1
105735,0,test,10.0,1,2.0,1
105736,0,train,14.0,1,12.0,1
105737,0,train,8.0,1,0.0,1
105738,0,train,20.0,1,5.0,1
105739,0,validation,8.0,1,6.0,1
105740,0,validation,14.0,1,6.0,1
105741,0,train,8.0,1,3.0,1
105742,1,train,17.0,1,13.0,1
105743,0,train,10.0,1,9.0,1
105744,0,train,12.0,1,5.0,1
105745,0,train,8.0,1,1.0,1
105746,0,train,17.0,1,5.0,1
105747,0,test,13.0,1,2.0,1
105748,0,train,11.0,1,2.0,1
105749,0,train,28.0,1,9.0,1
105750,0,train,19.0,1,20.0,1
105751,0,train,9.0,1,0.0,1
105752,0,train,15.0,1,,0
105753,0,test,15.0,1,9.0,1
105754,0,validation,12.0,1,8.0,1
105755,0,test,17.0,1,4.0,1
105756,0,validation,11.0,1,5.0,1
105757,0,train,11.0,1,7.0,1
105758,0,train,,0,1.0,1
105759,0,train,15.0,1,7.0,1
105760,0,train,18.0,1,10.0,1
105761,0,train,11.0,1,,0
105762,0,train,16.0,1,,0
105763,1,test,19.0,1,13.0,1
105764,0,train,20.0,1,10.0,1
105765,0,train,14.0,1,10.0,1
105766,1,validation,12.0,1,7.0,1
105767,0,train,13.0,1,7.0,1
105768,0,train,10.0,1,2.0,1
105769,0,train,20.0,1,7.0,1
105770,0,train,17.0,1,12.0,1
105771,0,train,13.0,1,6.0,1
105772,1,validation,20.0,1,4.0,1
105773,0,train,17.0,1,1.0,1
105774,0,train,11.0,1,3.0,1
105775,0,train,16.0,1,5.0,1
105776,0,test,,0,5.0,1
105777,1,train,17.0,1,14.0,1
105778,1,train,33.0,1,,0
105779,0,train,12.0,1,2.0,1
105780,0,test,5.0,1,1.0,1
105781,0,train,14.0,1,6.0,1
105782,0,train,18.0,1,8.0,1
105783,0,train,25.0,1,10.0,1
105784,0,train,13.0,1,1.0,1
105785,1,test,16.0,1,8.0,1
105786,0,train,21.0,1,8.0,1
105787,0,train,13.0,1,7.0,1
105788,0,train,7.0,1,2.0,1
105789,0,validation,24.0,1,12.0,1
105790,0,validation,15.0,1,8.0,1
105791,1,train,21.0,1,13.0,1
105792,0,train,19.0,1,7.0,1
105793,0,train,9.0,1,1.0,1
105794,0,train,11.0,1,4.0,1
105796,0,train,,0,5.0,1
105797,0,train,21.0,1,8.0,1
105798,0,test,19.0,1,10.0,1
105799,0,train,7.0,1,1.0,1
105800,0,train,20.0,1,13.0,1
105801,0,train,16.0,1,6.0,1
105802,0,validation,19.0,1,8.0,1
105803,0,validation,16.0,1,12.0,1
105804,0,test,18.0,1,8.0,1
105805,0,test,18.0,1,8.0,1
105806,0,train,10.0,1,5.0,1
105807,0,train,21.0,1,8.0,1
105808,0,train,12.0,1,4.0,1
105809,0,test,14.0,1,3.0,1
105810,0,test,10.0,1,5.0,1
105811,1,train,11.0,1,2.0,1
105812,0,train,16.0,1,9.0,1
105813,0,validation,9.0,1,0.0,1
105814,1,validation,24.0,1,15.0,1
105815,0,test,16.0,1,3.0,1
105816,1,train,18.0,1,10.0,1
105817,0,validation,11.0,1,2.0,1
105818,0,train,13.0,1,4.0,1
105819,0,train,,0,13.0,1
105820,0,train,12.0,1,2.0,1
105821,0,test,10.0,1,0.0,1
105822,0,test,12.0,1,,0
105823,0,train,15.0,1,1.0,1
105824,1,train,14.0,1,6.0,1
105825,0,train,16.0,1,11.0,1
105826,0,train,8.0,1,1.0,1
105827,0,train,8.0,1,4.0,1
105828,0,validation,15.0,1,7.0,1
105829,1,train,22.0,1,17.0,1
105830,0,train,14.0,1,6.0,1
105831,0,test,18.0,1,6.0,1
105832,0,train,18.0,1,11.0,1
105833,0,test,12.0,1,5.0,1
105834,0,validation,18.0,1,4.0,1
105835,0,train,,0,8.0,1
105836,0,train,15.0,1,7.0,1
105837,0,validation,12.0,1,11.0,1
105838,0,train,29.0,1,16.0,1
105839,0,test,,0,0.0,1
105840,0,test,16.0,1,7.0,1
105841,0,train,23.0,1,11.0,1
105842,0,train,16.0,1,5.0,1
105843,1,train,13.0,1,13.0,1
105844,1,train,21.0,1,9.0,1
105845,0,train,24.0,1,9.0,1
105846,0,train,16.0,1,8.0,1
105847,0,train,27.0,1,10.0,1
105848,1,train,25.0,1,16.0,1
105849,0,validation,17.0,1,10.0,1
105850,1,train,12.0,1,10.0,1
105851,0,train,7.0,1,6.0,1
105852,0,train,19.0,1,10.0,1
105853,0,train,13.0,1,5.0,1
105854,0,test,2.0,1,1.0,1
105855,0,train,12.0,1,7.0,1
105856,0,test,16.0,1,8.0,1
105857,0,train,22.0,1,9.0,1
105858,0,train,10.0,1,2.0,1
105859,0,test,15.0,1,12.0,1
105860,0,train,18.0,1,13.0,1
105861,0,train,19.0,1,11.0,1
105862,0,train,26.0,1,12.0,1
105863,1,validation,14.0,1,5.0,1
105864,0,train,19.0,1,11.0,1
105865,0,train,7.0,1,2.0,1
105866,1,train,11.0,1,7.0,1
105867,0,test,13.0,1,7.0,1
105868,0,train,22.0,1,17.0,1
105869,0,train,19.0,1,9.0,1
105870,0,train,9.0,1,1.0,1
105871,0,train,24.0,1,11.0,1
105872,0,train,7.0,1,2.0,1
105873,0,validation,9.0,1,2.0,1
105874,0,train,15.0,1,10.0,1
105875,0,train,16.0,1,10.0,1
105876,1,train,20.0,1,8.0,1
105877,0,test,24.0,1,10.0,1
105878,0,train,12.0,1,5.0,1
105879,0,validation,4.0,1,9.0,1
105880,1,train,19.0,1,10.0,1
105881,0,train,13.0,1,5.0,1
105882,0,validation,17.0,1,8.0,1
105883,0,train,13.0,1,1.0,1
105884,0,train,10.0,1,6.0,1
105885,0,train,17.0,1,11.0,1
105886,0,train,17.0,1,10.0,1
105887,0,train,22.0,1,11.0,1
105888,0,train,14.0,1,6.0,1
105889,0,train,20.0,1,14.0,1
105890,0,train,19.0,1,12.0,1
105891,0,train,15.0,1,7.0,1
105892,1,train,26.0,1,15.0,1
105893,0,train,4.0,1,2.0,1
105894,0,validation,8.0,1,1.0,1
105895,1,train,19.0,1,7.0,1
105896,1,train,16.0,1,10.0,1
105897,0,train,13.0,1,2.0,1
105898,0,train,24.0,1,7.0,1
105899,0,train,13.0,1,3.0,1
105900,0,train,17.0,1,8.0,1
105901,0,train,16.0,1,7.0,1
105902,0,train,17.0,1,7.0,1
105903,0,validation,,0,0.0,1
105904,0,train,16.0,1,,0
105905,0,validation,10.0,1,12.0,1
105906,0,train,20.0,1,13.0,1
105907,1,test,16.0,1,8.0,1
105908,0,train,16.0,1,7.0,1
105909,0,train,27.0,1,18.0,1
105910,1,validation,19.0,1,5.0,1
105911,0,validation,18.0,1,9.0,1
105912,0,train,14.0,1,3.0,1
105914,1,test,,0,5.0,1
105915,0,train,19.0,1,9.0,1
105916,1,train,25.0,1,10.0,1
105917,0,test,19.0,1,1.0,1
105918,0,test,10.0,1,2.0,1
105919,0,train,11.0,1,3.0,1
105920,0,train,13.0,1,10.0,1
105921,0,test,8.0,1,3.0,1
105922,0,train,15.0,1,10.0,1
105923,0,train,13.0,1,5.0,1
105924,0,validation,19.0,1,7.0,1
105925,0,train,12.0,1,2.0,1
105926,0,train,22.0,1,13.0,1
105927,0,test,19.0,1,12.0,1
105928,0,train,18.0,1,10.0,1
105929,0,train,14.0,1,6.0,1
105930,0,validation,5.0,1,4.0,1
105931,0,train,19.0,1,7.0,1
105932,0,test,16.0,1,5.0,1
105933,0,test,14.0,1,10.0,1
105935,0,train,12.0,1,7.0,1
105936,0,validation,20.0,1,10.0,1
105937,0,train,11.0,1,2.0,1
105938,0,train,,0,3.0,1
105939,1,train,13.0,1,6.0,1
105940,0,train,18.0,1,7.0,1
105942,0,train,12.0,1,0.0,1
105943,1,validation,19.0,1,12.0,1
105944,0,train,14.0,1,,0
105945,0,test,14.0,1,2.0,1
105946,0,train,12.0,1,4.0,1
105947,1,train,19.0,1,8.0,1
105948,0,train,24.0,1,14.0,1
105950,0,train,12.0,1,2.0,1
105951,0,train,8.0,1,7.0,1
105952,1,train,14.0,1,6.0,1
105953,0,train,14.0,1,4.0,1
105954,1,train,9.0,1,8.0,1
105955,0,train,23.0,1,15.0,1
105956,0,validation,21.0,1,14.0,1
105957,0,test,15.0,1,4.0,1
105958,0,train,12.0,1,1.0,1
105959,0,validation,12.0,1,15.0,1
105960,0,train,17.0,1,8.0,1
105961,0,test,13.0,1,2.0,1
105962,0,train,10.0,1,6.0,1
105963,0,train,12.0,1,1.0,1
105964,1,train,12.0,1,1.0,1
105965,0,train,16.0,1,8.0,1
105966,0,train,19.0,1,10.0,1
105967,0,train,26.0,1,12.0,1
105968,0,train,16.0,1,12.0,1
105969,0,validation,11.0,1,1.0,1
105970,0,train,20.0,1,7.0,1
105971,0,test,20.0,1,4.0,1
105972,0,train,24.0,1,7.0,1
105973,0,train,19.0,1,6.0,1
105974,0,train,8.0,1,4.0,1
105975,0,train,17.0,1,4.0,1
105976,0,train,14.0,1,3.0,1
105977,0,test,8.0,1,3.0,1
105978,0,train,6.0,1,0.0,1
105979,0,train,8.0,1,1.0,1
105980,0,train,19.0,1,12.0,1
105981,1,train,21.0,1,13.0,1
105982,0,train,8.0,1,0.0,1
105983,1,train,19.0,1,10.0,1
105984,0,validation,19.0,1,15.0,1
105985,0,train,13.0,1,1.0,1
105986,0,train,27.0,1,20.0,1
105987,0,train,3.0,1,1.0,1
105988,0,train,22.0,1,7.0,1
105989,1,train,17.0,1,4.0,1
105990,0,train,24.0,1,8.0,1
105991,1,train,23.0,1,4.0,1
105992,0,validation,17.0,1,6.0,1
105993,1,train,16.0,1,10.0,1
105994,0,validation,19.0,1,9.0,1
105995,0,test,14.0,1,3.0,1
105996,0,train,21.0,1,12.0,1
105997,0,test,23.0,1,13.0,1
105998,0,test,12.0,1,1.0,1
105999,0,train,15.0,1,6.0,1
106000,0,test,12.0,1,4.0,1
106001,0,train,22.0,1,11.0,1
106002,0,validation,10.0,1,1.0,1
106003,0,train,10.0,1,1.0,1
106004,0,train,16.0,1,5.0,1
106005,0,validation,18.0,1,8.0,1
106006,0,train,13.0,1,8.0,1
106007,1,train,10.0,1,12.0,1
106008,0,train,9.0,1,1.0,1
106009,0,train,7.0,1,6.0,1
106010,0,validation,21.0,1,5.0,1
106011,0,train,19.0,1,6.0,1
106012,0,test,22.0,1,8.0,1
106013,0,test,20.0,1,8.0,1
106014,0,validation,,0,1.0,1
106015,0,train,14.0,1,7.0,1
106016,0,train,10.0,1,4.0,1
106017,0,train,19.0,1,7.0,1
106018,0,validation,22.0,1,11.0,1
106019,0,train,14.0,1,6.0,1
106020,0,train,8.0,1,2.0,1
106021,0,test,19.0,1,12.0,1
106022,0,test,11.0,1,3.0,1
106023,0,train,10.0,1,8.0,1
106024,1,train,24.0,1,14.0,1
106025,0,validation,12.0,1,4.0,1
106026,0,validation,18.0,1,4.0,1
106027,0,validation,23.0,1,18.0,1
106028,1,train,18.0,1,6.0,1
106029,0,validation,12.0,1,9.0,1
106030,1,train,15.0,1,9.0,1
106031,0,train,16.0,1,3.0,1
106032,0,train,17.0,1,10.0,1
106033,0,validation,7.0,1,3.0,1
106034,1,train,22.0,1,8.0,1
106035,0,train,10.0,1,3.0,1
106036,0,validation,13.0,1,3.0,1
106037,0,validation,15.0,1,7.0,1
106038,0,test,22.0,1,10.0,1
106039,0,train,5.0,1,1.0,1
106040,0,train,7.0,1,0.0,1
106041,0,train,10.0,1,7.0,1
106042,0,train,16.0,1,5.0,1
106043,0,train,14.0,1,1.0,1
106044,0,validation,2.0,1,2.0,1
106045,1,train,,0,12.0,1
106046,0,validation,,0,0.0,1
106047,0,train,21.0,1,5.0,1
106048,0,train,14.0,1,6.0,1
106049,0,validation,12.0,1,5.0,1
106050,0,train,14.0,1,6.0,1
106051,0,train,7.0,1,2.0,1
106052,0,train,11.0,1,6.0,1
106053,0,train,19.0,1,6.0,1
106054,0,train,22.0,1,12.0,1
106055,0,train,14.0,1,13.0,1
106056,0,train,10.0,1,1.0,1
106057,0,train,23.0,1,11.0,1
106058,0,train,16.0,1,7.0,1
106059,0,train,16.0,1,8.0,1
106060,0,train,12.0,1,5.0,1
106061,0,train,24.0,1,13.0,1
106063,0,validation,13.0,1,3.0,1
106064,0,train,6.0,1,2.0,1
106065,1,train,26.0,1,18.0,1
106066,1,validation,15.0,1,4.0,1
106067,0,train,16.0,1,11.0,1
106068,0,test,18.0,1,8.0,1
106069,0,train,16.0,1,9.0,1
106070,0,test,10.0,1,5.0,1
106071,0,train,15.0,1,6.0,1
106072,0,validation,15.0,1,8.0,1
106073,0,test,15.0,1,7.0,1
106074,0,train,24.0,1,12.0,1
106075,0,train,6.0,1,6.0,1
106076,0,train,21.0,1,4.0,1
106077,0,train,16.0,1,8.0,1
106078,0,train,10.0,1,2.0,1
106079,0,train,8.0,1,1.0,1
106080,0,test,13.0,1,11.0,1
106081,0,test,15.0,1,13.0,1
106082,0,test,13.0,1,8.0,1
106083,0,test,15.0,1,1.0,1
106084,0,test,,0,0.0,1
106085,0,train,13.0,1,11.0,1
106086,0,train,14.0,1,8.0,1
106087,0,train,13.0,1,7.0,1
106088,0,test,10.0,1,8.0,1
106089,0,train,9.0,1,1.0,1
106090,0,validation,21.0,1,8.0,1
106091,0,train,6.0,1,2.0,1
106092,0,train,18.0,1,11.0,1
106093,0,test,,0,6.0,1
106094,0,validation,11.0,1,0.0,1
106095,0,validation,14.0,1,13.0,1
106096,0,train,11.0,1,9.0,1
106097,0,validation,21.0,1,6.0,1
106098,0,train,14.0,1,11.0,1
106100,0,validation,,0,6.0,1
106101,0,train,18.0,1,10.0,1
106102,1,validation,19.0,1,14.0,1
106103,0,validation,10.0,1,5.0,1
106104,0,train,11.0,1,1.0,1
106105,0,train,19.0,1,8.0,1
106106,0,validation,15.0,1,10.0,1
106107,0,train,15.0,1,5.0,1
106108,0,train,16.0,1,10.0,1
106109,0,train,13.0,1,8.0,1
106110,0,validation,9.0,1,3.0,1
106111,0,validation,30.0,1,,0
106112,1,train,22.0,1,12.0,1
106113,0,train,11.0,1,6.0,1
106114,0,train,16.0,1,5.0,1
106115,0,train,12.0,1,9.0,1
106116,0,validation,9.0,1,4.0,1
106117,0,train,8.0,1,1.0,1
106118,0,train,13.0,1,12.0,1
106119,0,train,12.0,1,3.0,1
106120,1,train,13.0,1,8.0,1
106121,0,validation,11.0,1,8.0,1
106122,0,validation,,0,,0
106123,0,validation,26.0,1,15.0,1
106124,0,validation,13.0,1,1.0,1
106125,0,train,7.0,1,1.0,1
106126,0,train,17.0,1,5.0,1
106127,0,train,18.0,1,,0
106128,0,test,12.0,1,,0
106129,0,train,7.0,1,3.0,1
106130,0,validation,12.0,1,4.0,1
106131,1,validation,12.0,1,4.0,1
106132,0,train,11.0,1,0.0,1
106133,0,test,20.0,1,10.0,1
106134,0,test,10.0,1,6.0,1
106135,0,test,8.0,1,2.0,1
106136,0,train,10.0,1,5.0,1
106137,0,train,14.0,1,6.0,1
106138,1,validation,26.0,1,15.0,1
106139,1,train,21.0,1,10.0,1
106140,0,train,16.0,1,3.0,1
106141,0,validation,9.0,1,0.0,1
106142,1,train,15.0,1,5.0,1
106143,0,train,17.0,1,5.0,1
106144,0,train,17.0,1,1.0,1
106145,0,train,14.0,1,5.0,1
106146,0,train,14.0,1,7.0,1
106147,0,train,14.0,1,6.0,1
106148,0,train,14.0,1,8.0,1
106149,0,validation,27.0,1,13.0,1
106150,0,train,4.0,1,2.0,1
106151,0,train,16.0,1,7.0,1
106152,1,test,11.0,1,4.0,1
106153,1,train,16.0,1,5.0,1
106154,0,train,12.0,1,,0
106155,0,validation,19.0,1,10.0,1
106156,0,train,15.0,1,3.0,1
106157,0,validation,16.0,1,8.0,1
106158,0,train,17.0,1,1.0,1
106159,0,train,14.0,1,8.0,1
106160,0,train,18.0,1,9.0,1
106161,0,train,12.0,1,2.0,1
106162,0,train,18.0,1,11.0,1
106163,0,train,10.0,1,9.0,1
106164,0,train,18.0,1,11.0,1
106165,0,test,13.0,1,3.0,1
106166,0,train,17.0,1,7.0,1
106167,0,train,3.0,1,1.0,1
106168,1,train,20.0,1,9.0,1
106169,0,train,14.0,1,8.0,1
106170,0,train,13.0,1,9.0,1
106171,0,test,16.0,1,8.0,1
106172,0,train,18.0,1,8.0,1
106173,0,train,4.0,1,1.0,1
106174,0,train,,0,10.0,1
106175,0,train,8.0,1,1.0,1
106176,0,train,13.0,1,8.0,1
106177,1,test,31.0,1,22.0,1
106178,1,train,20.0,1,6.0,1
106179,0,train,5.0,1,0.0,1
106180,0,train,19.0,1,10.0,1
106181,0,train,12.0,1,6.0,1
106182,0,train,30.0,1,14.0,1
106183,0,train,20.0,1,11.0,1
106184,0,train,18.0,1,14.0,1
106185,0,test,22.0,1,15.0,1
106186,0,train,22.0,1,8.0,1
106187,0,train,12.0,1,6.0,1
106188,0,train,,0,8.0,1
106189,0,train,16.0,1,6.0,1
106190,0,train,17.0,1,6.0,1
106191,0,train,14.0,1,6.0,1
106192,1,validation,19.0,1,6.0,1
106193,0,test,,0,5.0,1
106194,0,validation,18.0,1,7.0,1
106195,0,train,19.0,1,17.0,1
106196,0,train,19.0,1,3.0,1
106197,0,test,16.0,1,8.0,1
106198,0,validation,20.0,1,7.0,1
106199,0,train,10.0,1,6.0,1
106200,0,train,5.0,1,,0
106201,0,validation,23.0,1,10.0,1
106202,1,train,19.0,1,13.0,1
106203,0,train,9.0,1,7.0,1
106204,0,train,14.0,1,4.0,1
106205,0,train,16.0,1,8.0,1
106206,0,train,12.0,1,2.0,1
106207,0,validation,24.0,1,10.0,1
106208,0,train,9.0,1,4.0,1
106209,1,train,26.0,1,21.0,1
106210,0,train,17.0,1,8.0,1
106211,0,train,9.0,1,3.0,1
106212,0,train,13.0,1,13.0,1
106213,1,validation,8.0,1,2.0,1
106214,1,train,18.0,1,8.0,1
106215,0,test,16.0,1,8.0,1
106216,0,train,22.0,1,6.0,1
106217,0,train,14.0,1,5.0,1
106218,0,test,11.0,1,8.0,1
106219,0,train,9.0,1,8.0,1
106221,0,test,9.0,1,3.0,1
106222,0,train,11.0,1,0.0,1
106223,0,test,20.0,1,,0
106224,0,validation,24.0,1,10.0,1
106225,0,train,19.0,1,4.0,1
106226,0,test,13.0,1,3.0,1
106227,0,test,15.0,1,6.0,1
106228,0,train,13.0,1,4.0,1
106229,1,train,10.0,1,0.0,1
106230,0,train,23.0,1,11.0,1
106231,0,train,21.0,1,16.0,1
106232,0,validation,11.0,1,4.0,1
106233,1,validation,18.0,1,8.0,1
106234,0,train,19.0,1,12.0,1
106235,0,validation,16.0,1,11.0,1
106236,0,validation,15.0,1,7.0,1
106237,0,train,12.0,1,3.0,1
106238,0,test,22.0,1,9.0,1
106239,0,train,16.0,1,9.0,1
106240,0,train,22.0,1,11.0,1
106241,0,train,,0,2.0,1
106242,0,train,15.0,1,3.0,1
106243,0,train,12.0,1,9.0,1
106244,0,train,13.0,1,1.0,1
106245,0,test,10.0,1,3.0,1
106246,0,validation,22.0,1,9.0,1
106247,0,train,13.0,1,3.0,1
106248,0,train,11.0,1,5.0,1
106249,0,train,14.0,1,7.0,1
106250,0,train,10.0,1,1.0,1
106251,0,train,7.0,1,4.0,1
106252,0,train,24.0,1,8.0,1
106253,0,train,9.0,1,1.0,1
106254,0,train,22.0,1,8.0,1
106255,0,validation,9.0,1,1.0,1
106256,0,train,17.0,1,9.0,1
106257,0,train,11.0,1,5.0,1
106258,0,train,14.0,1,12.0,1
106259,0,train,18.0,1,10.0,1
106260,0,train,14.0,1,8.0,1
106261,0,validation,8.0,1,7.0,1
106262,0,train,21.0,1,10.0,1
106263,0,train,7.0,1,1.0,1
106264,0,train,14.0,1,9.0,1
106265,0,train,10.0,1,0.0,1
106266,0,train,12.0,1,5.0,1
106267,0,train,16.0,1,8.0,1
106268,1,train,29.0,1,18.0,1
106269,0,train,8.0,1,3.0,1
106270,0,train,16.0,1,3.0,1
106271,0,train,15.0,1,10.0,1
106272,0,test,14.0,1,10.0,1
106273,0,test,20.0,1,14.0,1
106274,0,train,7.0,1,2.0,1
106275,1,train,16.0,1,12.0,1
106276,0,train,18.0,1,9.0,1
106277,0,train,11.0,1,7.0,1
106278,0,train,12.0,1,1.0,1
106279,0,test,6.0,1,3.0,1
106280,0,train,6.0,1,3.0,1
106281,0,validation,9.0,1,4.0,1
106282,0,train,6.0,1,1.0,1
106283,0,train,15.0,1,11.0,1
106284,1,validation,22.0,1,12.0,1
106285,0,test,16.0,1,8.0,1
106286,1,train,23.0,1,12.0,1
106287,0,train,25.0,1,10.0,1
106288,0,train,6.0,1,1.0,1
106289,0,validation,22.0,1,9.0,1
106290,0,train,15.0,1,9.0,1
106291,0,train,12.0,1,4.0,1
106292,0,train,12.0,1,0.0,1
106293,0,train,7.0,1,4.0,1
106294,0,validation,2.0,1,2.0,1
106295,0,train,15.0,1,10.0,1
106296,0,train,23.0,1,10.0,1
106297,0,test,12.0,1,4.0,1
106298,0,train,16.0,1,12.0,1
106299,1,train,33.0,1,22.0,1
106300,0,validation,20.0,1,8.0,1
106301,0,test,,0,0.0,1
106302,0,test,18.0,1,3.0,1
106303,0,train,22.0,1,13.0,1
106304,0,train,17.0,1,3.0,1
106305,0,train,23.0,1,14.0,1
106306,0,test,10.0,1,2.0,1
106307,0,train,16.0,1,9.0,1
106308,0,train,17.0,1,12.0,1
106309,0,train,15.0,1,8.0,1
106310,0,test,18.0,1,7.0,1
106311,0,train,22.0,1,8.0,1
106312,0,validation,13.0,1,6.0,1
106313,0,train,12.0,1,3.0,1
106314,0,train,16.0,1,5.0,1
106315,0,train,14.0,1,1.0,1
106316,0,train,17.0,1,8.0,1
106317,0,train,7.0,1,1.0,1
106318,0,train,15.0,1,2.0,1
106319,0,train,6.0,1,2.0,1
106320,0,test,7.0,1,2.0,1
106321,0,test,22.0,1,11.0,1
106322,0,train,18.0,1,7.0,1
106323,0,train,15.0,1,9.0,1
106324,0,validation,6.0,1,1.0,1
106325,0,train,16.0,1,3.0,1
106326,0,validation,10.0,1,2.0,1
106327,0,train,15.0,1,6.0,1
106328,0,train,16.0,1,8.0,1
106329,0,train,22.0,1,10.0,1
106330,0,train,18.0,1,5.0,1
106331,0,train,20.0,1,7.0,1
106332,0,train,20.0,1,9.0,1
106333,0,test,16.0,1,8.0,1
106334,1,test,18.0,1,6.0,1
106335,0,validation,10.0,1,1.0,1
106336,0,train,18.0,1,7.0,1
106337,0,validation,19.0,1,8.0,1
106338,0,validation,14.0,1,5.0,1
106339,0,train,16.0,1,9.0,1
106340,0,train,12.0,1,7.0,1
106341,0,train,23.0,1,10.0,1
106342,0,train,15.0,1,9.0,1
106343,0,train,10.0,1,1.0,1
106344,0,test,14.0,1,11.0,1
106345,0,test,15.0,1,9.0,1
106346,0,train,10.0,1,2.0,1
106347,0,validation,6.0,1,1.0,1
106348,0,train,14.0,1,5.0,1
106349,0,validation,11.0,1,2.0,1
106350,1,train,19.0,1,10.0,1
106351,0,train,14.0,1,4.0,1
106352,0,test,15.0,1,4.0,1
106353,0,train,18.0,1,6.0,1
106354,0,train,14.0,1,7.0,1
106355,0,train,6.0,1,1.0,1
106356,0,train,7.0,1,4.0,1
106357,0,train,21.0,1,14.0,1
106358,0,train,12.0,1,1.0,1
106359,0,test,,0,0.0,1
106360,0,train,17.0,1,6.0,1
106361,0,test,19.0,1,4.0,1
106362,0,train,16.0,1,11.0,1
106363,0,train,17.0,1,8.0,1
106364,1,validation,16.0,1,4.0,1
106365,0,train,13.0,1,4.0,1
106366,0,train,18.0,1,10.0,1
106367,0,train,10.0,1,2.0,1
106368,0,validation,21.0,1,5.0,1
106369,0,train,11.0,1,6.0,1
106370,0,train,12.0,1,14.0,1
106371,0,train,18.0,1,8.0,1
106372,0,train,16.0,1,11.0,1
106373,0,validation,4.0,1,6.0,1
106374,0,train,12.0,1,8.0,1
106375,0,test,7.0,1,4.0,1
106376,0,train,15.0,1,8.0,1
106377,0,train,8.0,1,0.0,1
106378,0,validation,12.0,1,2.0,1
106379,0,train,12.0,1,0.0,1
106380,0,train,14.0,1,9.0,1
106381,0,test,18.0,1,12.0,1
106382,0,train,17.0,1,11.0,1
106383,0,test,17.0,1,6.0,1
106384,0,validation,4.0,1,1.0,1
106385,1,validation,22.0,1,11.0,1
106386,0,validation,21.0,1,14.0,1
106387,0,test,11.0,1,1.0,1
106388,0,test,19.0,1,9.0,1
106389,0,train,16.0,1,10.0,1
106390,0,train,9.0,1,1.0,1
106391,0,train,18.0,1,11.0,1
106392,0,train,20.0,1,17.0,1
106393,0,train,15.0,1,10.0,1
106394,0,train,16.0,1,7.0,1
106395,0,train,17.0,1,3.0,1
106396,0,validation,14.0,1,4.0,1
106397,0,train,9.0,1,4.0,1
106398,0,train,13.0,1,6.0,1
106399,0,train,,0,20.0,1
106400,0,validation,16.0,1,6.0,1
106401,1,train,,0,5.0,1
106402,0,train,12.0,1,,0
106403,1,train,21.0,1,12.0,1
106404,0,train,15.0,1,1.0,1
106405,0,train,16.0,1,11.0,1
106406,0,train,,0,2.0,1
106407,0,test,11.0,1,11.0,1
106408,0,validation,13.0,1,6.0,1
106409,1,train,,0,3.0,1
106410,0,validation,16.0,1,5.0,1
106411,0,train,11.0,1,5.0,1
106412,0,train,21.0,1,10.0,1
106413,0,train,21.0,1,10.0,1
106414,0,train,18.0,1,11.0,1
106415,0,train,13.0,1,8.0,1
106416,1,train,18.0,1,8.0,1
106417,1,train,32.0,1,11.0,1
106418,0,train,20.0,1,10.0,1
106419,0,train,23.0,1,9.0,1
106420,0,train,8.0,1,2.0,1
106421,0,train,14.0,1,3.0,1
106422,0,train,21.0,1,9.0,1
106423,0,validation,18.0,1,3.0,1
106424,0,train,11.0,1,6.0,1
106425,0,train,18.0,1,11.0,1
106426,1,train,19.0,1,9.0,1
106427,0,train,18.0,1,12.0,1
106428,0,train,7.0,1,1.0,1
106429,0,train,15.0,1,9.0,1
106430,0,validation,18.0,1,13.0,1
106431,0,train,15.0,1,3.0,1
106432,0,train,11.0,1,2.0,1
106433,1,train,20.0,1,6.0,1
106434,0,validation,8.0,1,1.0,1
106435,0,train,14.0,1,2.0,1
106436,1,train,21.0,1,18.0,1
106437,0,train,10.0,1,2.0,1
106438,0,test,20.0,1,13.0,1
106440,0,validation,17.0,1,7.0,1
106441,0,train,20.0,1,5.0,1
106442,1,train,12.0,1,5.0,1
106444,0,train,16.0,1,5.0,1
106445,0,train,9.0,1,2.0,1
106446,0,validation,14.0,1,4.0,1
106447,0,train,23.0,1,14.0,1
106448,0,validation,6.0,1,1.0,1
106449,0,test,16.0,1,5.0,1
106450,0,test,15.0,1,4.0,1
106451,0,validation,15.0,1,5.0,1
106452,1,train,27.0,1,18.0,1
106453,1,train,15.0,1,13.0,1
106454,0,test,13.0,1,4.0,1
106455,1,train,,0,21.0,1
106456,0,train,19.0,1,7.0,1
106457,1,train,12.0,1,6.0,1
106458,0,train,13.0,1,3.0,1
106459,0,train,9.0,1,4.0,1
106460,0,train,6.0,1,3.0,1
106461,1,validation,16.0,1,8.0,1
106462,0,test,21.0,1,11.0,1
106463,0,train,7.0,1,1.0,1
106464,0,train,19.0,1,14.0,1
106465,0,train,8.0,1,3.0,1
106466,0,validation,13.0,1,5.0,1
106467,1,train,22.0,1,16.0,1
106468,0,train,24.0,1,,0
106469,0,train,6.0,1,0.0,1
106470,1,train,18.0,1,9.0,1
106471,0,train,20.0,1,10.0,1
106472,0,train,11.0,1,8.0,1
106473,0,train,,0,5.0,1
106474,0,train,17.0,1,10.0,1
106475,0,validation,12.0,1,9.0,1
106476,1,train,22.0,1,14.0,1
106477,0,train,10.0,1,4.0,1
106478,0,train,,0,,0
106479,0,test,16.0,1,9.0,1
106480,0,test,17.0,1,7.0,1
106481,1,train,19.0,1,8.0,1
106482,1,train,16.0,1,10.0,1
106483,0,train,4.0,1,3.0,1
106484,0,train,15.0,1,2.0,1
106485,0,train,15.0,1,14.0,1
106486,0,train,11.0,1,7.0,1
106487,0,train,15.0,1,3.0,1
106488,1,train,26.0,1,6.0,1
106489,0,train,10.0,1,4.0,1
106490,0,train,15.0,1,6.0,1
106491,1,train,12.0,1,3.0,1
106492,0,test,14.0,1,9.0,1
106493,0,test,20.0,1,4.0,1
106494,0,validation,11.0,1,4.0,1
106495,0,train,17.0,1,11.0,1
106496,0,train,6.0,1,0.0,1
106497,0,validation,20.0,1,10.0,1
106498,1,train,13.0,1,9.0,1
106499,0,train,12.0,1,2.0,1
106500,0,test,18.0,1,16.0,1
106501,0,train,5.0,1,5.0,1
106502,0,train,18.0,1,6.0,1
106503,0,train,11.0,1,2.0,1
106504,0,validation,17.0,1,10.0,1
106505,0,train,13.0,1,7.0,1
106506,1,train,20.0,1,9.0,1
106507,0,train,8.0,1,1.0,1
106508,0,train,16.0,1,2.0,1
106509,0,train,18.0,1,7.0,1
106510,1,train,21.0,1,9.0,1
106511,0,train,17.0,1,9.0,1
106512,0,train,10.0,1,4.0,1
106513,0,train,11.0,1,2.0,1
106514,0,train,16.0,1,3.0,1
106515,0,train,5.0,1,4.0,1
106516,0,validation,12.0,1,3.0,1
106517,0,train,21.0,1,8.0,1
106518,0,train,18.0,1,9.0,1
106519,0,validation,13.0,1,1.0,1
106520,0,train,6.0,1,3.0,1
106521,1,train,15.0,1,6.0,1
106522,1,validation,18.0,1,14.0,1
106523,0,train,13.0,1,1.0,1
106524,0,train,8.0,1,2.0,1
106525,1,train,22.0,1,10.0,1
106526,0,train,18.0,1,11.0,1
106527,0,validation,19.0,1,8.0,1
106528,0,validation,14.0,1,6.0,1
106529,0,validation,11.0,1,9.0,1
106530,0,train,12.0,1,1.0,1
106531,0,train,16.0,1,13.0,1
106532,1,train,21.0,1,12.0,1
106533,0,test,26.0,1,12.0,1
106534,0,train,16.0,1,9.0,1
106535,0,train,19.0,1,7.0,1
106536,0,test,16.0,1,,0
106537,0,train,13.0,1,0.0,1
106538,0,test,15.0,1,5.0,1
106539,0,validation,11.0,1,1.0,1
106540,0,test,9.0,1,2.0,1
106541,0,test,24.0,1,14.0,1
106542,0,train,22.0,1,12.0,1
106543,0,train,9.0,1,7.0,1
106544,0,train,12.0,1,9.0,1
106545,0,train,9.0,1,,0
106546,1,validation,10.0,1,10.0,1
106547,0,train,20.0,1,11.0,1
106548,0,train,24.0,1,10.0,1
106549,0,test,18.0,1,8.0,1
106550,0,validation,19.0,1,10.0,1
106551,0,train,14.0,1,5.0,1
106552,0,train,18.0,1,7.0,1
106553,1,train,19.0,1,15.0,1
106554,0,train,18.0,1,16.0,1
106555,0,test,6.0,1,0.0,1
106556,0,train,18.0,1,4.0,1
106557,0,train,4.0,1,2.0,1
106558,0,train,14.0,1,2.0,1
106559,0,train,18.0,1,3.0,1
106560,0,train,14.0,1,7.0,1
106561,0,train,9.0,1,4.0,1
106562,0,train,22.0,1,6.0,1
106563,0,train,17.0,1,9.0,1
106564,0,test,19.0,1,14.0,1
106565,0,train,21.0,1,11.0,1
106567,0,train,18.0,1,4.0,1
106568,0,train,9.0,1,2.0,1
106569,1,train,21.0,1,8.0,1
106570,0,train,10.0,1,8.0,1
106571,0,train,8.0,1,1.0,1
106572,0,train,15.0,1,8.0,1
106573,0,train,,0,0.0,1
106574,0,train,13.0,1,6.0,1
106575,0,validation,19.0,1,7.0,1
106576,0,train,15.0,1,2.0,1
106577,0,train,17.0,1,5.0,1
106578,0,train,20.0,1,5.0,1
106579,0,test,19.0,1,11.0,1
106580,0,train,12.0,1,2.0,1
106581,0,validation,8.0,1,2.0,1
106582,0,train,22.0,1,11.0,1
106583,0,train,15.0,1,12.0,1
106584,0,train,17.0,1,10.0,1
106585,0,train,20.0,1,12.0,1
106586,0,train,11.0,1,6.0,1
106587,0,train,,0,2.0,1
106588,0,train,11.0,1,5.0,1
106589,0,train,23.0,1,,0
106590,0,train,15.0,1,2.0,1
106591,1,train,23.0,1,12.0,1
106592,0,train,15.0,1,2.0,1
106593,0,train,9.0,1,3.0,1
106594,0,train,19.0,1,3.0,1
106595,0,train,7.0,1,8.0,1
106596,0,test,25.0,1,8.0,1
106597,0,test,21.0,1,9.0,1
106598,1,train,24.0,1,10.0,1
106599,0,test,22.0,1,14.0,1
106600,0,train,10.0,1,1.0,1
106601,0,train,10.0,1,8.0,1
106602,0,test,12.0,1,6.0,1
106603,1,validation,22.0,1,11.0,1
106604,0,validation,11.0,1,7.0,1
106605,1,validation,,0,0.0,1
106606,0,train,11.0,1,7.0,1
106607,0,train,28.0,1,17.0,1
106608,0,train,14.0,1,6.0,1
106609,1,train,32.0,1,16.0,1
106610,0,test,13.0,1,4.0,1
106611,0,train,18.0,1,5.0,1
106612,0,validation,8.0,1,2.0,1
106613,0,train,18.0,1,10.0,1
106614,0,test,19.0,1,16.0,1
106615,1,test,18.0,1,14.0,1
106616,0,train,8.0,1,2.0,1
106617,1,train,8.0,1,7.0,1
106618,0,train,11.0,1,5.0,1
106619,1,train,17.0,1,8.0,1
106620,0,train,11.0,1,0.0,1
106621,0,train,20.0,1,6.0,1
106622,1,train,6.0,1,1.0,1
106623,0,train,,0,1.0,1
106625,0,train,12.0,1,,0
106626,0,train,11.0,1,2.0,1
106627,0,train,11.0,1,1.0,1
106628,0,train,6.0,1,5.0,1
106629,0,train,10.0,1,5.0,1
106630,0,train,14.0,1,7.0,1
106631,1,test,28.0,1,,0
106632,0,test,14.0,1,9.0,1
106633,1,train,24.0,1,15.0,1
106634,0,train,13.0,1,1.0,1
106635,0,validation,19.0,1,7.0,1
106636,1,train,6.0,1,1.0,1
106637,0,validation,10.0,1,2.0,1
106638,1,train,19.0,1,9.0,1
106639,0,train,6.0,1,1.0,1
106640,0,train,22.0,1,,0
106641,0,train,18.0,1,10.0,1
106642,0,validation,15.0,1,4.0,1
106643,0,validation,7.0,1,0.0,1
106644,1,test,17.0,1,8.0,1
106645,0,validation,20.0,1,13.0,1
106646,0,train,11.0,1,3.0,1
106647,0,train,15.0,1,4.0,1
106648,0,train,11.0,1,6.0,1
106649,0,train,13.0,1,9.0,1
106650,0,train,11.0,1,5.0,1
106651,0,train,15.0,1,8.0,1
106652,0,train,28.0,1,8.0,1
106653,0,test,15.0,1,4.0,1
106654,1,train,18.0,1,11.0,1
106655,1,train,20.0,1,9.0,1
106656,0,train,17.0,1,9.0,1
106657,0,train,23.0,1,15.0,1
106658,0,train,19.0,1,8.0,1
106659,0,train,16.0,1,11.0,1
106660,0,train,20.0,1,8.0,1
106661,0,train,12.0,1,2.0,1
106662,0,train,17.0,1,5.0,1
106663,0,train,10.0,1,2.0,1
106664,0,train,11.0,1,3.0,1
106665,0,train,18.0,1,1.0,1
106666,0,train,9.0,1,1.0,1
106667,0,validation,14.0,1,3.0,1
106668,0,test,6.0,1,1.0,1
106669,0,test,8.0,1,8.0,1
106670,0,train,12.0,1,2.0,1
106671,0,train,11.0,1,8.0,1
106672,1,test,21.0,1,12.0,1
106673,1,train,19.0,1,11.0,1
106674,0,validation,10.0,1,5.0,1
106675,0,validation,20.0,1,4.0,1
106676,0,validation,9.0,1,0.0,1
106677,0,train,15.0,1,5.0,1
106678,0,validation,9.0,1,5.0,1
106679,0,test,13.0,1,12.0,1
106680,1,train,18.0,1,12.0,1
106681,0,test,14.0,1,9.0,1
106682,0,train,23.0,1,14.0,1
106683,1,train,18.0,1,12.0,1
106684,0,train,9.0,1,2.0,1
106685,0,validation,7.0,1,5.0,1
106686,0,train,17.0,1,7.0,1
106687,0,train,18.0,1,13.0,1
106688,0,train,10.0,1,3.0,1
106689,0,train,16.0,1,9.0,1
106690,1,train,20.0,1,14.0,1
106691,0,test,7.0,1,2.0,1
106692,0,validation,18.0,1,9.0,1
106693,0,train,21.0,1,7.0,1
106694,1,train,17.0,1,8.0,1
106695,1,validation,15.0,1,7.0,1
106696,0,test,12.0,1,3.0,1
106697,0,train,17.0,1,7.0,1
106698,0,train,10.0,1,5.0,1
106699,0,train,17.0,1,9.0,1
106700,0,train,12.0,1,2.0,1
106701,0,train,7.0,1,2.0,1
106702,0,train,11.0,1,7.0,1
106703,0,train,11.0,1,6.0,1
106704,0,test,18.0,1,11.0,1
106705,0,validation,22.0,1,13.0,1
106706,0,train,18.0,1,11.0,1
106707,0,train,16.0,1,8.0,1
106708,0,train,13.0,1,9.0,1
106709,0,train,8.0,1,1.0,1
106710,0,train,22.0,1,13.0,1
106711,0,train,,0,0.0,1
106712,0,train,8.0,1,12.0,1
106713,0,validation,11.0,1,0.0,1
106714,1,validation,25.0,1,11.0,1
106715,0,train,13.0,1,8.0,1
106716,1,train,24.0,1,17.0,1
106717,0,train,11.0,1,3.0,1
106718,0,train,15.0,1,8.0,1
106719,0,train,13.0,1,8.0,1
106720,0,train,23.0,1,9.0,1
106721,0,validation,23.0,1,16.0,1
106722,0,test,15.0,1,11.0,1
106723,0,test,12.0,1,8.0,1
106724,0,train,20.0,1,12.0,1
106725,0,train,18.0,1,8.0,1
106726,0,train,17.0,1,10.0,1
106727,0,train,20.0,1,10.0,1
106728,0,train,14.0,1,6.0,1
106729,0,train,13.0,1,3.0,1
106730,0,train,16.0,1,10.0,1
106731,0,train,17.0,1,4.0,1
106732,0,train,21.0,1,8.0,1
106733,0,train,17.0,1,9.0,1
106734,0,validation,11.0,1,3.0,1
106735,0,train,15.0,1,14.0,1
106736,0,train,12.0,1,2.0,1
106737,0,train,20.0,1,9.0,1
106738,0,validation,,0,4.0,1
106739,0,test,9.0,1,7.0,1
106740,0,train,16.0,1,6.0,1
106741,0,train,17.0,1,4.0,1
106742,0,train,11.0,1,0.0,1
106743,0,train,13.0,1,8.0,1
106744,0,train,15.0,1,11.0,1
106745,0,train,16.0,1,4.0,1
106746,0,train,12.0,1,8.0,1
106747,1,test,15.0,1,4.0,1
106748,0,train,2.0,1,0.0,1
106749,1,train,17.0,1,7.0,1
106750,0,train,20.0,1,14.0,1
106751,0,train,19.0,1,9.0,1
106752,0,train,21.0,1,9.0,1
106753,0,train,6.0,1,13.0,1
106754,0,train,14.0,1,9.0,1
106755,0,validation,11.0,1,1.0,1
106756,0,train,22.0,1,9.0,1
106757,0,train,5.0,1,,0
106758,0,train,8.0,1,2.0,1
106759,0,validation,14.0,1,8.0,1
106760,0,validation,11.0,1,9.0,1
106761,0,test,9.0,1,2.0,1
106762,0,test,21.0,1,11.0,1
106763,0,train,20.0,1,9.0,1
106764,0,train,10.0,1,1.0,1
106765,0,validation,13.0,1,8.0,1
106766,0,train,11.0,1,9.0,1
106767,0,train,7.0,1,1.0,1
106768,0,train,9.0,1,10.0,1
106769,0,train,13.0,1,9.0,1
106770,0,train,17.0,1,6.0,1
106771,0,train,15.0,1,12.0,1
106772,0,test,6.0,1,2.0,1
106773,0,train,11.0,1,1.0,1
106774,1,train,16.0,1,8.0,1
106775,0,validation,24.0,1,6.0,1
106776,0,train,20.0,1,9.0,1
106777,0,train,22.0,1,11.0,1
106779,0,train,16.0,1,9.0,1
106780,1,validation,24.0,1,13.0,1
106781,0,test,16.0,1,7.0,1
106782,1,train,16.0,1,5.0,1
106783,0,train,21.0,1,9.0,1
106784,0,train,11.0,1,1.0,1
106785,0,train,14.0,1,6.0,1
106786,0,validation,15.0,1,8.0,1
106787,0,train,15.0,1,6.0,1
106788,1,train,22.0,1,10.0,1
106789,0,train,11.0,1,4.0,1
106790,0,train,18.0,1,7.0,1
106791,1,train,,0,10.0,1
106792,0,test,11.0,1,0.0,1
106793,0,train,7.0,1,1.0,1
106794,0,train,13.0,1,1.0,1
106795,0,validation,5.0,1,2.0,1
106796,0,test,21.0,1,11.0,1
106797,0,train,18.0,1,6.0,1
106798,1,train,18.0,1,5.0,1
106799,0,train,6.0,1,1.0,1
106800,0,validation,16.0,1,7.0,1
106801,0,test,16.0,1,7.0,1
106802,0,train,18.0,1,6.0,1
106803,0,test,3.0,1,2.0,1
106804,0,train,13.0,1,8.0,1
106805,0,train,17.0,1,8.0,1
106806,0,train,8.0,1,1.0,1
106807,1,test,10.0,1,4.0,1
106808,1,train,23.0,1,8.0,1
106809,0,train,15.0,1,10.0,1
106810,0,train,21.0,1,12.0,1
106811,0,train,4.0,1,4.0,1
106812,0,train,9.0,1,1.0,1
106813,0,train,12.0,1,2.0,1
106814,0,train,6.0,1,3.0,1
106815,0,test,14.0,1,4.0,1
106816,0,validation,,0,5.0,1
106817,0,train,12.0,1,7.0,1
106818,0,train,16.0,1,7.0,1
106819,0,train,12.0,1,8.0,1
106820,1,train,17.0,1,4.0,1
106821,0,train,11.0,1,1.0,1
106822,0,train,17.0,1,6.0,1
106823,0,train,13.0,1,3.0,1
106824,1,train,23.0,1,,0
106825,1,train,19.0,1,6.0,1
106826,0,train,12.0,1,1.0,1
106827,0,train,12.0,1,4.0,1
106828,0,train,19.0,1,7.0,1
106829,0,validation,23.0,1,8.0,1
106830,0,train,10.0,1,7.0,1
106831,0,train,16.0,1,,0
106832,0,validation,20.0,1,8.0,1
106833,1,validation,14.0,1,5.0,1
106834,0,train,9.0,1,1.0,1
106835,0,validation,12.0,1,7.0,1
106836,0,test,16.0,1,11.0,1
106837,0,validation,17.0,1,7.0,1
106838,0,test,24.0,1,13.0,1
106839,1,train,18.0,1,6.0,1
106840,0,validation,16.0,1,,0
106841,0,train,13.0,1,2.0,1
106842,0,train,15.0,1,7.0,1
106843,0,train,18.0,1,8.0,1
106844,0,test,13.0,1,8.0,1
106845,0,train,22.0,1,14.0,1
106846,0,test,10.0,1,9.0,1
106847,1,train,20.0,1,10.0,1
106848,0,test,19.0,1,10.0,1
106849,0,test,13.0,1,13.0,1
106850,1,validation,,0,1.0,1
106851,0,test,17.0,1,11.0,1
106852,0,validation,12.0,1,6.0,1
106853,1,test,19.0,1,8.0,1
106854,1,train,14.0,1,4.0,1
106855,1,test,21.0,1,7.0,1
106856,0,test,22.0,1,6.0,1
106857,0,train,18.0,1,6.0,1
106858,0,validation,9.0,1,7.0,1
106859,0,train,16.0,1,8.0,1
106860,0,train,4.0,1,2.0,1
106861,0,train,21.0,1,12.0,1
106862,0,train,15.0,1,8.0,1
106864,0,train,21.0,1,13.0,1
106865,0,train,21.0,1,8.0,1
106866,0,train,11.0,1,2.0,1
106867,0,validation,17.0,1,9.0,1
106868,0,test,19.0,1,8.0,1
106869,0,validation,22.0,1,9.0,1
106870,0,train,7.0,1,3.0,1
106871,0,train,19.0,1,13.0,1
106872,1,test,,0,7.0,1
106873,0,train,15.0,1,13.0,1
106874,1,test,,0,4.0,1
106875,1,train,25.0,1,16.0,1
106876,0,validation,15.0,1,8.0,1
106877,0,train,19.0,1,6.0,1
106878,0,train,25.0,1,10.0,1
106879,0,train,16.0,1,6.0,1
106880,1,train,16.0,1,6.0,1
106881,0,train,6.0,1,2.0,1
106882,1,train,19.0,1,11.0,1
106883,1,train,16.0,1,7.0,1
106884,0,train,8.0,1,2.0,1
106885,1,train,17.0,1,14.0,1
106886,0,train,14.0,1,3.0,1
106887,0,train,14.0,1,2.0,1
106888,0,train,14.0,1,7.0,1
106889,0,train,13.0,1,3.0,1
106890,1,train,18.0,1,4.0,1
106891,0,train,22.0,1,7.0,1
106892,0,train,12.0,1,9.0,1
106893,0,test,24.0,1,9.0,1
106894,0,test,12.0,1,6.0,1
106895,0,train,19.0,1,,0
106896,0,train,21.0,1,11.0,1
106897,0,train,13.0,1,7.0,1
106898,0,train,15.0,1,3.0,1
106899,0,train,12.0,1,5.0,1
106900,0,train,10.0,1,2.0,1
106901,0,train,15.0,1,10.0,1
106902,0,train,15.0,1,9.0,1
106903,0,train,7.0,1,2.0,1
106904,0,train,11.0,1,7.0,1
106905,0,test,13.0,1,3.0,1
106906,0,test,19.0,1,8.0,1
106907,1,test,23.0,1,12.0,1
106908,0,train,24.0,1,11.0,1
106909,1,train,21.0,1,7.0,1
106910,0,validation,11.0,1,3.0,1
106911,0,test,,0,3.0,1
106912,0,train,5.0,1,1.0,1
106913,0,test,11.0,1,2.0,1
106914,0,train,12.0,1,0.0,1
106915,0,train,13.0,1,3.0,1
106916,0,test,12.0,1,2.0,1
106917,0,train,14.0,1,9.0,1
106918,1,train,18.0,1,7.0,1
106919,0,train,17.0,1,8.0,1
106920,0,train,5.0,1,5.0,1
106921,0,train,17.0,1,12.0,1
106922,0,validation,19.0,1,13.0,1
106923,0,test,17.0,1,6.0,1
106924,0,train,21.0,1,10.0,1
106925,0,test,16.0,1,8.0,1
106926,1,train,19.0,1,5.0,1
106927,0,train,17.0,1,8.0,1
106928,0,train,17.0,1,11.0,1
106929,0,validation,14.0,1,1.0,1
106930,0,validation,21.0,1,7.0,1
106931,0,train,13.0,1,5.0,1
106932,0,train,13.0,1,6.0,1
106933,0,train,8.0,1,4.0,1
106934,1,train,17.0,1,5.0,1
106935,0,train,9.0,1,1.0,1
106936,0,train,17.0,1,8.0,1
106937,0,train,25.0,1,14.0,1
106938,0,validation,27.0,1,12.0,1
106939,0,train,18.0,1,6.0,1
106940,0,train,7.0,1,3.0,1
106941,0,validation,24.0,1,8.0,1
106942,0,train,16.0,1,9.0,1
106943,0,train,16.0,1,14.0,1
106944,0,validation,6.0,1,1.0,1
106945,0,train,10.0,1,0.0,1
106946,0,train,24.0,1,12.0,1
106947,0,train,18.0,1,7.0,1
106948,0,train,14.0,1,11.0,1
106949,0,validation,,0,3.0,1
106950,0,train,19.0,1,8.0,1
106951,0,train,12.0,1,4.0,1
106952,0,validation,15.0,1,1.0,1
106953,0,train,18.0,1,15.0,1
106954,0,test,18.0,1,9.0,1
106955,1,test,19.0,1,7.0,1
106956,0,train,14.0,1,3.0,1
106957,0,train,20.0,1,7.0,1
106958,0,train,11.0,1,2.0,1
106959,0,train,20.0,1,9.0,1
106960,0,validation,14.0,1,9.0,1
106961,0,train,20.0,1,12.0,1
106962,1,train,21.0,1,14.0,1
106963,0,train,11.0,1,4.0,1
106964,0,train,18.0,1,8.0,1
106965,0,train,18.0,1,7.0,1
106966,0,train,21.0,1,10.0,1
106967,0,test,16.0,1,9.0,1
106968,0,train,11.0,1,2.0,1
106969,0,train,20.0,1,8.0,1
106970,0,train,20.0,1,8.0,1
106971,0,train,7.0,1,5.0,1
106972,0,train,23.0,1,9.0,1
106973,0,train,8.0,1,4.0,1
106974,0,test,14.0,1,1.0,1
106975,0,test,16.0,1,11.0,1
106976,0,test,11.0,1,2.0,1
106977,1,train,19.0,1,14.0,1
106978,0,train,15.0,1,11.0,1
106979,0,train,10.0,1,5.0,1
106980,0,train,18.0,1,6.0,1
106981,0,test,24.0,1,7.0,1
106982,0,train,8.0,1,3.0,1
106983,1,test,16.0,1,5.0,1
106984,0,test,,0,1.0,1
106985,0,train,12.0,1,7.0,1
106986,0,train,12.0,1,2.0,1
106987,1,validation,14.0,1,3.0,1
106988,0,train,15.0,1,10.0,1
106989,1,validation,20.0,1,5.0,1
106990,1,train,23.0,1,9.0,1
106991,1,train,13.0,1,,0
106992,0,train,12.0,1,8.0,1
106993,0,train,14.0,1,8.0,1
106994,0,train,11.0,1,12.0,1
106995,0,train,16.0,1,5.0,1
106996,0,train,26.0,1,22.0,1
106997,0,train,10.0,1,1.0,1
106998,0,train,13.0,1,6.0,1
106999,0,train,15.0,1,2.0,1
107000,0,train,20.0,1,13.0,1
107001,0,train,10.0,1,6.0,1
107002,0,validation,11.0,1,5.0,1
107003,0,train,10.0,1,1.0,1
107004,0,train,18.0,1,4.0,1
107005,0,train,12.0,1,7.0,1
107006,0,train,15.0,1,7.0,1
107007,0,train,20.0,1,11.0,1
107008,0,train,12.0,1,4.0,1
107009,0,validation,19.0,1,9.0,1
107010,0,validation,20.0,1,11.0,1
107011,0,validation,15.0,1,5.0,1
107012,0,train,15.0,1,3.0,1
107013,0,train,6.0,1,1.0,1
107014,1,train,27.0,1,12.0,1
107015,0,train,22.0,1,10.0,1
107016,0,train,15.0,1,8.0,1
107017,0,test,17.0,1,8.0,1
107018,0,validation,17.0,1,4.0,1
107019,0,validation,10.0,1,5.0,1
107021,1,train,14.0,1,3.0,1
107022,0,train,24.0,1,13.0,1
107023,0,train,16.0,1,11.0,1
107024,0,train,13.0,1,6.0,1
107025,0,train,15.0,1,13.0,1
107026,0,train,19.0,1,7.0,1
107027,0,train,25.0,1,13.0,1
107028,1,train,19.0,1,6.0,1
107029,0,validation,20.0,1,8.0,1
107030,0,test,18.0,1,5.0,1
107031,0,train,18.0,1,4.0,1
107032,0,validation,18.0,1,11.0,1
107033,0,train,18.0,1,6.0,1
107034,0,validation,20.0,1,10.0,1
107035,0,train,22.0,1,17.0,1
107036,0,validation,21.0,1,10.0,1
107037,0,train,11.0,1,2.0,1
107038,0,train,3.0,1,4.0,1
107039,0,test,20.0,1,9.0,1
107040,1,train,5.0,1,0.0,1
107041,0,train,13.0,1,8.0,1
107042,0,validation,21.0,1,5.0,1
107043,1,train,15.0,1,5.0,1
107044,0,train,25.0,1,8.0,1
107045,0,train,15.0,1,7.0,1
107046,0,validation,28.0,1,13.0,1
107047,1,train,13.0,1,9.0,1
107048,1,validation,13.0,1,4.0,1
107049,0,validation,12.0,1,1.0,1
107050,0,train,9.0,1,1.0,1
107051,0,validation,,0,5.0,1
107052,0,train,4.0,1,1.0,1
107053,0,validation,19.0,1,8.0,1
107054,0,train,11.0,1,6.0,1
107055,0,test,8.0,1,3.0,1
107056,0,train,8.0,1,5.0,1
107057,0,train,20.0,1,8.0,1
107058,0,train,17.0,1,9.0,1
107059,0,train,18.0,1,6.0,1
107060,0,test,23.0,1,9.0,1
107061,0,test,15.0,1,1.0,1
107062,0,train,9.0,1,7.0,1
107063,0,train,7.0,1,3.0,1
107064,0,train,22.0,1,7.0,1
107065,1,validation,11.0,1,15.0,1
107066,0,test,15.0,1,6.0,1
107067,0,train,,0,3.0,1
107068,0,train,9.0,1,0.0,1
107069,0,train,11.0,1,,0
107070,0,train,16.0,1,6.0,1
107071,0,train,5.0,1,0.0,1
107072,0,train,14.0,1,4.0,1
107073,0,test,12.0,1,,0
107074,1,train,12.0,1,10.0,1
107075,0,train,8.0,1,6.0,1
107076,0,test,8.0,1,5.0,1
107077,0,validation,17.0,1,7.0,1
107078,0,test,11.0,1,9.0,1
107079,1,train,13.0,1,4.0,1
107080,0,train,24.0,1,12.0,1
107081,0,train,17.0,1,9.0,1
107082,0,validation,16.0,1,10.0,1
107083,0,validation,12.0,1,7.0,1
107084,0,train,10.0,1,,0
107085,0,train,16.0,1,8.0,1
107086,0,train,13.0,1,6.0,1
107087,0,train,25.0,1,12.0,1
107088,0,train,14.0,1,8.0,1
107089,0,train,10.0,1,3.0,1
107090,0,train,19.0,1,9.0,1
107091,0,train,22.0,1,9.0,1
107092,0,validation,15.0,1,11.0,1
107093,0,train,15.0,1,8.0,1
107094,0,test,13.0,1,8.0,1
107095,0,test,8.0,1,0.0,1
107096,0,train,12.0,1,1.0,1
107097,0,validation,20.0,1,14.0,1
107098,0,train,11.0,1,4.0,1
107099,0,train,11.0,1,2.0,1
107100,0,train,21.0,1,5.0,1
107101,0,test,15.0,1,2.0,1
107102,0,train,16.0,1,6.0,1
107103,1,train,23.0,1,17.0,1
107104,0,train,5.0,1,3.0,1
107105,0,train,12.0,1,4.0,1
107106,0,test,14.0,1,5.0,1
107107,0,validation,4.0,1,1.0,1
107108,1,train,4.0,1,2.0,1
107109,0,train,15.0,1,5.0,1
107110,0,train,13.0,1,6.0,1
107111,0,test,12.0,1,3.0,1
107112,0,train,16.0,1,10.0,1
107113,0,train,12.0,1,4.0,1
107114,0,train,21.0,1,8.0,1
107115,0,train,15.0,1,7.0,1
107116,0,train,10.0,1,2.0,1
107117,0,train,16.0,1,4.0,1
107118,0,validation,4.0,1,2.0,1
107119,0,train,17.0,1,12.0,1
107120,0,train,17.0,1,8.0,1
107121,1,train,20.0,1,5.0,1
107122,0,validation,18.0,1,6.0,1
107123,0,train,,0,2.0,1
107124,0,train,16.0,1,1.0,1
107125,0,validation,22.0,1,12.0,1
107126,0,train,21.0,1,6.0,1
107127,1,validation,17.0,1,6.0,1
107128,0,train,12.0,1,2.0,1
107129,0,train,12.0,1,0.0,1
107130,0,train,21.0,1,5.0,1
107131,0,test,18.0,1,3.0,1
107132,1,validation,13.0,1,5.0,1
107133,0,validation,14.0,1,2.0,1
107134,0,train,,0,0.0,1
107135,1,train,16.0,1,9.0,1
107136,0,test,24.0,1,9.0,1
107137,0,validation,12.0,1,12.0,1
107138,0,train,9.0,1,2.0,1
107139,0,train,14.0,1,8.0,1
107140,0,test,20.0,1,11.0,1
107141,0,train,23.0,1,18.0,1
107142,0,train,13.0,1,7.0,1
107143,0,validation,14.0,1,10.0,1
107144,0,train,21.0,1,12.0,1
107145,0,train,18.0,1,9.0,1
107146,0,test,6.0,1,4.0,1
107147,0,test,16.0,1,3.0,1
107148,0,train,11.0,1,1.0,1
107149,0,train,16.0,1,8.0,1
107150,0,train,10.0,1,7.0,1
107151,0,train,13.0,1,,0
107152,0,train,7.0,1,0.0,1
107153,0,train,16.0,1,9.0,1
107154,0,train,18.0,1,12.0,1
107155,0,train,17.0,1,12.0,1
107156,1,train,11.0,1,3.0,1
107157,0,train,19.0,1,14.0,1
107158,0,train,19.0,1,8.0,1
107159,1,validation,24.0,1,5.0,1
107161,0,train,6.0,1,1.0,1
107162,0,train,14.0,1,8.0,1
107163,0,train,15.0,1,7.0,1
107164,0,train,23.0,1,5.0,1
107165,0,train,17.0,1,10.0,1
107166,0,train,17.0,1,2.0,1
107167,0,train,7.0,1,1.0,1
107168,0,train,15.0,1,5.0,1
107169,1,train,29.0,1,14.0,1
107170,0,train,22.0,1,9.0,1
107171,0,validation,10.0,1,1.0,1
107172,0,train,21.0,1,10.0,1
107173,0,test,,0,1.0,1
107174,0,validation,12.0,1,2.0,1
107175,0,validation,11.0,1,4.0,1
107176,0,test,10.0,1,1.0,1
107177,0,train,16.0,1,5.0,1
107178,0,test,10.0,1,3.0,1
107179,0,train,16.0,1,14.0,1
107180,0,test,22.0,1,11.0,1
107181,0,validation,20.0,1,12.0,1
107182,0,train,12.0,1,3.0,1
107183,1,train,11.0,1,3.0,1
107184,0,test,24.0,1,13.0,1
107185,0,train,14.0,1,8.0,1
107186,1,train,19.0,1,6.0,1
107187,1,validation,12.0,1,7.0,1
107188,0,train,9.0,1,2.0,1
107189,0,train,20.0,1,8.0,1
107190,0,train,6.0,1,1.0,1
107191,0,train,17.0,1,8.0,1
107192,1,test,14.0,1,7.0,1
107193,0,train,7.0,1,1.0,1
107194,0,train,9.0,1,1.0,1
107196,0,test,7.0,1,2.0,1
107197,0,train,17.0,1,9.0,1
107198,0,train,22.0,1,13.0,1
107199,0,train,19.0,1,12.0,1
107200,0,validation,12.0,1,6.0,1
107201,1,train,13.0,1,4.0,1
107202,0,train,18.0,1,8.0,1
107203,0,train,7.0,1,4.0,1
107204,0,train,17.0,1,10.0,1
107205,0,validation,19.0,1,6.0,1
107206,0,validation,8.0,1,3.0,1
107207,0,train,20.0,1,8.0,1
107208,0,train,8.0,1,3.0,1
107209,0,train,11.0,1,0.0,1
107210,0,train,15.0,1,7.0,1
107211,1,train,19.0,1,9.0,1
107212,0,train,10.0,1,2.0,1
107213,1,train,20.0,1,,0
107214,0,train,15.0,1,8.0,1
107215,0,train,12.0,1,3.0,1
107216,0,train,4.0,1,1.0,1
107217,0,train,22.0,1,12.0,1
107218,0,train,10.0,1,5.0,1
107219,0,train,11.0,1,6.0,1
107220,0,validation,13.0,1,8.0,1
107221,0,validation,11.0,1,11.0,1
107222,0,train,13.0,1,4.0,1
107223,0,train,16.0,1,8.0,1
107224,0,train,6.0,1,1.0,1
107225,0,test,9.0,1,0.0,1
107226,1,train,20.0,1,7.0,1
107227,0,train,11.0,1,8.0,1
107228,0,train,12.0,1,4.0,1
107229,0,train,22.0,1,8.0,1
107230,0,validation,15.0,1,5.0,1
107231,1,validation,15.0,1,10.0,1
107232,0,train,7.0,1,1.0,1
107233,1,train,23.0,1,12.0,1
107234,0,train,6.0,1,2.0,1
107235,0,train,17.0,1,5.0,1
107236,0,train,9.0,1,4.0,1
107237,0,train,6.0,1,5.0,1
107238,0,validation,14.0,1,7.0,1
107239,0,test,10.0,1,1.0,1
107240,0,train,12.0,1,6.0,1
107241,0,train,20.0,1,9.0,1
107242,0,validation,19.0,1,4.0,1
107243,0,test,19.0,1,8.0,1
107244,0,test,16.0,1,13.0,1
107245,1,validation,25.0,1,15.0,1
107246,1,validation,13.0,1,5.0,1
107247,0,train,19.0,1,4.0,1
107248,1,train,11.0,1,1.0,1
107249,0,validation,10.0,1,,0
107250,0,train,17.0,1,8.0,1
107251,0,train,6.0,1,0.0,1
107252,0,train,17.0,1,8.0,1
107253,0,test,11.0,1,8.0,1
107254,0,train,16.0,1,4.0,1
107255,0,validation,8.0,1,1.0,1
107256,0,train,18.0,1,11.0,1
107257,0,train,18.0,1,9.0,1
107258,0,train,15.0,1,2.0,1
107259,0,train,12.0,1,5.0,1
107260,0,train,18.0,1,5.0,1
107261,0,train,16.0,1,10.0,1
107262,0,train,13.0,1,5.0,1
107263,0,train,19.0,1,11.0,1
107264,1,train,,0,15.0,1
107265,0,train,12.0,1,1.0,1
107266,0,train,11.0,1,3.0,1
107267,1,train,20.0,1,13.0,1
107268,0,validation,12.0,1,7.0,1
107269,0,train,9.0,1,1.0,1
107270,0,train,14.0,1,12.0,1
107271,0,train,5.0,1,2.0,1
107272,1,train,23.0,1,8.0,1
107273,1,train,21.0,1,11.0,1
107274,0,train,19.0,1,9.0,1
107275,0,test,15.0,1,1.0,1
107276,1,train,18.0,1,11.0,1
107277,0,train,,0,5.0,1
107278,0,test,19.0,1,5.0,1
107279,0,train,18.0,1,6.0,1
107280,1,train,21.0,1,7.0,1
107281,0,validation,15.0,1,6.0,1
107282,0,train,16.0,1,8.0,1
107283,0,test,17.0,1,6.0,1
107285,0,validation,7.0,1,1.0,1
107286,0,train,19.0,1,7.0,1
107287,0,train,9.0,1,8.0,1
107288,0,train,10.0,1,8.0,1
107289,0,train,10.0,1,5.0,1
107290,0,validation,14.0,1,2.0,1
107291,0,train,16.0,1,8.0,1
107292,0,train,9.0,1,0.0,1
107293,0,train,20.0,1,11.0,1
107294,0,test,8.0,1,2.0,1
107295,0,train,26.0,1,7.0,1
107296,0,train,13.0,1,2.0,1
107297,0,validation,18.0,1,8.0,1
107298,0,train,12.0,1,1.0,1
107299,0,train,17.0,1,14.0,1
107300,1,train,,0,2.0,1
107301,0,train,11.0,1,3.0,1
107302,0,train,16.0,1,5.0,1
107303,0,train,15.0,1,6.0,1
107304,0,train,13.0,1,13.0,1
107305,1,train,23.0,1,9.0,1
107306,0,train,5.0,1,3.0,1
107307,0,train,15.0,1,2.0,1
107308,0,train,21.0,1,10.0,1
107309,0,train,,0,0.0,1
107310,0,train,14.0,1,7.0,1
107311,0,train,24.0,1,15.0,1
107312,0,validation,5.0,1,4.0,1
107313,0,train,10.0,1,8.0,1
107314,0,train,12.0,1,3.0,1
107315,1,train,17.0,1,,0
107316,0,test,7.0,1,1.0,1
107317,1,train,18.0,1,5.0,1
107318,1,train,17.0,1,16.0,1
107319,0,train,8.0,1,1.0,1
107320,0,validation,26.0,1,8.0,1
107321,0,train,9.0,1,1.0,1
107322,0,train,22.0,1,13.0,1
107323,0,train,12.0,1,11.0,1
107324,1,validation,19.0,1,13.0,1
107325,0,validation,13.0,1,7.0,1
107326,1,train,20.0,1,10.0,1
107327,0,train,3.0,1,2.0,1
107328,0,train,17.0,1,6.0,1
107329,0,train,18.0,1,6.0,1
107330,0,train,17.0,1,8.0,1
107331,0,train,12.0,1,3.0,1
107332,0,test,12.0,1,3.0,1
107333,0,test,10.0,1,,0
107334,0,train,14.0,1,7.0,1
107335,0,test,3.0,1,1.0,1
107336,0,train,22.0,1,15.0,1
107337,0,train,12.0,1,0.0,1
107338,0,train,12.0,1,3.0,1
107339,0,train,14.0,1,9.0,1
107340,0,test,,0,1.0,1
107341,0,train,25.0,1,10.0,1
107342,0,train,27.0,1,9.0,1
107343,0,test,13.0,1,9.0,1
107344,0,train,,0,6.0,1
107345,0,train,16.0,1,2.0,1
107346,0,train,20.0,1,8.0,1
107347,0,test,18.0,1,7.0,1
107348,0,test,18.0,1,13.0,1
107350,0,train,13.0,1,0.0,1
107351,0,train,11.0,1,2.0,1
107352,0,test,8.0,1,1.0,1
107353,0,validation,10.0,1,0.0,1
107354,0,validation,15.0,1,12.0,1
107355,0,validation,13.0,1,7.0,1
107356,0,train,12.0,1,9.0,1
107357,1,train,20.0,1,6.0,1
107358,0,train,12.0,1,5.0,1
107359,1,train,20.0,1,11.0,1
107360,0,test,17.0,1,8.0,1
107361,0,train,,0,6.0,1
107362,1,validation,20.0,1,6.0,1
107363,0,train,12.0,1,6.0,1
107364,0,test,15.0,1,6.0,1
107365,1,train,19.0,1,7.0,1
107366,1,test,10.0,1,13.0,1
107367,0,train,13.0,1,6.0,1
107368,1,validation,14.0,1,5.0,1
107369,0,train,13.0,1,4.0,1
107370,0,train,11.0,1,1.0,1
107371,0,train,19.0,1,13.0,1
107372,0,validation,17.0,1,8.0,1
107373,0,train,17.0,1,12.0,1
107374,1,train,,0,7.0,1
107375,0,train,9.0,1,5.0,1
107376,1,train,18.0,1,17.0,1
107377,0,train,8.0,1,1.0,1
107378,0,train,17.0,1,7.0,1
107379,0,train,11.0,1,10.0,1
107380,0,validation,24.0,1,9.0,1
107381,0,train,8.0,1,3.0,1
107382,0,validation,16.0,1,3.0,1
107383,0,train,7.0,1,1.0,1
107384,0,train,19.0,1,8.0,1
107385,0,validation,15.0,1,2.0,1
107386,0,train,25.0,1,9.0,1
107387,1,train,23.0,1,5.0,1
107388,1,validation,23.0,1,13.0,1
107389,0,train,21.0,1,9.0,1
107390,0,test,13.0,1,6.0,1
107391,0,validation,14.0,1,11.0,1
107392,0,train,16.0,1,8.0,1
107393,1,train,20.0,1,7.0,1
107394,0,train,16.0,1,9.0,1
107395,0,train,20.0,1,9.0,1
107396,1,validation,12.0,1,2.0,1
107397,0,train,15.0,1,8.0,1
107398,0,train,20.0,1,8.0,1
107399,0,test,10.0,1,1.0,1
107400,0,train,,0,1.0,1
107402,0,train,8.0,1,4.0,1
107403,0,train,19.0,1,10.0,1
107404,1,validation,26.0,1,16.0,1
107405,0,train,11.0,1,2.0,1
107406,0,train,15.0,1,6.0,1
107407,0,train,12.0,1,4.0,1
107408,0,train,22.0,1,13.0,1
107409,0,train,20.0,1,9.0,1
107410,0,train,15.0,1,5.0,1
107411,0,train,16.0,1,9.0,1
107412,0,train,13.0,1,7.0,1
107413,1,train,19.0,1,12.0,1
107414,0,validation,17.0,1,2.0,1
107415,0,train,25.0,1,7.0,1
107416,0,train,8.0,1,4.0,1
107417,0,train,18.0,1,4.0,1
107418,0,train,11.0,1,0.0,1
107419,0,validation,7.0,1,2.0,1
107420,0,validation,12.0,1,7.0,1
107421,0,train,21.0,1,9.0,1
107422,0,train,20.0,1,10.0,1
107423,1,train,21.0,1,12.0,1
107424,0,train,12.0,1,2.0,1
107425,0,train,,0,7.0,1
107426,0,train,20.0,1,8.0,1
107427,0,train,18.0,1,9.0,1
107428,1,train,19.0,1,9.0,1
107429,1,train,16.0,1,7.0,1
107430,0,train,12.0,1,5.0,1
107431,0,test,16.0,1,5.0,1
107432,0,train,19.0,1,8.0,1
107433,1,train,17.0,1,7.0,1
107434,0,train,10.0,1,5.0,1
107435,0,train,16.0,1,11.0,1
107436,0,train,17.0,1,12.0,1
107437,0,train,11.0,1,4.0,1
107438,1,train,12.0,1,6.0,1
107439,0,train,15.0,1,8.0,1
107440,0,validation,12.0,1,7.0,1
107441,0,train,,0,4.0,1
107442,0,train,20.0,1,8.0,1
107443,0,test,19.0,1,5.0,1
107444,0,test,15.0,1,2.0,1
107445,0,train,21.0,1,5.0,1
107446,0,train,10.0,1,2.0,1
107447,0,validation,20.0,1,5.0,1
107448,1,test,17.0,1,6.0,1
107449,0,test,14.0,1,8.0,1
107450,0,train,20.0,1,6.0,1
107451,0,train,22.0,1,8.0,1
107452,0,validation,22.0,1,8.0,1
107453,0,train,8.0,1,7.0,1
107454,0,test,14.0,1,9.0,1
107455,0,test,8.0,1,4.0,1
107456,0,test,10.0,1,9.0,1
107457,0,test,18.0,1,10.0,1
107458,0,train,13.0,1,2.0,1
107459,0,train,7.0,1,6.0,1
107460,0,train,12.0,1,9.0,1
107461,0,train,13.0,1,4.0,1
107462,0,train,14.0,1,6.0,1
107463,0,train,20.0,1,13.0,1
107464,0,test,17.0,1,9.0,1
107465,1,train,16.0,1,11.0,1
107466,0,train,5.0,1,0.0,1
107467,0,train,19.0,1,11.0,1
107469,1,train,13.0,1,5.0,1
107470,0,train,23.0,1,11.0,1
107471,0,train,22.0,1,12.0,1
107472,0,validation,23.0,1,13.0,1
107473,1,train,23.0,1,22.0,1
107474,0,train,9.0,1,1.0,1
107475,0,train,18.0,1,13.0,1
107476,0,test,14.0,1,7.0,1
107477,0,train,18.0,1,6.0,1
107478,0,train,24.0,1,13.0,1
107479,0,train,12.0,1,2.0,1
107480,0,test,17.0,1,12.0,1
107481,0,train,5.0,1,1.0,1
107482,0,train,21.0,1,10.0,1
107483,0,train,11.0,1,2.0,1
107484,0,test,10.0,1,3.0,1
107485,1,train,16.0,1,9.0,1
107486,0,test,22.0,1,11.0,1
107487,0,train,18.0,1,9.0,1
107488,0,validation,17.0,1,9.0,1
107489,1,test,20.0,1,11.0,1
107490,1,train,17.0,1,3.0,1
107491,0,train,6.0,1,2.0,1
107492,0,train,14.0,1,10.0,1
107493,0,train,15.0,1,8.0,1
107494,0,train,8.0,1,2.0,1
107495,0,train,14.0,1,7.0,1
107496,0,train,12.0,1,3.0,1
107497,0,train,9.0,1,1.0,1
107498,0,train,18.0,1,4.0,1
107499,0,train,13.0,1,14.0,1
107500,0,validation,18.0,1,10.0,1
107501,0,test,16.0,1,10.0,1
107502,0,validation,7.0,1,1.0,1
107504,0,train,17.0,1,9.0,1
107505,0,train,17.0,1,10.0,1
107506,0,test,15.0,1,7.0,1
107507,0,test,13.0,1,10.0,1
107508,0,train,14.0,1,6.0,1
107509,0,train,13.0,1,5.0,1
107510,0,train,14.0,1,9.0,1
107511,0,train,18.0,1,12.0,1
107512,0,train,12.0,1,4.0,1
107513,0,train,19.0,1,9.0,1
107514,0,validation,13.0,1,3.0,1
107515,0,validation,19.0,1,14.0,1
107516,0,train,16.0,1,14.0,1
107517,1,train,11.0,1,4.0,1
107518,0,test,2.0,1,1.0,1
107519,0,validation,19.0,1,15.0,1
107520,1,train,15.0,1,6.0,1
107521,0,train,13.0,1,0.0,1
107522,0,train,30.0,1,15.0,1
107523,0,train,13.0,1,5.0,1
107524,0,test,17.0,1,14.0,1
107525,0,train,14.0,1,2.0,1
107526,1,train,23.0,1,18.0,1
107527,0,train,22.0,1,8.0,1
107528,1,train,10.0,1,4.0,1
107529,0,test,11.0,1,2.0,1
107530,0,train,,0,5.0,1
107531,0,train,23.0,1,9.0,1
107532,0,train,18.0,1,12.0,1
107533,0,train,15.0,1,9.0,1
107534,0,validation,9.0,1,0.0,1
107535,1,train,30.0,1,20.0,1
107536,0,test,16.0,1,6.0,1
107537,0,train,17.0,1,8.0,1
107538,0,validation,12.0,1,4.0,1
107539,0,validation,9.0,1,5.0,1
107540,0,train,,0,3.0,1
107541,0,test,17.0,1,11.0,1
107542,0,train,13.0,1,6.0,1
107543,1,train,,0,11.0,1
107544,0,validation,12.0,1,7.0,1
107545,1,train,18.0,1,6.0,1
107546,0,train,14.0,1,9.0,1
107547,0,train,10.0,1,1.0,1
107548,0,validation,10.0,1,0.0,1
107549,0,train,15.0,1,7.0,1
107550,0,train,17.0,1,11.0,1
107551,1,train,20.0,1,17.0,1
107552,0,train,13.0,1,3.0,1
107553,0,train,,0,0.0,1
107554,1,train,24.0,1,15.0,1
107555,0,train,11.0,1,1.0,1
107556,0,train,12.0,1,4.0,1
107557,0,train,8.0,1,,0
107558,0,train,19.0,1,12.0,1
107559,0,train,9.0,1,7.0,1
107560,1,train,12.0,1,2.0,1
107561,0,train,5.0,1,1.0,1
107562,0,train,5.0,1,1.0,1
107563,0,test,11.0,1,6.0,1
107564,1,train,21.0,1,8.0,1
107565,0,validation,14.0,1,7.0,1
107566,0,train,10.0,1,3.0,1
107567,1,train,12.0,1,6.0,1
107568,0,test,16.0,1,4.0,1
107569,0,train,13.0,1,4.0,1
107570,0,validation,10.0,1,4.0,1
107571,0,test,20.0,1,15.0,1
107572,0,train,7.0,1,1.0,1
107573,0,test,14.0,1,6.0,1
107574,0,validation,15.0,1,9.0,1
107575,0,train,15.0,1,10.0,1
107576,0,train,14.0,1,5.0,1
107577,0,train,19.0,1,9.0,1
107578,0,train,11.0,1,4.0,1
107579,0,train,15.0,1,8.0,1
107580,0,train,17.0,1,8.0,1
107581,0,train,9.0,1,2.0,1
107583,0,train,14.0,1,9.0,1
107584,0,validation,13.0,1,6.0,1
107585,0,train,9.0,1,3.0,1
107586,0,train,24.0,1,6.0,1
107587,1,validation,21.0,1,4.0,1
107588,0,train,12.0,1,2.0,1
107589,0,train,23.0,1,8.0,1
107590,0,validation,19.0,1,12.0,1
107591,0,train,13.0,1,,0
107592,1,train,15.0,1,7.0,1
107593,0,train,20.0,1,7.0,1
107594,1,train,14.0,1,4.0,1
107595,0,train,13.0,1,4.0,1
107596,0,validation,14.0,1,4.0,1
107597,1,test,15.0,1,5.0,1
107598,0,train,19.0,1,13.0,1
107599,0,train,19.0,1,11.0,1
107600,0,validation,22.0,1,10.0,1
107601,0,train,14.0,1,1.0,1
107602,0,train,8.0,1,4.0,1
107603,0,train,18.0,1,7.0,1
107604,0,train,6.0,1,2.0,1
107605,0,validation,12.0,1,7.0,1
107606,0,train,18.0,1,10.0,1
107607,0,train,21.0,1,10.0,1
107608,0,train,18.0,1,6.0,1
107609,0,train,12.0,1,2.0,1
107610,0,test,6.0,1,1.0,1
107611,0,train,14.0,1,2.0,1
107612,1,train,20.0,1,19.0,1
107613,0,train,14.0,1,2.0,1
107614,0,train,10.0,1,8.0,1
107615,0,train,13.0,1,4.0,1
107616,0,train,12.0,1,4.0,1
107617,0,train,17.0,1,,0
107618,1,train,13.0,1,5.0,1
107619,0,validation,13.0,1,3.0,1
107620,0,train,13.0,1,4.0,1
107621,0,test,10.0,1,2.0,1
107622,0,train,15.0,1,9.0,1
107623,0,train,8.0,1,2.0,1
107624,1,test,15.0,1,5.0,1
107625,0,train,14.0,1,6.0,1
107626,0,train,8.0,1,2.0,1
107627,0,train,8.0,1,4.0,1
107628,0,train,14.0,1,6.0,1
107629,0,train,11.0,1,1.0,1
107630,1,test,26.0,1,7.0,1
107631,0,test,18.0,1,11.0,1
107632,0,train,17.0,1,13.0,1
107633,0,train,,0,1.0,1
107634,0,train,14.0,1,7.0,1
107635,0,train,21.0,1,13.0,1
107636,1,train,13.0,1,4.0,1
107637,0,train,14.0,1,10.0,1
107638,1,train,17.0,1,9.0,1
107639,0,train,7.0,1,2.0,1
107640,0,train,9.0,1,2.0,1
107641,0,train,13.0,1,2.0,1
107642,0,train,5.0,1,4.0,1
107643,1,validation,17.0,1,9.0,1
107644,0,train,22.0,1,9.0,1
107645,0,train,24.0,1,12.0,1
107646,0,test,6.0,1,0.0,1
107647,0,train,11.0,1,5.0,1
107648,1,train,7.0,1,2.0,1
107649,0,test,7.0,1,1.0,1
107650,1,test,17.0,1,,0
107651,0,train,20.0,1,8.0,1
107652,0,validation,16.0,1,4.0,1
107653,0,validation,21.0,1,9.0,1
107654,0,train,8.0,1,2.0,1
107655,0,test,22.0,1,10.0,1
107656,0,test,10.0,1,1.0,1
107657,1,train,16.0,1,9.0,1
107658,0,train,10.0,1,6.0,1
107659,0,train,8.0,1,0.0,1
107660,0,train,18.0,1,12.0,1
107661,0,train,16.0,1,2.0,1
107662,0,validation,15.0,1,7.0,1
107663,0,train,13.0,1,11.0,1
107664,0,train,15.0,1,10.0,1
107665,0,train,16.0,1,4.0,1
107666,1,test,12.0,1,4.0,1
107667,0,train,17.0,1,5.0,1
107668,0,train,9.0,1,2.0,1
107669,0,train,22.0,1,6.0,1
107670,0,test,12.0,1,7.0,1
107671,0,train,17.0,1,12.0,1
107672,0,train,21.0,1,12.0,1
107673,0,train,19.0,1,10.0,1
107674,0,validation,6.0,1,2.0,1
107675,0,train,6.0,1,4.0,1
107676,1,train,8.0,1,10.0,1
107677,0,train,19.0,1,8.0,1
107678,0,train,,0,6.0,1
107679,1,train,18.0,1,6.0,1
107680,0,train,5.0,1,1.0,1
107682,0,train,23.0,1,13.0,1
107683,0,train,13.0,1,8.0,1
107684,0,train,8.0,1,2.0,1
107685,0,test,19.0,1,8.0,1
107686,0,train,10.0,1,0.0,1
107687,0,train,17.0,1,11.0,1
107688,0,train,11.0,1,7.0,1
107689,1,train,,0,14.0,1
107690,0,train,20.0,1,13.0,1
107691,0,test,18.0,1,8.0,1
107692,0,validation,17.0,1,11.0,1
107693,0,train,12.0,1,4.0,1
107694,0,train,10.0,1,4.0,1
107695,0,train,23.0,1,15.0,1
107696,0,validation,22.0,1,11.0,1
107697,1,test,17.0,1,5.0,1
107698,0,train,11.0,1,10.0,1
107699,0,train,12.0,1,2.0,1
107700,1,train,25.0,1,14.0,1
107701,0,train,15.0,1,11.0,1
107702,0,train,6.0,1,2.0,1
107703,0,train,16.0,1,8.0,1
107704,1,train,12.0,1,2.0,1
107705,1,train,19.0,1,7.0,1
107706,0,train,18.0,1,7.0,1
107707,0,validation,15.0,1,3.0,1
107708,0,train,14.0,1,4.0,1
107709,0,validation,31.0,1,10.0,1
107710,0,train,16.0,1,9.0,1
107711,0,train,16.0,1,9.0,1
107712,0,train,7.0,1,2.0,1
107713,0,train,11.0,1,6.0,1
107714,1,train,19.0,1,5.0,1
107715,0,train,6.0,1,0.0,1
107716,1,validation,16.0,1,9.0,1
107717,0,train,18.0,1,4.0,1
107718,0,train,16.0,1,7.0,1
107719,0,train,12.0,1,1.0,1
107720,0,validation,24.0,1,14.0,1
107721,0,train,19.0,1,10.0,1
107722,0,train,19.0,1,12.0,1
107723,0,test,17.0,1,4.0,1
107724,0,train,10.0,1,7.0,1
107725,0,train,13.0,1,2.0,1
107726,0,test,11.0,1,3.0,1
107727,1,train,17.0,1,5.0,1
107728,0,validation,18.0,1,5.0,1
107729,0,validation,8.0,1,1.0,1
107730,0,train,10.0,1,1.0,1
107731,0,train,17.0,1,12.0,1
107732,0,train,11.0,1,2.0,1
107733,0,train,12.0,1,,0
107734,0,train,13.0,1,1.0,1
107735,0,validation,11.0,1,9.0,1
107736,0,train,18.0,1,15.0,1
107737,0,train,19.0,1,10.0,1
107738,0,train,19.0,1,11.0,1
107739,0,validation,,0,,0
107740,0,train,12.0,1,4.0,1
107741,0,train,6.0,1,1.0,1
107742,0,train,15.0,1,5.0,1
107743,1,train,11.0,1,1.0,1
107744,0,test,18.0,1,7.0,1
107745,0,train,17.0,1,5.0,1
107746,0,test,5.0,1,1.0,1
107747,0,train,4.0,1,1.0,1
107748,0,train,11.0,1,2.0,1
107749,0,train,11.0,1,2.0,1
107750,0,test,23.0,1,14.0,1
107751,1,train,11.0,1,8.0,1
107753,0,train,11.0,1,4.0,1
107754,1,train,23.0,1,14.0,1
107755,0,validation,18.0,1,8.0,1
107756,0,train,19.0,1,11.0,1
107757,0,train,22.0,1,6.0,1
107758,0,test,9.0,1,3.0,1
107759,0,train,9.0,1,10.0,1
107760,0,validation,24.0,1,15.0,1
107761,0,train,8.0,1,1.0,1
107762,1,train,10.0,1,5.0,1
107763,1,train,17.0,1,8.0,1
107764,0,test,13.0,1,6.0,1
107765,0,train,13.0,1,8.0,1
107766,1,validation,18.0,1,5.0,1
107767,0,train,17.0,1,16.0,1
107768,0,train,21.0,1,2.0,1
107769,0,train,21.0,1,7.0,1
107770,0,train,17.0,1,11.0,1
107771,0,train,9.0,1,1.0,1
107772,0,train,17.0,1,10.0,1
107773,0,train,22.0,1,10.0,1
107774,1,train,12.0,1,7.0,1
107775,1,train,13.0,1,1.0,1
107776,0,train,16.0,1,8.0,1
107777,0,train,20.0,1,9.0,1
107778,1,train,18.0,1,10.0,1
107779,0,train,4.0,1,1.0,1
107780,0,train,16.0,1,12.0,1
107781,0,train,17.0,1,8.0,1
107782,0,train,15.0,1,2.0,1
107783,0,test,11.0,1,3.0,1
107784,0,train,17.0,1,11.0,1
107785,0,train,14.0,1,5.0,1
107786,0,train,13.0,1,6.0,1
107787,0,train,20.0,1,8.0,1
107788,0,test,5.0,1,0.0,1
107789,1,train,13.0,1,12.0,1
107790,0,validation,16.0,1,11.0,1
107791,0,train,9.0,1,1.0,1
107792,0,train,15.0,1,,0
107793,0,train,17.0,1,7.0,1
107794,0,test,16.0,1,2.0,1
107795,1,train,14.0,1,4.0,1
107796,1,train,14.0,1,3.0,1
107797,0,train,18.0,1,9.0,1
107798,0,test,12.0,1,5.0,1
107799,0,train,7.0,1,1.0,1
107800,0,train,16.0,1,1.0,1
107801,0,train,17.0,1,9.0,1
107802,1,test,19.0,1,13.0,1
107803,0,train,17.0,1,7.0,1
107804,1,train,14.0,1,7.0,1
107805,1,validation,,0,18.0,1
107806,0,train,17.0,1,5.0,1
107807,0,validation,16.0,1,4.0,1
107808,0,train,11.0,1,,0
107809,0,train,12.0,1,1.0,1
107810,0,train,22.0,1,10.0,1
107811,0,train,23.0,1,8.0,1
107812,1,test,19.0,1,6.0,1
107813,0,train,19.0,1,11.0,1
107814,1,train,14.0,1,7.0,1
107815,0,train,17.0,1,12.0,1
107816,0,train,14.0,1,9.0,1
107817,0,train,7.0,1,2.0,1
107818,0,train,13.0,1,0.0,1
107819,0,train,13.0,1,4.0,1
107820,0,train,11.0,1,2.0,1
107821,0,test,18.0,1,14.0,1
107822,0,train,16.0,1,4.0,1
107823,1,test,20.0,1,14.0,1
107824,0,test,,0,1.0,1
107825,0,train,13.0,1,9.0,1
107826,0,train,14.0,1,7.0,1
107827,0,train,13.0,1,6.0,1
107828,0,train,17.0,1,4.0,1
107829,0,train,18.0,1,3.0,1
107830,0,train,9.0,1,8.0,1
107831,1,train,15.0,1,11.0,1
107832,0,test,22.0,1,9.0,1
107833,0,train,20.0,1,8.0,1
107834,0,train,18.0,1,4.0,1
107835,0,train,17.0,1,7.0,1
107836,0,train,24.0,1,10.0,1
107837,1,train,15.0,1,2.0,1
107838,0,validation,6.0,1,0.0,1
107839,0,validation,19.0,1,6.0,1
107840,0,test,13.0,1,4.0,1
107841,0,train,23.0,1,13.0,1
107842,1,test,13.0,1,7.0,1
107843,0,train,13.0,1,2.0,1
107844,0,train,10.0,1,3.0,1
107845,0,test,15.0,1,7.0,1
107846,0,validation,14.0,1,4.0,1
107847,0,train,18.0,1,9.0,1
107848,0,validation,15.0,1,8.0,1
107849,0,train,11.0,1,6.0,1
107850,0,test,14.0,1,4.0,1
107851,0,train,17.0,1,3.0,1
107852,0,train,6.0,1,2.0,1
107853,0,validation,14.0,1,9.0,1
107854,0,train,8.0,1,1.0,1
107855,0,test,17.0,1,4.0,1
107856,1,train,18.0,1,5.0,1
107857,0,test,18.0,1,8.0,1
107858,0,train,9.0,1,3.0,1
107859,0,train,9.0,1,4.0,1
107860,0,train,11.0,1,4.0,1
107861,0,train,14.0,1,8.0,1
107862,0,validation,12.0,1,11.0,1
107863,0,train,10.0,1,1.0,1
107864,0,test,13.0,1,0.0,1
107865,1,train,11.0,1,3.0,1
107866,0,train,16.0,1,8.0,1
107867,0,train,19.0,1,9.0,1
107868,0,train,22.0,1,6.0,1
107869,0,test,16.0,1,6.0,1
107870,0,validation,8.0,1,1.0,1
107871,0,train,7.0,1,0.0,1
107872,1,validation,19.0,1,10.0,1
107873,0,train,11.0,1,,0
107874,0,train,12.0,1,8.0,1
107875,0,test,20.0,1,12.0,1
107876,0,train,19.0,1,,0
107877,1,validation,22.0,1,12.0,1
107878,0,train,11.0,1,1.0,1
107879,0,test,19.0,1,9.0,1
107880,0,train,16.0,1,9.0,1
107881,0,validation,23.0,1,10.0,1
107882,0,test,18.0,1,5.0,1
107883,1,train,23.0,1,7.0,1
107884,0,test,12.0,1,1.0,1
107885,0,validation,8.0,1,2.0,1
107886,0,validation,19.0,1,11.0,1
107887,0,test,17.0,1,15.0,1
107888,0,validation,20.0,1,11.0,1
107889,0,train,10.0,1,3.0,1
107890,0,train,14.0,1,7.0,1
107891,0,train,,0,,0
107892,0,train,6.0,1,4.0,1
107893,0,validation,20.0,1,9.0,1
107894,0,train,16.0,1,2.0,1
107895,1,test,21.0,1,6.0,1
107896,1,train,19.0,1,8.0,1
107897,1,train,26.0,1,7.0,1
107898,0,train,12.0,1,8.0,1
107899,1,train,18.0,1,8.0,1
107900,0,validation,14.0,1,2.0,1
107901,0,train,20.0,1,9.0,1
107902,0,train,20.0,1,8.0,1
107903,0,train,15.0,1,5.0,1
107904,0,train,12.0,1,2.0,1
107905,1,validation,17.0,1,7.0,1
107906,0,test,14.0,1,8.0,1
107907,0,test,16.0,1,3.0,1
107908,0,train,18.0,1,10.0,1
107909,0,train,16.0,1,4.0,1
107911,1,train,18.0,1,,0
107912,0,validation,14.0,1,1.0,1
107913,0,train,11.0,1,2.0,1
107914,0,train,12.0,1,7.0,1
107915,0,train,12.0,1,2.0,1
107916,0,train,20.0,1,4.0,1
107917,0,train,16.0,1,8.0,1
107918,0,train,10.0,1,5.0,1
107919,1,train,10.0,1,6.0,1
107920,1,validation,23.0,1,14.0,1
107921,1,train,27.0,1,18.0,1
107922,0,validation,25.0,1,12.0,1
107923,0,train,14.0,1,1.0,1
107924,0,validation,13.0,1,3.0,1
107925,0,train,9.0,1,2.0,1
107926,0,train,8.0,1,0.0,1
107927,0,train,9.0,1,3.0,1
107928,0,train,20.0,1,7.0,1
107929,0,test,18.0,1,7.0,1
107930,0,train,2.0,1,2.0,1
107931,0,train,12.0,1,2.0,1
107932,0,train,11.0,1,10.0,1
107933,1,train,13.0,1,2.0,1
107934,0,train,20.0,1,10.0,1
107935,0,train,21.0,1,9.0,1
107936,0,train,17.0,1,6.0,1
107937,0,train,16.0,1,2.0,1
107938,0,train,16.0,1,7.0,1
107939,0,test,10.0,1,1.0,1
107940,1,train,7.0,1,3.0,1
107941,0,test,17.0,1,1.0,1
107942,0,train,9.0,1,2.0,1
107944,0,train,19.0,1,5.0,1
107945,0,train,27.0,1,6.0,1
107946,0,train,27.0,1,,0
107947,0,validation,20.0,1,11.0,1
107948,0,validation,11.0,1,2.0,1
107949,0,train,6.0,1,1.0,1
107950,0,train,24.0,1,8.0,1
107951,0,validation,22.0,1,8.0,1
107952,0,train,16.0,1,8.0,1
107953,0,train,6.0,1,0.0,1
107954,0,train,13.0,1,9.0,1
107955,0,train,11.0,1,3.0,1
107956,0,train,19.0,1,10.0,1
107957,0,test,14.0,1,14.0,1
107958,0,train,8.0,1,4.0,1
107959,0,validation,16.0,1,7.0,1
107960,0,test,16.0,1,4.0,1
107961,0,train,11.0,1,2.0,1
107962,0,train,11.0,1,3.0,1
107963,0,train,19.0,1,9.0,1
107964,1,train,8.0,1,0.0,1
107965,0,validation,14.0,1,8.0,1
107966,0,test,16.0,1,5.0,1
107967,0,train,21.0,1,12.0,1
107968,0,validation,13.0,1,8.0,1
107969,0,train,6.0,1,1.0,1
107970,0,test,17.0,1,8.0,1
107971,0,train,13.0,1,2.0,1
107972,0,test,28.0,1,16.0,1
107973,0,train,16.0,1,3.0,1
107974,0,train,14.0,1,11.0,1
107975,0,train,16.0,1,7.0,1
107976,0,train,14.0,1,3.0,1
107977,0,test,18.0,1,5.0,1
107978,0,train,9.0,1,3.0,1
107979,0,train,12.0,1,1.0,1
107980,0,train,14.0,1,6.0,1
107981,1,validation,22.0,1,9.0,1
107982,0,train,8.0,1,4.0,1
107983,1,train,9.0,1,8.0,1
107984,0,train,15.0,1,5.0,1
107985,1,validation,13.0,1,7.0,1
107986,1,train,16.0,1,4.0,1
107987,1,train,22.0,1,11.0,1
107988,0,train,3.0,1,1.0,1
107989,1,train,18.0,1,1.0,1
107990,0,test,8.0,1,10.0,1
107991,0,test,7.0,1,5.0,1
107992,1,train,19.0,1,8.0,1
107993,0,validation,21.0,1,8.0,1
107994,0,train,13.0,1,7.0,1
107996,0,validation,22.0,1,13.0,1
107997,1,train,21.0,1,13.0,1
107998,0,train,10.0,1,1.0,1
107999,0,test,6.0,1,5.0,1
108000,1,train,22.0,1,11.0,1
108001,0,train,15.0,1,6.0,1
108002,0,train,6.0,1,2.0,1
108003,0,train,,0,0.0,1
108004,0,train,14.0,1,9.0,1
108005,0,validation,21.0,1,10.0,1
108006,0,train,21.0,1,6.0,1
108007,0,train,7.0,1,0.0,1
108008,0,test,24.0,1,10.0,1
108009,1,validation,23.0,1,4.0,1
108010,0,train,9.0,1,2.0,1
108011,0,validation,11.0,1,6.0,1
108012,0,train,,0,12.0,1
108013,0,train,9.0,1,3.0,1
108014,0,train,15.0,1,11.0,1
108015,0,train,18.0,1,10.0,1
108016,0,train,15.0,1,4.0,1
108017,1,validation,9.0,1,9.0,1
108018,0,train,16.0,1,6.0,1
108019,0,train,23.0,1,12.0,1
108020,0,test,21.0,1,8.0,1
108021,1,train,13.0,1,4.0,1
108022,0,test,12.0,1,5.0,1
108023,0,train,11.0,1,1.0,1
108024,0,test,12.0,1,3.0,1
108025,0,train,8.0,1,4.0,1
108026,0,train,10.0,1,1.0,1
108027,0,train,15.0,1,12.0,1
108028,0,train,19.0,1,10.0,1
108029,0,train,16.0,1,7.0,1
108030,0,train,25.0,1,9.0,1
108031,0,train,7.0,1,1.0,1
108032,0,test,21.0,1,13.0,1
108033,0,train,9.0,1,1.0,1
108034,1,train,14.0,1,5.0,1
108035,0,train,16.0,1,11.0,1
108036,0,train,10.0,1,5.0,1
108037,0,test,15.0,1,5.0,1
108038,0,test,13.0,1,7.0,1
108039,0,train,14.0,1,4.0,1
108040,1,train,11.0,1,8.0,1
108041,0,train,11.0,1,8.0,1
108042,0,test,20.0,1,6.0,1
108043,1,train,20.0,1,14.0,1
108044,0,validation,8.0,1,2.0,1
108045,0,train,15.0,1,4.0,1
108046,1,train,15.0,1,7.0,1
108047,0,validation,13.0,1,10.0,1
108048,0,train,20.0,1,8.0,1
108049,0,train,20.0,1,8.0,1
108050,0,validation,12.0,1,7.0,1
108051,0,train,17.0,1,3.0,1
108052,0,train,4.0,1,1.0,1
108053,1,train,19.0,1,10.0,1
108054,0,train,9.0,1,1.0,1
108055,0,train,15.0,1,5.0,1
108056,0,test,16.0,1,12.0,1
108057,0,train,,0,2.0,1
108058,1,train,13.0,1,12.0,1
108059,0,train,13.0,1,14.0,1
108060,1,train,19.0,1,12.0,1
108061,0,train,23.0,1,,0
108062,0,validation,11.0,1,1.0,1
108063,0,test,16.0,1,13.0,1
108064,0,train,20.0,1,10.0,1
108065,0,train,13.0,1,3.0,1
108066,0,train,13.0,1,6.0,1
108067,0,train,8.0,1,1.0,1
108068,0,validation,17.0,1,6.0,1
108069,0,test,8.0,1,4.0,1
108070,1,train,19.0,1,9.0,1
108071,0,train,3.0,1,1.0,1
108072,0,train,8.0,1,3.0,1
108073,0,validation,16.0,1,5.0,1
108074,1,train,16.0,1,12.0,1
108075,1,validation,12.0,1,2.0,1
108076,0,train,23.0,1,10.0,1
108077,0,test,6.0,1,1.0,1
108078,0,train,11.0,1,9.0,1
108079,0,validation,13.0,1,2.0,1
108080,0,train,20.0,1,10.0,1
108081,0,test,28.0,1,12.0,1
108082,0,train,17.0,1,2.0,1
108083,0,validation,7.0,1,7.0,1
108084,0,train,24.0,1,5.0,1
108085,0,test,,0,12.0,1
108086,0,train,18.0,1,5.0,1
108087,0,train,16.0,1,4.0,1
108088,0,test,18.0,1,7.0,1
108089,1,validation,24.0,1,6.0,1
108090,0,train,13.0,1,4.0,1
108091,0,validation,19.0,1,7.0,1
108092,1,train,12.0,1,14.0,1
108093,0,validation,14.0,1,7.0,1
108094,0,train,12.0,1,0.0,1
108095,0,train,19.0,1,9.0,1
108096,0,train,16.0,1,11.0,1
108097,0,test,15.0,1,7.0,1
108098,1,train,21.0,1,15.0,1
108099,0,validation,10.0,1,6.0,1
108100,0,validation,7.0,1,1.0,1
108101,0,test,17.0,1,11.0,1
108102,0,train,14.0,1,6.0,1
108103,0,test,6.0,1,2.0,1
108104,0,train,28.0,1,17.0,1
108105,0,train,9.0,1,2.0,1
108106,0,train,18.0,1,7.0,1
108108,0,train,20.0,1,12.0,1
108109,0,train,7.0,1,2.0,1
108110,0,validation,9.0,1,3.0,1
108111,0,validation,8.0,1,1.0,1
108112,0,validation,18.0,1,5.0,1
108113,0,validation,9.0,1,9.0,1
108114,0,train,18.0,1,14.0,1
108115,1,test,18.0,1,11.0,1
108116,0,train,12.0,1,4.0,1
108117,0,train,9.0,1,4.0,1
108118,0,train,27.0,1,4.0,1
108119,0,train,12.0,1,8.0,1
108120,0,test,19.0,1,11.0,1
108121,0,train,15.0,1,1.0,1
108122,0,train,15.0,1,6.0,1
108123,0,train,14.0,1,7.0,1
108124,0,train,12.0,1,8.0,1
108125,0,train,12.0,1,2.0,1
108126,1,train,23.0,1,9.0,1
108127,0,train,12.0,1,4.0,1
108128,0,train,33.0,1,18.0,1
108129,0,validation,20.0,1,9.0,1
108130,0,train,23.0,1,11.0,1
108131,0,train,17.0,1,7.0,1
108132,1,validation,9.0,1,10.0,1
108133,0,train,17.0,1,6.0,1
108134,0,train,8.0,1,,0
108135,1,train,22.0,1,13.0,1
108136,0,validation,12.0,1,2.0,1
108137,0,validation,9.0,1,1.0,1
108138,0,train,16.0,1,10.0,1
108139,0,train,19.0,1,11.0,1
108140,0,train,13.0,1,2.0,1
108141,0,train,10.0,1,2.0,1
108142,0,train,19.0,1,7.0,1
108143,0,train,14.0,1,2.0,1
108144,0,train,17.0,1,6.0,1
108145,0,train,17.0,1,6.0,1
108146,0,train,16.0,1,6.0,1
108147,0,train,13.0,1,1.0,1
108148,0,train,14.0,1,5.0,1
108149,1,test,12.0,1,2.0,1
108150,0,train,11.0,1,2.0,1
108151,0,test,12.0,1,4.0,1
108152,0,test,24.0,1,10.0,1
108154,0,train,12.0,1,2.0,1
108155,0,train,15.0,1,5.0,1
108156,0,train,19.0,1,12.0,1
108157,0,test,15.0,1,4.0,1
108158,0,validation,16.0,1,3.0,1
108159,0,train,21.0,1,,0
108160,0,train,19.0,1,8.0,1
108161,0,test,17.0,1,9.0,1
108162,0,train,15.0,1,9.0,1
108163,1,train,21.0,1,8.0,1
108165,0,train,10.0,1,0.0,1
108166,0,train,10.0,1,4.0,1
108167,0,train,14.0,1,9.0,1
108168,0,test,24.0,1,6.0,1
108169,0,train,14.0,1,6.0,1
108170,0,train,13.0,1,5.0,1
108171,0,test,24.0,1,8.0,1
108172,0,train,15.0,1,9.0,1
108173,0,validation,12.0,1,2.0,1
108174,0,train,21.0,1,8.0,1
108175,0,validation,17.0,1,10.0,1
108176,0,test,21.0,1,10.0,1
108177,0,train,13.0,1,9.0,1
108178,1,train,14.0,1,5.0,1
108179,0,train,10.0,1,3.0,1
108180,0,train,14.0,1,2.0,1
108181,0,train,9.0,1,0.0,1
108182,1,train,18.0,1,2.0,1
108183,0,test,19.0,1,9.0,1
108184,0,test,14.0,1,4.0,1
108185,1,train,21.0,1,11.0,1
108186,1,validation,23.0,1,9.0,1
108187,0,train,18.0,1,11.0,1
108188,0,train,22.0,1,7.0,1
108189,0,validation,3.0,1,1.0,1
108190,0,train,23.0,1,12.0,1
108191,0,train,8.0,1,2.0,1
108192,0,train,14.0,1,11.0,1
108193,0,train,,0,1.0,1
108194,1,test,26.0,1,15.0,1
108195,0,train,9.0,1,0.0,1
108196,0,validation,12.0,1,3.0,1
108197,0,train,14.0,1,2.0,1
108198,0,train,14.0,1,4.0,1
108199,0,test,7.0,1,1.0,1
108200,1,train,23.0,1,8.0,1
108201,1,validation,16.0,1,7.0,1
108202,0,train,9.0,1,3.0,1
108203,1,test,,0,7.0,1
108204,0,train,12.0,1,9.0,1
108205,1,train,21.0,1,5.0,1
108206,0,train,19.0,1,9.0,1
108207,0,train,16.0,1,12.0,1
108208,1,train,21.0,1,9.0,1
108209,0,test,14.0,1,5.0,1
108210,0,train,10.0,1,3.0,1
108211,1,train,16.0,1,3.0,1
108212,1,train,18.0,1,8.0,1
108213,0,train,15.0,1,8.0,1
108214,1,train,21.0,1,11.0,1
108215,0,train,15.0,1,10.0,1
108216,1,train,24.0,1,10.0,1
108217,0,train,18.0,1,6.0,1
108218,0,train,17.0,1,9.0,1
108219,0,train,20.0,1,5.0,1
108220,1,train,16.0,1,4.0,1
108221,1,train,9.0,1,2.0,1
108222,0,train,17.0,1,7.0,1
108223,0,test,12.0,1,4.0,1
108224,0,train,,0,3.0,1
108225,1,validation,8.0,1,7.0,1
108226,0,train,18.0,1,9.0,1
108227,0,validation,17.0,1,7.0,1
108228,0,train,23.0,1,8.0,1
108230,0,train,20.0,1,10.0,1
108231,0,validation,10.0,1,2.0,1
108232,0,train,13.0,1,7.0,1
108233,0,train,6.0,1,3.0,1
108234,0,test,7.0,1,1.0,1
108235,0,test,19.0,1,12.0,1
108236,0,train,14.0,1,9.0,1
108237,0,train,4.0,1,2.0,1
108238,0,validation,13.0,1,5.0,1
108239,0,train,14.0,1,1.0,1
108240,0,train,12.0,1,5.0,1
108241,0,train,9.0,1,4.0,1
108242,0,train,10.0,1,3.0,1
108243,0,validation,12.0,1,5.0,1
108244,0,train,12.0,1,5.0,1
108245,0,train,10.0,1,1.0,1
108246,0,train,19.0,1,11.0,1
108247,0,train,14.0,1,1.0,1
108248,0,train,13.0,1,6.0,1
108249,0,train,18.0,1,8.0,1
108250,1,validation,19.0,1,9.0,1
108251,0,train,20.0,1,7.0,1
108252,0,validation,10.0,1,8.0,1
108253,0,validation,15.0,1,9.0,1
108254,0,train,14.0,1,3.0,1
108255,0,test,18.0,1,8.0,1
108256,0,test,13.0,1,8.0,1
108257,0,train,5.0,1,0.0,1
108258,0,train,18.0,1,9.0,1
108259,0,train,14.0,1,6.0,1
108260,0,test,6.0,1,1.0,1
108261,0,train,23.0,1,12.0,1
108262,1,train,29.0,1,13.0,1
108263,0,test,15.0,1,10.0,1
108264,1,train,20.0,1,7.0,1
108265,1,train,13.0,1,,0
108266,0,train,8.0,1,1.0,1
108267,0,train,18.0,1,8.0,1
108268,1,train,13.0,1,13.0,1
108269,0,train,11.0,1,1.0,1
108270,0,validation,16.0,1,11.0,1
108271,1,validation,16.0,1,7.0,1
108272,0,train,15.0,1,10.0,1
108273,0,train,13.0,1,8.0,1
108274,0,train,6.0,1,1.0,1
108275,1,test,13.0,1,5.0,1
108276,0,train,18.0,1,,0
108277,0,validation,9.0,1,1.0,1
108278,0,train,5.0,1,2.0,1
108279,0,test,22.0,1,9.0,1
108280,1,train,15.0,1,2.0,1
108281,0,train,23.0,1,6.0,1
108282,0,validation,11.0,1,3.0,1
108283,1,validation,22.0,1,8.0,1
108284,0,train,20.0,1,15.0,1
108285,0,validation,17.0,1,5.0,1
108286,0,train,,0,3.0,1
108287,0,train,15.0,1,18.0,1
108288,0,train,5.0,1,1.0,1
108289,1,train,,0,6.0,1
108290,0,train,14.0,1,10.0,1
108291,1,test,20.0,1,10.0,1
108292,0,train,15.0,1,2.0,1
108293,0,train,10.0,1,1.0,1
108294,0,validation,13.0,1,6.0,1
108295,0,validation,15.0,1,6.0,1
108296,1,test,11.0,1,2.0,1
108297,0,train,7.0,1,3.0,1
108298,1,train,19.0,1,10.0,1
108300,1,train,10.0,1,3.0,1
108301,0,validation,14.0,1,3.0,1
108302,0,validation,18.0,1,7.0,1
108303,1,test,18.0,1,7.0,1
108304,1,train,25.0,1,14.0,1
108305,0,validation,19.0,1,10.0,1
108306,0,train,16.0,1,7.0,1
108307,0,validation,16.0,1,10.0,1
108308,0,train,11.0,1,5.0,1
108309,0,train,15.0,1,4.0,1
108310,0,train,20.0,1,9.0,1
108311,0,train,17.0,1,3.0,1
108312,0,test,30.0,1,11.0,1
108313,0,test,21.0,1,15.0,1
108314,0,train,13.0,1,13.0,1
108315,1,train,19.0,1,7.0,1
108316,0,train,13.0,1,10.0,1
108317,0,train,10.0,1,0.0,1
108318,0,test,10.0,1,0.0,1
108319,0,train,10.0,1,1.0,1
108320,1,test,,0,2.0,1
108321,0,train,7.0,1,0.0,1
108322,0,train,7.0,1,1.0,1
108323,0,train,21.0,1,9.0,1
108324,0,train,19.0,1,7.0,1
108325,0,train,10.0,1,6.0,1
108326,0,train,16.0,1,3.0,1
108327,0,test,18.0,1,9.0,1
108328,0,train,8.0,1,3.0,1
108329,0,train,4.0,1,1.0,1
108330,0,test,9.0,1,8.0,1
108331,0,validation,7.0,1,4.0,1
108332,1,train,14.0,1,13.0,1
108333,0,train,16.0,1,2.0,1
108334,0,train,19.0,1,10.0,1
108335,1,validation,19.0,1,6.0,1
108336,0,validation,13.0,1,3.0,1
108337,0,train,0.0,1,0.0,1
108338,0,train,8.0,1,1.0,1
108339,0,validation,6.0,1,0.0,1
108340,0,test,10.0,1,2.0,1
108341,0,train,21.0,1,6.0,1
108342,0,test,,0,11.0,1
108343,0,validation,19.0,1,9.0,1
108344,0,train,13.0,1,10.0,1
108345,0,train,12.0,1,5.0,1
108346,0,train,15.0,1,11.0,1
108347,0,test,14.0,1,0.0,1
108348,0,train,18.0,1,10.0,1
108349,0,train,18.0,1,6.0,1
108350,0,train,10.0,1,7.0,1
108351,0,train,8.0,1,0.0,1
108352,0,train,19.0,1,7.0,1
108353,0,test,15.0,1,6.0,1
108354,0,train,16.0,1,7.0,1
108355,0,train,,0,3.0,1
108356,0,train,11.0,1,4.0,1
108357,0,validation,18.0,1,9.0,1
108358,0,test,12.0,1,12.0,1
108359,0,test,17.0,1,9.0,1
108360,0,validation,11.0,1,3.0,1
108361,0,validation,13.0,1,7.0,1
108362,0,train,10.0,1,2.0,1
108363,0,train,10.0,1,1.0,1
108364,0,train,13.0,1,5.0,1
108365,0,train,18.0,1,10.0,1
108366,0,train,13.0,1,2.0,1
108367,0,test,18.0,1,11.0,1
108368,1,train,25.0,1,14.0,1
108369,0,train,15.0,1,1.0,1
108370,0,test,16.0,1,7.0,1
108371,0,validation,10.0,1,5.0,1
108372,0,test,19.0,1,6.0,1
108373,0,validation,12.0,1,11.0,1
108374,1,train,21.0,1,9.0,1
108375,0,train,22.0,1,5.0,1
108376,0,train,19.0,1,11.0,1
108377,1,test,17.0,1,5.0,1
108378,1,train,10.0,1,5.0,1
108379,0,test,5.0,1,1.0,1
108380,0,train,14.0,1,5.0,1
108381,0,train,18.0,1,10.0,1
108382,0,test,13.0,1,6.0,1
108383,0,train,12.0,1,6.0,1
108384,1,validation,29.0,1,,0
108385,1,train,24.0,1,13.0,1
108386,0,validation,22.0,1,3.0,1
108387,1,train,20.0,1,5.0,1
108388,0,test,23.0,1,9.0,1
108389,0,test,14.0,1,6.0,1
108390,0,train,22.0,1,11.0,1
108391,0,train,9.0,1,5.0,1
108392,0,validation,14.0,1,5.0,1
108393,0,train,15.0,1,4.0,1
108394,0,test,13.0,1,7.0,1
108395,1,test,13.0,1,3.0,1
108396,0,train,14.0,1,10.0,1
108397,0,train,24.0,1,10.0,1
108398,0,train,18.0,1,10.0,1
108399,0,train,20.0,1,6.0,1
108400,0,test,9.0,1,7.0,1
108401,0,train,12.0,1,3.0,1
108402,1,train,21.0,1,6.0,1
108403,0,test,9.0,1,1.0,1
108404,0,train,23.0,1,10.0,1
108405,1,validation,17.0,1,10.0,1
108406,1,train,18.0,1,1.0,1
108407,1,train,25.0,1,13.0,1
108408,0,train,16.0,1,11.0,1
108409,0,train,11.0,1,9.0,1
108410,0,train,19.0,1,8.0,1
108411,0,train,4.0,1,0.0,1
108412,1,train,24.0,1,15.0,1
108413,0,train,14.0,1,6.0,1
108414,0,test,18.0,1,10.0,1
108415,0,train,16.0,1,6.0,1
108416,0,train,14.0,1,9.0,1
108417,1,train,13.0,1,4.0,1
108418,1,train,19.0,1,11.0,1
108419,0,train,,0,0.0,1
108420,0,test,20.0,1,7.0,1
108421,0,train,20.0,1,13.0,1
108422,0,validation,13.0,1,9.0,1
108423,0,train,15.0,1,7.0,1
108424,0,train,10.0,1,3.0,1
108425,1,test,21.0,1,11.0,1
108426,0,test,,0,,0
108427,1,test,24.0,1,7.0,1
108428,0,train,9.0,1,6.0,1
108429,0,train,15.0,1,7.0,1
108430,0,validation,13.0,1,6.0,1
108431,0,train,20.0,1,11.0,1
108432,0,train,10.0,1,5.0,1
108433,0,train,16.0,1,10.0,1
108434,0,train,19.0,1,7.0,1
108435,1,test,19.0,1,14.0,1
108436,1,test,14.0,1,5.0,1
108437,0,validation,18.0,1,10.0,1
108438,0,validation,12.0,1,10.0,1
108439,0,train,19.0,1,14.0,1
108440,0,train,15.0,1,11.0,1
108441,0,train,16.0,1,11.0,1
108442,0,train,12.0,1,11.0,1
108443,0,test,17.0,1,12.0,1
108444,0,test,12.0,1,5.0,1
108445,0,train,17.0,1,3.0,1
108446,0,train,20.0,1,6.0,1
108447,0,train,22.0,1,,0
108448,0,train,15.0,1,7.0,1
108449,0,train,13.0,1,6.0,1
108450,0,validation,17.0,1,7.0,1
108451,0,train,23.0,1,12.0,1
108452,0,train,10.0,1,1.0,1
108453,0,train,19.0,1,5.0,1
108454,0,validation,12.0,1,8.0,1
108455,1,train,12.0,1,8.0,1
108456,0,train,21.0,1,9.0,1
108457,0,train,23.0,1,10.0,1
108458,1,train,16.0,1,5.0,1
108459,0,validation,23.0,1,10.0,1
108460,0,train,18.0,1,11.0,1
108461,0,validation,4.0,1,5.0,1
108462,0,test,15.0,1,8.0,1
108463,0,train,4.0,1,0.0,1
108464,0,test,7.0,1,1.0,1
108465,0,train,16.0,1,9.0,1
108466,0,train,17.0,1,7.0,1
108467,0,train,22.0,1,6.0,1
108468,1,train,23.0,1,11.0,1
108469,0,test,10.0,1,1.0,1
108470,0,train,15.0,1,6.0,1
108471,0,train,11.0,1,1.0,1
108472,0,train,8.0,1,4.0,1
108473,0,train,8.0,1,,0
108474,0,train,10.0,1,0.0,1
108475,0,validation,13.0,1,4.0,1
108476,1,train,18.0,1,12.0,1
108477,0,train,7.0,1,2.0,1
108478,0,train,19.0,1,5.0,1
108479,0,train,14.0,1,2.0,1
108480,0,test,15.0,1,6.0,1
108481,1,train,17.0,1,6.0,1
108482,0,train,16.0,1,5.0,1
108483,0,train,18.0,1,10.0,1
108484,0,test,19.0,1,12.0,1
108485,0,train,16.0,1,8.0,1
108486,0,validation,18.0,1,3.0,1
108487,0,train,17.0,1,11.0,1
108488,0,train,9.0,1,5.0,1
108489,0,train,13.0,1,7.0,1
108490,0,test,15.0,1,7.0,1
108491,0,train,18.0,1,10.0,1
108492,0,validation,23.0,1,9.0,1
108493,0,train,20.0,1,8.0,1
108494,0,validation,14.0,1,8.0,1
108495,0,train,20.0,1,5.0,1
108496,1,test,30.0,1,22.0,1
108497,1,train,15.0,1,4.0,1
108498,0,train,5.0,1,0.0,1
108499,0,validation,15.0,1,8.0,1
108500,0,train,16.0,1,11.0,1
108501,0,validation,27.0,1,14.0,1
108502,0,validation,17.0,1,4.0,1
108503,0,validation,,0,6.0,1
108504,0,train,10.0,1,3.0,1
108505,1,train,18.0,1,9.0,1
108506,0,train,15.0,1,2.0,1
108507,0,validation,11.0,1,6.0,1
108508,0,test,6.0,1,1.0,1
108509,1,train,20.0,1,5.0,1
108510,1,train,30.0,1,13.0,1
108511,0,test,16.0,1,7.0,1
108512,1,test,17.0,1,6.0,1
108513,0,train,14.0,1,7.0,1
108514,0,train,14.0,1,2.0,1
108515,0,test,7.0,1,1.0,1
108516,0,train,12.0,1,9.0,1
108517,0,validation,16.0,1,11.0,1
108518,0,train,14.0,1,6.0,1
108519,0,train,17.0,1,12.0,1
108520,0,train,9.0,1,5.0,1
108521,0,train,9.0,1,2.0,1
108522,0,train,27.0,1,13.0,1
108523,0,train,15.0,1,4.0,1
108524,0,validation,15.0,1,11.0,1
108525,0,test,20.0,1,11.0,1
108526,0,train,22.0,1,11.0,1
108527,0,train,14.0,1,8.0,1
108528,0,train,18.0,1,11.0,1
108529,1,test,18.0,1,13.0,1
108530,0,train,17.0,1,8.0,1
108531,0,train,16.0,1,,0
108532,0,train,16.0,1,6.0,1
108533,0,test,15.0,1,7.0,1
108534,0,train,18.0,1,8.0,1
108535,0,test,13.0,1,6.0,1
108536,0,train,20.0,1,12.0,1
108537,0,train,16.0,1,4.0,1
108538,1,train,10.0,1,4.0,1
108539,0,train,13.0,1,0.0,1
108540,0,train,21.0,1,12.0,1
108541,1,test,29.0,1,13.0,1
108542,0,test,12.0,1,2.0,1
108543,0,train,10.0,1,1.0,1
108544,1,train,17.0,1,2.0,1
108545,0,train,11.0,1,3.0,1
108546,0,validation,6.0,1,4.0,1
108547,0,train,21.0,1,,0
108548,0,validation,23.0,1,7.0,1
108549,0,train,20.0,1,10.0,1
108550,0,train,11.0,1,3.0,1
108551,0,train,14.0,1,2.0,1
108552,0,train,18.0,1,8.0,1
108553,0,validation,5.0,1,1.0,1
108554,0,test,10.0,1,7.0,1
108555,0,train,12.0,1,2.0,1
108556,1,test,10.0,1,4.0,1
108557,0,train,9.0,1,2.0,1
108558,1,validation,24.0,1,16.0,1
108559,0,validation,17.0,1,9.0,1
108560,1,train,17.0,1,16.0,1
108561,0,train,17.0,1,8.0,1
108562,0,train,12.0,1,4.0,1
108563,0,train,20.0,1,5.0,1
108564,0,train,,0,0.0,1
108565,0,train,7.0,1,1.0,1
108566,0,train,16.0,1,7.0,1
108567,0,test,4.0,1,3.0,1
108568,0,train,24.0,1,10.0,1
108569,0,train,7.0,1,1.0,1
108570,0,train,,0,4.0,1
108571,0,train,15.0,1,4.0,1
108572,1,train,12.0,1,6.0,1
108573,0,test,6.0,1,2.0,1
108574,0,validation,22.0,1,12.0,1
108575,0,validation,11.0,1,6.0,1
108576,0,train,16.0,1,8.0,1
108577,1,train,26.0,1,10.0,1
108578,0,train,27.0,1,15.0,1
108579,0,test,14.0,1,8.0,1
108580,0,train,8.0,1,3.0,1
108581,0,test,22.0,1,8.0,1
108582,0,train,,0,2.0,1
108583,0,train,18.0,1,6.0,1
108584,0,train,20.0,1,14.0,1
108585,0,train,9.0,1,2.0,1
108586,0,train,14.0,1,2.0,1
108587,0,validation,13.0,1,8.0,1
108588,0,train,9.0,1,1.0,1
108589,0,test,17.0,1,5.0,1
108590,1,train,17.0,1,8.0,1
108591,0,validation,13.0,1,3.0,1
108592,0,train,10.0,1,1.0,1
108593,0,train,18.0,1,9.0,1
108594,0,train,22.0,1,11.0,1
108595,0,train,15.0,1,4.0,1
108596,0,train,29.0,1,15.0,1
108597,0,train,20.0,1,13.0,1
108598,0,test,16.0,1,10.0,1
108599,0,train,10.0,1,5.0,1
108600,1,validation,14.0,1,6.0,1
108601,0,train,,0,2.0,1
108602,1,train,22.0,1,12.0,1
108603,0,train,16.0,1,10.0,1
108604,0,train,11.0,1,2.0,1
108605,0,test,,0,3.0,1
108606,0,train,16.0,1,15.0,1
108607,1,validation,12.0,1,7.0,1
108608,0,test,14.0,1,5.0,1
108609,0,train,17.0,1,8.0,1
108610,0,train,10.0,1,5.0,1
108611,0,train,16.0,1,8.0,1
108612,0,train,18.0,1,8.0,1
108613,0,test,15.0,1,9.0,1
108614,0,train,25.0,1,11.0,1
108615,0,train,22.0,1,9.0,1
108616,0,test,5.0,1,2.0,1
108617,0,test,10.0,1,1.0,1
108618,0,train,24.0,1,,0
108619,1,validation,13.0,1,4.0,1
108620,0,test,13.0,1,2.0,1
108621,0,train,17.0,1,11.0,1
108622,0,train,8.0,1,1.0,1
108623,1,train,15.0,1,6.0,1
108624,0,train,21.0,1,9.0,1
108625,0,train,16.0,1,11.0,1
108626,0,test,19.0,1,10.0,1
108627,0,train,7.0,1,1.0,1
108628,0,train,15.0,1,9.0,1
108629,0,validation,13.0,1,7.0,1
108630,1,train,11.0,1,6.0,1
108631,0,train,28.0,1,11.0,1
108632,0,train,20.0,1,0.0,1
108633,0,train,14.0,1,10.0,1
108634,0,train,13.0,1,8.0,1
108635,0,train,13.0,1,5.0,1
108636,1,test,14.0,1,,0
108638,0,train,11.0,1,8.0,1
108640,0,train,24.0,1,15.0,1
108641,0,train,18.0,1,7.0,1
108642,0,train,16.0,1,5.0,1
108643,0,train,13.0,1,6.0,1
108644,0,validation,11.0,1,,0
108645,0,train,12.0,1,2.0,1
108646,0,validation,19.0,1,7.0,1
108647,0,train,20.0,1,9.0,1
108648,0,train,33.0,1,11.0,1
108649,0,validation,8.0,1,1.0,1
108650,0,train,20.0,1,8.0,1
108651,1,train,13.0,1,6.0,1
108652,0,train,21.0,1,4.0,1
108653,0,train,22.0,1,12.0,1
108654,0,train,14.0,1,8.0,1
108655,0,train,21.0,1,9.0,1
108656,1,train,25.0,1,12.0,1
108657,0,train,12.0,1,4.0,1
108658,0,train,8.0,1,2.0,1
108659,0,test,9.0,1,3.0,1
108661,0,train,11.0,1,1.0,1
108662,0,test,12.0,1,0.0,1
108663,1,train,23.0,1,8.0,1
108664,0,train,15.0,1,12.0,1
108665,1,validation,14.0,1,5.0,1
108666,0,train,,0,7.0,1
108667,1,train,17.0,1,11.0,1
108668,0,train,15.0,1,3.0,1
108669,0,validation,4.0,1,2.0,1
108670,0,train,23.0,1,14.0,1
108671,0,train,11.0,1,8.0,1
108672,0,train,10.0,1,6.0,1
108673,0,test,,0,5.0,1
108674,0,train,10.0,1,2.0,1
108675,0,train,12.0,1,15.0,1
108676,0,train,6.0,1,1.0,1
108677,0,train,9.0,1,1.0,1
108678,0,train,18.0,1,10.0,1
108679,0,test,16.0,1,6.0,1
108680,0,train,16.0,1,13.0,1
108681,0,train,15.0,1,9.0,1
108682,0,train,16.0,1,11.0,1
108683,0,train,9.0,1,4.0,1
108684,0,train,15.0,1,10.0,1
108685,0,train,11.0,1,6.0,1
108686,0,validation,23.0,1,12.0,1
108687,0,train,,0,5.0,1
108688,0,train,15.0,1,8.0,1
108689,0,train,10.0,1,2.0,1
108690,1,train,23.0,1,11.0,1
108691,0,train,24.0,1,13.0,1
108692,0,train,15.0,1,6.0,1
108693,1,train,19.0,1,15.0,1
108694,0,train,24.0,1,14.0,1
108695,0,validation,8.0,1,2.0,1
108696,0,test,9.0,1,0.0,1
108697,0,train,17.0,1,2.0,1
108698,0,validation,15.0,1,3.0,1
108699,0,validation,10.0,1,1.0,1
108700,0,train,17.0,1,,0
108701,0,train,9.0,1,1.0,1
108702,0,test,10.0,1,3.0,1
108703,1,train,27.0,1,22.0,1
108704,0,train,16.0,1,9.0,1
108705,0,train,5.0,1,2.0,1
108706,0,train,20.0,1,7.0,1
108707,0,train,12.0,1,6.0,1
108708,1,test,20.0,1,19.0,1
108709,0,validation,25.0,1,11.0,1
108710,0,train,10.0,1,4.0,1
108711,0,train,11.0,1,3.0,1
108712,1,test,18.0,1,12.0,1
108713,0,test,9.0,1,2.0,1
108714,0,validation,24.0,1,13.0,1
108715,1,validation,20.0,1,15.0,1
108716,0,test,12.0,1,1.0,1
108718,0,validation,11.0,1,4.0,1
108719,0,validation,15.0,1,9.0,1
108720,0,validation,11.0,1,3.0,1
108721,0,train,13.0,1,7.0,1
108722,0,test,19.0,1,10.0,1
108723,1,train,20.0,1,14.0,1
108724,0,train,27.0,1,17.0,1
108725,0,train,20.0,1,7.0,1
108726,0,test,21.0,1,7.0,1
108727,0,validation,8.0,1,2.0,1
108728,0,train,17.0,1,8.0,1
108729,0,train,14.0,1,11.0,1
108730,0,test,17.0,1,13.0,1
108731,0,train,14.0,1,8.0,1
108732,0,train,13.0,1,6.0,1
108733,0,train,15.0,1,6.0,1
108734,0,train,16.0,1,12.0,1
108735,0,train,16.0,1,13.0,1
108736,0,train,9.0,1,1.0,1
108737,0,train,11.0,1,1.0,1
108738,0,train,19.0,1,2.0,1
108739,0,validation,11.0,1,8.0,1
108740,0,test,18.0,1,11.0,1
108741,0,train,15.0,1,8.0,1
108742,0,train,19.0,1,8.0,1
108743,0,train,13.0,1,2.0,1
108744,0,train,15.0,1,5.0,1
108745,0,train,16.0,1,11.0,1
108746,0,test,13.0,1,0.0,1
108747,0,train,25.0,1,12.0,1
108748,0,validation,14.0,1,2.0,1
108749,1,train,11.0,1,6.0,1
108750,1,train,24.0,1,14.0,1
108751,0,validation,13.0,1,12.0,1
108752,0,train,24.0,1,10.0,1
108753,0,train,9.0,1,1.0,1
108754,0,train,9.0,1,3.0,1
108755,0,validation,17.0,1,7.0,1
108756,0,train,10.0,1,5.0,1
108757,0,validation,11.0,1,7.0,1
108758,0,train,13.0,1,10.0,1
108759,0,train,23.0,1,10.0,1
108760,0,train,15.0,1,4.0,1
108761,1,test,20.0,1,8.0,1
108762,0,validation,9.0,1,1.0,1
108763,0,validation,17.0,1,7.0,1
108764,1,train,30.0,1,21.0,1
108765,0,train,5.0,1,1.0,1
108766,0,train,22.0,1,9.0,1
108767,0,train,,0,0.0,1
108768,0,train,9.0,1,3.0,1
108769,0,train,17.0,1,8.0,1
108770,0,validation,11.0,1,5.0,1
108771,0,train,20.0,1,11.0,1
108772,0,test,12.0,1,7.0,1
108773,0,train,12.0,1,1.0,1
108774,0,test,8.0,1,5.0,1
108775,0,validation,19.0,1,11.0,1
108776,0,train,16.0,1,12.0,1
108777,0,train,15.0,1,8.0,1
108778,0,train,4.0,1,1.0,1
108779,0,train,7.0,1,1.0,1
108780,0,train,15.0,1,6.0,1
108781,0,test,16.0,1,5.0,1
108782,1,test,21.0,1,16.0,1
108783,0,train,17.0,1,11.0,1
108784,0,train,19.0,1,8.0,1
108785,0,train,7.0,1,5.0,1
108786,0,train,16.0,1,10.0,1
108787,0,train,28.0,1,11.0,1
108788,0,validation,8.0,1,2.0,1
108789,0,train,10.0,1,4.0,1
108790,0,train,14.0,1,3.0,1
108791,0,train,16.0,1,10.0,1
108792,0,train,19.0,1,12.0,1
108793,0,test,14.0,1,2.0,1
108794,0,train,14.0,1,6.0,1
108795,0,validation,12.0,1,3.0,1
108796,0,test,11.0,1,2.0,1
108797,0,train,7.0,1,0.0,1
108798,0,train,6.0,1,2.0,1
108799,0,validation,22.0,1,12.0,1
108800,0,train,20.0,1,13.0,1
108801,0,test,18.0,1,11.0,1
108802,0,train,10.0,1,1.0,1
108803,0,train,4.0,1,2.0,1
108804,0,test,29.0,1,8.0,1
108805,0,train,15.0,1,7.0,1
108806,0,train,8.0,1,4.0,1
108807,0,train,6.0,1,2.0,1
108808,0,test,8.0,1,3.0,1
108809,0,train,15.0,1,6.0,1
108810,0,test,14.0,1,5.0,1
108811,0,train,22.0,1,3.0,1
108812,0,train,21.0,1,8.0,1
108813,0,train,22.0,1,7.0,1
108814,0,validation,13.0,1,5.0,1
108815,0,train,14.0,1,2.0,1
108816,0,train,16.0,1,4.0,1
108817,0,train,13.0,1,7.0,1
108818,0,train,13.0,1,7.0,1
108819,0,train,8.0,1,2.0,1
108820,0,train,14.0,1,2.0,1
108821,0,train,14.0,1,1.0,1
108822,0,train,17.0,1,6.0,1
108823,0,train,12.0,1,3.0,1
108824,1,train,21.0,1,13.0,1
108825,0,train,26.0,1,9.0,1
108826,0,train,4.0,1,1.0,1
108827,0,train,9.0,1,2.0,1
108828,0,train,13.0,1,3.0,1
108829,0,train,12.0,1,8.0,1
108830,0,train,9.0,1,1.0,1
108831,0,test,13.0,1,7.0,1
108832,1,train,17.0,1,11.0,1
108833,1,train,,0,4.0,1
108834,0,test,16.0,1,6.0,1
108835,0,train,12.0,1,2.0,1
108836,0,validation,19.0,1,13.0,1
108837,0,train,21.0,1,10.0,1
108838,0,test,18.0,1,13.0,1
108839,1,test,,0,7.0,1
108840,0,train,23.0,1,9.0,1
108841,0,train,9.0,1,2.0,1
108842,0,train,17.0,1,8.0,1
108843,1,train,17.0,1,6.0,1
108844,0,train,16.0,1,6.0,1
108845,0,train,11.0,1,1.0,1
108846,0,train,10.0,1,3.0,1
108847,1,train,24.0,1,11.0,1
108848,0,train,13.0,1,4.0,1
108849,0,train,14.0,1,13.0,1
108850,0,train,21.0,1,6.0,1
108851,0,test,12.0,1,13.0,1
108852,0,train,12.0,1,0.0,1
108853,0,train,13.0,1,5.0,1
108854,0,train,8.0,1,3.0,1
108855,0,train,18.0,1,4.0,1
108856,0,train,8.0,1,,0
108857,0,test,17.0,1,4.0,1
108858,0,test,16.0,1,9.0,1
108859,0,train,18.0,1,8.0,1
108860,1,train,20.0,1,13.0,1
108861,0,train,,0,,0
108862,0,validation,18.0,1,6.0,1
108863,0,validation,22.0,1,5.0,1
108864,0,test,19.0,1,13.0,1
108865,0,train,10.0,1,5.0,1
108866,0,validation,11.0,1,1.0,1
108867,0,train,6.0,1,0.0,1
108868,0,validation,18.0,1,11.0,1
108869,0,train,9.0,1,6.0,1
108870,0,train,14.0,1,9.0,1
108871,0,train,24.0,1,5.0,1
108872,0,train,21.0,1,14.0,1
108873,0,train,8.0,1,2.0,1
108874,0,validation,,0,4.0,1
108875,0,train,22.0,1,14.0,1
108876,0,validation,,0,5.0,1
108877,1,validation,15.0,1,7.0,1
108878,0,test,12.0,1,7.0,1
108879,0,train,12.0,1,2.0,1
108880,0,validation,11.0,1,5.0,1
108881,0,train,,0,0.0,1
108882,0,train,19.0,1,11.0,1
108883,1,train,28.0,1,17.0,1
108884,0,test,,0,1.0,1
108885,1,validation,20.0,1,7.0,1
108886,0,train,8.0,1,3.0,1
108887,0,test,11.0,1,8.0,1
108888,0,train,15.0,1,6.0,1
108889,0,train,16.0,1,2.0,1
108890,0,train,15.0,1,8.0,1
108891,1,train,20.0,1,8.0,1
108892,0,train,21.0,1,6.0,1
108893,1,test,19.0,1,6.0,1
108894,0,validation,8.0,1,0.0,1
108895,0,test,17.0,1,5.0,1
108896,0,train,11.0,1,0.0,1
108897,0,test,15.0,1,10.0,1
108898,0,validation,24.0,1,9.0,1
108899,0,train,19.0,1,4.0,1
108900,0,train,9.0,1,1.0,1
108901,0,test,19.0,1,8.0,1
108902,1,validation,15.0,1,6.0,1
108903,0,test,29.0,1,,0
108904,0,train,11.0,1,4.0,1
108905,0,train,17.0,1,6.0,1
108906,0,test,17.0,1,7.0,1
108907,0,train,21.0,1,11.0,1
108908,0,test,21.0,1,7.0,1
108909,0,train,6.0,1,0.0,1
108910,0,train,17.0,1,6.0,1
108911,0,train,18.0,1,4.0,1
108912,0,test,11.0,1,6.0,1
108913,0,train,19.0,1,9.0,1
108914,1,test,21.0,1,6.0,1
108916,0,train,9.0,1,2.0,1
108917,0,train,18.0,1,9.0,1
108918,0,train,6.0,1,1.0,1
108919,0,validation,20.0,1,7.0,1
108920,0,train,20.0,1,13.0,1
108921,0,train,7.0,1,7.0,1
108922,0,test,20.0,1,9.0,1
108923,0,train,6.0,1,3.0,1
108924,0,train,6.0,1,1.0,1
108925,0,train,19.0,1,11.0,1
108926,1,test,10.0,1,10.0,1
108927,0,train,18.0,1,6.0,1
108928,0,train,12.0,1,4.0,1
108929,1,train,15.0,1,4.0,1
108930,0,test,16.0,1,5.0,1
108931,0,train,7.0,1,,0
108932,0,train,9.0,1,1.0,1
108933,0,train,14.0,1,5.0,1
108934,0,train,20.0,1,8.0,1
108935,0,train,18.0,1,6.0,1
108936,0,train,20.0,1,14.0,1
108937,0,train,12.0,1,5.0,1
108938,0,train,10.0,1,3.0,1
108939,0,train,10.0,1,5.0,1
108940,0,train,20.0,1,10.0,1
108941,0,train,11.0,1,7.0,1
108942,0,test,21.0,1,11.0,1
108943,1,train,8.0,1,5.0,1
108944,0,train,,0,6.0,1
108945,0,validation,15.0,1,6.0,1
108946,0,test,10.0,1,5.0,1
108947,0,train,17.0,1,11.0,1
108948,0,train,10.0,1,1.0,1
108949,0,validation,7.0,1,1.0,1
108950,0,train,9.0,1,2.0,1
108951,0,test,13.0,1,10.0,1
108952,0,train,25.0,1,13.0,1
108953,1,train,18.0,1,2.0,1
108954,1,train,20.0,1,11.0,1
108955,0,test,11.0,1,0.0,1
108956,0,train,28.0,1,16.0,1
108957,0,test,16.0,1,10.0,1
108958,1,train,28.0,1,12.0,1
108959,0,train,17.0,1,4.0,1
108960,0,test,11.0,1,2.0,1
108961,0,train,14.0,1,8.0,1
108962,0,train,16.0,1,9.0,1
108963,0,test,15.0,1,8.0,1
108964,0,validation,13.0,1,5.0,1
108965,1,train,15.0,1,6.0,1
108966,1,train,25.0,1,11.0,1
108967,1,train,18.0,1,10.0,1
108968,0,train,11.0,1,6.0,1
108969,0,train,12.0,1,0.0,1
108970,1,train,28.0,1,15.0,1
108971,0,train,14.0,1,9.0,1
108972,0,validation,9.0,1,5.0,1
108973,0,train,19.0,1,6.0,1
108974,0,validation,18.0,1,9.0,1
108975,0,train,8.0,1,2.0,1
108976,1,train,26.0,1,21.0,1
108977,0,train,7.0,1,2.0,1
108978,1,train,11.0,1,6.0,1
108979,0,test,14.0,1,10.0,1
108980,1,train,21.0,1,11.0,1
108981,0,validation,14.0,1,4.0,1
108982,1,train,26.0,1,17.0,1
108983,0,validation,7.0,1,2.0,1
108984,0,train,13.0,1,5.0,1
108985,0,train,7.0,1,5.0,1
108986,1,validation,22.0,1,6.0,1
108987,0,train,9.0,1,1.0,1
108988,0,train,16.0,1,12.0,1
108989,0,test,27.0,1,10.0,1
108990,0,train,21.0,1,7.0,1
108991,0,train,15.0,1,5.0,1
108992,0,train,13.0,1,0.0,1
108993,0,validation,,0,5.0,1
108994,0,train,20.0,1,12.0,1
108995,0,train,11.0,1,2.0,1
108996,0,train,24.0,1,9.0,1
108997,0,train,11.0,1,5.0,1
108998,0,train,15.0,1,9.0,1
108999,0,train,23.0,1,11.0,1
109000,0,train,19.0,1,8.0,1
109001,0,validation,4.0,1,0.0,1
109002,0,train,,0,1.0,1
109003,1,train,14.0,1,4.0,1
109004,0,validation,16.0,1,4.0,1
109005,0,validation,9.0,1,9.0,1
109006,0,train,21.0,1,11.0,1
109008,0,validation,9.0,1,0.0,1
109009,0,train,15.0,1,4.0,1
109010,0,train,17.0,1,7.0,1
109011,0,train,15.0,1,9.0,1
109012,0,train,14.0,1,5.0,1
109013,0,train,10.0,1,7.0,1
109014,0,train,17.0,1,9.0,1
109015,0,train,9.0,1,2.0,1
109016,0,train,11.0,1,2.0,1
109017,0,train,20.0,1,7.0,1
109018,1,train,15.0,1,7.0,1
109019,0,train,11.0,1,1.0,1
109020,0,train,16.0,1,7.0,1
109021,1,train,22.0,1,7.0,1
109022,0,validation,16.0,1,4.0,1
109023,0,train,18.0,1,12.0,1
109024,0,validation,16.0,1,8.0,1
109025,0,train,15.0,1,7.0,1
109026,0,validation,15.0,1,5.0,1
109027,0,train,24.0,1,10.0,1
109028,1,train,21.0,1,9.0,1
109029,0,train,12.0,1,5.0,1
109030,0,train,20.0,1,7.0,1
109031,0,train,8.0,1,2.0,1
109032,0,validation,11.0,1,5.0,1
109033,0,test,9.0,1,0.0,1
109034,0,train,12.0,1,6.0,1
109035,0,train,10.0,1,6.0,1
109036,0,train,12.0,1,8.0,1
109037,1,train,18.0,1,6.0,1
109038,0,validation,19.0,1,10.0,1
109039,0,test,17.0,1,8.0,1
109040,0,train,18.0,1,9.0,1
109041,0,test,10.0,1,6.0,1
109042,0,train,,0,3.0,1
109043,0,train,13.0,1,9.0,1
109044,0,train,20.0,1,10.0,1
109045,1,train,9.0,1,8.0,1
109046,0,train,13.0,1,2.0,1
109047,0,train,18.0,1,5.0,1
109048,0,train,17.0,1,4.0,1
109049,0,train,15.0,1,7.0,1
109050,0,validation,16.0,1,5.0,1
109051,0,train,9.0,1,4.0,1
109052,0,train,7.0,1,,0
109053,0,test,11.0,1,1.0,1
109054,0,train,16.0,1,3.0,1
109055,0,train,15.0,1,4.0,1
109056,0,validation,3.0,1,0.0,1
109057,0,train,21.0,1,10.0,1
109058,1,train,22.0,1,8.0,1
109059,0,train,5.0,1,2.0,1
109060,0,test,10.0,1,2.0,1
109061,0,train,33.0,1,15.0,1
109062,0,train,8.0,1,1.0,1
109063,0,validation,18.0,1,8.0,1
109064,1,train,15.0,1,5.0,1
109065,0,train,14.0,1,11.0,1
109066,0,train,11.0,1,4.0,1
109067,0,train,16.0,1,7.0,1
109068,0,test,20.0,1,10.0,1
109069,0,train,19.0,1,6.0,1
109070,1,train,18.0,1,7.0,1
109071,0,train,8.0,1,1.0,1
109073,0,train,15.0,1,10.0,1
109074,0,test,9.0,1,0.0,1
109075,1,train,14.0,1,,0
109076,1,validation,8.0,1,8.0,1
109077,0,test,13.0,1,3.0,1
109078,0,train,28.0,1,12.0,1
109079,1,test,23.0,1,14.0,1
109080,0,train,18.0,1,8.0,1
109081,0,train,14.0,1,1.0,1
109082,1,train,17.0,1,3.0,1
109083,1,train,,0,13.0,1
109084,0,train,13.0,1,2.0,1
109085,0,validation,24.0,1,11.0,1
109086,0,train,10.0,1,1.0,1
109087,0,train,11.0,1,1.0,1
109088,0,train,21.0,1,12.0,1
109089,1,validation,,0,9.0,1
109090,0,train,16.0,1,7.0,1
109091,1,test,27.0,1,14.0,1
109092,0,train,24.0,1,7.0,1
109093,0,train,19.0,1,10.0,1
109094,1,train,13.0,1,12.0,1
109095,0,train,14.0,1,9.0,1
109096,0,test,20.0,1,9.0,1
109097,0,test,20.0,1,11.0,1
109098,0,train,15.0,1,3.0,1
109099,1,train,15.0,1,4.0,1
109100,0,test,8.0,1,4.0,1
109101,0,train,8.0,1,1.0,1
109102,0,validation,14.0,1,2.0,1
109103,1,train,23.0,1,12.0,1
109104,0,train,18.0,1,13.0,1
109105,0,train,21.0,1,14.0,1
109106,0,train,21.0,1,12.0,1
109107,1,validation,10.0,1,11.0,1
109108,1,train,13.0,1,1.0,1
109109,0,train,17.0,1,11.0,1
109110,0,train,13.0,1,8.0,1
109111,0,train,9.0,1,3.0,1
109112,0,train,16.0,1,7.0,1
109113,0,train,20.0,1,1.0,1
109114,0,test,17.0,1,12.0,1
109115,0,validation,19.0,1,9.0,1
109116,0,train,14.0,1,13.0,1
109117,0,test,11.0,1,7.0,1
109118,0,train,,0,6.0,1
109119,0,test,15.0,1,5.0,1
109120,0,validation,13.0,1,9.0,1
109121,0,train,23.0,1,13.0,1
109122,0,train,19.0,1,5.0,1
109123,0,train,13.0,1,9.0,1
109124,0,train,4.0,1,1.0,1
109125,0,train,17.0,1,2.0,1
109126,0,train,16.0,1,8.0,1
109127,1,train,18.0,1,9.0,1
109128,0,train,15.0,1,1.0,1
109129,0,train,14.0,1,4.0,1
109130,0,train,12.0,1,5.0,1
109131,0,train,15.0,1,8.0,1
109132,0,test,25.0,1,10.0,1
109133,0,train,13.0,1,11.0,1
109134,0,test,13.0,1,4.0,1
109136,0,train,18.0,1,8.0,1
109137,0,train,13.0,1,8.0,1
109138,0,validation,18.0,1,5.0,1
109139,0,train,6.0,1,7.0,1
109140,0,train,8.0,1,1.0,1
109141,0,validation,12.0,1,0.0,1
109142,0,train,4.0,1,0.0,1
109143,0,validation,25.0,1,12.0,1
109144,0,train,18.0,1,12.0,1
109145,0,train,18.0,1,11.0,1
109146,0,train,10.0,1,0.0,1
109147,0,train,8.0,1,1.0,1
109148,1,train,12.0,1,6.0,1
109149,0,train,20.0,1,14.0,1
109150,0,train,11.0,1,7.0,1
109151,0,validation,11.0,1,9.0,1
109153,0,test,7.0,1,3.0,1
109154,0,train,10.0,1,1.0,1
109155,0,train,23.0,1,12.0,1
109156,0,test,16.0,1,8.0,1
109157,0,test,14.0,1,2.0,1
109158,0,validation,14.0,1,2.0,1
109159,0,validation,17.0,1,7.0,1
109160,0,test,10.0,1,6.0,1
109161,0,train,18.0,1,11.0,1
109162,0,train,13.0,1,5.0,1
109163,0,validation,14.0,1,8.0,1
109164,0,train,14.0,1,11.0,1
109165,0,train,17.0,1,11.0,1
109166,0,test,10.0,1,10.0,1
109167,0,train,18.0,1,7.0,1
109168,1,train,21.0,1,19.0,1
109169,0,train,13.0,1,6.0,1
109170,0,train,23.0,1,13.0,1
109171,0,validation,18.0,1,11.0,1
109172,0,validation,12.0,1,2.0,1
109174,1,train,12.0,1,6.0,1
109175,0,train,7.0,1,5.0,1
109176,0,train,,0,12.0,1
109177,1,validation,17.0,1,9.0,1
109178,0,train,13.0,1,9.0,1
109179,1,train,16.0,1,9.0,1
109180,1,validation,18.0,1,16.0,1
109181,0,train,15.0,1,6.0,1
109182,0,train,10.0,1,5.0,1
109183,0,train,19.0,1,8.0,1
109184,0,train,20.0,1,10.0,1
109185,1,train,14.0,1,5.0,1
109186,0,validation,21.0,1,12.0,1
109187,0,train,23.0,1,,0
109188,0,train,17.0,1,11.0,1
109189,0,test,9.0,1,0.0,1
109190,1,train,16.0,1,5.0,1
109191,0,train,15.0,1,12.0,1
109192,0,train,16.0,1,9.0,1
109193,1,train,24.0,1,18.0,1
109194,0,train,13.0,1,6.0,1
109195,1,validation,11.0,1,6.0,1
109196,0,train,15.0,1,12.0,1
109197,0,train,9.0,1,6.0,1
109198,1,train,24.0,1,11.0,1
109199,0,train,20.0,1,15.0,1
109201,0,train,15.0,1,5.0,1
109202,1,validation,16.0,1,7.0,1
109203,1,train,21.0,1,8.0,1
109204,0,validation,15.0,1,7.0,1
109205,0,test,10.0,1,6.0,1
109206,0,validation,20.0,1,7.0,1
109207,1,validation,19.0,1,7.0,1
109208,0,train,16.0,1,13.0,1
109209,0,train,9.0,1,2.0,1
109210,0,train,17.0,1,6.0,1
109211,0,train,16.0,1,9.0,1
109212,0,train,20.0,1,10.0,1
109213,0,train,9.0,1,2.0,1
109214,0,train,15.0,1,6.0,1
109215,0,train,19.0,1,10.0,1
109216,0,test,17.0,1,8.0,1
109217,0,train,11.0,1,7.0,1
109218,0,train,5.0,1,1.0,1
109219,1,train,20.0,1,4.0,1
109220,0,train,16.0,1,9.0,1
109221,1,train,11.0,1,0.0,1
109222,0,validation,10.0,1,7.0,1
109223,0,train,10.0,1,10.0,1
109224,0,train,9.0,1,1.0,1
109225,0,train,18.0,1,7.0,1
109226,1,train,13.0,1,7.0,1
109227,0,train,13.0,1,6.0,1
109228,0,train,12.0,1,10.0,1
109229,0,train,10.0,1,7.0,1
109230,0,train,17.0,1,5.0,1
109231,0,train,16.0,1,3.0,1
109232,0,train,9.0,1,6.0,1
109233,0,train,21.0,1,5.0,1
109234,0,train,23.0,1,13.0,1
109235,0,train,5.0,1,0.0,1
109236,0,test,13.0,1,11.0,1
109237,0,test,19.0,1,12.0,1
109238,0,validation,12.0,1,2.0,1
109239,0,validation,,0,1.0,1
109240,0,train,16.0,1,9.0,1
109241,0,train,12.0,1,1.0,1
109242,0,validation,20.0,1,12.0,1
109243,0,train,17.0,1,7.0,1
109244,0,test,19.0,1,9.0,1
109245,1,validation,24.0,1,11.0,1
109246,0,train,16.0,1,12.0,1
109247,0,train,10.0,1,11.0,1
109248,0,train,,0,9.0,1
109249,0,train,13.0,1,9.0,1
109250,0,validation,20.0,1,10.0,1
109251,0,train,24.0,1,9.0,1
109252,0,train,14.0,1,4.0,1
109253,0,test,15.0,1,1.0,1
109254,0,train,12.0,1,13.0,1
109255,0,train,13.0,1,7.0,1
109256,0,validation,23.0,1,9.0,1
109257,0,validation,18.0,1,6.0,1
109258,1,train,18.0,1,19.0,1
109259,0,train,6.0,1,0.0,1
109260,0,validation,16.0,1,7.0,1
109261,0,test,16.0,1,7.0,1
109262,0,test,15.0,1,4.0,1
109263,0,validation,22.0,1,4.0,1
109264,0,validation,,0,6.0,1
109265,0,test,5.0,1,1.0,1
109266,0,train,21.0,1,11.0,1
109267,1,train,15.0,1,7.0,1
109268,0,train,9.0,1,1.0,1
109269,0,test,18.0,1,15.0,1
109270,0,train,15.0,1,9.0,1
109271,0,validation,14.0,1,2.0,1
109272,0,train,13.0,1,1.0,1
109273,0,train,20.0,1,9.0,1
109274,0,train,18.0,1,10.0,1
109275,0,train,20.0,1,8.0,1
109276,0,validation,18.0,1,8.0,1
109277,0,train,19.0,1,10.0,1
109278,0,test,,0,11.0,1
109279,0,train,10.0,1,5.0,1
109280,0,train,9.0,1,2.0,1
109281,1,train,17.0,1,,0
109282,0,train,16.0,1,6.0,1
109283,0,test,12.0,1,1.0,1
109284,0,train,6.0,1,1.0,1
109285,0,train,15.0,1,12.0,1
109286,0,train,9.0,1,6.0,1
109287,0,train,12.0,1,4.0,1
109288,0,train,13.0,1,10.0,1
109289,0,test,9.0,1,3.0,1
109290,0,train,21.0,1,10.0,1
109291,0,train,8.0,1,6.0,1
109292,0,train,4.0,1,1.0,1
109293,1,train,14.0,1,10.0,1
109294,0,train,15.0,1,3.0,1
109295,0,validation,11.0,1,3.0,1
109296,0,train,23.0,1,9.0,1
109297,0,train,22.0,1,12.0,1
109298,0,train,14.0,1,8.0,1
109299,0,validation,16.0,1,1.0,1
109300,0,train,6.0,1,3.0,1
109301,0,validation,11.0,1,3.0,1
109302,0,validation,13.0,1,4.0,1
109303,0,train,14.0,1,6.0,1
109304,0,test,12.0,1,8.0,1
109305,1,test,26.0,1,10.0,1
109306,1,train,14.0,1,5.0,1
109307,0,train,14.0,1,9.0,1
109308,0,train,21.0,1,12.0,1
109309,1,validation,15.0,1,9.0,1
109310,0,test,6.0,1,1.0,1
109311,0,train,8.0,1,9.0,1
109312,0,test,,0,13.0,1
109313,0,train,11.0,1,2.0,1
109314,0,train,13.0,1,2.0,1
109315,0,train,14.0,1,5.0,1
109316,0,train,3.0,1,7.0,1
109317,0,train,13.0,1,4.0,1
109318,0,validation,15.0,1,12.0,1
109319,0,train,10.0,1,1.0,1
109320,0,train,7.0,1,1.0,1
109321,1,train,28.0,1,,0
109322,0,test,22.0,1,12.0,1
109323,0,test,12.0,1,6.0,1
109324,0,train,9.0,1,4.0,1
109325,0,train,18.0,1,8.0,1
109326,0,train,12.0,1,2.0,1
109327,0,train,8.0,1,4.0,1
109328,0,train,6.0,1,2.0,1
109329,0,train,15.0,1,8.0,1
109330,0,train,22.0,1,8.0,1
109331,1,train,18.0,1,6.0,1
109332,0,test,14.0,1,7.0,1
109333,0,test,16.0,1,9.0,1
109334,0,train,14.0,1,6.0,1
109335,0,validation,12.0,1,9.0,1
109336,0,validation,15.0,1,5.0,1
109337,0,train,16.0,1,4.0,1
109338,0,train,17.0,1,11.0,1
109339,0,train,14.0,1,,0
109340,1,train,21.0,1,10.0,1
109341,1,train,20.0,1,6.0,1
109342,0,validation,20.0,1,10.0,1
109343,0,test,17.0,1,5.0,1
109344,0,validation,19.0,1,10.0,1
109345,0,train,18.0,1,13.0,1
109346,1,validation,16.0,1,7.0,1
109347,0,validation,23.0,1,3.0,1
109348,0,train,19.0,1,7.0,1
109349,0,train,24.0,1,15.0,1
109350,0,train,15.0,1,6.0,1
109351,0,train,23.0,1,13.0,1
109352,0,train,8.0,1,3.0,1
109353,0,train,14.0,1,7.0,1
109354,0,test,15.0,1,7.0,1
109355,0,train,20.0,1,9.0,1
109356,0,train,9.0,1,1.0,1
109357,0,train,4.0,1,5.0,1
109358,0,validation,9.0,1,6.0,1
109359,0,validation,23.0,1,9.0,1
109360,0,train,16.0,1,7.0,1
109361,0,train,19.0,1,6.0,1
109362,0,train,13.0,1,10.0,1
109363,0,train,15.0,1,9.0,1
109364,0,validation,12.0,1,3.0,1
109365,0,validation,19.0,1,6.0,1
109366,1,train,7.0,1,0.0,1
109367,0,train,7.0,1,1.0,1
109368,0,train,18.0,1,8.0,1
109369,0,train,16.0,1,8.0,1
109370,0,train,16.0,1,5.0,1
109371,0,validation,22.0,1,10.0,1
109372,0,train,20.0,1,8.0,1
109373,0,test,16.0,1,6.0,1
109374,0,train,14.0,1,8.0,1
109375,0,train,15.0,1,5.0,1
109376,0,train,9.0,1,3.0,1
109377,0,train,18.0,1,12.0,1
109378,0,train,24.0,1,16.0,1
109379,1,validation,9.0,1,4.0,1
109380,0,train,15.0,1,6.0,1
109381,1,test,22.0,1,14.0,1
109382,0,validation,11.0,1,4.0,1
109383,1,test,15.0,1,9.0,1
109384,0,train,4.0,1,5.0,1
109385,0,train,18.0,1,15.0,1
109386,0,train,19.0,1,6.0,1
109387,0,train,13.0,1,2.0,1
109388,1,validation,,0,3.0,1
109389,0,train,10.0,1,5.0,1
109390,0,test,12.0,1,1.0,1
109391,0,train,10.0,1,4.0,1
109392,0,train,8.0,1,1.0,1
109393,0,train,,0,1.0,1
109394,0,train,19.0,1,11.0,1
109395,0,train,11.0,1,4.0,1
109396,0,train,16.0,1,8.0,1
109397,0,train,10.0,1,0.0,1
109398,1,validation,12.0,1,10.0,1
109399,0,validation,20.0,1,9.0,1
109400,0,test,21.0,1,11.0,1
109401,0,train,25.0,1,9.0,1
109402,0,test,14.0,1,7.0,1
109403,0,train,16.0,1,3.0,1
109404,1,validation,12.0,1,7.0,1
109405,0,train,16.0,1,7.0,1
109406,0,train,11.0,1,6.0,1
109407,0,train,11.0,1,3.0,1
109408,0,train,16.0,1,8.0,1
109409,0,train,18.0,1,6.0,1
109410,0,train,12.0,1,2.0,1
109411,0,train,22.0,1,11.0,1
109412,0,validation,12.0,1,3.0,1
109413,0,train,12.0,1,1.0,1
109414,0,train,20.0,1,9.0,1
109415,0,train,8.0,1,3.0,1
109416,0,train,19.0,1,9.0,1
109417,0,test,11.0,1,1.0,1
109418,0,train,8.0,1,2.0,1
109419,0,train,19.0,1,16.0,1
109420,0,train,10.0,1,1.0,1
109421,0,train,13.0,1,6.0,1
109422,1,test,18.0,1,8.0,1
109424,0,train,21.0,1,13.0,1
109425,0,train,5.0,1,0.0,1
109426,1,train,10.0,1,9.0,1
109427,0,train,11.0,1,1.0,1
109428,0,train,15.0,1,6.0,1
109429,0,train,8.0,1,2.0,1
109430,1,test,16.0,1,2.0,1
109431,1,train,18.0,1,7.0,1
109432,0,train,9.0,1,2.0,1
109433,1,test,15.0,1,6.0,1
109434,0,train,14.0,1,9.0,1
109435,1,train,17.0,1,3.0,1
109436,0,train,13.0,1,2.0,1
109437,0,train,16.0,1,5.0,1
109438,0,train,24.0,1,9.0,1
109439,0,train,10.0,1,3.0,1
109440,0,test,22.0,1,15.0,1
109441,0,train,11.0,1,2.0,1
109442,0,validation,14.0,1,8.0,1
109443,0,train,10.0,1,4.0,1
109444,0,train,9.0,1,2.0,1
109445,0,validation,,0,4.0,1
109446,0,test,14.0,1,2.0,1
109447,0,train,23.0,1,13.0,1
109448,0,train,15.0,1,6.0,1
109449,0,train,8.0,1,9.0,1
109450,0,train,12.0,1,3.0,1
109451,0,train,17.0,1,5.0,1
109452,0,test,18.0,1,9.0,1
109453,0,validation,17.0,1,1.0,1
109454,0,train,8.0,1,3.0,1
109455,0,train,8.0,1,2.0,1
109456,0,train,3.0,1,3.0,1
109457,0,test,21.0,1,11.0,1
109458,0,test,5.0,1,2.0,1
109459,0,validation,21.0,1,3.0,1
109460,1,train,12.0,1,8.0,1
109461,0,train,12.0,1,5.0,1
109462,0,train,15.0,1,5.0,1
109463,0,train,16.0,1,8.0,1
109464,0,train,13.0,1,5.0,1
109465,0,validation,22.0,1,13.0,1
109466,1,train,12.0,1,7.0,1
109467,0,train,14.0,1,10.0,1
109468,0,train,15.0,1,11.0,1
109469,0,test,11.0,1,4.0,1
109470,0,train,13.0,1,4.0,1
109471,0,train,18.0,1,11.0,1
109472,0,train,11.0,1,0.0,1
109473,0,train,15.0,1,10.0,1
109474,0,train,17.0,1,7.0,1
109475,0,train,8.0,1,8.0,1
109476,0,test,13.0,1,5.0,1
109478,1,train,21.0,1,7.0,1
109479,0,train,18.0,1,8.0,1
109480,0,train,6.0,1,1.0,1
109481,0,train,12.0,1,1.0,1
109482,0,train,12.0,1,4.0,1
109483,0,train,5.0,1,0.0,1
109484,0,train,22.0,1,11.0,1
109485,1,test,25.0,1,9.0,1
109486,0,train,,0,4.0,1
109487,0,train,8.0,1,2.0,1
109488,0,train,7.0,1,3.0,1
109489,0,train,14.0,1,4.0,1
109490,0,train,21.0,1,11.0,1
109491,0,train,10.0,1,5.0,1
109492,0,validation,10.0,1,5.0,1
109493,0,validation,,0,1.0,1
109494,0,validation,21.0,1,9.0,1
109495,0,train,14.0,1,2.0,1
109496,0,test,15.0,1,12.0,1
109497,1,train,28.0,1,11.0,1
109498,0,test,17.0,1,14.0,1
109499,0,train,29.0,1,14.0,1
109500,1,test,11.0,1,1.0,1
109501,0,train,17.0,1,10.0,1
109502,0,test,14.0,1,4.0,1
109503,0,train,22.0,1,9.0,1
109504,1,train,13.0,1,11.0,1
109505,0,validation,7.0,1,4.0,1
109506,0,train,9.0,1,6.0,1
109507,0,train,10.0,1,5.0,1
109508,0,train,28.0,1,14.0,1
109509,0,train,13.0,1,1.0,1
109510,1,train,20.0,1,12.0,1
109511,0,test,12.0,1,3.0,1
109512,0,test,21.0,1,10.0,1
109513,0,train,5.0,1,1.0,1
109514,0,train,10.0,1,5.0,1
109515,1,train,13.0,1,8.0,1
109516,0,train,15.0,1,9.0,1
109517,0,validation,17.0,1,13.0,1
109518,0,train,18.0,1,11.0,1
109519,0,test,14.0,1,10.0,1
109520,0,train,18.0,1,11.0,1
109521,0,train,18.0,1,6.0,1
109522,1,test,7.0,1,7.0,1
109523,0,train,10.0,1,4.0,1
109524,0,train,9.0,1,2.0,1
109525,0,train,15.0,1,11.0,1
109526,0,train,19.0,1,10.0,1
109527,0,train,17.0,1,5.0,1
109528,0,validation,19.0,1,14.0,1
109529,0,train,15.0,1,11.0,1
109530,0,train,22.0,1,8.0,1
109531,0,train,,0,1.0,1
109532,0,train,14.0,1,5.0,1
109533,0,train,9.0,1,5.0,1
109534,0,train,12.0,1,1.0,1
109535,0,train,,0,1.0,1
109536,0,train,12.0,1,3.0,1
109537,0,train,23.0,1,8.0,1
109538,0,test,8.0,1,4.0,1
109539,0,train,11.0,1,2.0,1
109540,0,test,12.0,1,1.0,1
109541,0,train,13.0,1,3.0,1
109542,0,train,17.0,1,12.0,1
109543,0,train,8.0,1,1.0,1
109544,0,train,17.0,1,6.0,1
109545,0,train,6.0,1,2.0,1
109546,0,train,22.0,1,9.0,1
109547,0,validation,13.0,1,0.0,1
109548,0,train,22.0,1,10.0,1
109549,0,train,9.0,1,3.0,1
109550,0,test,11.0,1,5.0,1
109551,0,train,19.0,1,9.0,1
109552,0,train,26.0,1,10.0,1
109553,0,train,13.0,1,7.0,1
109554,0,validation,7.0,1,11.0,1
109555,0,train,20.0,1,,0
109556,0,validation,11.0,1,1.0,1
109557,1,train,16.0,1,12.0,1
109558,0,test,,0,0.0,1
109559,0,validation,15.0,1,7.0,1
109560,0,train,14.0,1,9.0,1
109561,0,validation,9.0,1,3.0,1
109562,1,train,12.0,1,4.0,1
109563,0,train,12.0,1,1.0,1
109564,0,train,23.0,1,8.0,1
109565,1,train,15.0,1,6.0,1
109566,0,train,15.0,1,4.0,1
109567,0,validation,27.0,1,12.0,1
109568,0,train,8.0,1,0.0,1
109569,0,train,8.0,1,5.0,1
109570,0,validation,16.0,1,9.0,1
109571,0,train,15.0,1,11.0,1
109572,0,train,16.0,1,4.0,1
109573,0,test,20.0,1,12.0,1
109574,1,train,21.0,1,7.0,1
109575,1,train,23.0,1,7.0,1
109576,0,test,9.0,1,2.0,1
109577,0,train,24.0,1,8.0,1
109578,0,train,17.0,1,12.0,1
109579,0,validation,25.0,1,13.0,1
109580,0,train,20.0,1,8.0,1
109581,0,test,7.0,1,1.0,1
109582,0,train,19.0,1,15.0,1
109583,0,train,17.0,1,7.0,1
109584,0,train,14.0,1,8.0,1
109585,0,train,8.0,1,1.0,1
109586,0,validation,16.0,1,11.0,1
109587,0,test,10.0,1,4.0,1
109588,1,train,13.0,1,5.0,1
109589,0,validation,12.0,1,6.0,1
109590,0,train,13.0,1,6.0,1
109591,0,test,14.0,1,7.0,1
109592,0,train,20.0,1,8.0,1
109593,0,validation,11.0,1,2.0,1
109594,0,train,21.0,1,14.0,1
109595,0,test,13.0,1,4.0,1
109596,0,train,16.0,1,5.0,1
109597,0,train,17.0,1,3.0,1
109598,0,train,10.0,1,1.0,1
109599,0,train,6.0,1,4.0,1
109600,1,train,18.0,1,9.0,1
109601,1,train,14.0,1,7.0,1
109602,0,train,5.0,1,4.0,1
109603,1,train,14.0,1,4.0,1
109604,0,train,12.0,1,1.0,1
109605,0,train,22.0,1,14.0,1
109606,0,validation,8.0,1,7.0,1
109607,0,validation,20.0,1,13.0,1
109609,1,validation,24.0,1,13.0,1
109610,0,validation,22.0,1,12.0,1
109611,0,train,11.0,1,1.0,1
109612,0,train,18.0,1,11.0,1
109613,0,train,19.0,1,12.0,1
109614,0,train,12.0,1,11.0,1
109615,0,train,13.0,1,10.0,1
109616,1,test,16.0,1,11.0,1
109617,0,train,1.0,1,0.0,1
109618,0,train,13.0,1,6.0,1
109619,0,train,7.0,1,1.0,1
109620,0,validation,17.0,1,7.0,1
109621,1,train,15.0,1,5.0,1
109622,0,train,15.0,1,11.0,1
109623,1,train,14.0,1,6.0,1
109624,0,train,18.0,1,10.0,1
109625,0,validation,14.0,1,3.0,1
109626,0,train,12.0,1,1.0,1
109627,0,train,26.0,1,7.0,1
109628,0,validation,13.0,1,3.0,1
109629,0,test,10.0,1,8.0,1
109630,1,train,,0,6.0,1
109631,1,test,21.0,1,13.0,1
109632,0,train,17.0,1,7.0,1
109633,0,train,11.0,1,2.0,1
109634,0,train,10.0,1,5.0,1
109635,0,train,8.0,1,3.0,1
109636,0,train,19.0,1,9.0,1
109637,0,validation,15.0,1,9.0,1
109638,0,test,16.0,1,7.0,1
109639,0,train,4.0,1,1.0,1
109640,0,train,11.0,1,2.0,1
109641,0,train,14.0,1,5.0,1
109642,0,train,15.0,1,8.0,1
109643,0,validation,9.0,1,1.0,1
109644,0,train,22.0,1,5.0,1
109645,0,train,12.0,1,2.0,1
109646,0,train,9.0,1,0.0,1
109647,1,train,26.0,1,10.0,1
109648,1,train,21.0,1,5.0,1
109649,0,train,12.0,1,2.0,1
109650,0,test,15.0,1,6.0,1
109651,0,test,6.0,1,1.0,1
109652,0,validation,12.0,1,4.0,1
109653,1,train,17.0,1,13.0,1
109654,0,validation,14.0,1,1.0,1
109655,0,validation,3.0,1,3.0,1
109656,0,test,12.0,1,1.0,1
109657,1,test,9.0,1,1.0,1
109658,0,train,15.0,1,7.0,1
109659,0,train,20.0,1,10.0,1
109660,0,train,26.0,1,10.0,1
109661,0,train,6.0,1,2.0,1
109662,0,train,12.0,1,3.0,1
109663,0,train,14.0,1,13.0,1
109664,0,train,13.0,1,4.0,1
109665,0,train,16.0,1,8.0,1
109666,0,train,13.0,1,4.0,1
109667,0,validation,14.0,1,1.0,1
109668,0,train,10.0,1,3.0,1
109669,0,train,6.0,1,1.0,1
109670,0,test,14.0,1,5.0,1
109671,0,test,18.0,1,9.0,1
109672,0,test,15.0,1,8.0,1
109673,0,train,10.0,1,4.0,1
109674,0,train,13.0,1,15.0,1
109675,1,train,17.0,1,10.0,1
109676,0,train,11.0,1,8.0,1
109677,1,train,22.0,1,,0
109678,0,test,8.0,1,3.0,1
109679,0,test,21.0,1,8.0,1
109680,0,train,21.0,1,,0
109681,0,train,15.0,1,9.0,1
109682,0,train,19.0,1,9.0,1
109683,0,validation,18.0,1,4.0,1
109684,0,validation,12.0,1,1.0,1
109685,1,validation,,0,1.0,1
109686,0,validation,7.0,1,1.0,1
109687,0,train,21.0,1,8.0,1
109688,0,train,12.0,1,6.0,1
109689,0,train,23.0,1,8.0,1
109690,0,train,10.0,1,5.0,1
109691,0,train,21.0,1,12.0,1
109692,0,train,21.0,1,10.0,1
109693,0,train,15.0,1,8.0,1
109694,0,validation,5.0,1,1.0,1
109695,0,train,13.0,1,4.0,1
109696,0,train,20.0,1,11.0,1
109697,0,validation,18.0,1,10.0,1
109698,0,train,10.0,1,8.0,1
109699,0,train,10.0,1,9.0,1
109700,0,train,20.0,1,10.0,1
109701,0,train,8.0,1,5.0,1
109702,0,test,16.0,1,5.0,1
109703,1,train,16.0,1,4.0,1
109704,1,train,10.0,1,0.0,1
109705,0,train,8.0,1,1.0,1
109706,1,train,17.0,1,,0
109707,0,train,21.0,1,17.0,1
109708,1,validation,7.0,1,1.0,1
109709,0,train,14.0,1,10.0,1
109710,0,train,10.0,1,4.0,1
109711,0,train,24.0,1,10.0,1
109712,0,validation,14.0,1,4.0,1
109713,1,train,7.0,1,1.0,1
109714,0,test,2.0,1,1.0,1
109715,0,train,13.0,1,5.0,1
109716,0,train,21.0,1,9.0,1
109717,0,train,9.0,1,3.0,1
109718,0,train,17.0,1,14.0,1
109719,0,train,16.0,1,2.0,1
109720,0,train,9.0,1,2.0,1
109721,0,test,6.0,1,1.0,1
109722,0,test,13.0,1,10.0,1
109723,0,train,18.0,1,13.0,1
109724,0,train,13.0,1,6.0,1
109725,1,train,11.0,1,,0
109726,1,validation,17.0,1,8.0,1
109727,0,train,15.0,1,11.0,1
109728,0,train,21.0,1,8.0,1
109729,0,test,10.0,1,1.0,1
109730,0,train,12.0,1,11.0,1
109731,0,train,25.0,1,12.0,1
109732,0,train,19.0,1,10.0,1
109733,0,train,17.0,1,6.0,1
109734,0,test,11.0,1,1.0,1
109735,0,train,19.0,1,12.0,1
109736,1,validation,13.0,1,3.0,1
109737,0,train,15.0,1,10.0,1
109738,1,train,12.0,1,,0
109739,1,train,18.0,1,9.0,1
109740,0,train,12.0,1,2.0,1
109741,0,train,14.0,1,2.0,1
109742,0,train,16.0,1,7.0,1
109743,0,train,9.0,1,4.0,1
109744,0,train,15.0,1,5.0,1
109745,0,train,23.0,1,8.0,1
109746,0,train,9.0,1,1.0,1
109747,0,train,18.0,1,3.0,1
109748,1,train,19.0,1,7.0,1
109749,0,test,22.0,1,10.0,1
109750,0,train,16.0,1,10.0,1
109751,0,test,14.0,1,6.0,1
109752,0,train,14.0,1,4.0,1
109753,0,train,26.0,1,11.0,1
109754,0,train,9.0,1,3.0,1
109755,0,validation,16.0,1,8.0,1
109756,1,test,23.0,1,14.0,1
109757,0,test,25.0,1,8.0,1
109758,0,train,8.0,1,0.0,1
109759,0,validation,12.0,1,11.0,1
109760,1,train,18.0,1,8.0,1
109761,1,train,28.0,1,16.0,1
109762,0,test,23.0,1,12.0,1
109763,0,test,16.0,1,13.0,1
109764,0,train,14.0,1,1.0,1
109765,0,validation,19.0,1,12.0,1
109766,0,train,20.0,1,5.0,1
109767,0,validation,15.0,1,6.0,1
109768,1,train,20.0,1,8.0,1
109769,0,train,20.0,1,13.0,1
109770,0,train,21.0,1,8.0,1
109771,1,train,13.0,1,6.0,1
109772,0,train,12.0,1,7.0,1
109773,0,train,17.0,1,11.0,1
109774,0,train,8.0,1,10.0,1
109775,0,train,25.0,1,13.0,1
109776,0,train,23.0,1,11.0,1
109777,0,train,6.0,1,5.0,1
109778,0,test,8.0,1,4.0,1
109779,0,test,14.0,1,8.0,1
109780,0,test,12.0,1,2.0,1
109781,0,train,17.0,1,8.0,1
109782,0,train,14.0,1,13.0,1
109783,0,test,12.0,1,2.0,1
109784,0,train,15.0,1,5.0,1
109785,0,validation,17.0,1,8.0,1
109786,0,train,21.0,1,14.0,1
109787,0,validation,10.0,1,3.0,1
109788,0,train,22.0,1,12.0,1
109789,0,test,18.0,1,14.0,1
109790,0,train,7.0,1,2.0,1
109791,0,train,15.0,1,3.0,1
109792,0,train,20.0,1,12.0,1
109793,0,test,11.0,1,7.0,1
109794,0,train,12.0,1,2.0,1
109795,0,train,13.0,1,6.0,1
109796,0,train,13.0,1,3.0,1
109797,0,train,18.0,1,8.0,1
109798,0,test,18.0,1,8.0,1
109799,0,train,20.0,1,5.0,1
109800,0,train,12.0,1,2.0,1
109801,0,test,17.0,1,8.0,1
109802,0,test,19.0,1,13.0,1
109803,0,validation,12.0,1,8.0,1
109804,0,train,21.0,1,13.0,1
109805,0,test,5.0,1,1.0,1
109806,0,train,8.0,1,1.0,1
109807,0,train,6.0,1,5.0,1
109808,0,train,4.0,1,0.0,1
109809,1,test,7.0,1,3.0,1
109810,0,train,24.0,1,13.0,1
109811,0,train,13.0,1,1.0,1
109812,0,test,11.0,1,7.0,1
109813,0,train,11.0,1,3.0,1
109814,1,test,28.0,1,15.0,1
109815,0,test,6.0,1,0.0,1
109816,0,train,21.0,1,10.0,1
109817,0,train,16.0,1,9.0,1
109818,0,validation,17.0,1,10.0,1
109819,0,validation,9.0,1,0.0,1
109820,1,train,21.0,1,17.0,1
109821,0,test,27.0,1,13.0,1
109822,0,train,14.0,1,4.0,1
109823,1,train,32.0,1,14.0,1
109824,0,validation,15.0,1,6.0,1
109825,0,train,15.0,1,7.0,1
109826,0,train,19.0,1,8.0,1
109827,0,validation,21.0,1,7.0,1
109828,0,train,8.0,1,2.0,1
109829,0,train,20.0,1,12.0,1
109830,0,train,9.0,1,3.0,1
109831,0,validation,22.0,1,7.0,1
109832,0,validation,12.0,1,5.0,1
109833,0,train,12.0,1,7.0,1
109834,0,validation,20.0,1,13.0,1
109835,0,validation,5.0,1,5.0,1
109836,0,test,14.0,1,9.0,1
109837,0,train,10.0,1,1.0,1
109838,0,train,21.0,1,11.0,1
109839,0,validation,18.0,1,10.0,1
109840,0,validation,19.0,1,14.0,1
109841,0,train,5.0,1,0.0,1
109842,0,train,19.0,1,12.0,1
109843,0,train,12.0,1,2.0,1
109844,0,validation,8.0,1,5.0,1
109845,1,train,18.0,1,5.0,1
109846,0,train,16.0,1,4.0,1
109847,0,validation,15.0,1,9.0,1
109848,0,train,15.0,1,10.0,1
109849,1,train,19.0,1,7.0,1
109850,0,train,19.0,1,10.0,1
109851,0,train,19.0,1,7.0,1
109853,0,train,24.0,1,6.0,1
109854,0,train,7.0,1,3.0,1
109855,0,train,21.0,1,10.0,1
109856,0,train,17.0,1,8.0,1
109857,0,validation,14.0,1,3.0,1
109858,0,train,13.0,1,5.0,1
109859,0,train,19.0,1,9.0,1
109860,0,train,13.0,1,2.0,1
109861,0,train,11.0,1,3.0,1
109862,0,test,12.0,1,4.0,1
109863,0,train,20.0,1,12.0,1
109864,0,train,20.0,1,8.0,1
109865,0,test,19.0,1,15.0,1
109866,0,train,13.0,1,4.0,1
109867,0,train,19.0,1,14.0,1
109868,0,validation,21.0,1,10.0,1
109869,1,train,19.0,1,15.0,1
109870,0,train,8.0,1,2.0,1
109871,0,train,21.0,1,7.0,1
109872,0,train,15.0,1,7.0,1
109873,1,train,18.0,1,7.0,1
109874,0,train,19.0,1,8.0,1
109875,0,validation,22.0,1,9.0,1
109876,0,validation,14.0,1,1.0,1
109877,0,validation,8.0,1,2.0,1
109878,0,test,9.0,1,7.0,1
109879,0,train,12.0,1,8.0,1
109880,0,validation,21.0,1,9.0,1
109881,0,train,19.0,1,8.0,1
109882,1,train,15.0,1,8.0,1
109883,0,train,18.0,1,8.0,1
109884,0,validation,18.0,1,6.0,1
109885,0,train,17.0,1,8.0,1
109886,0,train,6.0,1,0.0,1
109887,1,validation,16.0,1,5.0,1
109888,0,validation,26.0,1,9.0,1
109889,1,train,9.0,1,2.0,1
109890,0,train,15.0,1,6.0,1
109891,0,train,8.0,1,3.0,1
109892,0,train,10.0,1,6.0,1
109893,0,train,11.0,1,1.0,1
109894,0,train,15.0,1,7.0,1
109895,1,test,15.0,1,3.0,1
109897,0,validation,16.0,1,7.0,1
109898,0,train,2.0,1,2.0,1
109899,0,train,18.0,1,8.0,1
109900,0,train,8.0,1,3.0,1
109901,0,validation,15.0,1,4.0,1
109902,0,train,9.0,1,3.0,1
109903,0,validation,21.0,1,9.0,1
109904,0,test,21.0,1,5.0,1
109905,0,train,14.0,1,11.0,1
109906,0,train,14.0,1,4.0,1
109907,1,train,12.0,1,13.0,1
109908,0,train,12.0,1,7.0,1
109909,0,validation,20.0,1,13.0,1
109910,0,train,19.0,1,8.0,1
109911,0,train,23.0,1,10.0,1
109912,0,test,22.0,1,11.0,1
109913,0,train,18.0,1,8.0,1
109914,0,train,17.0,1,11.0,1
109915,0,train,23.0,1,16.0,1
109916,0,test,18.0,1,13.0,1
109917,0,train,17.0,1,3.0,1
109918,0,test,7.0,1,2.0,1
109919,0,train,13.0,1,4.0,1
109920,0,train,25.0,1,13.0,1
109921,0,train,17.0,1,8.0,1
109922,0,train,5.0,1,1.0,1
109923,0,test,9.0,1,4.0,1
109924,0,train,25.0,1,9.0,1
109925,0,train,14.0,1,9.0,1
109926,0,train,18.0,1,12.0,1
109927,0,validation,14.0,1,4.0,1
109928,0,validation,25.0,1,16.0,1
109929,1,train,15.0,1,7.0,1
109930,0,train,21.0,1,3.0,1
109931,0,train,16.0,1,8.0,1
109932,0,test,15.0,1,4.0,1
109933,0,test,18.0,1,6.0,1
109934,1,validation,17.0,1,7.0,1
109935,0,train,5.0,1,0.0,1
109936,0,train,10.0,1,11.0,1
109937,0,validation,16.0,1,12.0,1
109938,0,train,18.0,1,14.0,1
109939,0,train,8.0,1,6.0,1
109940,0,validation,16.0,1,8.0,1
109941,0,test,15.0,1,4.0,1
109942,0,train,10.0,1,1.0,1
109943,0,train,12.0,1,4.0,1
109944,0,train,16.0,1,8.0,1
109945,1,test,20.0,1,13.0,1
109946,0,validation,10.0,1,5.0,1
109947,0,train,7.0,1,1.0,1
109948,0,train,18.0,1,11.0,1
109949,0,train,22.0,1,11.0,1
109950,0,train,8.0,1,2.0,1
109951,0,train,15.0,1,1.0,1
109952,0,train,15.0,1,9.0,1
109953,0,test,11.0,1,4.0,1
109954,0,train,11.0,1,1.0,1
109955,0,train,17.0,1,9.0,1
109956,0,train,11.0,1,1.0,1
109957,0,train,17.0,1,7.0,1
109958,0,test,18.0,1,4.0,1
109959,0,validation,12.0,1,9.0,1
109960,0,test,16.0,1,10.0,1
109961,1,train,13.0,1,3.0,1
109962,0,train,10.0,1,3.0,1
109963,0,train,9.0,1,3.0,1
109964,1,train,23.0,1,7.0,1
109965,0,train,15.0,1,5.0,1
109966,0,test,19.0,1,6.0,1
109967,0,train,15.0,1,7.0,1
109968,0,validation,16.0,1,7.0,1
109969,0,train,15.0,1,4.0,1
109971,0,test,17.0,1,7.0,1
109972,0,train,11.0,1,5.0,1
109973,1,train,5.0,1,3.0,1
109974,0,train,1.0,1,3.0,1
109975,0,train,12.0,1,1.0,1
109976,0,train,,0,4.0,1
109977,0,train,11.0,1,3.0,1
109978,0,train,23.0,1,8.0,1
109979,0,train,14.0,1,5.0,1
109980,0,train,19.0,1,10.0,1
109981,0,train,12.0,1,3.0,1
109982,0,validation,13.0,1,11.0,1
109983,1,train,24.0,1,13.0,1
109984,0,train,15.0,1,5.0,1
109985,0,train,20.0,1,11.0,1
109986,0,train,12.0,1,0.0,1
109987,0,train,18.0,1,8.0,1
109988,0,validation,18.0,1,11.0,1
109989,1,train,16.0,1,13.0,1
109990,1,train,23.0,1,14.0,1
109991,0,validation,10.0,1,1.0,1
109992,0,train,18.0,1,11.0,1
109993,1,train,17.0,1,13.0,1
109994,0,train,7.0,1,4.0,1
109995,0,train,23.0,1,10.0,1
109996,0,train,16.0,1,5.0,1
109997,0,train,13.0,1,5.0,1
109998,1,train,17.0,1,17.0,1
109999,1,test,13.0,1,12.0,1
110000,0,validation,17.0,1,9.0,1
110001,0,train,15.0,1,3.0,1
110002,0,train,14.0,1,6.0,1
110003,0,train,18.0,1,8.0,1
110004,0,test,14.0,1,1.0,1
110005,0,train,11.0,1,5.0,1
110006,0,train,15.0,1,12.0,1
110007,0,test,8.0,1,5.0,1
110008,1,train,23.0,1,13.0,1
110009,0,train,20.0,1,13.0,1
110010,0,train,,0,5.0,1
110011,0,test,19.0,1,9.0,1
110012,0,train,20.0,1,11.0,1
110013,0,train,14.0,1,3.0,1
110014,1,test,20.0,1,11.0,1
110015,0,test,4.0,1,0.0,1
110016,0,train,7.0,1,2.0,1
110017,1,train,22.0,1,16.0,1
110018,0,validation,5.0,1,1.0,1
110019,0,test,7.0,1,3.0,1
110020,0,validation,12.0,1,5.0,1
110021,0,train,14.0,1,,0
110022,0,train,6.0,1,2.0,1
110023,0,train,17.0,1,13.0,1
110024,0,train,16.0,1,7.0,1
110025,1,train,14.0,1,5.0,1
110026,0,train,16.0,1,11.0,1
110027,0,train,16.0,1,7.0,1
110028,0,train,4.0,1,2.0,1
110029,1,validation,19.0,1,5.0,1
110030,0,train,18.0,1,8.0,1
110031,1,validation,15.0,1,10.0,1
110032,0,train,14.0,1,6.0,1
110033,0,train,18.0,1,7.0,1
110034,0,train,6.0,1,7.0,1
110035,0,train,17.0,1,1.0,1
110036,0,test,19.0,1,13.0,1
110037,0,train,,0,7.0,1
110038,0,validation,21.0,1,6.0,1
110039,0,train,17.0,1,7.0,1
110040,0,train,14.0,1,6.0,1
110041,0,train,20.0,1,11.0,1
110042,1,train,24.0,1,8.0,1
110043,0,train,10.0,1,0.0,1
110044,1,train,17.0,1,11.0,1
110045,0,test,16.0,1,9.0,1
110046,1,train,16.0,1,5.0,1
110047,0,train,14.0,1,3.0,1
110048,0,train,14.0,1,9.0,1
110049,0,train,,0,0.0,1
110050,0,train,15.0,1,11.0,1
110051,0,train,22.0,1,12.0,1
110052,1,train,24.0,1,9.0,1
110053,0,train,18.0,1,5.0,1
110054,1,train,3.0,1,0.0,1
110055,0,validation,23.0,1,12.0,1
110056,0,train,18.0,1,9.0,1
110057,0,train,22.0,1,10.0,1
110058,0,train,25.0,1,7.0,1
110059,0,train,5.0,1,4.0,1
110060,0,test,24.0,1,13.0,1
110061,0,train,19.0,1,13.0,1
110062,0,train,17.0,1,6.0,1
110063,1,validation,15.0,1,5.0,1
110064,0,train,17.0,1,5.0,1
110065,0,validation,21.0,1,7.0,1
110066,0,train,16.0,1,8.0,1
110067,1,test,20.0,1,9.0,1
110068,0,validation,13.0,1,6.0,1
110069,0,train,5.0,1,1.0,1
110070,0,train,14.0,1,3.0,1
110071,0,train,17.0,1,1.0,1
110072,0,train,21.0,1,9.0,1
110073,0,validation,15.0,1,13.0,1
110074,0,validation,8.0,1,5.0,1
110075,0,train,13.0,1,0.0,1
110076,0,train,15.0,1,9.0,1
110077,0,train,19.0,1,8.0,1
110078,1,test,11.0,1,2.0,1
110079,0,train,9.0,1,3.0,1
110080,0,train,13.0,1,3.0,1
110081,0,train,4.0,1,,0
110082,0,validation,10.0,1,9.0,1
110083,0,train,5.0,1,1.0,1
110084,0,test,25.0,1,11.0,1
110085,0,train,10.0,1,12.0,1
110086,0,test,13.0,1,14.0,1
110087,0,train,17.0,1,3.0,1
110088,0,train,9.0,1,2.0,1
110089,0,train,9.0,1,3.0,1
110090,0,test,6.0,1,1.0,1
110091,0,train,20.0,1,13.0,1
110092,0,train,21.0,1,8.0,1
110093,1,train,18.0,1,10.0,1
110094,0,validation,13.0,1,9.0,1
110095,0,train,10.0,1,2.0,1
110096,1,test,18.0,1,7.0,1
110097,0,train,17.0,1,2.0,1
110098,0,validation,13.0,1,6.0,1
110099,0,test,9.0,1,1.0,1
110100,0,train,15.0,1,10.0,1
110101,0,train,9.0,1,7.0,1
110102,0,train,17.0,1,9.0,1
110103,0,train,9.0,1,1.0,1
110104,1,train,13.0,1,9.0,1
110105,1,train,13.0,1,5.0,1
110106,0,train,4.0,1,2.0,1
110107,0,train,21.0,1,13.0,1
110108,0,train,8.0,1,2.0,1
110109,0,test,9.0,1,4.0,1
110110,0,train,10.0,1,10.0,1
110111,0,train,18.0,1,,0
110112,0,train,3.0,1,1.0,1
110113,1,test,16.0,1,6.0,1
110114,0,test,8.0,1,2.0,1
110115,1,train,29.0,1,5.0,1
110116,0,train,23.0,1,9.0,1
110117,0,validation,10.0,1,6.0,1
110118,0,train,20.0,1,4.0,1
110119,0,train,20.0,1,10.0,1
110120,1,validation,16.0,1,4.0,1
110121,1,train,14.0,1,5.0,1
110122,0,validation,19.0,1,5.0,1
110123,0,test,10.0,1,1.0,1
110124,1,test,24.0,1,8.0,1
110125,0,train,12.0,1,9.0,1
110126,0,train,14.0,1,8.0,1
110127,0,train,13.0,1,0.0,1
110128,0,train,8.0,1,5.0,1
110129,0,train,14.0,1,7.0,1
110130,0,train,24.0,1,11.0,1
110131,0,train,17.0,1,13.0,1
110132,0,train,24.0,1,13.0,1
110133,1,train,19.0,1,,0
110134,0,train,18.0,1,1.0,1
110135,1,train,28.0,1,18.0,1
110136,1,test,20.0,1,7.0,1
110137,0,validation,8.0,1,1.0,1
110138,0,train,6.0,1,8.0,1
110139,1,test,22.0,1,7.0,1
110140,0,train,7.0,1,2.0,1
110141,0,train,13.0,1,4.0,1
110142,0,train,19.0,1,12.0,1
110143,1,train,22.0,1,8.0,1
110144,0,validation,13.0,1,6.0,1
110145,0,train,16.0,1,12.0,1
110146,0,train,12.0,1,5.0,1
110147,0,train,16.0,1,8.0,1
110148,0,test,12.0,1,6.0,1
110149,0,validation,15.0,1,7.0,1
110150,0,train,17.0,1,7.0,1
110151,0,test,21.0,1,7.0,1
110152,0,validation,11.0,1,5.0,1
110153,0,validation,15.0,1,8.0,1
110154,0,train,12.0,1,10.0,1
110155,0,test,20.0,1,8.0,1
110156,0,train,22.0,1,17.0,1
110157,0,train,15.0,1,7.0,1
110158,0,train,4.0,1,1.0,1
110159,0,train,21.0,1,8.0,1
110160,0,train,13.0,1,7.0,1
110161,0,train,15.0,1,8.0,1
110162,0,train,8.0,1,1.0,1
110163,0,test,11.0,1,2.0,1
110164,1,train,9.0,1,8.0,1
110165,0,train,16.0,1,8.0,1
110166,0,train,9.0,1,1.0,1
110167,0,train,18.0,1,3.0,1
110168,0,validation,8.0,1,2.0,1
110169,0,train,15.0,1,6.0,1
110170,0,train,5.0,1,1.0,1
110171,1,test,17.0,1,2.0,1
110172,0,train,13.0,1,9.0,1
110173,0,train,13.0,1,6.0,1
110174,0,train,20.0,1,8.0,1
110175,0,train,7.0,1,1.0,1
110176,0,validation,11.0,1,1.0,1
110177,0,validation,,0,2.0,1
110178,0,train,20.0,1,10.0,1
110179,1,train,10.0,1,3.0,1
110180,0,validation,12.0,1,2.0,1
110181,0,train,4.0,1,3.0,1
110182,0,train,23.0,1,9.0,1
110183,0,test,17.0,1,4.0,1
110184,0,train,17.0,1,2.0,1
110185,0,train,13.0,1,4.0,1
110186,0,validation,14.0,1,2.0,1
110187,1,train,24.0,1,15.0,1
110188,0,validation,12.0,1,1.0,1
110189,0,train,7.0,1,5.0,1
110190,0,test,21.0,1,11.0,1
110191,1,train,16.0,1,12.0,1
110192,0,train,20.0,1,12.0,1
110193,0,train,16.0,1,6.0,1
110194,0,train,19.0,1,11.0,1
110195,0,test,8.0,1,3.0,1
110196,0,train,19.0,1,4.0,1
110197,0,train,13.0,1,7.0,1
110198,0,train,8.0,1,1.0,1
110199,0,train,,0,3.0,1
110200,0,validation,17.0,1,2.0,1
110201,0,train,9.0,1,2.0,1
110202,0,validation,16.0,1,13.0,1
110203,0,train,11.0,1,2.0,1
110204,0,train,21.0,1,8.0,1
110205,0,train,19.0,1,12.0,1
110206,0,validation,,0,0.0,1
110207,0,train,27.0,1,12.0,1
110208,0,train,16.0,1,12.0,1
110209,1,train,18.0,1,7.0,1
110210,0,train,8.0,1,2.0,1
110211,0,train,12.0,1,1.0,1
110212,0,train,9.0,1,6.0,1
110213,0,train,6.0,1,3.0,1
110214,0,train,27.0,1,14.0,1
110215,0,train,18.0,1,12.0,1
110216,0,train,20.0,1,9.0,1
110217,0,train,27.0,1,7.0,1
110218,0,train,7.0,1,0.0,1
110219,1,validation,12.0,1,8.0,1
110220,0,train,19.0,1,6.0,1
110221,1,train,23.0,1,8.0,1
110222,0,train,13.0,1,7.0,1
110223,1,train,22.0,1,6.0,1
110224,0,train,9.0,1,0.0,1
110225,1,validation,30.0,1,15.0,1
110226,0,train,25.0,1,12.0,1
110227,0,train,14.0,1,3.0,1
110228,0,train,10.0,1,9.0,1
110229,0,train,11.0,1,0.0,1
110230,0,test,12.0,1,3.0,1
110231,0,train,22.0,1,12.0,1
110232,0,train,17.0,1,6.0,1
110233,0,validation,16.0,1,11.0,1
110234,1,validation,20.0,1,15.0,1
110235,0,train,6.0,1,1.0,1
110236,1,train,12.0,1,8.0,1
110237,0,train,11.0,1,3.0,1
110238,0,train,16.0,1,8.0,1
110239,0,test,16.0,1,14.0,1
110240,0,train,14.0,1,4.0,1
110241,0,train,21.0,1,14.0,1
110242,0,train,16.0,1,13.0,1
110243,0,train,5.0,1,1.0,1
110245,0,train,10.0,1,8.0,1
110246,1,test,25.0,1,7.0,1
110247,1,validation,22.0,1,8.0,1
110248,0,test,21.0,1,13.0,1
110249,0,train,6.0,1,6.0,1
110250,1,train,16.0,1,14.0,1
110251,0,train,3.0,1,2.0,1
110252,0,train,16.0,1,8.0,1
110253,0,train,15.0,1,9.0,1
110254,0,test,9.0,1,8.0,1
110255,0,train,14.0,1,4.0,1
110256,0,test,5.0,1,1.0,1
110257,0,validation,23.0,1,13.0,1
110258,0,test,16.0,1,9.0,1
110259,0,train,11.0,1,1.0,1
110260,0,train,5.0,1,2.0,1
110261,0,validation,8.0,1,1.0,1
110262,0,validation,16.0,1,4.0,1
110263,0,test,,0,1.0,1
110264,1,train,13.0,1,10.0,1
110265,0,train,12.0,1,3.0,1
110266,0,train,21.0,1,8.0,1
110267,0,test,13.0,1,4.0,1
110268,0,train,22.0,1,14.0,1
110269,0,train,18.0,1,8.0,1
110270,0,validation,15.0,1,7.0,1
110271,0,train,13.0,1,0.0,1
110272,0,validation,8.0,1,1.0,1
110273,1,train,8.0,1,4.0,1
110274,0,train,11.0,1,2.0,1
110275,0,train,15.0,1,5.0,1
110276,1,train,20.0,1,9.0,1
110277,1,train,14.0,1,5.0,1
110278,0,train,15.0,1,11.0,1
110279,0,train,19.0,1,9.0,1
110280,0,train,19.0,1,10.0,1
110281,0,train,17.0,1,7.0,1
110282,0,validation,10.0,1,1.0,1
110283,0,train,16.0,1,9.0,1
110284,0,test,19.0,1,10.0,1
110285,0,train,8.0,1,1.0,1
110286,0,train,16.0,1,6.0,1
110287,0,train,11.0,1,1.0,1
110288,0,train,14.0,1,7.0,1
110289,0,test,10.0,1,5.0,1
110290,0,train,8.0,1,2.0,1
110291,1,train,,0,6.0,1
110292,0,validation,12.0,1,6.0,1
110293,0,train,9.0,1,1.0,1
110294,0,train,6.0,1,0.0,1
110295,0,test,17.0,1,7.0,1
110297,0,validation,17.0,1,7.0,1
110298,0,train,15.0,1,8.0,1
110299,0,train,8.0,1,2.0,1
110300,0,train,19.0,1,11.0,1
110301,1,validation,19.0,1,12.0,1
110302,0,test,15.0,1,,0
110303,1,train,,0,6.0,1
110304,0,train,11.0,1,1.0,1
110305,0,train,16.0,1,3.0,1
110306,0,train,18.0,1,1.0,1
110307,0,train,18.0,1,6.0,1
110308,0,train,17.0,1,9.0,1
110309,0,test,22.0,1,9.0,1
110310,0,test,21.0,1,8.0,1
110311,0,train,17.0,1,8.0,1
110312,0,train,21.0,1,10.0,1
110313,0,train,10.0,1,10.0,1
110314,0,train,21.0,1,10.0,1
110315,0,train,19.0,1,8.0,1
110316,0,train,12.0,1,8.0,1
110317,0,train,17.0,1,11.0,1
110318,0,train,18.0,1,8.0,1
110319,0,train,13.0,1,7.0,1
110320,1,train,19.0,1,8.0,1
110321,0,train,15.0,1,2.0,1
110322,0,train,6.0,1,0.0,1
110323,0,train,10.0,1,3.0,1
110324,0,train,19.0,1,13.0,1
110325,0,train,12.0,1,1.0,1
110326,0,validation,6.0,1,3.0,1
110327,0,train,19.0,1,10.0,1
110328,0,validation,8.0,1,1.0,1
110329,0,validation,23.0,1,13.0,1
110330,0,validation,15.0,1,7.0,1
110331,1,train,20.0,1,7.0,1
110332,0,train,12.0,1,7.0,1
110333,1,train,23.0,1,13.0,1
110334,1,validation,11.0,1,5.0,1
110335,1,train,11.0,1,2.0,1
110336,1,test,15.0,1,13.0,1
110337,0,train,18.0,1,8.0,1
110338,0,test,14.0,1,14.0,1
110339,0,train,12.0,1,4.0,1
110340,0,train,16.0,1,8.0,1
110341,0,train,19.0,1,9.0,1
110342,0,test,13.0,1,2.0,1
110344,0,train,19.0,1,9.0,1
110345,0,train,8.0,1,5.0,1
110346,0,train,18.0,1,11.0,1
110347,0,train,,0,3.0,1
110348,0,train,18.0,1,9.0,1
110349,0,test,26.0,1,15.0,1
110350,0,train,16.0,1,8.0,1
110351,0,train,21.0,1,9.0,1
110352,0,train,20.0,1,10.0,1
110353,0,train,12.0,1,2.0,1
110354,1,train,16.0,1,8.0,1
110355,0,train,18.0,1,10.0,1
110356,0,train,13.0,1,5.0,1
110357,0,validation,10.0,1,8.0,1
110358,0,validation,18.0,1,12.0,1
110359,0,train,19.0,1,6.0,1
110360,0,train,20.0,1,7.0,1
110361,1,train,17.0,1,7.0,1
110362,1,train,15.0,1,12.0,1
110363,0,test,14.0,1,4.0,1
110364,0,train,14.0,1,5.0,1
110365,1,test,18.0,1,7.0,1
110366,1,train,20.0,1,6.0,1
110367,0,train,7.0,1,2.0,1
110368,0,validation,15.0,1,6.0,1
110369,0,validation,14.0,1,10.0,1
110370,0,train,22.0,1,13.0,1
110371,0,train,13.0,1,11.0,1
110372,0,train,,0,3.0,1
110373,0,test,10.0,1,1.0,1
110374,0,train,11.0,1,1.0,1
110375,0,test,9.0,1,7.0,1
110376,0,train,7.0,1,2.0,1
110377,0,train,23.0,1,14.0,1
110378,0,train,7.0,1,9.0,1
110379,0,train,20.0,1,10.0,1
110380,0,validation,13.0,1,11.0,1
110381,0,test,6.0,1,4.0,1
110382,0,train,18.0,1,8.0,1
110383,0,train,10.0,1,0.0,1
110384,0,train,16.0,1,1.0,1
110385,0,validation,16.0,1,7.0,1
110386,0,validation,8.0,1,2.0,1
110387,0,test,15.0,1,4.0,1
110388,0,train,3.0,1,3.0,1
110389,0,test,21.0,1,13.0,1
110390,0,train,14.0,1,7.0,1
110391,0,train,11.0,1,8.0,1
110392,0,train,,0,1.0,1
110393,0,train,18.0,1,8.0,1
110394,0,train,10.0,1,6.0,1
110395,0,train,13.0,1,4.0,1
110396,0,train,20.0,1,12.0,1
110397,0,train,3.0,1,0.0,1
110398,0,test,19.0,1,11.0,1
110399,0,train,18.0,1,12.0,1
110400,0,validation,13.0,1,2.0,1
110401,0,test,8.0,1,2.0,1
110402,0,test,10.0,1,7.0,1
110403,0,train,19.0,1,8.0,1
110404,0,train,18.0,1,7.0,1
110405,0,train,9.0,1,3.0,1
110406,1,train,17.0,1,18.0,1
110407,1,train,,0,14.0,1
110408,0,train,5.0,1,0.0,1
110409,0,train,18.0,1,8.0,1
110410,0,train,3.0,1,1.0,1
110411,0,validation,10.0,1,1.0,1
110412,0,train,20.0,1,10.0,1
110414,0,train,19.0,1,8.0,1
110415,0,train,23.0,1,8.0,1
110416,0,train,13.0,1,4.0,1
110417,0,train,14.0,1,5.0,1
110418,0,train,8.0,1,3.0,1
110419,0,train,11.0,1,2.0,1
110420,0,train,6.0,1,4.0,1
110421,0,validation,15.0,1,10.0,1
110423,0,train,16.0,1,8.0,1
110424,1,train,25.0,1,17.0,1
110425,0,train,13.0,1,1.0,1
110426,0,train,8.0,1,5.0,1
110427,0,train,12.0,1,5.0,1
110428,0,train,14.0,1,7.0,1
110429,0,train,9.0,1,1.0,1
110430,1,train,9.0,1,2.0,1
110431,0,train,16.0,1,4.0,1
110432,0,validation,24.0,1,9.0,1
110433,0,train,19.0,1,9.0,1
110434,0,train,15.0,1,8.0,1
110435,0,train,17.0,1,8.0,1
110436,0,train,7.0,1,3.0,1
110437,0,train,14.0,1,4.0,1
110438,0,validation,17.0,1,11.0,1
110439,0,train,20.0,1,11.0,1
110440,0,train,4.0,1,3.0,1
110441,1,validation,30.0,1,15.0,1
110442,1,validation,30.0,1,16.0,1
110443,1,train,25.0,1,7.0,1
110444,0,train,18.0,1,12.0,1
110445,0,train,11.0,1,3.0,1
110446,0,validation,8.0,1,2.0,1
110447,0,train,1.0,1,2.0,1
110448,0,test,21.0,1,11.0,1
110449,0,train,10.0,1,7.0,1
110450,0,test,5.0,1,1.0,1
110451,0,train,21.0,1,7.0,1
110452,0,train,5.0,1,3.0,1
110453,0,train,22.0,1,7.0,1
110454,0,train,15.0,1,3.0,1
110455,0,test,15.0,1,3.0,1
110456,0,train,18.0,1,7.0,1
110457,1,validation,,0,0.0,1
110458,0,train,13.0,1,,0
110459,1,test,11.0,1,3.0,1
110460,0,train,15.0,1,7.0,1
110461,1,train,11.0,1,3.0,1
110462,0,test,16.0,1,13.0,1
110463,1,train,24.0,1,10.0,1
110464,0,train,12.0,1,7.0,1
110465,0,train,18.0,1,5.0,1
110466,1,train,19.0,1,10.0,1
110467,0,test,24.0,1,14.0,1
110468,1,train,13.0,1,7.0,1
110469,0,test,18.0,1,8.0,1
110470,0,train,20.0,1,10.0,1
110471,1,train,23.0,1,12.0,1
110472,0,train,3.0,1,5.0,1
110473,0,train,6.0,1,1.0,1
110474,0,validation,11.0,1,3.0,1
110475,0,test,19.0,1,8.0,1
110476,0,train,20.0,1,10.0,1
110477,0,train,18.0,1,3.0,1
110478,0,validation,10.0,1,1.0,1
110479,0,validation,15.0,1,5.0,1
110480,0,train,22.0,1,13.0,1
110481,0,train,11.0,1,6.0,1
110482,0,train,18.0,1,10.0,1
110483,1,test,11.0,1,9.0,1
110484,0,train,21.0,1,6.0,1
110485,1,test,20.0,1,5.0,1
110486,0,train,17.0,1,7.0,1
110487,0,validation,19.0,1,9.0,1
110488,0,train,15.0,1,9.0,1
110489,0,train,20.0,1,9.0,1
110490,0,train,23.0,1,15.0,1
110491,1,train,16.0,1,6.0,1
110492,0,train,26.0,1,12.0,1
110493,0,test,15.0,1,5.0,1
110494,0,test,11.0,1,,0
110495,1,validation,16.0,1,6.0,1
110496,0,train,17.0,1,9.0,1
110497,0,train,19.0,1,8.0,1
110498,0,train,12.0,1,6.0,1
110500,1,train,17.0,1,9.0,1
110501,0,validation,16.0,1,10.0,1
110502,0,train,,0,7.0,1
110503,0,test,21.0,1,15.0,1
110504,0,validation,5.0,1,2.0,1
110505,0,train,12.0,1,4.0,1
110506,0,train,16.0,1,3.0,1
110507,0,train,,0,,0
110508,0,train,15.0,1,4.0,1
110509,0,train,11.0,1,5.0,1
110510,0,validation,10.0,1,5.0,1
110511,0,train,19.0,1,9.0,1
110513,0,train,14.0,1,7.0,1
110514,0,train,14.0,1,4.0,1
110515,0,train,10.0,1,2.0,1
110516,0,train,20.0,1,10.0,1
110517,0,test,22.0,1,7.0,1
110518,0,test,8.0,1,4.0,1
110519,0,train,18.0,1,8.0,1
110520,1,train,13.0,1,5.0,1
110521,0,train,15.0,1,10.0,1
110522,0,train,14.0,1,14.0,1
110523,0,train,16.0,1,2.0,1
110524,0,train,12.0,1,7.0,1
110525,1,train,19.0,1,15.0,1
110526,0,validation,22.0,1,10.0,1
110527,0,train,18.0,1,8.0,1
110528,0,train,17.0,1,7.0,1
110529,0,validation,11.0,1,5.0,1
110530,0,train,12.0,1,7.0,1
110531,0,train,15.0,1,8.0,1
110532,1,train,22.0,1,15.0,1
110533,0,train,11.0,1,1.0,1
110534,0,train,14.0,1,,0
110535,0,test,25.0,1,12.0,1
110536,0,test,12.0,1,9.0,1
110537,0,train,18.0,1,10.0,1
110538,1,validation,15.0,1,6.0,1
110539,0,validation,13.0,1,5.0,1
110540,1,validation,15.0,1,5.0,1
110541,0,validation,21.0,1,13.0,1
110542,0,train,2.0,1,0.0,1
110543,0,validation,9.0,1,3.0,1
110544,1,train,18.0,1,11.0,1
110545,1,train,16.0,1,7.0,1
110546,0,train,17.0,1,9.0,1
110547,0,train,16.0,1,8.0,1
110548,0,validation,10.0,1,1.0,1
110549,0,train,9.0,1,2.0,1
110550,0,train,12.0,1,5.0,1
110551,0,validation,19.0,1,10.0,1
110552,0,train,13.0,1,8.0,1
110553,0,train,21.0,1,13.0,1
110554,0,test,16.0,1,5.0,1
110555,0,train,7.0,1,5.0,1
110557,0,train,17.0,1,9.0,1
110558,0,train,11.0,1,10.0,1
110559,0,test,15.0,1,16.0,1
110560,0,train,14.0,1,4.0,1
110561,0,train,2.0,1,1.0,1
110562,1,train,14.0,1,5.0,1
110563,1,train,16.0,1,16.0,1
110564,0,train,7.0,1,5.0,1
110565,0,train,11.0,1,6.0,1
110566,0,validation,6.0,1,1.0,1
110567,0,train,22.0,1,8.0,1
110568,0,train,17.0,1,8.0,1
110569,0,train,6.0,1,5.0,1
110570,0,train,12.0,1,8.0,1
110571,0,validation,13.0,1,4.0,1
110572,0,test,11.0,1,2.0,1
110573,0,train,18.0,1,5.0,1
110574,0,test,15.0,1,15.0,1
110575,0,train,18.0,1,1.0,1
110576,0,train,11.0,1,7.0,1
110577,0,train,19.0,1,5.0,1
110578,0,train,6.0,1,2.0,1
110579,0,train,14.0,1,7.0,1
110580,0,train,5.0,1,2.0,1
110581,0,train,21.0,1,12.0,1
110582,0,train,19.0,1,9.0,1
110583,0,train,7.0,1,3.0,1
110584,1,train,21.0,1,7.0,1
110585,0,test,18.0,1,9.0,1
110586,0,train,7.0,1,0.0,1
110587,0,train,7.0,1,8.0,1
110588,0,train,16.0,1,4.0,1
110589,0,test,19.0,1,10.0,1
110590,0,train,23.0,1,10.0,1
110591,0,train,13.0,1,,0
110592,0,train,13.0,1,9.0,1
110593,0,validation,10.0,1,3.0,1
110594,0,train,17.0,1,5.0,1
110595,0,test,17.0,1,5.0,1
110596,0,train,16.0,1,9.0,1
110597,0,train,18.0,1,8.0,1
110598,0,train,16.0,1,7.0,1
110599,0,train,16.0,1,1.0,1
110600,0,test,13.0,1,6.0,1
110601,0,test,8.0,1,1.0,1
110602,0,train,6.0,1,1.0,1
110603,0,train,26.0,1,8.0,1
110604,0,train,7.0,1,3.0,1
110605,1,validation,21.0,1,13.0,1
110606,0,train,19.0,1,8.0,1
110607,0,train,9.0,1,1.0,1
110608,0,train,17.0,1,11.0,1
110609,0,validation,19.0,1,6.0,1
110610,0,train,26.0,1,14.0,1
110611,1,train,18.0,1,9.0,1
110612,0,train,20.0,1,8.0,1
110613,0,validation,,0,0.0,1
110614,0,train,19.0,1,10.0,1
110615,0,train,14.0,1,9.0,1
110616,1,train,16.0,1,4.0,1
110617,0,train,,0,14.0,1
110618,0,train,10.0,1,3.0,1
110619,0,train,13.0,1,5.0,1
110620,0,validation,8.0,1,7.0,1
110621,0,train,8.0,1,2.0,1
110622,0,validation,7.0,1,3.0,1
110623,0,validation,20.0,1,7.0,1
110624,0,validation,13.0,1,8.0,1
110625,1,train,28.0,1,14.0,1
110626,0,train,,0,11.0,1
110627,0,train,12.0,1,5.0,1
110628,0,validation,19.0,1,12.0,1
110629,0,train,9.0,1,0.0,1
110630,1,train,9.0,1,1.0,1
110631,0,train,19.0,1,8.0,1
110632,0,test,10.0,1,2.0,1
110633,0,test,,0,5.0,1
110634,0,train,17.0,1,7.0,1
110635,0,train,2.0,1,1.0,1
110636,0,test,15.0,1,8.0,1
110637,0,train,20.0,1,7.0,1
110638,0,train,11.0,1,1.0,1
110639,0,test,12.0,1,8.0,1
110640,0,train,12.0,1,1.0,1
110641,0,validation,22.0,1,9.0,1
110642,0,validation,18.0,1,12.0,1
110643,0,test,18.0,1,11.0,1
110644,0,train,12.0,1,7.0,1
110645,0,train,19.0,1,7.0,1
110646,0,train,17.0,1,4.0,1
110647,0,train,20.0,1,5.0,1
110648,0,validation,17.0,1,15.0,1
110649,0,validation,20.0,1,10.0,1
110650,0,train,8.0,1,0.0,1
110651,0,train,12.0,1,4.0,1
110652,1,train,32.0,1,7.0,1
110653,0,test,19.0,1,9.0,1
110654,0,train,,0,0.0,1
110655,0,train,11.0,1,5.0,1
110656,0,validation,18.0,1,7.0,1
110657,0,train,17.0,1,8.0,1
110658,0,train,20.0,1,6.0,1
110659,0,train,22.0,1,8.0,1
110660,0,train,20.0,1,9.0,1
110661,0,train,20.0,1,12.0,1
110662,0,train,3.0,1,2.0,1
110663,0,test,,0,4.0,1
110664,0,train,13.0,1,8.0,1
110665,0,test,20.0,1,11.0,1
110666,1,train,13.0,1,1.0,1
110667,0,validation,17.0,1,13.0,1
110668,0,validation,16.0,1,6.0,1
110669,0,train,22.0,1,9.0,1
110670,0,train,23.0,1,14.0,1
110671,0,train,15.0,1,13.0,1
110672,0,train,11.0,1,1.0,1
110673,0,test,18.0,1,9.0,1
110674,0,train,10.0,1,1.0,1
110675,0,train,16.0,1,12.0,1
110676,0,train,14.0,1,5.0,1
110677,0,train,16.0,1,7.0,1
110678,1,train,21.0,1,6.0,1
110679,0,train,8.0,1,5.0,1
110680,0,train,10.0,1,2.0,1
110681,0,train,14.0,1,5.0,1
110682,0,train,15.0,1,7.0,1
110683,0,train,11.0,1,7.0,1
110684,0,train,16.0,1,10.0,1
110685,1,train,15.0,1,7.0,1
110686,0,validation,15.0,1,2.0,1
110687,0,train,7.0,1,1.0,1
110688,0,validation,17.0,1,9.0,1
110689,0,train,17.0,1,10.0,1
110690,0,test,20.0,1,5.0,1
110691,0,train,17.0,1,11.0,1
110692,0,validation,24.0,1,9.0,1
110693,0,train,21.0,1,6.0,1
110694,0,test,12.0,1,7.0,1
110695,0,train,20.0,1,13.0,1
110696,0,train,15.0,1,6.0,1
110697,0,train,11.0,1,2.0,1
110698,1,train,19.0,1,5.0,1
110699,0,test,10.0,1,2.0,1
110700,0,train,17.0,1,17.0,1
110701,0,train,8.0,1,1.0,1
110702,0,train,5.0,1,2.0,1
110703,0,train,13.0,1,2.0,1
110704,0,train,23.0,1,15.0,1
110705,1,train,14.0,1,6.0,1
110706,0,train,12.0,1,3.0,1
110707,0,train,19.0,1,7.0,1
110708,0,train,14.0,1,7.0,1
110709,0,test,18.0,1,12.0,1
110710,0,train,9.0,1,1.0,1
110711,0,train,15.0,1,7.0,1
110712,1,test,15.0,1,3.0,1
110713,0,train,17.0,1,11.0,1
110714,0,train,,0,2.0,1
110715,0,validation,13.0,1,4.0,1
110716,0,test,17.0,1,9.0,1
110717,0,train,7.0,1,2.0,1
110718,0,validation,20.0,1,2.0,1
110719,1,train,12.0,1,4.0,1
110720,0,train,18.0,1,8.0,1
110721,0,train,13.0,1,1.0,1
110722,0,validation,6.0,1,3.0,1
110723,0,train,9.0,1,1.0,1
110724,1,train,27.0,1,11.0,1
110725,0,train,12.0,1,6.0,1
110726,0,train,19.0,1,5.0,1
110727,0,train,18.0,1,13.0,1
110728,1,train,13.0,1,6.0,1
110729,1,train,20.0,1,7.0,1
110730,0,train,12.0,1,5.0,1
110731,0,train,7.0,1,2.0,1
110732,0,train,10.0,1,4.0,1
110733,0,train,7.0,1,3.0,1
110734,0,train,9.0,1,3.0,1
110735,0,train,8.0,1,,0
110736,0,train,6.0,1,0.0,1
110737,0,validation,25.0,1,15.0,1
110738,0,train,15.0,1,6.0,1
110739,0,train,16.0,1,8.0,1
110740,0,test,23.0,1,9.0,1
110741,0,train,9.0,1,1.0,1
110742,0,train,14.0,1,9.0,1
110743,0,train,12.0,1,2.0,1
110744,0,test,15.0,1,7.0,1
110745,0,train,12.0,1,7.0,1
110746,0,validation,5.0,1,1.0,1
110747,0,train,19.0,1,7.0,1
110748,1,train,13.0,1,7.0,1
110749,0,train,19.0,1,9.0,1
110750,0,train,3.0,1,0.0,1
110751,0,train,26.0,1,12.0,1
110752,1,train,19.0,1,17.0,1
110753,0,test,9.0,1,3.0,1
110755,1,train,19.0,1,8.0,1
110756,0,train,17.0,1,10.0,1
110757,0,train,17.0,1,10.0,1
110758,0,test,9.0,1,1.0,1
110759,1,validation,10.0,1,3.0,1
110760,0,train,11.0,1,2.0,1
110761,0,train,16.0,1,7.0,1
110762,0,test,9.0,1,3.0,1
110763,1,train,13.0,1,11.0,1
110764,0,test,10.0,1,1.0,1
110766,0,train,15.0,1,9.0,1
110767,0,train,10.0,1,3.0,1
110768,1,train,18.0,1,5.0,1
110769,0,train,18.0,1,10.0,1
110770,0,train,13.0,1,2.0,1
110771,0,train,18.0,1,8.0,1
110772,0,train,16.0,1,9.0,1
110773,0,test,19.0,1,9.0,1
110774,0,train,18.0,1,10.0,1
110775,1,train,17.0,1,7.0,1
110776,0,train,15.0,1,9.0,1
110777,0,train,13.0,1,5.0,1
110778,0,train,18.0,1,10.0,1
110779,0,validation,12.0,1,7.0,1
110780,0,validation,16.0,1,4.0,1
110781,0,train,13.0,1,1.0,1
110782,0,train,10.0,1,0.0,1
110783,0,train,18.0,1,9.0,1
110784,0,train,9.0,1,1.0,1
110785,0,train,13.0,1,7.0,1
110786,0,train,10.0,1,4.0,1
110787,0,train,13.0,1,6.0,1
110788,0,train,15.0,1,11.0,1
110789,0,validation,10.0,1,7.0,1
110790,0,test,,0,8.0,1
110791,0,train,8.0,1,2.0,1
110792,0,train,11.0,1,5.0,1
110793,0,test,17.0,1,10.0,1
110794,0,train,16.0,1,9.0,1
110795,0,train,14.0,1,3.0,1
110796,0,validation,16.0,1,5.0,1
110797,0,train,16.0,1,8.0,1
110798,0,validation,14.0,1,9.0,1
110799,0,train,22.0,1,,0
110800,0,test,17.0,1,9.0,1
110801,0,validation,9.0,1,6.0,1
110802,0,train,15.0,1,9.0,1
110803,0,train,15.0,1,10.0,1
110804,0,train,15.0,1,5.0,1
110805,0,validation,17.0,1,10.0,1
110806,1,train,14.0,1,6.0,1
110807,0,train,17.0,1,6.0,1
110808,0,train,13.0,1,3.0,1
110809,0,train,8.0,1,1.0,1
110810,0,train,10.0,1,2.0,1
110811,1,train,18.0,1,11.0,1
110812,0,train,22.0,1,10.0,1
110813,0,test,12.0,1,0.0,1
110814,0,train,5.0,1,,0
110815,0,train,12.0,1,11.0,1
110816,0,train,4.0,1,0.0,1
110817,0,train,8.0,1,1.0,1
110818,1,test,21.0,1,14.0,1
110819,0,train,6.0,1,1.0,1
110820,0,validation,18.0,1,9.0,1
110821,0,train,16.0,1,,0
110822,0,test,13.0,1,7.0,1
110823,0,train,11.0,1,4.0,1
110824,0,train,17.0,1,11.0,1
110825,0,validation,13.0,1,3.0,1
110826,0,validation,5.0,1,2.0,1
110827,0,validation,13.0,1,6.0,1
110828,0,train,13.0,1,2.0,1
110829,0,train,16.0,1,9.0,1
110830,0,train,11.0,1,7.0,1
110831,0,train,17.0,1,7.0,1
110832,0,test,17.0,1,,0
110833,0,train,,0,0.0,1
110834,0,train,16.0,1,9.0,1
110835,0,validation,9.0,1,6.0,1
110836,0,train,9.0,1,2.0,1
110837,0,train,21.0,1,10.0,1
110838,1,train,25.0,1,10.0,1
110839,0,test,20.0,1,12.0,1
110840,0,train,13.0,1,5.0,1
110841,0,test,11.0,1,1.0,1
110842,0,validation,11.0,1,2.0,1
110843,0,train,18.0,1,8.0,1
110844,0,train,14.0,1,9.0,1
110845,0,train,9.0,1,6.0,1
110846,0,train,12.0,1,,0
110847,0,test,16.0,1,4.0,1
110848,0,train,13.0,1,3.0,1
110849,0,test,23.0,1,12.0,1
110850,0,validation,13.0,1,1.0,1
110851,0,train,24.0,1,11.0,1
110852,1,train,17.0,1,9.0,1
110853,1,train,5.0,1,1.0,1
110854,0,train,5.0,1,4.0,1
110855,0,test,12.0,1,9.0,1
110856,0,train,11.0,1,7.0,1
110857,0,train,16.0,1,9.0,1
110858,0,train,15.0,1,2.0,1
110859,0,train,10.0,1,3.0,1
110860,0,test,19.0,1,5.0,1
110861,0,validation,7.0,1,1.0,1
110862,0,train,15.0,1,3.0,1
110863,0,train,9.0,1,5.0,1
110864,0,train,15.0,1,6.0,1
110865,0,validation,16.0,1,5.0,1
110866,0,test,5.0,1,,0
110867,0,validation,21.0,1,8.0,1
110868,0,train,8.0,1,5.0,1
110869,0,train,14.0,1,1.0,1
110870,0,validation,20.0,1,12.0,1
110871,0,train,12.0,1,5.0,1
110872,0,validation,18.0,1,8.0,1
110873,0,train,14.0,1,9.0,1
110874,0,train,15.0,1,7.0,1
110875,1,train,18.0,1,8.0,1
110876,0,validation,10.0,1,6.0,1
110877,0,train,11.0,1,8.0,1
110878,0,validation,13.0,1,9.0,1
110879,0,train,22.0,1,10.0,1
110880,0,train,24.0,1,13.0,1
110881,0,train,12.0,1,5.0,1
110882,0,train,18.0,1,11.0,1
110883,0,train,19.0,1,14.0,1
110884,0,train,14.0,1,3.0,1
110885,0,test,9.0,1,3.0,1
110886,0,train,12.0,1,6.0,1
110887,0,train,12.0,1,5.0,1
110888,1,train,16.0,1,10.0,1
110889,0,train,19.0,1,13.0,1
110890,0,train,16.0,1,3.0,1
110891,1,train,14.0,1,8.0,1
110892,0,train,14.0,1,8.0,1
110893,0,validation,16.0,1,5.0,1
110894,0,train,19.0,1,9.0,1
110895,0,train,19.0,1,10.0,1
110896,0,train,13.0,1,1.0,1
110897,1,test,22.0,1,14.0,1
110898,0,train,16.0,1,12.0,1
110899,0,test,9.0,1,5.0,1
110900,0,train,14.0,1,11.0,1
110901,0,validation,16.0,1,6.0,1
110902,0,train,14.0,1,12.0,1
110903,0,test,17.0,1,5.0,1
110904,0,train,26.0,1,14.0,1
110905,0,train,6.0,1,1.0,1
110906,0,validation,24.0,1,13.0,1
110907,0,validation,16.0,1,6.0,1
110908,0,train,17.0,1,8.0,1
110909,0,train,14.0,1,5.0,1
110910,0,train,16.0,1,7.0,1
110911,0,test,18.0,1,9.0,1
110912,0,train,10.0,1,2.0,1
110913,1,train,11.0,1,11.0,1
110914,0,train,12.0,1,1.0,1
110915,0,train,9.0,1,7.0,1
110916,1,train,18.0,1,7.0,1
110917,0,test,10.0,1,3.0,1
110918,0,train,11.0,1,3.0,1
110919,0,train,19.0,1,13.0,1
110920,1,test,8.0,1,,0
110921,0,train,6.0,1,2.0,1
110922,1,train,17.0,1,12.0,1
110923,0,train,6.0,1,1.0,1
110924,0,test,20.0,1,7.0,1
110925,0,validation,18.0,1,5.0,1
110926,0,train,17.0,1,9.0,1
110927,0,validation,17.0,1,7.0,1
110928,0,train,12.0,1,1.0,1
110929,0,train,28.0,1,16.0,1
110930,0,train,17.0,1,8.0,1
110931,0,test,4.0,1,1.0,1
110932,0,train,13.0,1,7.0,1
110933,1,test,23.0,1,5.0,1
110934,0,train,16.0,1,10.0,1
110935,0,validation,15.0,1,6.0,1
110936,0,train,7.0,1,1.0,1
110937,0,train,13.0,1,10.0,1
110938,0,train,12.0,1,14.0,1
110939,0,test,22.0,1,9.0,1
110940,0,test,14.0,1,6.0,1
110941,0,train,9.0,1,7.0,1
110942,0,train,18.0,1,,0
110943,1,train,21.0,1,10.0,1
110944,0,validation,21.0,1,10.0,1
110945,0,train,6.0,1,2.0,1
110946,0,train,10.0,1,7.0,1
110947,0,train,22.0,1,8.0,1
110948,0,train,14.0,1,9.0,1
110949,1,train,20.0,1,16.0,1
110950,0,test,17.0,1,4.0,1
110951,0,train,12.0,1,1.0,1
110952,1,test,16.0,1,9.0,1
110953,0,train,9.0,1,0.0,1
110954,0,test,14.0,1,3.0,1
110955,0,train,17.0,1,7.0,1
110956,0,train,9.0,1,1.0,1
110957,0,train,14.0,1,10.0,1
110958,0,train,22.0,1,7.0,1
110959,0,train,17.0,1,9.0,1
110960,0,validation,9.0,1,3.0,1
110961,0,train,15.0,1,3.0,1
110962,0,train,16.0,1,8.0,1
110963,0,train,6.0,1,2.0,1
110964,0,train,6.0,1,0.0,1
110965,0,validation,11.0,1,5.0,1
110966,0,validation,20.0,1,16.0,1
110967,0,test,19.0,1,9.0,1
110968,0,train,18.0,1,9.0,1
110969,0,train,,0,4.0,1
110970,0,validation,21.0,1,10.0,1
110971,0,test,19.0,1,13.0,1
110972,0,train,20.0,1,12.0,1
110973,0,train,17.0,1,7.0,1
110974,0,train,7.0,1,4.0,1
110975,0,train,16.0,1,5.0,1
110976,0,test,22.0,1,9.0,1
110977,0,train,12.0,1,6.0,1
110978,0,train,8.0,1,4.0,1
110979,0,train,21.0,1,8.0,1
110980,0,validation,31.0,1,17.0,1
110981,0,train,15.0,1,7.0,1
110982,0,train,18.0,1,4.0,1
110983,0,train,14.0,1,2.0,1
110984,0,train,16.0,1,14.0,1
110985,0,train,12.0,1,4.0,1
110986,0,validation,14.0,1,6.0,1
110987,0,train,16.0,1,11.0,1
110988,0,train,8.0,1,1.0,1
110989,0,test,23.0,1,7.0,1
110990,0,train,18.0,1,3.0,1
110991,0,train,14.0,1,7.0,1
110992,1,train,15.0,1,5.0,1
110993,0,test,13.0,1,5.0,1
110994,1,train,20.0,1,13.0,1
110995,0,train,10.0,1,3.0,1
110996,0,train,6.0,1,2.0,1
110997,0,test,21.0,1,7.0,1
110998,0,train,6.0,1,3.0,1
110999,0,train,19.0,1,9.0,1
111000,0,train,5.0,1,0.0,1
111001,0,validation,7.0,1,3.0,1
111002,0,train,23.0,1,18.0,1
111003,1,validation,27.0,1,13.0,1
111004,0,validation,28.0,1,14.0,1
111005,0,validation,17.0,1,10.0,1
111006,0,train,4.0,1,0.0,1
111007,0,train,6.0,1,0.0,1
111008,0,train,17.0,1,8.0,1
111009,0,train,12.0,1,2.0,1
111010,0,train,15.0,1,10.0,1
111011,0,train,9.0,1,1.0,1
111012,0,test,15.0,1,6.0,1
111013,0,train,12.0,1,2.0,1
111014,0,train,16.0,1,8.0,1
111015,1,train,23.0,1,10.0,1
111016,0,train,15.0,1,10.0,1
111017,0,validation,17.0,1,9.0,1
111018,0,train,17.0,1,9.0,1
111019,0,test,10.0,1,3.0,1
111020,0,train,12.0,1,7.0,1
111021,0,train,4.0,1,10.0,1
111022,0,train,19.0,1,8.0,1
111023,0,test,16.0,1,12.0,1
111025,0,train,13.0,1,5.0,1
111026,0,validation,16.0,1,11.0,1
111027,1,validation,17.0,1,17.0,1
111028,0,train,,0,,0
111029,0,train,10.0,1,2.0,1
111030,0,train,11.0,1,8.0,1
111031,0,train,10.0,1,7.0,1
111032,0,train,22.0,1,8.0,1
111033,1,train,17.0,1,11.0,1
111034,0,test,13.0,1,5.0,1
111035,1,train,21.0,1,10.0,1
111036,0,train,21.0,1,12.0,1
111037,0,test,10.0,1,3.0,1
111038,1,test,18.0,1,9.0,1
111039,0,test,17.0,1,11.0,1
111040,1,test,,0,7.0,1
111041,0,train,19.0,1,9.0,1
111042,0,validation,22.0,1,9.0,1
111043,0,train,7.0,1,0.0,1
111044,0,train,18.0,1,6.0,1
111045,0,train,9.0,1,1.0,1
111046,1,train,13.0,1,5.0,1
111047,0,train,8.0,1,2.0,1
111048,0,train,12.0,1,7.0,1
111049,0,validation,9.0,1,2.0,1
111050,0,train,14.0,1,8.0,1
111051,0,train,18.0,1,15.0,1
111052,1,train,11.0,1,6.0,1
111053,0,train,20.0,1,9.0,1
111054,0,validation,16.0,1,8.0,1
111055,0,train,16.0,1,11.0,1
111056,0,train,10.0,1,2.0,1
111057,1,train,14.0,1,,0
111058,0,train,12.0,1,1.0,1
111059,0,train,14.0,1,5.0,1
111060,0,train,16.0,1,10.0,1
111061,0,train,20.0,1,6.0,1
111062,1,test,14.0,1,4.0,1
111063,0,train,19.0,1,13.0,1
111064,0,train,15.0,1,6.0,1
111065,0,train,16.0,1,9.0,1
111066,0,train,15.0,1,7.0,1
111067,0,train,12.0,1,2.0,1
111068,0,train,16.0,1,2.0,1
111069,0,test,16.0,1,4.0,1
111070,1,train,27.0,1,14.0,1
111071,0,test,13.0,1,3.0,1
111072,0,train,,0,8.0,1
111073,0,train,11.0,1,2.0,1
111074,0,train,,0,2.0,1
111075,1,train,20.0,1,11.0,1
111076,0,train,,0,0.0,1
111077,0,train,20.0,1,6.0,1
111078,1,train,26.0,1,14.0,1
111079,0,train,10.0,1,8.0,1
111080,0,train,16.0,1,6.0,1
111081,0,train,12.0,1,1.0,1
111082,0,train,14.0,1,8.0,1
111083,0,train,10.0,1,2.0,1
111084,0,train,18.0,1,9.0,1
111085,0,test,16.0,1,3.0,1
111086,0,test,16.0,1,11.0,1
111087,0,train,12.0,1,9.0,1
111088,0,validation,12.0,1,6.0,1
111089,0,train,7.0,1,0.0,1
111090,0,train,32.0,1,13.0,1
111091,1,train,20.0,1,13.0,1
111092,0,test,19.0,1,12.0,1
111093,1,validation,17.0,1,7.0,1
111094,0,train,5.0,1,1.0,1
111095,0,train,9.0,1,0.0,1
111096,0,train,14.0,1,4.0,1
111097,0,train,26.0,1,10.0,1
111098,0,train,27.0,1,12.0,1
111099,0,train,17.0,1,12.0,1
111100,0,train,16.0,1,10.0,1
111101,1,test,20.0,1,6.0,1
111102,0,validation,18.0,1,8.0,1
111103,1,validation,15.0,1,8.0,1
111104,0,train,17.0,1,6.0,1
111105,1,train,13.0,1,10.0,1
111106,0,train,18.0,1,6.0,1
111107,0,train,11.0,1,10.0,1
111108,0,train,15.0,1,7.0,1
111109,1,train,18.0,1,5.0,1
111110,0,train,13.0,1,3.0,1
111111,0,train,,0,2.0,1
111112,0,train,10.0,1,2.0,1
111113,0,train,16.0,1,3.0,1
111114,0,train,18.0,1,9.0,1
111115,0,test,11.0,1,7.0,1
111116,0,train,5.0,1,1.0,1
111117,0,train,15.0,1,6.0,1
111118,0,validation,13.0,1,4.0,1
111119,0,train,12.0,1,1.0,1
111120,0,validation,18.0,1,6.0,1
111121,0,train,,0,,0
111122,1,train,20.0,1,12.0,1
111123,0,train,10.0,1,2.0,1
111124,0,train,15.0,1,7.0,1
111125,1,train,12.0,1,3.0,1
111126,0,train,8.0,1,2.0,1
111127,0,train,10.0,1,2.0,1
111128,0,validation,,0,1.0,1
111129,0,train,14.0,1,10.0,1
111130,0,train,13.0,1,5.0,1
111131,0,train,15.0,1,8.0,1
111132,1,train,18.0,1,16.0,1
111133,0,train,23.0,1,9.0,1
111134,0,train,14.0,1,1.0,1
111135,0,test,16.0,1,12.0,1
111136,1,train,13.0,1,18.0,1
111137,0,test,6.0,1,1.0,1
111138,0,train,11.0,1,6.0,1
111139,0,train,18.0,1,6.0,1
111140,0,train,10.0,1,4.0,1
111141,0,train,21.0,1,7.0,1
111142,1,test,19.0,1,3.0,1
111143,0,train,14.0,1,5.0,1
111144,0,test,14.0,1,8.0,1
111145,0,test,11.0,1,7.0,1
111146,0,validation,13.0,1,4.0,1
111147,0,train,12.0,1,10.0,1
111148,0,train,11.0,1,2.0,1
111149,0,train,12.0,1,2.0,1
111150,0,train,18.0,1,8.0,1
111151,0,train,12.0,1,11.0,1
111152,0,train,21.0,1,5.0,1
111153,0,train,14.0,1,3.0,1
111154,0,train,13.0,1,7.0,1
111155,0,train,14.0,1,1.0,1
111156,0,train,21.0,1,10.0,1
111157,0,train,10.0,1,5.0,1
111158,0,train,12.0,1,5.0,1
111159,0,train,21.0,1,10.0,1
111160,0,train,10.0,1,0.0,1
111161,0,test,3.0,1,0.0,1
111162,0,train,21.0,1,10.0,1
111163,0,test,17.0,1,8.0,1
111164,0,test,20.0,1,7.0,1
111165,0,train,14.0,1,4.0,1
111166,1,train,18.0,1,8.0,1
111167,0,train,16.0,1,3.0,1
111168,0,train,10.0,1,10.0,1
111169,1,test,19.0,1,10.0,1
111170,0,train,18.0,1,9.0,1
111171,0,train,13.0,1,9.0,1
111172,0,train,11.0,1,2.0,1
111173,0,train,23.0,1,10.0,1
111174,0,test,16.0,1,10.0,1
111175,0,test,18.0,1,7.0,1
111176,0,train,23.0,1,15.0,1
111177,0,train,9.0,1,7.0,1
111178,0,train,11.0,1,4.0,1
111179,0,test,20.0,1,10.0,1
111180,0,train,12.0,1,3.0,1
111181,1,test,24.0,1,13.0,1
111182,0,train,15.0,1,6.0,1
111183,1,train,22.0,1,10.0,1
111184,0,train,14.0,1,2.0,1
111185,0,test,9.0,1,3.0,1
111186,1,train,18.0,1,11.0,1
111187,1,train,15.0,1,5.0,1
111188,0,validation,18.0,1,12.0,1
111189,0,train,5.0,1,0.0,1
111190,0,train,27.0,1,13.0,1
111191,0,validation,9.0,1,4.0,1
111192,0,train,14.0,1,4.0,1
111193,0,train,22.0,1,14.0,1
111194,0,train,14.0,1,9.0,1
111195,0,train,18.0,1,10.0,1
111196,0,validation,16.0,1,12.0,1
111197,1,train,16.0,1,12.0,1
111198,0,validation,17.0,1,7.0,1
111199,0,train,22.0,1,12.0,1
111200,0,test,19.0,1,13.0,1
111201,0,validation,15.0,1,2.0,1
111202,0,train,14.0,1,,0
111203,0,train,12.0,1,9.0,1
111204,0,test,10.0,1,12.0,1
111205,0,train,15.0,1,5.0,1
111207,1,validation,18.0,1,5.0,1
111208,1,train,11.0,1,2.0,1
111209,0,train,18.0,1,8.0,1
111210,0,test,16.0,1,11.0,1
111211,0,train,14.0,1,4.0,1
111212,0,train,15.0,1,5.0,1
111213,1,train,18.0,1,6.0,1
111214,0,validation,17.0,1,2.0,1
111215,1,train,13.0,1,4.0,1
111216,0,train,12.0,1,10.0,1
111217,0,train,22.0,1,14.0,1
111218,0,test,15.0,1,6.0,1
111219,1,test,18.0,1,7.0,1
111220,0,train,13.0,1,1.0,1
111221,0,train,18.0,1,13.0,1
111222,0,train,16.0,1,4.0,1
111223,0,train,13.0,1,7.0,1
111224,0,train,16.0,1,8.0,1
111225,0,test,7.0,1,3.0,1
111226,1,train,24.0,1,13.0,1
111227,0,validation,12.0,1,7.0,1
111228,0,test,18.0,1,8.0,1
111229,0,train,16.0,1,1.0,1
111230,0,validation,10.0,1,5.0,1
111231,0,validation,16.0,1,6.0,1
111232,0,validation,11.0,1,6.0,1
111233,0,train,17.0,1,12.0,1
111234,0,train,19.0,1,10.0,1
111235,0,train,15.0,1,7.0,1
111236,0,train,23.0,1,14.0,1
111237,0,train,,0,,0
111238,0,train,,0,2.0,1
111239,0,train,20.0,1,7.0,1
111240,0,train,15.0,1,9.0,1
111241,0,validation,15.0,1,11.0,1
111242,0,train,10.0,1,1.0,1
111243,0,train,24.0,1,13.0,1
111244,0,train,9.0,1,2.0,1
111245,0,train,16.0,1,6.0,1
111246,0,train,12.0,1,6.0,1
111247,1,train,12.0,1,6.0,1
111248,0,train,14.0,1,5.0,1
111249,0,validation,22.0,1,16.0,1
111250,0,train,17.0,1,0.0,1
111252,0,train,6.0,1,1.0,1
111253,0,train,5.0,1,,0
111254,1,train,20.0,1,12.0,1
111255,0,train,15.0,1,3.0,1
111256,1,train,18.0,1,6.0,1
111257,0,train,17.0,1,13.0,1
111258,1,train,11.0,1,8.0,1
111259,0,test,11.0,1,,0
111260,0,train,21.0,1,9.0,1
111261,0,train,9.0,1,5.0,1
111262,0,train,23.0,1,12.0,1
111263,0,train,4.0,1,1.0,1
111264,0,train,10.0,1,7.0,1
111265,0,train,15.0,1,12.0,1
111266,0,train,11.0,1,1.0,1
111267,0,train,24.0,1,11.0,1
111268,0,train,20.0,1,9.0,1
111269,0,train,,0,0.0,1
111270,0,train,15.0,1,0.0,1
111271,0,train,15.0,1,7.0,1
111272,0,test,13.0,1,5.0,1
111273,0,validation,15.0,1,1.0,1
111274,0,validation,22.0,1,12.0,1
111275,0,train,14.0,1,6.0,1
111276,0,train,15.0,1,,0
111277,0,train,11.0,1,3.0,1
111278,0,test,9.0,1,3.0,1
111279,0,train,11.0,1,2.0,1
111280,0,train,5.0,1,4.0,1
111281,1,train,28.0,1,7.0,1
111282,0,validation,10.0,1,0.0,1
111283,0,train,16.0,1,8.0,1
111284,0,test,12.0,1,11.0,1
111285,0,test,19.0,1,7.0,1
111286,1,test,21.0,1,14.0,1
111287,0,train,28.0,1,13.0,1
111288,0,validation,15.0,1,10.0,1
111289,1,train,11.0,1,1.0,1
111290,0,train,12.0,1,2.0,1
111291,0,validation,16.0,1,13.0,1
111292,0,train,14.0,1,7.0,1
111293,0,train,25.0,1,11.0,1
111294,0,train,7.0,1,1.0,1
111295,0,train,11.0,1,2.0,1
111296,1,train,15.0,1,18.0,1
111297,0,test,10.0,1,3.0,1
111298,0,train,9.0,1,2.0,1
111299,1,train,15.0,1,7.0,1
111300,1,train,20.0,1,12.0,1
111301,0,train,16.0,1,9.0,1
111302,0,train,18.0,1,12.0,1
111303,0,train,19.0,1,8.0,1
111304,0,train,20.0,1,9.0,1
111305,0,train,6.0,1,1.0,1
111306,1,train,15.0,1,10.0,1
111307,0,train,19.0,1,11.0,1
111308,1,train,18.0,1,6.0,1
111309,0,validation,9.0,1,5.0,1
111310,0,train,20.0,1,10.0,1
111312,0,train,17.0,1,7.0,1
111313,0,train,13.0,1,10.0,1
111314,1,train,26.0,1,16.0,1
111315,0,train,18.0,1,12.0,1
111316,0,test,7.0,1,5.0,1
111317,0,validation,17.0,1,7.0,1
111318,0,train,12.0,1,1.0,1
111319,0,train,,0,0.0,1
111320,0,train,,0,0.0,1
111321,0,train,14.0,1,3.0,1
111322,0,validation,,0,6.0,1
111323,0,train,18.0,1,7.0,1
111324,1,train,18.0,1,11.0,1
111325,0,train,23.0,1,15.0,1
111326,0,train,,0,1.0,1
111327,0,train,15.0,1,3.0,1
111328,0,train,22.0,1,10.0,1
111329,0,train,6.0,1,6.0,1
111330,0,train,16.0,1,8.0,1
111331,0,test,15.0,1,8.0,1
111332,1,train,19.0,1,14.0,1
111333,1,train,16.0,1,10.0,1
111334,0,train,13.0,1,4.0,1
111335,0,train,9.0,1,3.0,1
111337,0,train,19.0,1,10.0,1
111338,0,train,11.0,1,3.0,1
111339,0,test,25.0,1,13.0,1
111340,1,train,14.0,1,2.0,1
111341,0,validation,7.0,1,4.0,1
111342,0,validation,14.0,1,7.0,1
111343,0,test,18.0,1,8.0,1
111344,0,test,14.0,1,8.0,1
111345,0,train,20.0,1,6.0,1
111346,0,test,8.0,1,2.0,1
111347,0,train,,0,0.0,1
111348,0,train,17.0,1,8.0,1
111349,0,train,18.0,1,7.0,1
111350,0,train,19.0,1,8.0,1
111351,0,test,8.0,1,3.0,1
111352,0,train,17.0,1,9.0,1
111353,0,train,21.0,1,11.0,1
111354,0,train,14.0,1,8.0,1
111355,0,validation,18.0,1,7.0,1
111356,1,train,17.0,1,9.0,1
111357,0,train,13.0,1,1.0,1
111358,0,train,11.0,1,9.0,1
111359,0,test,22.0,1,11.0,1
111360,0,train,3.0,1,1.0,1
111361,1,train,17.0,1,13.0,1
111362,0,train,8.0,1,5.0,1
111363,0,train,24.0,1,11.0,1
111364,0,train,12.0,1,1.0,1
111365,0,test,18.0,1,9.0,1
111366,0,test,13.0,1,12.0,1
111367,0,train,,0,9.0,1
111368,1,train,15.0,1,5.0,1
111369,0,train,9.0,1,1.0,1
111370,0,train,16.0,1,8.0,1
111371,0,train,15.0,1,3.0,1
111372,0,train,15.0,1,4.0,1
111373,0,train,7.0,1,4.0,1
111374,0,train,18.0,1,8.0,1
111375,0,train,14.0,1,4.0,1
111376,0,train,15.0,1,8.0,1
111377,0,train,22.0,1,11.0,1
111378,0,test,12.0,1,6.0,1
111379,0,train,12.0,1,5.0,1
111380,0,test,11.0,1,2.0,1
111381,0,train,21.0,1,10.0,1
111382,0,train,7.0,1,8.0,1
111383,0,test,21.0,1,11.0,1
111384,0,train,15.0,1,5.0,1
111385,0,train,20.0,1,10.0,1
111386,1,test,16.0,1,8.0,1
111387,0,train,10.0,1,3.0,1
111388,0,train,12.0,1,6.0,1
111389,0,train,25.0,1,8.0,1
111390,0,train,25.0,1,10.0,1
111391,0,train,18.0,1,13.0,1
111392,1,train,15.0,1,16.0,1
111393,0,train,18.0,1,5.0,1
111394,0,train,21.0,1,13.0,1
111395,1,train,25.0,1,14.0,1
111396,0,train,11.0,1,5.0,1
111397,0,train,12.0,1,9.0,1
111398,0,train,7.0,1,3.0,1
111399,0,train,21.0,1,12.0,1
111400,0,test,17.0,1,13.0,1
111401,0,train,11.0,1,3.0,1
111402,0,train,6.0,1,1.0,1
111403,0,test,5.0,1,1.0,1
111404,0,train,5.0,1,0.0,1
111405,1,train,17.0,1,11.0,1
111406,0,train,23.0,1,9.0,1
111407,1,train,10.0,1,4.0,1
111408,0,test,13.0,1,6.0,1
111409,0,validation,19.0,1,12.0,1
111410,0,train,15.0,1,8.0,1
111411,0,train,10.0,1,2.0,1
111412,0,train,16.0,1,12.0,1
111413,0,train,13.0,1,11.0,1
111414,0,train,24.0,1,11.0,1
111415,1,test,12.0,1,3.0,1
111416,0,train,10.0,1,5.0,1
111417,0,train,7.0,1,3.0,1
111418,0,test,11.0,1,6.0,1
111419,0,train,16.0,1,7.0,1
111420,0,validation,5.0,1,3.0,1
111421,0,train,10.0,1,6.0,1
111422,1,train,10.0,1,3.0,1
111423,0,train,17.0,1,7.0,1
111424,0,train,9.0,1,6.0,1
111425,0,train,16.0,1,5.0,1
111426,1,train,12.0,1,6.0,1
111427,0,train,19.0,1,9.0,1
111428,0,test,7.0,1,2.0,1
111429,0,train,12.0,1,9.0,1
111430,0,train,20.0,1,8.0,1
111431,0,train,16.0,1,8.0,1
111432,1,train,17.0,1,7.0,1
111433,0,train,21.0,1,5.0,1
111434,0,train,22.0,1,9.0,1
111435,0,train,20.0,1,16.0,1
111436,0,train,11.0,1,3.0,1
111437,0,train,20.0,1,10.0,1
111438,0,train,12.0,1,4.0,1
111439,0,test,20.0,1,11.0,1
111440,0,validation,19.0,1,13.0,1
111441,0,train,15.0,1,6.0,1
111442,0,train,8.0,1,1.0,1
111443,0,train,21.0,1,8.0,1
111444,0,train,18.0,1,8.0,1
111445,0,test,18.0,1,7.0,1
111446,0,train,18.0,1,13.0,1
111447,0,train,17.0,1,4.0,1
111448,0,train,15.0,1,5.0,1
111449,0,train,18.0,1,11.0,1
111450,0,train,13.0,1,5.0,1
111451,1,validation,,0,5.0,1
111452,0,train,18.0,1,9.0,1
111453,1,train,18.0,1,7.0,1
111454,0,validation,5.0,1,1.0,1
111455,0,validation,17.0,1,7.0,1
111456,0,test,19.0,1,8.0,1
111457,0,train,17.0,1,8.0,1
111458,1,train,15.0,1,6.0,1
111459,0,validation,13.0,1,8.0,1
111460,1,train,18.0,1,12.0,1
111461,1,train,16.0,1,1.0,1
111462,1,train,7.0,1,7.0,1
111463,0,train,5.0,1,3.0,1
111464,1,train,11.0,1,9.0,1
111465,0,train,20.0,1,10.0,1
111466,0,train,19.0,1,9.0,1
111467,0,test,12.0,1,2.0,1
111468,0,test,12.0,1,3.0,1
111469,0,train,16.0,1,8.0,1
111470,0,train,16.0,1,5.0,1
111471,0,validation,20.0,1,14.0,1
111472,1,train,16.0,1,15.0,1
111473,0,test,16.0,1,3.0,1
111474,0,train,12.0,1,5.0,1
111475,1,test,12.0,1,2.0,1
111476,0,validation,8.0,1,1.0,1
111477,0,train,12.0,1,6.0,1
111478,0,validation,18.0,1,13.0,1
111479,0,train,14.0,1,4.0,1
111480,0,train,14.0,1,7.0,1
111481,1,train,7.0,1,1.0,1
111482,0,train,,0,0.0,1
111484,0,test,19.0,1,5.0,1
111485,0,validation,15.0,1,6.0,1
111486,0,train,4.0,1,0.0,1
111487,0,train,15.0,1,10.0,1
111488,0,train,18.0,1,8.0,1
111489,0,train,16.0,1,11.0,1
111490,0,validation,7.0,1,3.0,1
111491,0,train,19.0,1,6.0,1
111492,0,train,,0,8.0,1
111493,0,train,25.0,1,7.0,1
111494,1,test,17.0,1,6.0,1
111495,0,train,16.0,1,6.0,1
111496,0,train,12.0,1,7.0,1
111497,0,train,4.0,1,1.0,1
111498,1,train,19.0,1,8.0,1
111499,0,validation,18.0,1,7.0,1
111500,0,train,21.0,1,8.0,1
111501,0,train,12.0,1,1.0,1
111502,0,validation,27.0,1,5.0,1
111503,0,train,14.0,1,9.0,1
111504,0,train,9.0,1,6.0,1
111505,0,train,10.0,1,3.0,1
111506,0,validation,,0,6.0,1
111507,0,validation,21.0,1,10.0,1
111508,0,test,15.0,1,12.0,1
111509,0,train,15.0,1,5.0,1
111510,0,train,20.0,1,14.0,1
111511,1,test,12.0,1,4.0,1
111512,1,train,22.0,1,9.0,1
111513,1,test,23.0,1,10.0,1
111514,1,train,13.0,1,9.0,1
111515,1,validation,24.0,1,13.0,1
111516,0,train,16.0,1,11.0,1
111517,0,train,17.0,1,8.0,1
111518,1,validation,13.0,1,7.0,1
111519,0,train,23.0,1,7.0,1
111520,0,train,13.0,1,1.0,1
111521,0,train,16.0,1,8.0,1
111522,0,train,18.0,1,12.0,1
111523,0,train,13.0,1,11.0,1
111524,0,train,20.0,1,8.0,1
111526,1,train,16.0,1,11.0,1
111527,0,train,17.0,1,8.0,1
111528,0,train,9.0,1,2.0,1
111529,0,train,19.0,1,13.0,1
111530,0,train,10.0,1,7.0,1
111531,0,validation,15.0,1,3.0,1
111532,1,train,17.0,1,6.0,1
111533,0,train,5.0,1,1.0,1
111534,0,test,13.0,1,,0
111535,0,train,11.0,1,3.0,1
111536,0,train,11.0,1,3.0,1
111537,1,train,17.0,1,17.0,1
111538,1,train,22.0,1,7.0,1
111539,0,train,12.0,1,4.0,1
111540,0,validation,10.0,1,5.0,1
111541,1,train,25.0,1,13.0,1
111542,0,train,20.0,1,12.0,1
111543,1,train,18.0,1,12.0,1
111544,0,validation,2.0,1,1.0,1
111545,0,train,,0,3.0,1
111546,1,train,17.0,1,9.0,1
111547,1,validation,8.0,1,10.0,1
111548,0,train,10.0,1,5.0,1
111549,1,train,22.0,1,9.0,1
111550,0,train,19.0,1,6.0,1
111551,0,validation,21.0,1,14.0,1
111553,0,train,10.0,1,3.0,1
111554,0,train,12.0,1,4.0,1
111555,0,train,15.0,1,5.0,1
111556,1,validation,14.0,1,3.0,1
111557,0,train,14.0,1,7.0,1
111558,0,train,3.0,1,4.0,1
111559,0,validation,11.0,1,8.0,1
111560,0,test,6.0,1,4.0,1
111561,0,train,22.0,1,8.0,1
111562,0,test,15.0,1,4.0,1
111563,0,validation,6.0,1,0.0,1
111564,0,validation,12.0,1,1.0,1
111565,0,validation,12.0,1,10.0,1
111566,1,train,15.0,1,6.0,1
111567,0,validation,15.0,1,9.0,1
111568,0,train,18.0,1,7.0,1
111569,0,train,15.0,1,8.0,1
111570,0,train,20.0,1,7.0,1
111571,0,validation,25.0,1,11.0,1
111572,0,test,10.0,1,7.0,1
111573,0,train,15.0,1,10.0,1
111574,0,test,15.0,1,5.0,1
111575,0,train,11.0,1,2.0,1
111576,0,train,14.0,1,4.0,1
111577,0,validation,18.0,1,15.0,1
111578,0,train,17.0,1,11.0,1
111579,0,train,8.0,1,1.0,1
111580,0,train,8.0,1,1.0,1
111581,0,train,11.0,1,6.0,1
111582,0,train,24.0,1,8.0,1
111583,0,train,16.0,1,12.0,1
111584,0,train,12.0,1,8.0,1
111585,0,train,14.0,1,4.0,1
111586,0,train,21.0,1,8.0,1
111587,0,test,13.0,1,6.0,1
111588,0,train,10.0,1,3.0,1
111589,0,validation,19.0,1,14.0,1
111590,1,train,22.0,1,10.0,1
111591,0,validation,17.0,1,7.0,1
111592,0,validation,21.0,1,13.0,1
111593,0,test,15.0,1,5.0,1
111594,0,train,14.0,1,9.0,1
111595,1,train,17.0,1,5.0,1
111596,0,train,10.0,1,2.0,1
111597,0,train,23.0,1,15.0,1
111598,0,validation,13.0,1,3.0,1
111599,0,train,14.0,1,1.0,1
111600,0,train,6.0,1,2.0,1
111601,0,train,23.0,1,15.0,1
111602,0,train,6.0,1,1.0,1
111603,0,train,13.0,1,10.0,1
111604,0,train,8.0,1,7.0,1
111605,0,validation,28.0,1,7.0,1
111606,0,train,16.0,1,9.0,1
111607,0,validation,22.0,1,10.0,1
111608,0,train,15.0,1,9.0,1
111609,0,train,14.0,1,8.0,1
111610,0,train,16.0,1,13.0,1
111611,0,train,21.0,1,7.0,1
111612,1,test,11.0,1,,0
111613,0,train,,0,2.0,1
111614,0,validation,10.0,1,8.0,1
111615,0,train,15.0,1,6.0,1
111616,1,validation,19.0,1,12.0,1
111617,0,train,20.0,1,8.0,1
111618,0,validation,11.0,1,10.0,1
111619,0,train,16.0,1,5.0,1
111620,0,test,19.0,1,10.0,1
111621,0,train,16.0,1,7.0,1
111622,1,train,20.0,1,13.0,1
111623,0,train,23.0,1,12.0,1
111624,0,train,9.0,1,0.0,1
111625,0,train,21.0,1,17.0,1
111626,1,train,15.0,1,2.0,1
111627,0,train,22.0,1,8.0,1
111628,0,validation,12.0,1,1.0,1
111629,0,train,19.0,1,5.0,1
111630,0,train,19.0,1,10.0,1
111631,0,validation,,0,3.0,1
111632,0,train,22.0,1,12.0,1
111633,0,test,22.0,1,9.0,1
111634,0,train,12.0,1,,0
111635,0,train,9.0,1,1.0,1
111636,0,validation,11.0,1,1.0,1
111637,0,validation,14.0,1,3.0,1
111638,0,validation,19.0,1,2.0,1
111639,0,test,11.0,1,9.0,1
111640,0,train,17.0,1,8.0,1
111641,0,train,17.0,1,7.0,1
111642,0,validation,23.0,1,18.0,1
111643,1,train,14.0,1,7.0,1
111644,0,train,12.0,1,1.0,1
111645,1,train,28.0,1,15.0,1
111646,1,train,12.0,1,7.0,1
111647,1,train,19.0,1,12.0,1
111648,0,train,2.0,1,2.0,1
111649,0,validation,15.0,1,10.0,1
111650,0,train,11.0,1,11.0,1
111651,0,train,,0,1.0,1
111652,1,validation,13.0,1,6.0,1
111653,0,train,14.0,1,5.0,1
111654,0,train,23.0,1,2.0,1
111655,0,train,7.0,1,1.0,1
111656,1,train,13.0,1,5.0,1
111657,0,train,17.0,1,7.0,1
111658,0,train,8.0,1,6.0,1
111659,0,train,10.0,1,9.0,1
111660,0,train,11.0,1,5.0,1
111661,0,validation,19.0,1,5.0,1
111662,0,test,10.0,1,4.0,1
111663,0,validation,19.0,1,6.0,1
111664,0,train,13.0,1,3.0,1
111665,0,validation,,0,7.0,1
111666,0,train,19.0,1,9.0,1
111667,0,train,,0,8.0,1
111668,0,test,19.0,1,14.0,1
111669,0,test,10.0,1,1.0,1
111670,0,train,17.0,1,7.0,1
111671,0,train,16.0,1,5.0,1
111672,0,train,13.0,1,1.0,1
111673,1,train,27.0,1,16.0,1
111674,0,validation,20.0,1,14.0,1
111675,0,train,23.0,1,,0
111676,1,validation,17.0,1,11.0,1
111677,0,train,12.0,1,8.0,1
111678,0,train,19.0,1,7.0,1
111679,0,train,8.0,1,0.0,1
111680,0,train,17.0,1,8.0,1
111681,0,train,10.0,1,6.0,1
111682,0,train,17.0,1,7.0,1
111683,0,validation,24.0,1,13.0,1
111684,0,train,17.0,1,3.0,1
111685,0,train,17.0,1,8.0,1
111686,0,validation,18.0,1,12.0,1
111687,0,test,11.0,1,0.0,1
111688,0,train,9.0,1,2.0,1
111689,0,train,7.0,1,10.0,1
111690,0,train,18.0,1,5.0,1
111691,0,train,21.0,1,14.0,1
111692,1,validation,17.0,1,6.0,1
111693,1,train,12.0,1,11.0,1
111694,0,test,7.0,1,5.0,1
111695,0,train,22.0,1,11.0,1
111696,0,train,17.0,1,5.0,1
111697,1,train,10.0,1,9.0,1
111698,0,test,7.0,1,8.0,1
111699,0,train,16.0,1,8.0,1
111700,0,train,19.0,1,9.0,1
111701,0,train,13.0,1,6.0,1
111702,0,train,17.0,1,4.0,1
111703,0,train,20.0,1,13.0,1
111704,0,train,8.0,1,7.0,1
111705,0,validation,22.0,1,11.0,1
111706,0,train,11.0,1,6.0,1
111707,1,train,6.0,1,2.0,1
111708,0,train,15.0,1,,0
111709,0,test,17.0,1,9.0,1
111710,0,validation,19.0,1,9.0,1
111711,0,train,9.0,1,2.0,1
111712,0,train,15.0,1,3.0,1
111713,0,train,18.0,1,8.0,1
111714,0,train,14.0,1,7.0,1
111716,0,train,7.0,1,6.0,1
111717,0,train,12.0,1,7.0,1
111718,0,train,19.0,1,5.0,1
111719,0,train,12.0,1,1.0,1
111720,0,train,13.0,1,8.0,1
111721,0,test,19.0,1,8.0,1
111722,0,train,15.0,1,4.0,1
111723,0,validation,13.0,1,2.0,1
111724,0,train,14.0,1,6.0,1
111725,1,train,19.0,1,9.0,1
111726,0,train,18.0,1,11.0,1
111727,1,validation,22.0,1,6.0,1
111728,0,train,15.0,1,9.0,1
111729,0,train,15.0,1,10.0,1
111730,0,train,6.0,1,1.0,1
111731,1,train,16.0,1,7.0,1
111732,0,validation,11.0,1,9.0,1
111733,1,train,14.0,1,2.0,1
111734,0,validation,8.0,1,4.0,1
111735,0,test,19.0,1,12.0,1
111736,1,train,24.0,1,14.0,1
111737,1,train,17.0,1,8.0,1
111738,0,validation,18.0,1,8.0,1
111739,1,train,18.0,1,10.0,1
111740,0,test,18.0,1,7.0,1
111741,0,test,15.0,1,5.0,1
111742,0,train,17.0,1,12.0,1
111743,0,train,14.0,1,3.0,1
111744,0,train,8.0,1,1.0,1
111745,0,test,8.0,1,2.0,1
111746,0,train,13.0,1,7.0,1
111747,1,train,11.0,1,9.0,1
111749,0,train,14.0,1,2.0,1
111750,0,train,,0,1.0,1
111751,0,validation,11.0,1,1.0,1
111752,0,train,13.0,1,3.0,1
111753,0,validation,16.0,1,9.0,1
111754,0,validation,17.0,1,11.0,1
111755,0,validation,17.0,1,9.0,1
111756,0,validation,13.0,1,2.0,1
111757,0,train,14.0,1,6.0,1
111758,0,validation,12.0,1,7.0,1
111760,1,train,11.0,1,7.0,1
111761,0,train,13.0,1,3.0,1
111763,0,train,7.0,1,0.0,1
111764,0,train,14.0,1,2.0,1
111765,0,train,13.0,1,3.0,1
111766,0,test,5.0,1,6.0,1
111767,0,test,4.0,1,2.0,1
111768,0,train,14.0,1,,0
111769,0,validation,9.0,1,6.0,1
111770,0,test,5.0,1,0.0,1
111771,0,train,10.0,1,6.0,1
111772,0,validation,10.0,1,9.0,1
111773,0,validation,11.0,1,0.0,1
111774,0,test,15.0,1,6.0,1
111775,0,test,10.0,1,6.0,1
111776,0,train,,0,9.0,1
111777,0,train,14.0,1,6.0,1
111778,0,train,19.0,1,9.0,1
111779,0,train,17.0,1,5.0,1
111780,0,train,12.0,1,3.0,1
111781,0,train,14.0,1,11.0,1
111782,0,train,16.0,1,7.0,1
111783,0,train,8.0,1,1.0,1
111784,0,train,17.0,1,8.0,1
111785,1,train,17.0,1,8.0,1
111786,0,test,12.0,1,4.0,1
111787,0,train,17.0,1,6.0,1
111788,1,test,12.0,1,5.0,1
111789,0,train,14.0,1,7.0,1
111790,1,train,18.0,1,3.0,1
111791,0,validation,12.0,1,1.0,1
111792,0,train,23.0,1,13.0,1
111793,0,test,8.0,1,1.0,1
111794,1,train,14.0,1,2.0,1
111795,0,train,15.0,1,2.0,1
111796,0,train,25.0,1,10.0,1
111797,0,train,24.0,1,11.0,1
111798,1,test,9.0,1,8.0,1
111799,0,train,18.0,1,8.0,1
111800,0,test,20.0,1,12.0,1
111801,0,validation,19.0,1,12.0,1
111802,1,train,18.0,1,12.0,1
111803,0,train,,0,3.0,1
111804,0,test,24.0,1,9.0,1
111805,0,validation,18.0,1,9.0,1
111806,0,train,20.0,1,8.0,1
111807,0,train,18.0,1,10.0,1
111809,0,test,19.0,1,14.0,1
111810,1,train,22.0,1,11.0,1
111811,0,train,14.0,1,8.0,1
111812,1,test,15.0,1,8.0,1
111813,0,train,17.0,1,7.0,1
111814,0,validation,11.0,1,5.0,1
111815,0,train,18.0,1,11.0,1
111816,0,train,7.0,1,1.0,1
111817,0,train,13.0,1,9.0,1
111818,0,train,,0,1.0,1
111819,0,validation,14.0,1,9.0,1
111820,0,train,18.0,1,6.0,1
111821,0,train,21.0,1,11.0,1
111822,0,test,11.0,1,6.0,1
111823,0,train,14.0,1,4.0,1
111824,0,train,21.0,1,11.0,1
111825,0,train,14.0,1,2.0,1
111826,0,test,19.0,1,7.0,1
111827,0,train,11.0,1,1.0,1
111828,0,train,14.0,1,3.0,1
111829,0,test,14.0,1,2.0,1
111830,1,validation,15.0,1,11.0,1
111831,0,test,17.0,1,10.0,1
111832,0,train,12.0,1,7.0,1
111833,0,train,19.0,1,8.0,1
111834,0,train,17.0,1,7.0,1
111835,0,validation,11.0,1,6.0,1
111836,0,train,3.0,1,0.0,1
111837,0,train,10.0,1,9.0,1
111838,0,validation,17.0,1,,0
111839,0,train,13.0,1,8.0,1
111840,0,train,9.0,1,3.0,1
111841,0,validation,15.0,1,16.0,1
111842,0,test,14.0,1,4.0,1
111843,0,train,13.0,1,4.0,1
111844,0,train,21.0,1,14.0,1
111845,0,train,9.0,1,9.0,1
111846,0,validation,20.0,1,10.0,1
111847,0,train,18.0,1,13.0,1
111848,0,train,20.0,1,12.0,1
111849,0,train,24.0,1,9.0,1
111850,0,train,,0,,0
111851,0,train,10.0,1,9.0,1
111852,0,train,9.0,1,6.0,1
111853,0,train,6.0,1,5.0,1
111854,1,train,8.0,1,2.0,1
111855,0,train,16.0,1,9.0,1
111856,0,train,14.0,1,5.0,1
111857,0,train,12.0,1,5.0,1
111858,0,test,9.0,1,7.0,1
111859,1,train,24.0,1,10.0,1
111860,0,train,13.0,1,1.0,1
111861,0,train,11.0,1,7.0,1
111862,0,train,17.0,1,7.0,1
111863,0,train,14.0,1,8.0,1
111864,0,train,10.0,1,3.0,1
111865,0,train,9.0,1,1.0,1
111867,0,train,9.0,1,7.0,1
111868,0,test,15.0,1,2.0,1
111869,1,train,12.0,1,15.0,1
111870,1,test,12.0,1,4.0,1
111871,0,train,9.0,1,4.0,1
111872,0,train,14.0,1,8.0,1
111873,0,test,10.0,1,1.0,1
111874,0,train,16.0,1,7.0,1
111875,0,train,17.0,1,13.0,1
111876,0,train,19.0,1,3.0,1
111877,0,train,18.0,1,8.0,1
111878,1,validation,10.0,1,1.0,1
111879,0,train,23.0,1,10.0,1
111880,0,train,15.0,1,10.0,1
111881,0,validation,26.0,1,15.0,1
111882,0,train,12.0,1,1.0,1
111883,0,validation,6.0,1,0.0,1
111884,0,validation,21.0,1,9.0,1
111885,0,train,8.0,1,1.0,1
111886,0,train,15.0,1,2.0,1
111887,0,train,21.0,1,13.0,1
111888,0,test,17.0,1,8.0,1
111889,0,train,17.0,1,10.0,1
111890,0,train,18.0,1,2.0,1
111891,0,train,7.0,1,0.0,1
111892,0,train,11.0,1,,0
111893,1,train,23.0,1,11.0,1
111894,0,train,9.0,1,10.0,1
111895,0,train,4.0,1,1.0,1
111896,0,train,5.0,1,,0
111897,0,train,14.0,1,4.0,1
111898,0,train,21.0,1,,0
111899,0,train,19.0,1,9.0,1
111900,0,train,8.0,1,1.0,1
111901,0,train,13.0,1,17.0,1
111902,0,test,4.0,1,8.0,1
111903,0,train,12.0,1,4.0,1
111904,1,train,14.0,1,4.0,1
111905,0,train,14.0,1,13.0,1
111906,0,train,11.0,1,9.0,1
111907,0,train,17.0,1,4.0,1
111908,0,train,13.0,1,10.0,1
111909,1,train,15.0,1,3.0,1
111910,1,train,24.0,1,10.0,1
111911,0,train,10.0,1,3.0,1
111912,0,train,13.0,1,8.0,1
111913,1,test,12.0,1,11.0,1
111914,0,train,15.0,1,2.0,1
111915,0,train,13.0,1,7.0,1
111916,0,test,16.0,1,7.0,1
111917,0,train,17.0,1,8.0,1
111918,0,train,9.0,1,5.0,1
111919,0,validation,,0,3.0,1
111920,0,train,20.0,1,5.0,1
111921,0,train,23.0,1,9.0,1
111922,0,train,15.0,1,7.0,1
111923,0,train,4.0,1,2.0,1
111924,1,validation,14.0,1,9.0,1
111925,0,test,8.0,1,2.0,1
111926,0,test,16.0,1,9.0,1
111927,0,validation,13.0,1,7.0,1
111928,0,train,19.0,1,5.0,1
111929,0,validation,19.0,1,6.0,1
111930,0,train,10.0,1,1.0,1
111931,1,train,11.0,1,8.0,1
111932,0,test,17.0,1,9.0,1
111933,0,train,8.0,1,4.0,1
111934,0,train,10.0,1,5.0,1
111935,0,train,14.0,1,5.0,1
111936,0,test,20.0,1,11.0,1
111937,0,train,9.0,1,8.0,1
111938,0,validation,24.0,1,8.0,1
111939,0,train,13.0,1,7.0,1
111940,0,train,19.0,1,7.0,1
111941,0,train,10.0,1,1.0,1
111942,0,validation,13.0,1,3.0,1
111943,0,train,18.0,1,4.0,1
111944,0,train,21.0,1,9.0,1
111945,0,validation,6.0,1,2.0,1
111946,0,train,11.0,1,3.0,1
111947,0,train,24.0,1,11.0,1
111948,1,validation,19.0,1,9.0,1
111949,0,train,9.0,1,2.0,1
111950,0,test,13.0,1,5.0,1
111951,0,train,23.0,1,8.0,1
111952,1,validation,21.0,1,8.0,1
111953,0,test,16.0,1,7.0,1
111954,0,test,10.0,1,2.0,1
111955,0,test,16.0,1,7.0,1
111956,0,train,19.0,1,11.0,1
111957,0,train,9.0,1,0.0,1
111958,0,test,20.0,1,10.0,1
111959,0,test,13.0,1,9.0,1
111960,0,train,21.0,1,10.0,1
111961,0,train,14.0,1,2.0,1
111962,0,train,18.0,1,14.0,1
111963,1,validation,16.0,1,13.0,1
111964,0,train,20.0,1,6.0,1
111965,1,train,26.0,1,16.0,1
111966,0,train,12.0,1,3.0,1
111967,0,train,9.0,1,2.0,1
111968,1,train,16.0,1,8.0,1
111969,0,train,10.0,1,5.0,1
111970,0,test,22.0,1,14.0,1
111972,0,train,16.0,1,1.0,1
111973,0,train,10.0,1,2.0,1
111974,0,train,9.0,1,0.0,1
111975,0,train,14.0,1,10.0,1
111976,0,train,9.0,1,4.0,1
111977,0,train,20.0,1,12.0,1
111978,0,train,15.0,1,12.0,1
111979,0,test,15.0,1,6.0,1
111980,0,train,8.0,1,9.0,1
111981,0,train,26.0,1,13.0,1
111982,0,train,14.0,1,3.0,1
111983,0,train,17.0,1,9.0,1
111984,0,validation,9.0,1,3.0,1
111985,1,train,18.0,1,9.0,1
111986,0,train,10.0,1,2.0,1
111987,0,validation,16.0,1,12.0,1
111988,0,train,15.0,1,8.0,1
111989,1,train,14.0,1,9.0,1
111990,0,train,24.0,1,15.0,1
111991,0,train,19.0,1,10.0,1
111992,0,train,15.0,1,10.0,1
111993,0,test,10.0,1,2.0,1
111994,0,validation,,0,,0
111995,0,train,19.0,1,8.0,1
111996,0,test,20.0,1,,0
111997,0,train,21.0,1,11.0,1
111998,0,train,6.0,1,1.0,1
111999,0,train,14.0,1,7.0,1
112000,0,train,6.0,1,1.0,1
