RecordID,raw_rows,invalid_time_rows,empty_parameter_rows,unknown_parameter_rows,invalid_numeric_rows,sentinel_rows,negative_time_rows,exact_48h_rows,after_48h_rows,exact_duplicate_rows,conflicting_time_parameter_keys,conflicting_time_parameter_extra_values,primary_conflicting_time_parameter_keys,primary_conflicting_time_parameter_extra_values,static_conflict_parameters,filename_recordid_mismatch,valid_dynamic_rows_including_time0_weight,valid_dynamic_rows_excluding_time0_weight
100001,357,0,0,0,0,4,0,0,0,0,0,0,0,0,0,0,349,348
100002,413,0,0,0,0,1,0,0,0,0,0,0,0,0,0,0,408,407
100003,473,0,0,0,0,1,0,0,0,0,12,12,12,12,0,0,467,466
100004,427,0,0,0,0,0,0,0,0,0,2,2,2,2,0,0,422,421
100005,484,0,0,0,0,0,0,0,0,0,0,0,0,0,0,0,479,478
100006,761,0,1,0,0,0,0,0,0,0,1,1,1,1,0,0,755,754
100007,260,0,0,0,0,1,0,0,0,0,0,0,0,0,0,0,255,254
100008,287,0,0,0,0,0,0,0,0,0,0,0,0,0,0,0,282,281
100009,547,0,0,0,0,4,0,0,0,0,0,0,0,0,0,0,539,538
100011,382,0,0,0,0,12,0,0,0,0,0,0,0,0,0,0,365,364
100012,413,0,0,0,0,0,0,0,0,0,0,0,0,0,0,0,408,407
100013,437,0,0,0,0,1,0,0,0,0,0,0,0,0,0,0,432,431
100014,473,0,0,0,0,6,0,0,0,0,0,0,0,0,0,0,462,461
100015,328,0,0,0,0,2,0,0,0,0,0,0,0,0,0,0,322,322
100016,456,0,0,0,0,0,0,0,0,0,0,0,0,0,0,0,451,450
100017,505,0,0,0,0,0,0,0,0,0,2,2,2,2,0,0,500,499
100018,431,0,0,0,0,1,0,0,0,0,0,0,0,0,0,0,426,425
100019,389,0,0,0,0,0,0,0,0,0,1,1,1,1,0,0,384,383
100020,636,0,0,0,0,0,0,0,0,0,36,37,36,37,0,0,631,630
100021,314,0,0,0,0,0,0,0,0,0,1,1,1,1,0,0,309,308
100022,493,0,0,0,0,1,0,0,0,0,0,0,0,0,0,0,488,487
100023,411,0,0,0,0,0,0,0,0,0,0,0,0,0,0,0,406,405
100024,740,0,0,0,0,1,0,0,0,0,0,0,0,0,0,0,735,734
100025,266,0,0,0,0,3,0,0,0,0,0,0,0,0,0,0,259,259
100026,415,0,0,0,0,3,0,0,0,0,0,0,0,0,0,0,408,407
100027,549,0,0,0,0,0,0,0,0,0,0,0,0,0,0,0,544,543
100028,422,0,0,0,0,0,0,0,0,0,0,0,0,0,0,0,417,416
100029,639,0,0,0,0,0,0,0,0,0,2,2,2,2,0,0,634,633
100030,549,0,0,0,0,0,0,0,0,0,3,3,3,3,0,0,544,543
100031,443,0,0,0,0,0,0,0,0,0,0,0,0,0,0,0,438,437
100032,511,0,3,0,0,1,0,0,0,0,0,0,0,0,0,0,503,502
100033,444,0,0,0,0,1,0,0,0,0,0,0,0,0,0,0,439,438
100034,614,0,0,0,0,1,0,0,0,0,1,1,1,1,0,0,609,608
100035,432,0,0,0,0,0,0,0,0,0,0,0,0,0,0,0,427,426
100036,442,0,0,0,0,1,0,0,0,0,1,2,1,2,0,0,436,435
100037,276,0,0,0,0,1,0,0,0,0,1,1,1,1,0,0,271,270
100038,401,0,1,0,0,2,0,0,0,0,0,0,0,0,0,0,394,394
100039,353,0,0,0,0,2,0,0,0,0,0,0,0,0,0,0,347,347
100040,555,0,0,0,0,0,0,0,0,0,0,0,0,0,0,0,550,549
100041,259,0,0,0,0,1,0,0,0,0,1,1,1,1,0,0,254,253
100042,755,0,0,0,0,0,0,0,0,0,1,1,1,1,0,0,750,749
100043,411,0,0,0,0,1,0,0,0,0,0,0,0,0,0,0,406,405
100044,600,0,0,0,0,1,0,0,0,0,0,0,0,0,0,0,594,593
100045,560,0,0,0,0,4,0,0,0,0,0,0,0,0,0,0,552,551
100046,571,0,0,0,0,0,0,0,0,0,2,2,2,2,0,0,566,565
100047,330,0,1,0,0,0,0,0,0,0,0,0,0,0,0,0,324,323
100048,500,0,0,0,0,3,0,0,0,0,12,12,12,12,0,0,493,492
100049,408,0,0,0,0,0,0,0,0,0,0,0,0,0,0,0,403,402
100050,621,0,0,0,0,0,0,0,0,0,3,3,3,3,0,0,616,615
100051,315,0,0,0,0,1,0,0,0,0,0,0,0,0,0,0,310,309
100052,652,0,0,0,0,0,0,0,0,0,0,0,0,0,0,0,647,646
100053,366,0,0,0,0,1,0,0,0,0,0,0,0,0,0,0,360,359
100054,511,0,1,0,0,1,0,0,0,0,1,1,1,1,0,0,504,503
100055,1106,0,0,0,0,14,0,0,0,0,1,1,1,1,0,0,1087,1086
100056,456,0,0,0,0,1,0,0,0,0,0,0,0,0,0,0,451,450
100057,594,0,0,0,0,0,0,0,0,0,2,2,2,2,0,0,589,588
100058,162,0,0,0,0,0,0,0,0,0,0,0,0,0,0,0,157,156
100059,72,0,0,0,0,2,0,0,0,0,0,0,0,0,0,0,66,66
100060,375,0,0,0,0,1,0,0,0,0,0,0,0,0,0,0,370,369
100061,390,0,1,0,0,5,0,0,0,0,0,0,0,0,0,0,380,380
100062,404,0,0,0,0,0,0,0,0,0,1,1,1,1,0,0,399,398
100063,425,0,1,0,0,1,0,0,0,0,0,0,0,0,0,0,419,418
100064,345,0,0,0,0,1,0,0,0,0,0,0,0,0,0,0,340,339
100065,468,0,0,0,0,0,0,0,0,0,0,0,0,0,0,0,463,462
100066,377,0,0,0,0,1,0,0,0,0,0,0,0,0,0,0,372,371
100067,546,0,0,0,0,1,0,0,0,0,2,2,2,2,0,0,540,539
100068,687,0,0,0,0,0,0,0,0,0,2,2,2,2,0,0,682,681
100069,299,0,0,0,0,1,0,0,0,0,0,0,0,0,0,0,294,293
100070,863,0,0,0,0,0,0,0,0,0,1,1,1,1,0,0,858,857
100071,592,0,0,0,0,3,0,0,0,0,0,0,0,0,0,0,585,584
100072,539,0,0,0,0,1,0,0,0,0,0,0,0,0,0,0,533,532
100073,538,0,1,0,0,0,0,0,0,0,0,0,0,0,0,0,532,531
100074,403,0,1,0,0,1,0,0,0,0,0,0,0,0,0,0,397,396
100075,348,0,0,0,0,1,0,0,0,0,0,0,0,0,0,0,343,342
100076,387,0,0,0,0,0,0,0,0,0,1,1,1,1,0,0,382,381
100077,411,0,0,0,0,1,0,0,0,0,0,0,0,0,0,0,405,404
100078,427,0,0,0,0,0,0,0,0,0,1,1,1,1,0,0,422,421
100079,530,0,0,0,0,1,0,0,0,0,0,0,0,0,0,0,524,523
100080,734,0,0,0,0,0,0,0,0,0,2,2,2,2,0,0,729,728
100081,321,0,1,0,0,2,0,0,0,0,0,0,0,0,0,0,314,314
100082,542,0,0,0,0,2,0,0,0,0,0,0,0,0,0,0,536,535
100083,463,0,0,0,0,0,0,0,0,0,0,0,0,0,0,0,458,457
100084,441,0,1,0,0,5,0,0,0,0,0,0,0,0,0,0,431,430
100085,655,0,0,0,0,0,0,0,0,0,0,0,0,0,0,0,650,649
100086,452,0,0,0,0,0,0,0,0,0,1,1,1,1,0,0,447,446
100087,536,0,0,0,0,1,0,0,0,0,1,1,1,1,0,0,530,529
100088,541,0,0,0,0,0,0,0,0,0,1,1,1,1,0,0,536,535
100089,424,0,0,0,0,1,0,0,0,0,8,8,8,8,0,0,419,418
100090,315,0,0,0,0,2,0,0,0,0,0,0,0,0,0,0,309,309
100091,533,0,0,0,0,1,0,0,0,0,0,0,0,0,0,0,528,527
100092,498,0,0,0,0,1,0,0,0,0,0,0,0,0,0,0,493,492
100093,400,0,0,0,0,0,0,0,0,0,0,0,0,0,0,0,395,394
100094,351,0,0,0,0,0,0,0,0,0,0,0,0,0,0,0,346,345
100095,642,0,0,0,0,2,0,0,0,0,0,0,0,0,0,0,636,635
100096,387,0,1,0,0,1,0,0,0,0,0,0,0,0,0,0,381,380
100097,412,0,0,0,0,1,0,0,0,0,2,2,2,2,0,0,407,406
100098,645,0,0,0,0,0,0,0,0,0,17,17,17,17,0,0,640,639
100099,401,0,0,0,0,0,0,0,0,0,0,0,0,0,0,0,396,395
100100,570,0,0,0,0,1,0,0,0,0,0,0,0,0,0,0,565,564
100101,404,0,0,0,0,0,0,0,0,0,0,0,0,0,0,0,399,398
100102,443,0,0,0,0,2,0,0,0,0,1,1,1,1,0,0,437,436
100103,396,0,0,0,0,1,0,9,0,0,0,0,0,0,0,0,391,390
100104,394,0,0,0,0,1,0,0,0,0,0,0,0,0,0,0,389,388
100105,404,0,0,0,0,0,0,0,0,0,0,0,0,0,0,0,399,398
100106,634,0,0,0,0,1,0,0,0,0,0,0,0,0,0,0,628,627
100107,559,0,0,0,0,0,0,0,0,0,50,50,50,50,0,0,554,553
100108,402,0,0,0,0,1,0,0,0,0,0,0,0,0,0,0,397,396
100109,423,0,1,0,0,6,0,0,0,0,0,0,0,0,0,0,412,411
100110,484,0,0,0,0,1,0,0,0,0,0,0,0,0,0,0,479,478
100111,465,0,0,0,0,1,0,0,0,0,0,0,0,0,0,0,459,458
100112,346,0,0,0,0,0,0,0,0,0,1,1,1,1,0,0,341,340
100113,499,0,0,0,0,1,0,0,0,0,1,1,1,1,0,0,493,492
100114,265,0,0,0,0,2,0,0,0,0,0,0,0,0,0,0,259,259
100115,456,0,0,0,0,0,0,0,0,0,0,0,0,0,0,0,451,450
100116,462,0,0,0,0,1,0,0,0,0,0,0,0,0,0,0,457,456
100117,354,0,0,0,0,1,0,0,0,0,0,0,0,0,0,0,349,348
100118,435,0,0,0,0,1,0,0,0,0,1,1,1,1,0,0,429,428
100119,617,0,0,0,0,1,0,0,0,0,1,1,1,1,0,0,612,611
100120,394,0,0,0,0,0,0,0,0,0,0,0,0,0,0,0,389,388
100121,250,0,0,0,0,3,0,0,0,0,0,0,0,0,0,0,243,243
100122,465,0,0,0,0,0,0,0,0,0,1,1,1,1,0,0,460,459
100123,366,0,0,0,0,0,0,0,0,0,0,0,0,0,0,0,361,360
100124,415,0,0,0,0,0,0,0,0,0,0,0,0,0,0,0,410,409
100125,445,0,0,0,0,1,0,0,0,0,0,0,0,0,0,0,440,439
100126,504,0,0,0,0,0,0,0,0,0,0,0,0,0,0,0,499,498
100127,401,0,0,0,0,1,0,0,0,0,0,0,0,0,0,0,396,395
100128,580,0,0,0,0,0,0,0,0,0,0,0,0,0,0,0,575,574
100129,393,0,0,0,0,1,0,0,0,0,0,0,0,0,0,0,388,387
100130,524,0,0,0,0,0,0,0,0,0,2,2,2,2,0,0,519,518
100131,534,0,1,0,0,1,0,0,0,0,0,0,0,0,0,0,528,527
100132,750,0,0,0,0,1,0,0,0,0,23,23,23,23,0,0,744,743
100133,440,0,0,0,0,0,0,0,0,0,0,0,0,0,0,0,435,434
100134,391,0,0,0,0,1,0,0,0,0,0,0,0,0,0,0,386,385
100135,433,0,0,0,0,0,0,0,0,0,0,0,0,0,0,0,428,427
100136,333,0,0,0,0,0,0,0,0,0,0,0,0,0,0,0,328,327
100137,788,0,1,0,0,4,0,0,0,0,0,0,0,0,0,0,778,777
100138,513,0,0,0,0,1,0,0,0,0,1,1,1,1,0,0,508,507
100139,289,0,1,0,0,1,0,0,0,0,0,0,0,0,0,0,283,282
100140,459,0,1,0,0,17,0,0,0,0,0,0,0,0,0,0,436,435
100141,483,0,0,0,0,0,0,0,0,0,29,29,29,29,0,0,478,477
100142,448,0,0,0,0,1,0,0,0,0,0,0,0,0,0,0,443,442
100143,461,0,0,0,0,5,0,0,0,0,0,0,0,0,0,0,452,452
100144,547,0,0,0,0,0,0,0,0,0,2,2,2,2,0,0,542,541
100145,327,0,0,0,0,1,0,0,0,0,0,0,0,0,0,0,322,321
100146,324,0,0,0,0,0,0,0,0,0,1,1,1,1,0,0,319,318
100147,432,0,0,0,0,0,0,0,0,0,1,1,1,1,0,0,427,426
100148,562,0,0,0,0,0,0,0,0,0,2,2,2,2,0,0,557,556
100149,229,0,0,0,0,0,0,0,0,0,0,0,0,0,0,0,224,223
100150,461,0,0,0,0,1,0,0,0,0,1,1,1,1,0,0,455,454
100151,386,0,0,0,0,0,0,0,0,0,0,0,0,0,0,0,381,380
100152,391,0,0,0,0,0,0,0,0,0,0,0,0,0,0,0,386,385
100153,673,0,0,0,0,2,0,0,0,0,0,0,0,0,0,0,667,666
100154,435,0,0,0,0,0,0,0,0,0,1,1,1,1,0,0,430,429
100155,270,0,0,0,0,1,0,0,0,0,0,0,0,0,0,0,265,264
100156,381,0,0,0,0,1,0,0,0,0,1,1,1,1,0,0,376,375
100157,391,0,0,0,0,6,0,0,0,0,0,0,0,0,0,0,381,380
100158,374,0,0,0,0,2,0,0,0,0,0,0,0,0,0,0,367,366
100159,568,0,0,0,0,0,0,0,0,0,0,0,0,0,0,0,563,562
100160,576,0,0,0,0,0,0,0,0,0,0,0,0,0,0,0,571,570
100161,174,0,0,0,0,1,0,0,0,0,0,0,0,0,0,0,169,168
100162,478,0,0,0,0,0,0,0,0,0,0,0,0,0,0,0,473,472
100163,421,0,0,0,0,1,0,0,0,0,0,0,0,0,0,0,416,415
100164,431,0,0,0,0,1,0,0,0,0,0,0,0,0,0,0,426,425
100165,392,0,0,0,0,0,0,0,0,0,0,0,0,0,0,0,387,386
100166,409,0,0,0,0,1,0,0,0,0,4,4,4,4,0,0,404,403
100167,762,0,0,0,0,0,0,0,0,0,1,1,1,1,0,0,757,756
100168,334,0,0,0,0,0,0,0,0,0,0,0,0,0,0,0,329,328
100169,364,0,0,0,0,1,0,0,0,0,0,0,0,0,0,0,359,358
100170,675,0,0,0,0,0,0,0,0,0,3,3,3,3,0,0,670,669
100171,332,0,0,0,0,1,0,0,0,0,0,0,0,0,0,0,326,325
100172,579,0,0,0,0,0,0,0,0,0,1,1,1,1,0,0,574,573
100173,390,0,0,0,0,1,0,0,0,0,0,0,0,0,0,0,385,384
100174,327,0,0,0,0,2,0,0,0,0,0,0,0,0,0,0,321,321
100175,550,0,0,0,0,0,0,0,0,0,0,0,0,0,0,0,545,544
100176,584,0,0,0,0,0,0,0,0,0,0,0,0,0,0,0,579,578
100177,656,0,2,0,0,3,0,0,0,0,0,0,0,0,0,0,646,645
100178,370,0,0,0,0,0,0,0,0,0,0,0,0,0,0,0,365,364
100179,599,0,0,0,0,42,0,0,0,0,0,0,0,0,0,0,552,551
100180,420,0,0,0,0,1,0,0,0,0,0,0,0,0,0,0,415,414
100181,379,0,0,0,0,5,0,0,0,0,0,0,0,0,0,0,370,369
100182,446,0,0,0,0,0,0,8,0,0,1,1,1,1,0,0,441,440
100183,484,0,0,0,0,0,0,0,0,0,0,0,0,0,0,0,479,478
100184,394,0,0,0,0,5,0,0,0,0,0,0,0,0,0,0,385,384
100185,435,0,1,0,0,1,0,0,0,0,0,0,0,0,0,0,429,428
100186,475,0,0,0,0,0,0,0,0,0,1,1,1,1,0,0,470,469
100187,601,0,0,0,0,0,0,0,0,0,0,0,0,0,0,0,596,595
100188,424,0,0,0,0,3,0,0,0,0,0,0,0,0,0,0,417,416
100189,418,0,3,0,0,1,0,0,0,0,0,0,0,0,0,0,410,409
100190,546,0,0,0,0,0,0,0,0,0,1,1,1,1,0,0,541,540
100191,600,0,0,0,0,0,0,0,0,0,0,0,0,0,0,0,595,594
100192,556,0,0,0,0,2,0,0,0,0,0,0,0,0,0,0,549,548
100193,449,0,0,0,0,0,0,0,0,0,0,0,0,0,0,0,444,443
100194,580,0,0,0,0,0,0,0,0,0,2,2,2,2,0,0,575,574
100195,432,0,1,0,0,0,0,0,0,0,1,1,1,1,0,0,426,425
100196,291,0,1,0,0,1,0,0,0,0,0,0,0,0,0,0,285,284
100197,434,0,0,0,0,1,0,0,0,0,0,0,0,0,0,0,429,428
100198,425,0,0,0,0,3,0,0,0,0,0,0,0,0,0,0,418,417
100199,477,0,0,0,0,0,0,0,0,0,0,0,0,0,0,0,472,471
100200,382,0,0,0,0,1,0,0,0,0,0,0,0,0,0,0,377,376
100201,446,0,0,0,0,1,0,0,0,0,1,1,1,1,0,0,441,440
100202,702,0,0,0,0,0,0,0,0,0,1,1,1,1,0,0,697,696
100203,469,0,0,0,0,0,0,1,0,0,1,1,1,1,0,0,464,463
100204,721,0,0,0,0,4,0,0,0,0,1,1,1,1,0,0,712,711
100205,509,0,0,0,0,0,0,0,0,0,1,1,1,1,0,0,504,503
100206,428,0,0,0,0,1,0,0,0,0,0,0,0,0,0,0,423,422
100207,323,0,0,0,0,1,0,0,0,0,0,0,0,0,0,0,318,317
100208,636,0,0,0,0,3,0,0,0,0,1,1,1,1,0,0,628,627
100209,66,0,0,0,0,2,0,0,0,0,0,0,0,0,0,0,60,60
100210,816,0,0,0,0,1,0,0,0,0,0,0,0,0,0,0,811,810
100211,474,0,0,0,0,1,0,0,0,0,0,0,0,0,0,0,469,468
100212,457,0,0,0,0,1,0,0,0,0,0,0,0,0,0,0,452,451
100213,451,0,2,0,0,1,0,0,0,0,2,2,2,2,0,0,444,443
100214,399,0,1,0,0,1,0,0,0,0,0,0,0,0,0,0,393,392
100215,50,0,0,0,0,2,0,0,0,0,0,0,0,0,0,0,44,44
100216,377,0,0,0,0,1,0,0,0,0,0,0,0,0,0,0,372,371
100217,640,0,1,0,0,0,0,0,0,0,1,1,1,1,0,0,634,633
100218,541,0,0,0,0,1,0,0,0,0,0,0,0,0,0,0,535,534
100219,759,0,0,0,0,0,0,0,0,0,0,0,0,0,0,0,754,753
100220,38,0,0,0,0,2,0,0,0,0,0,0,0,0,0,0,32,32
100221,419,0,0,0,0,2,0,0,0,0,0,0,0,0,0,0,413,412
100222,472,0,0,0,0,0,0,0,0,0,0,0,0,0,0,0,467,466
100223,454,0,0,0,0,0,0,0,0,0,0,0,0,0,0,0,449,448
100224,465,0,0,0,0,0,0,0,0,0,0,0,0,0,0,0,460,459
100225,366,0,0,0,0,1,0,0,0,0,0,0,0,0,0,0,361,360
100226,95,0,0,0,0,2,0,0,0,0,0,0,0,0,0,0,89,89
100227,464,0,0,0,0,0,0,0,0,0,1,1,1,1,0,0,459,458
100228,667,0,0,0,0,1,0,0,0,0,0,0,0,0,0,0,662,661
100229,315,0,0,0,0,1,0,0,0,0,0,0,0,0,0,0,310,309
100230,585,0,0,0,0,4,0,0,0,0,0,0,0,0,0,0,577,576
100231,476,0,0,0,0,1,0,0,0,0,0,0,0,0,0,0,471,470
100232,325,0,0,0,0,2,0,0,0,0,0,0,0,0,0,0,319,319
100233,327,0,0,0,0,0,0,0,0,0,0,0,0,0,0,0,322,321
100234,503,0,0,0,0,1,0,0,0,0,1,1,1,1,0,0,498,497
100235,415,0,0,0,0,1,0,0,0,0,1,1,1,1,0,0,410,409
100236,458,0,2,0,0,1,0,0,0,0,0,0,0,0,0,0,451,450
100237,356,0,0,0,0,0,0,0,0,0,1,1,1,1,0,0,351,350
100238,487,0,0,0,0,1,0,0,0,0,0,0,0,0,0,0,482,481
100239,380,0,0,0,0,2,0,0,0,0,0,0,0,0,0,0,374,374
100240,386,0,0,0,0,1,0,0,0,0,0,0,0,0,0,0,381,380
100241,381,0,0,0,0,1,0,0,0,0,0,0,0,0,0,0,376,375
100242,368,0,0,0,0,0,0,0,0,0,0,0,0,0,0,0,363,362
100243,467,0,0,0,0,0,0,0,0,0,0,0,0,0,0,0,462,461
100244,494,0,0,0,0,0,0,0,0,0,1,1,1,1,0,0,489,488
100245,469,0,0,0,0,0,0,0,0,0,1,1,1,1,0,0,464,463
100246,311,0,0,0,0,2,0,0,0,0,0,0,0,0,0,0,305,304
100247,454,0,1,0,0,1,0,0,0,0,0,0,0,0,0,0,448,447
100249,562,0,0,0,0,0,0,0,0,0,2,2,2,2,0,0,557,556
100251,476,0,1,0,0,2,0,0,0,0,0,0,0,0,0,0,469,468
100252,39,0,0,0,0,2,0,0,0,0,0,0,0,0,0,0,33,33
100253,416,0,0,0,0,7,0,0,0,0,1,1,1,1,0,0,404,403
100254,384,0,1,0,0,0,0,0,0,0,1,1,1,1,0,0,378,377
100255,465,0,0,0,0,1,0,0,0,0,0,0,0,0,0,0,460,459
100256,401,0,0,0,0,1,0,0,0,0,0,0,0,0,0,0,396,395
100257,418,0,0,0,0,2,0,0,0,0,0,0,0,0,0,0,411,410
100258,458,0,0,0,0,1,0,0,0,0,0,0,0,0,0,0,453,452
100259,564,0,0,0,0,1,0,0,0,0,0,0,0,0,0,0,558,557
100260,346,0,0,0,0,1,0,0,0,0,0,0,0,0,0,0,341,340
100261,46,0,0,0,0,2,0,0,0,0,0,0,0,0,0,0,40,40
100262,817,0,0,0,0,1,0,0,0,0,0,0,0,0,0,0,811,810
100263,564,0,0,0,0,1,0,0,0,0,0,0,0,0,0,0,559,558
100264,676,0,0,0,0,0,0,0,0,0,1,1,1,1,0,0,671,670
100265,388,0,3,0,0,2,0,0,0,0,0,0,0,0,0,0,379,378
100266,693,0,0,0,0,0,0,0,0,0,0,0,0,0,0,0,688,687
100267,357,0,0,0,0,1,0,0,0,0,0,0,0,0,0,0,352,351
100268,628,0,0,0,0,1,0,0,0,0,0,0,0,0,0,0,623,622
100269,275,0,1,0,0,0,0,0,0,0,0,0,0,0,0,0,269,268
100270,392,0,0,0,0,1,0,0,0,0,0,0,0,0,0,0,387,386
100271,677,0,0,0,0,1,0,0,0,0,1,1,1,1,0,0,671,670
100272,264,0,0,0,0,1,0,0,0,0,0,0,0,0,0,0,259,258
100273,376,0,0,0,0,0,0,0,0,0,43,43,43,43,0,0,371,370
100274,334,0,0,0,0,1,0,0,0,0,0,0,0,0,0,0,329,328
100275,396,0,0,0,0,1,0,0,0,0,0,0,0,0,0,0,391,390
100276,553,0,2,0,0,2,0,0,0,0,0,0,0,0,0,0,545,544
100277,635,0,0,0,0,0,0,0,0,0,1,1,1,1,0,0,630,629
100278,480,0,0,0,0,0,0,0,0,0,1,1,1,1,0,0,475,474
100279,397,0,0,0,0,0,0,0,0,0,0,0,0,0,0,0,392,391
100280,332,0,0,0,0,1,0,0,0,0,2,2,2,2,0,0,327,326
100281,482,0,0,0,0,3,0,0,0,0,0,0,0,0,0,0,474,473
100282,413,0,0,0,0,0,0,0,0,0,0,0,0,0,0,0,408,407
100283,592,0,0,0,0,5,0,0,0,0,0,0,0,0,0,0,583,582
100284,436,0,0,0,0,0,0,0,0,0,1,1,1,1,0,0,431,430
100285,368,0,0,0,0,1,0,0,0,0,0,0,0,0,0,0,363,362
100286,449,0,0,0,0,0,0,0,0,0,0,0,0,0,0,0,444,443
100287,288,0,0,0,0,0,0,0,0,0,0,0,0,0,0,0,283,282
100288,352,0,0,0,0,2,0,0,0,0,0,0,0,0,0,0,346,346
100289,604,0,0,0,0,0,0,0,0,0,46,46,46,46,0,0,599,598
100290,470,0,0,0,0,0,0,0,0,0,0,0,0,0,0,0,465,464
100291,511,0,0,0,0,5,0,0,0,0,0,0,0,0,0,0,502,501
100292,749,0,0,0,0,1,0,0,0,0,0,0,0,0,0,0,743,742
100293,373,0,0,0,0,2,0,0,0,0,0,0,0,0,0,0,367,366
100294,422,0,0,0,0,0,0,0,0,0,0,0,0,0,0,0,417,416
100295,477,0,0,0,0,1,0,0,0,0,0,0,0,0,0,0,472,471
100296,353,0,0,0,0,1,0,0,0,0,0,0,0,0,0,0,348,347
100297,457,0,0,0,0,1,0,0,0,0,0,0,0,0,0,0,452,451
100298,358,0,0,0,0,2,0,0,0,0,0,0,0,0,0,0,352,352
100299,406,0,0,0,0,0,0,0,0,0,1,1,1,1,0,0,401,400
100300,407,0,0,0,0,0,0,0,0,0,2,2,2,2,0,0,402,401
100301,664,0,0,0,0,3,0,0,0,0,2,2,2,2,0,0,656,655
100302,432,0,0,0,0,1,0,0,0,0,0,0,0,0,0,0,427,426
100303,447,0,0,0,0,1,0,0,0,0,0,0,0,0,0,0,442,441
100304,486,0,1,0,0,0,0,0,0,0,1,1,1,1,0,0,480,479
100305,451,0,0,0,0,0,0,0,0,0,0,0,0,0,0,0,446,445
100306,387,0,1,0,0,0,0,0,0,0,0,0,0,0,0,0,381,380
100307,461,0,0,0,0,1,0,0,0,0,0,0,0,0,0,0,456,455
100308,472,0,0,0,0,1,0,0,0,0,0,0,0,0,0,0,467,466
100309,362,0,0,0,0,1,0,0,0,0,0,0,0,0,0,0,357,356
100310,403,0,0,0,0,1,0,0,0,0,9,9,9,9,0,0,398,397
100311,442,0,0,0,0,1,0,0,0,0,1,1,1,1,0,0,437,436
100312,233,0,0,0,0,0,0,0,0,0,0,0,0,0,0,0,228,227
100313,341,0,0,0,0,0,0,0,0,0,0,0,0,0,0,0,336,335
100314,488,0,0,0,0,1,0,0,0,0,1,1,1,1,0,0,482,481
100315,449,0,0,0,0,0,0,0,0,0,1,1,1,1,0,0,444,443
100316,488,0,0,0,0,0,0,0,0,0,0,0,0,0,0,0,483,482
100317,323,0,0,0,0,1,0,5,0,0,0,0,0,0,0,0,318,317
100318,411,0,0,0,0,6,0,0,0,0,0,0,0,0,0,0,402,401
100319,439,0,0,0,0,3,0,0,0,0,0,0,0,0,0,0,432,431
100320,556,0,0,0,0,0,0,0,0,0,1,1,1,1,0,0,551,550
100321,343,0,0,0,0,2,0,0,0,0,0,0,0,0,0,0,337,336
100322,468,0,0,0,0,1,0,0,0,0,0,0,0,0,0,0,463,462
100323,443,0,0,0,0,0,0,0,0,0,0,0,0,0,0,0,438,437
100324,335,0,0,0,0,0,0,0,0,0,0,0,0,0,0,0,330,329
100325,310,0,0,0,0,1,0,0,0,0,0,0,0,0,0,0,305,304
100326,420,0,0,0,0,0,0,0,0,0,0,0,0,0,0,0,415,414
100327,853,0,0,0,0,3,0,0,0,0,1,1,1,1,0,0,845,844
100328,529,0,1,0,0,1,0,0,0,0,1,1,1,1,0,0,522,521
100329,395,0,0,0,0,0,0,0,0,0,1,1,1,1,0,0,390,389
100330,374,0,0,0,0,3,0,0,0,0,1,1,1,1,0,0,367,367
100331,387,0,0,0,0,1,0,0,0,0,1,1,1,1,0,0,382,381
100332,320,0,0,0,0,2,0,0,0,0,0,0,0,0,0,0,314,314
100333,388,0,0,0,0,1,0,0,0,0,0,0,0,0,0,0,383,382
100334,203,0,0,0,0,3,0,0,0,0,0,0,0,0,0,0,196,196
100335,387,0,0,0,0,0,0,0,0,0,0,0,0,0,0,0,382,381
100336,523,0,0,0,0,0,0,0,0,0,2,2,2,2,0,0,518,517
100337,550,0,0,0,0,1,0,0,0,0,1,1,1,1,0,0,544,543
100338,399,0,0,0,0,2,0,0,0,0,2,2,2,2,0,0,394,393
100339,376,0,0,0,0,0,0,0,0,0,2,3,2,3,0,0,371,370
100340,475,0,0,0,0,1,0,0,0,0,2,2,2,2,0,0,469,468
100341,552,0,0,0,0,1,0,0,0,0,0,0,0,0,0,0,547,546
100342,481,0,0,0,0,1,0,0,0,0,1,1,1,1,0,0,475,474
100343,255,0,0,0,0,0,0,0,0,0,0,0,0,0,0,0,250,249
100344,573,0,0,0,0,0,0,0,0,0,0,0,0,0,0,0,568,567
100345,686,0,2,0,0,0,0,0,0,0,3,4,3,4,0,0,679,678
100346,495,0,0,0,0,0,0,0,0,0,8,8,8,8,0,0,490,489
100347,437,0,0,0,0,1,0,0,0,0,1,1,1,1,0,0,432,431
100348,377,0,0,0,0,3,0,0,0,0,0,0,0,0,0,0,370,369
100349,372,0,0,0,0,1,0,0,0,0,0,0,0,0,0,0,367,366
100350,770,0,0,0,0,6,0,0,0,0,0,0,0,0,0,0,759,758
100351,697,0,0,0,0,10,0,0,0,0,0,0,0,0,0,0,682,681
100352,447,0,0,0,0,1,0,0,0,0,0,0,0,0,0,0,442,441
100353,463,0,0,0,0,4,0,0,0,0,0,0,0,0,0,0,454,453
100354,360,0,0,0,0,2,0,0,0,0,0,0,0,0,0,0,354,353
100355,533,0,0,0,0,0,0,0,0,0,2,2,2,2,0,0,528,527
100356,474,0,0,0,0,0,0,0,0,0,0,0,0,0,0,0,469,468
100357,558,0,0,0,0,1,0,0,0,0,2,2,2,2,0,0,553,552
100358,561,0,0,0,0,0,0,0,0,0,5,5,5,5,0,0,556,555
100359,529,0,0,0,0,1,0,0,0,0,0,0,0,0,0,0,524,523
100360,334,0,0,0,0,1,0,0,0,0,0,0,0,0,0,0,329,328
100361,428,0,1,0,0,1,0,0,0,0,0,0,0,0,0,0,422,421
100362,493,0,0,0,0,0,0,0,0,0,2,2,2,2,0,0,488,487
100363,375,0,0,0,0,0,0,0,0,0,1,1,1,1,0,0,370,369
100364,378,0,0,0,0,1,0,0,0,0,0,0,0,0,0,0,373,372
100365,413,0,0,0,0,0,0,0,0,0,0,0,0,0,0,0,408,407
100366,535,0,0,0,0,1,0,0,0,0,0,0,0,0,0,0,530,529
100367,410,0,1,0,0,0,0,0,0,0,0,0,0,0,0,0,404,403
100368,424,0,0,0,0,2,0,0,0,0,0,0,0,0,0,0,418,417
100369,383,0,0,0,0,0,0,0,0,0,1,1,1,1,0,0,378,377
100370,432,0,0,0,0,3,0,0,0,0,0,0,0,0,0,0,424,423
100371,430,0,0,0,0,4,0,0,0,0,2,2,2,2,0,0,422,421
100372,459,0,0,0,0,2,0,0,0,0,1,1,1,1,0,0,453,452
100373,456,0,0,0,0,0,0,0,0,0,1,1,1,1,0,0,451,450
100374,329,0,0,0,0,2,0,0,0,0,0,0,0,0,0,0,323,323
100376,227,0,0,0,0,1,0,0,0,0,0,0,0,0,0,0,221,221
100377,538,0,0,0,0,1,0,0,0,0,0,0,0,0,0,0,533,532
100378,373,0,0,0,0,3,0,0,0,0,0,0,0,0,0,0,365,364
100379,500,0,0,0,0,0,0,0,0,0,1,1,1,1,0,0,495,494
100380,525,0,4,0,0,0,0,0,0,0,0,0,0,0,0,0,516,515
100381,311,0,0,0,0,2,0,0,0,0,0,0,0,0,0,0,305,304
100382,732,0,0,0,0,2,0,0,0,0,2,2,2,2,0,0,725,724
100383,139,0,0,0,0,0,0,0,0,0,0,0,0,0,0,0,134,133
100384,401,0,0,0,0,1,0,0,0,0,0,0,0,0,0,0,396,395
100385,368,0,0,0,0,2,0,0,0,0,0,0,0,0,0,0,362,362
100386,347,0,0,0,0,1,0,0,0,0,0,0,0,0,0,0,342,341
100387,555,0,0,0,0,1,0,0,0,0,0,0,0,0,0,0,550,549
100388,631,0,4,0,0,2,0,0,0,0,0,0,0,0,0,0,620,619
100389,335,0,0,0,0,1,0,0,0,0,0,0,0,0,0,0,330,329
100390,564,0,0,0,0,0,0,0,0,0,0,0,0,0,0,0,559,558
100391,519,0,0,0,0,0,0,0,0,0,0,0,0,0,0,0,514,513
100392,262,0,0,0,0,2,0,0,0,0,1,1,1,1,0,0,256,256
100393,396,0,1,0,0,2,0,0,0,0,0,0,0,0,0,0,389,388
100394,490,0,1,0,0,1,0,0,0,0,0,0,0,0,0,0,484,483
100395,322,0,0,0,0,1,0,0,0,0,0,0,0,0,0,0,317,316
100396,546,0,0,0,0,1,0,0,0,0,0,0,0,0,0,0,541,540
100397,345,0,0,0,0,1,0,0,0,0,1,1,1,1,0,0,340,339
100398,372,0,0,0,0,0,0,0,0,0,0,0,0,0,0,0,367,366
100399,442,0,1,0,0,0,0,0,0,0,2,2,2,2,0,0,436,435
100400,301,0,0,0,0,2,0,0,0,0,0,0,0,0,0,0,295,295
100401,533,0,0,0,0,0,0,0,0,0,0,0,0,0,0,0,528,527
100402,624,0,0,0,0,2,0,0,0,0,2,2,2,2,0,0,617,616
100403,499,0,0,0,0,0,0,0,0,0,0,0,0,0,0,0,494,493
100404,398,0,1,0,0,1,0,0,0,0,0,0,0,0,0,0,391,390
100405,309,0,0,0,0,0,0,0,0,0,0,0,0,0,0,0,304,303
100406,655,0,1,0,0,12,0,0,0,0,17,17,17,17,0,0,637,636
100407,358,0,0,0,0,0,0,0,0,0,0,0,0,0,0,0,353,352
100408,502,0,2,0,0,0,0,0,0,0,1,1,1,1,0,0,495,494
100409,520,0,0,0,0,0,0,0,0,0,0,0,0,0,0,0,515,514
100410,635,0,0,0,0,0,0,0,0,0,2,2,2,2,0,0,630,629
100411,412,0,0,0,0,1,0,0,0,0,0,0,0,0,0,0,407,406
100412,382,0,0,0,0,1,0,0,0,0,0,0,0,0,0,0,377,376
100413,391,0,0,0,0,1,0,0,0,0,0,0,0,0,0,0,386,385
100414,344,0,0,0,0,0,0,0,0,0,2,2,2,2,0,0,339,338
100416,450,0,0,0,0,8,0,11,0,0,0,0,0,0,0,0,438,437
100417,494,0,0,0,0,1,0,0,0,0,26,26,26,26,0,0,488,487
100418,434,0,0,0,0,1,0,0,0,0,0,0,0,0,0,0,429,428
100419,588,0,0,0,0,0,0,0,0,0,2,2,2,2,0,0,583,582
100420,507,0,0,0,0,0,0,0,0,0,0,0,0,0,0,0,502,501
100421,373,0,0,0,0,1,0,0,0,0,0,0,0,0,0,0,368,367
100422,690,0,0,0,0,3,0,0,0,0,4,4,4,4,0,0,682,681
100423,494,0,0,0,0,4,0,0,0,0,1,1,1,1,0,0,485,484
100424,496,0,0,0,0,0,0,0,0,0,2,2,2,2,0,0,491,490
100425,267,0,0,0,0,1,0,0,0,0,0,0,0,0,0,0,262,261
100426,256,0,0,0,0,0,0,0,0,0,2,2,2,2,0,0,251,250
100427,351,0,0,0,0,2,0,0,0,0,0,0,0,0,0,0,345,345
100428,386,0,0,0,0,1,0,0,0,0,0,0,0,0,0,0,381,380
100429,439,0,0,0,0,1,0,0,0,0,2,2,2,2,0,0,433,432
100430,682,0,0,0,0,0,0,0,0,0,45,45,45,45,0,0,677,676
100431,380,0,0,0,0,3,0,0,0,0,0,0,0,0,0,0,373,372
100432,406,0,0,0,0,1,0,0,0,0,0,0,0,0,0,0,401,400
100433,562,0,2,0,0,0,0,0,0,0,1,1,1,1,0,0,555,554
100434,354,0,0,0,0,1,0,0,0,0,0,0,0,0,0,0,349,348
100435,420,0,0,0,0,1,0,0,0,0,0,0,0,0,0,0,415,414
100436,471,0,0,0,0,2,0,0,0,0,1,1,1,1,0,0,464,463
100437,326,0,0,0,0,1,0,0,0,0,0,0,0,0,0,0,321,320
100438,531,0,0,0,0,0,0,0,0,0,0,0,0,0,0,0,526,525
100439,526,0,0,0,0,0,0,0,0,0,2,2,2,2,0,0,521,520
100440,450,0,2,0,0,0,0,8,0,0,0,0,0,0,0,0,443,442
100441,484,0,0,0,0,0,0,0,0,0,1,1,1,1,0,0,479,478
100442,500,0,0,0,0,2,0,0,0,0,1,1,1,1,0,0,493,492
100443,331,0,0,0,0,2,0,0,0,0,0,0,0,0,0,0,325,325
100444,340,0,0,0,0,2,0,0,0,0,0,0,0,0,0,0,334,334
100445,397,0,2,0,0,1,0,0,0,0,0,0,0,0,0,0,389,389
100446,705,0,0,0,0,0,0,0,0,0,0,0,0,0,0,0,700,699
100447,348,0,1,0,0,1,0,0,0,0,0,0,0,0,0,0,342,341
100448,669,0,0,0,0,0,0,0,0,0,1,1,1,1,0,0,664,663
100449,42,0,0,0,0,2,0,0,0,0,0,0,0,0,0,0,36,36
100450,430,0,1,0,0,2,0,0,0,0,0,0,0,0,0,0,423,423
100451,351,0,0,0,0,0,0,0,0,0,0,0,0,0,0,0,346,345
100452,602,0,0,0,0,0,0,0,0,0,1,1,1,1,0,0,597,596
100453,318,0,0,0,0,2,0,0,0,0,0,0,0,0,0,0,312,312
100454,402,0,0,0,0,1,0,0,0,0,0,0,0,0,0,0,397,396
100455,438,0,0,0,0,0,0,0,0,0,1,1,1,1,0,0,433,432
100456,598,0,0,0,0,0,0,0,0,0,1,1,1,1,0,0,593,592
100457,244,0,1,0,0,1,0,0,0,0,0,0,0,0,0,0,237,236
100458,398,0,0,0,0,1,0,0,0,0,0,0,0,0,0,0,393,392
100459,599,0,0,0,0,0,0,0,0,0,1,1,1,1,0,0,594,593
100460,496,0,0,0,0,0,0,0,0,0,2,2,2,2,0,0,491,490
100461,707,0,0,0,0,1,0,0,0,0,0,0,0,0,0,0,702,701
100462,384,0,1,0,0,0,0,0,0,0,0,0,0,0,0,0,378,377
100463,509,0,0,0,0,1,0,0,0,0,1,1,1,1,0,0,503,502
100464,331,0,0,0,0,1,0,0,0,0,0,0,0,0,0,0,326,325
100465,739,0,0,0,0,0,0,0,0,0,1,1,1,1,0,0,734,733
100466,316,0,0,0,0,0,0,0,0,0,0,0,0,0,0,0,311,310
100467,535,0,0,0,0,1,0,0,0,0,0,0,0,0,0,0,530,529
100468,414,0,0,0,0,1,0,0,0,0,0,0,0,0,0,0,409,408
100469,694,0,0,0,0,0,0,0,0,0,1,1,1,1,0,0,689,688
100470,572,0,0,0,0,0,0,0,0,0,1,1,1,1,0,0,567,566
100471,534,0,0,0,0,0,0,0,0,0,2,2,2,2,0,0,529,528
100472,353,0,0,0,0,1,0,0,0,0,0,0,0,0,0,0,348,347
100473,542,0,1,0,0,0,0,0,0,0,0,0,0,0,0,0,536,535
100474,524,0,0,0,0,0,0,0,0,0,0,0,0,0,0,0,519,518
100475,691,0,0,0,0,0,0,0,0,0,30,30,30,30,0,0,686,685
100476,341,0,0,0,0,1,0,0,0,0,0,0,0,0,0,0,336,335
100477,328,0,1,0,0,8,0,0,0,0,0,0,0,0,0,0,315,314
100478,432,0,0,0,0,2,0,0,0,0,1,1,1,1,0,0,426,425
100479,348,0,0,0,0,2,0,0,0,0,0,0,0,0,0,0,342,341
100480,367,0,2,0,0,2,0,0,0,0,0,0,0,0,0,0,359,358
100481,428,0,1,0,0,0,0,0,0,0,0,0,0,0,0,0,422,421
100482,450,0,0,0,0,0,0,0,0,0,0,0,0,0,0,0,445,444
100483,460,0,0,0,0,0,0,0,0,0,0,0,0,0,0,0,455,454
100484,435,0,0,0,0,0,0,0,0,0,2,2,2,2,0,0,430,429
100485,487,0,1,0,0,0,0,0,0,0,0,0,0,0,0,0,481,480
100486,401,0,0,0,0,1,0,0,0,0,0,0,0,0,0,0,396,395
100487,482,0,1,0,0,7,0,0,0,0,0,0,0,0,0,0,470,469
100488,427,0,0,0,0,2,0,0,0,0,0,0,0,0,0,0,420,419
100489,395,0,0,0,0,0,0,0,0,0,0,0,0,0,0,0,390,389
100490,464,0,0,0,0,1,0,0,0,0,0,0,0,0,0,0,459,458
100491,578,0,3,0,0,8,0,0,0,0,0,0,0,0,0,0,562,561
100492,341,0,0,0,0,1,0,0,0,0,0,0,0,0,0,0,336,335
100493,545,0,0,0,0,0,0,0,0,0,0,0,0,0,0,0,540,539
100494,413,0,0,0,0,0,0,0,0,0,0,0,0,0,0,0,408,407
100495,296,0,0,0,0,1,0,0,0,0,0,0,0,0,0,0,291,290
100496,385,0,0,0,0,0,0,6,0,0,0,0,0,0,0,0,380,379
100497,416,0,0,0,0,1,0,0,0,0,0,0,0,0,0,0,411,410
100498,424,0,0,0,0,1,0,0,0,0,1,1,1,1,0,0,419,418
100499,428,0,1,0,0,0,0,0,0,0,0,0,0,0,0,0,422,421
100500,471,0,1,0,0,1,0,0,0,0,0,0,0,0,0,0,465,464
100501,436,0,0,0,0,1,0,0,0,0,0,0,0,0,0,0,431,430
100503,269,0,0,0,0,2,0,0,0,0,0,0,0,0,0,0,263,263
100504,476,0,0,0,0,2,0,0,0,0,0,0,0,0,0,0,469,468
100505,409,0,0,0,0,1,0,0,0,0,0,0,0,0,0,0,404,403
100506,534,0,0,0,0,0,0,0,0,0,2,2,2,2,0,0,529,528
100507,423,0,0,0,0,0,0,0,0,0,2,2,2,2,0,0,418,417
100508,510,0,0,0,0,0,0,0,0,0,2,2,2,2,0,0,505,504
100509,664,0,0,0,0,0,0,0,0,0,2,2,2,2,0,0,659,658
100510,236,0,1,0,0,1,0,0,0,0,0,0,0,0,0,0,230,229
100511,507,0,2,0,0,1,0,0,0,0,0,0,0,0,0,0,500,499
100512,491,0,2,0,0,0,0,0,0,0,1,1,1,1,0,0,484,483
100513,188,0,0,0,0,2,0,0,0,0,0,0,0,0,0,0,182,182
100514,293,0,0,0,0,1,0,0,0,0,0,0,0,0,0,0,288,287
100515,329,0,0,0,0,0,0,0,0,0,0,0,0,0,0,0,324,323
100516,326,0,1,0,0,0,0,0,0,0,0,0,0,0,0,0,320,319
100517,418,0,0,0,0,0,0,0,0,0,2,2,2,2,0,0,413,412
100518,551,0,1,0,0,0,0,0,0,0,0,0,0,0,0,0,545,544
100519,307,0,0,0,0,2,0,0,0,0,2,2,2,2,0,0,301,301
100520,394,0,0,0,0,1,0,0,0,0,1,1,1,1,0,0,388,387
100521,436,0,0,0,0,1,0,0,0,0,0,0,0,0,0,0,431,430
100522,540,0,2,0,0,4,0,0,0,0,0,0,0,0,0,0,529,528
100523,324,0,0,0,0,2,0,0,0,0,0,0,0,0,0,0,318,318
100524,396,0,0,0,0,1,0,0,0,0,0,0,0,0,0,0,390,389
100525,533,0,0,0,0,1,0,0,0,0,20,20,20,20,0,0,527,526
100526,314,0,0,0,0,0,0,0,0,0,0,0,0,0,0,0,309,308
100527,417,0,0,0,0,0,0,0,0,0,0,0,0,0,0,0,412,411
100528,307,0,0,0,0,0,0,0,0,0,0,0,0,0,0,0,302,301
100529,384,0,0,0,0,2,0,0,0,0,0,0,0,0,0,0,378,378
100530,318,0,0,0,0,0,0,0,0,0,0,0,0,0,0,0,313,312
100531,480,0,0,0,0,0,0,0,0,0,1,1,1,1,0,0,475,474
100532,697,0,0,0,0,1,0,0,0,0,0,0,0,0,0,0,691,690
100533,355,0,0,0,0,1,0,0,0,0,1,1,1,1,0,0,350,349
100534,396,0,0,0,0,1,0,0,0,0,0,0,0,0,0,0,391,390
100535,353,0,0,0,0,3,0,0,0,0,0,0,0,0,0,0,346,345
100536,846,0,0,0,0,3,0,0,0,0,0,0,0,0,0,0,838,837
100537,413,0,0,0,0,0,0,0,0,0,0,0,0,0,0,0,408,407
100538,295,0,0,0,0,0,0,0,0,0,0,0,0,0,0,0,290,289
100539,381,0,0,0,0,0,0,0,0,0,5,5,5,5,0,0,376,375
100540,381,0,0,0,0,1,0,0,0,0,0,0,0,0,0,0,376,375
100541,600,0,0,0,0,1,0,0,0,0,0,0,0,0,0,0,595,594
100542,255,0,2,0,0,1,0,0,0,0,0,0,0,0,0,0,248,247
100543,504,0,0,0,0,0,0,0,0,0,0,0,0,0,0,0,499,498
100544,368,0,0,0,0,3,0,0,0,0,0,0,0,0,0,0,361,360
100545,406,0,0,0,0,0,0,0,0,0,0,0,0,0,0,0,401,400
100546,548,0,0,0,0,0,0,0,0,0,32,32,32,32,0,0,543,542
100547,437,0,0,0,0,2,0,0,0,0,1,1,1,1,0,0,431,430
100548,565,0,0,0,0,2,0,0,0,0,1,1,1,1,0,0,559,558
100549,613,0,0,0,0,0,0,0,0,0,0,0,0,0,0,0,608,607
100550,518,0,0,0,0,1,0,0,0,0,2,2,2,2,0,0,513,512
100551,452,0,2,0,0,1,0,0,0,0,0,0,0,0,0,0,445,444
100552,340,0,0,0,0,0,0,0,0,0,0,0,0,0,0,0,335,334
100553,557,0,0,0,0,2,0,0,0,0,33,33,33,33,0,0,550,549
100554,314,0,0,0,0,2,0,0,0,0,1,1,1,1,0,0,308,308
100555,456,0,0,0,0,1,0,0,0,0,0,0,0,0,0,0,451,450
100556,477,0,0,0,0,0,0,0,0,0,0,0,0,0,0,0,472,471
100557,415,0,0,0,0,1,0,0,0,0,0,0,0,0,0,0,410,409
100558,355,0,0,0,0,2,0,0,0,0,0,0,0,0,0,0,349,349
100559,463,0,0,0,0,0,0,0,0,0,2,2,2,2,0,0,458,457
100560,406,0,0,0,0,1,0,0,0,0,0,0,0,0,0,0,401,400
100561,394,0,1,0,0,0,0,0,0,0,0,0,0,0,0,0,388,387
100562,29,0,0,0,0,2,0,0,0,0,0,0,0,0,0,0,23,23
100563,460,0,0,0,0,0,0,0,0,0,1,1,1,1,0,0,455,454
100564,564,0,0,0,0,0,0,0,0,0,1,1,1,1,0,0,559,558
100565,494,0,0,0,0,1,0,0,0,0,1,1,1,1,0,0,488,487
100566,443,0,0,0,0,0,0,0,0,0,0,0,0,0,0,0,438,437
100567,411,0,0,0,0,0,0,0,0,0,0,0,0,0,0,0,406,405
100568,267,0,0,0,0,2,0,0,0,0,0,0,0,0,0,0,261,261
100569,228,0,1,0,0,1,0,0,0,0,0,0,0,0,0,0,222,221
100570,450,0,0,0,0,1,0,0,0,0,0,0,0,0,0,0,445,444
100571,488,0,0,0,0,0,0,0,0,0,2,2,2,2,0,0,483,482
100572,670,0,0,0,0,0,0,0,0,0,0,0,0,0,0,0,665,664
100573,392,0,0,0,0,0,0,0,0,0,1,1,1,1,0,0,387,386
100574,609,0,0,0,0,0,0,0,0,0,1,1,1,1,0,0,604,603
100575,505,0,0,0,0,0,0,0,0,0,1,1,1,1,0,0,500,499
100576,376,0,1,0,0,0,0,0,0,0,0,0,0,0,0,0,370,369
100577,264,0,0,0,0,1,0,0,0,0,0,0,0,0,0,0,259,258
100578,359,0,0,0,0,1,0,0,0,0,1,1,1,1,0,0,354,353
100579,924,0,0,0,0,0,0,0,0,0,0,0,0,0,0,0,919,918
100580,629,0,0,0,0,0,0,0,0,0,1,1,1,1,0,0,624,623
100581,406,0,0,0,0,1,0,0,0,0,0,0,0,0,0,0,401,400
100582,557,0,0,0,0,0,0,0,0,0,2,2,2,2,0,0,552,551
100583,663,0,2,0,0,0,0,0,0,0,0,0,0,0,0,0,656,655
100584,571,0,4,0,0,3,0,0,0,0,0,0,0,0,0,0,560,559
100585,416,0,0,0,0,1,0,0,0,0,0,0,0,0,0,0,411,410
100586,349,0,1,0,0,0,0,0,0,0,1,1,1,1,0,0,343,342
100587,528,0,0,0,0,0,0,0,0,0,0,0,0,0,0,0,523,522
100588,682,0,0,0,0,0,0,0,0,0,0,0,0,0,0,0,677,676
100589,613,0,1,0,0,1,0,0,0,0,0,0,0,0,0,0,607,606
100590,330,0,0,0,0,3,0,0,0,0,0,0,0,0,0,0,323,323
100591,486,0,0,0,0,1,0,0,0,0,0,0,0,0,0,0,481,480
100592,303,0,1,0,0,1,0,0,0,0,0,0,0,0,0,0,297,296
100593,332,0,0,0,0,3,0,0,0,0,0,0,0,0,0,0,325,325
100594,415,0,0,0,0,1,0,0,0,0,0,0,0,0,0,0,410,409
100595,321,0,0,0,0,0,0,0,0,0,0,0,0,0,0,0,316,315
100596,185,0,0,0,0,0,0,0,0,0,0,0,0,0,0,0,180,179
100597,435,0,0,0,0,1,0,0,0,0,1,1,1,1,0,0,429,428
100598,599,0,1,0,0,2,0,0,0,0,0,0,0,0,0,0,592,591
100599,486,0,0,0,0,1,0,0,0,0,0,0,0,0,0,0,481,480
100600,533,0,0,0,0,1,0,0,0,0,0,0,0,0,0,0,528,527
100601,374,0,0,0,0,1,0,0,0,0,0,0,0,0,0,0,369,368
100602,418,0,0,0,0,8,0,0,0,0,0,0,0,0,0,0,406,405
100603,381,0,0,0,0,1,0,0,0,0,0,0,0,0,0,0,376,375
100604,880,0,0,0,0,6,0,3,0,0,0,0,0,0,0,0,870,869
100605,423,0,1,0,0,0,0,0,0,0,0,0,0,0,0,0,417,416
100606,421,0,0,0,0,2,0,0,0,0,0,0,0,0,0,0,415,415
100607,336,0,0,0,0,0,0,0,0,0,1,1,1,1,0,0,331,330
100608,525,0,0,0,0,4,0,0,0,0,0,0,0,0,0,0,517,516
100609,404,0,0,0,0,0,0,0,0,0,0,0,0,0,0,0,399,398
100610,392,0,0,0,0,1,0,0,0,0,0,0,0,0,0,0,387,386
100611,574,0,0,0,0,0,0,0,0,0,0,0,0,0,0,0,569,568
100612,603,0,0,0,0,1,0,3,0,0,0,0,0,0,0,0,598,597
100613,332,0,1,0,0,9,0,0,0,0,0,0,0,0,0,0,318,317
100614,457,0,0,0,0,1,0,0,0,0,1,1,1,1,0,0,452,451
100615,463,0,0,0,0,1,0,0,0,0,1,1,1,1,0,0,457,456
100616,356,0,1,0,0,1,0,0,0,0,0,0,0,0,0,0,350,349
100618,350,0,0,0,0,1,0,0,0,0,2,2,2,2,0,0,344,343
100619,450,0,0,0,0,1,0,0,0,0,1,1,1,1,0,0,445,444
100620,316,0,0,0,0,3,0,0,0,0,0,0,0,0,0,0,309,308
100621,555,0,0,0,0,1,0,0,0,0,34,34,34,34,0,0,549,548
100622,448,0,0,0,0,1,0,0,0,0,0,0,0,0,0,0,443,442
100623,574,0,0,0,0,0,0,0,0,0,0,0,0,0,0,0,569,568
100624,601,0,0,0,0,0,0,0,0,0,1,1,1,1,0,0,596,595
100625,344,0,0,0,0,1,0,0,0,0,0,0,0,0,0,0,339,338
100626,325,0,0,0,0,3,0,0,0,0,0,0,0,0,0,0,318,318
100627,427,0,1,0,0,1,0,0,0,0,0,0,0,0,0,0,421,420
100628,675,0,0,0,0,1,0,0,0,0,0,0,0,0,0,0,670,669
100629,307,0,0,0,0,0,0,0,0,0,0,0,0,0,0,0,302,301
100630,518,0,0,0,0,0,0,0,0,0,1,1,1,1,0,0,513,512
100631,321,0,1,0,0,2,0,0,0,0,0,0,0,0,0,0,314,314
100632,238,0,0,0,0,0,0,0,0,0,0,0,0,0,0,0,233,232
100633,390,0,0,0,0,1,0,0,0,0,1,1,1,1,0,0,385,384
100634,282,0,0,0,0,2,0,0,0,0,0,0,0,0,0,0,276,276
100635,399,0,0,0,0,0,0,0,0,0,0,0,0,0,0,0,394,393
100636,342,0,1,0,0,2,0,9,0,0,0,0,0,0,0,0,335,335
100637,447,0,0,0,0,0,0,0,0,0,1,1,1,1,0,0,442,441
100638,329,0,0,0,0,2,0,0,0,0,0,0,0,0,0,0,323,323
100639,424,0,0,0,0,1,0,0,0,0,0,0,0,0,0,0,419,418
100640,301,0,0,0,0,2,0,0,0,0,0,0,0,0,0,0,295,295
100641,396,0,0,0,0,0,0,0,0,0,0,0,0,0,0,0,391,390
100642,270,0,0,0,0,0,0,0,0,0,0,0,0,0,0,0,265,264
100643,400,0,0,0,0,1,0,0,0,0,0,0,0,0,0,0,395,394
100644,454,0,1,0,0,0,0,0,0,0,3,3,3,3,0,0,448,447
100645,486,0,0,0,0,1,0,0,0,0,1,1,1,1,0,0,480,479
100646,82,0,0,0,0,2,0,0,0,0,0,0,0,0,0,0,76,76
100647,576,0,1,0,0,0,0,0,0,0,41,41,41,41,0,0,570,569
100648,377,0,0,0,0,0,0,0,0,0,0,0,0,0,0,0,372,371
100649,417,0,0,0,0,0,0,0,0,0,1,1,1,1,0,0,412,411
100650,304,0,0,0,0,1,0,0,0,0,0,0,0,0,0,0,299,298
100651,352,0,1,0,0,0,0,0,0,0,0,0,0,0,0,0,346,345
100653,490,0,0,0,0,1,0,0,0,0,0,0,0,0,0,0,485,484
100654,711,0,0,0,0,6,0,0,0,0,0,0,0,0,0,0,700,699
100655,420,0,2,0,0,0,0,0,0,0,0,0,0,0,0,0,413,412
100656,902,0,1,0,0,51,0,0,0,0,0,0,0,0,0,0,845,844
100657,503,0,0,0,0,2,0,0,0,0,0,0,0,0,0,0,497,496
100658,457,0,1,0,0,3,0,0,0,0,2,2,2,2,0,0,448,447
100659,359,0,0,0,0,0,0,0,0,0,0,0,0,0,0,0,354,353
100660,343,0,0,0,0,1,0,0,0,0,0,0,0,0,0,0,338,337
100661,610,0,0,0,0,17,0,0,0,0,1,1,1,1,0,0,588,587
100662,367,0,0,0,0,0,0,0,0,0,1,1,1,1,0,0,362,361
100663,379,0,0,0,0,1,0,0,0,0,1,1,1,1,0,0,374,373
100664,562,0,0,0,0,0,0,0,0,0,1,1,1,1,0,0,557,556
100665,358,0,0,0,0,1,0,0,0,0,0,0,0,0,0,0,353,352
100666,578,0,0,0,0,2,0,0,0,0,2,2,2,2,0,0,571,570
100667,515,0,0,0,0,1,0,0,0,0,0,0,0,0,0,0,510,509
100668,334,0,0,0,0,2,0,0,0,0,0,0,0,0,0,0,327,326
100669,757,0,0,0,0,1,0,0,0,0,1,1,1,1,0,0,751,750
100670,500,0,0,0,0,1,0,0,0,0,0,0,0,0,0,0,495,494
100671,266,0,0,0,0,0,0,0,0,0,0,0,0,0,0,0,261,260
100672,474,0,0,0,0,0,0,0,0,0,1,1,1,1,0,0,469,468
100673,402,0,0,0,0,3,0,0,0,0,0,0,0,0,0,0,395,394
100674,425,0,0,0,0,7,0,0,0,0,0,0,0,0,0,0,414,413
100675,571,0,0,0,0,0,0,0,0,0,0,0,0,0,0,0,566,565
100676,506,0,0,0,0,2,0,0,0,0,0,0,0,0,0,0,500,499
100677,383,0,1,0,0,1,0,0,0,0,0,0,0,0,0,0,377,376
100678,456,0,0,0,0,0,0,6,0,0,1,1,1,1,0,0,451,450
100680,319,0,0,0,0,2,0,0,0,0,0,0,0,0,0,0,313,313
100681,382,0,0,0,0,2,0,0,0,0,0,0,0,0,0,0,376,376
100682,361,0,0,0,0,1,0,0,0,0,1,1,1,1,0,0,356,355
100683,347,0,0,0,0,1,0,0,0,0,0,0,0,0,0,0,342,341
100684,455,0,0,0,0,2,0,0,0,0,0,0,0,0,0,0,449,448
100685,343,0,0,0,0,2,0,0,0,0,1,1,1,1,0,0,337,336
100686,322,0,0,0,0,1,0,0,0,0,0,0,0,0,0,0,317,316
100687,485,0,0,0,0,0,0,0,0,0,2,2,2,2,0,0,480,479
100688,511,0,0,0,0,4,0,0,0,0,0,0,0,0,0,0,503,502
100689,500,0,0,0,0,0,0,0,0,0,53,53,53,53,0,0,495,494
100690,368,0,0,0,0,1,0,0,0,0,0,0,0,0,0,0,363,362
100691,599,0,0,0,0,0,0,0,0,0,18,18,18,18,0,0,594,593
100692,461,0,0,0,0,1,0,0,0,0,1,1,1,1,0,0,455,454
100693,421,0,0,0,0,1,0,0,0,0,1,1,1,1,0,0,416,415
100694,492,0,0,0,0,0,0,0,0,0,0,0,0,0,0,0,487,486
100695,522,0,0,0,0,0,0,0,0,0,0,0,0,0,0,0,517,516
100696,588,0,0,0,0,0,0,0,0,0,1,1,1,1,0,0,583,582
100697,522,0,0,0,0,0,0,0,0,0,1,1,1,1,0,0,517,516
100698,605,0,0,0,0,0,0,0,0,0,25,25,25,25,0,0,600,599
100699,378,0,0,0,0,3,0,0,0,0,1,1,1,1,0,0,371,370
100700,425,0,0,0,0,0,0,0,0,0,0,0,0,0,0,0,420,419
100701,438,0,1,0,0,0,0,0,0,0,1,1,1,1,0,0,432,431
100702,307,0,1,0,0,1,0,0,0,0,0,0,0,0,0,0,301,300
100703,550,0,0,0,0,0,0,0,0,0,2,2,2,2,0,0,545,544
100704,430,0,0,0,0,0,0,0,0,0,0,0,0,0,0,0,425,424
100705,334,0,0,0,0,1,0,0,0,0,0,0,0,0,0,0,329,328
100706,597,0,0,0,0,0,0,0,0,0,1,1,1,1,0,0,592,591
100707,331,0,0,0,0,1,0,0,0,0,0,0,0,0,0,0,326,325
100708,525,0,0,0,0,0,0,0,0,0,1,1,1,1,0,0,520,519
100709,528,0,0,0,0,0,0,0,0,0,0,0,0,0,0,0,523,522
100710,350,0,1,0,0,2,0,0,0,0,0,0,0,0,0,0,343,343
100711,460,0,0,0,0,1,0,0,0,0,2,2,2,2,0,0,454,453
100712,437,0,1,0,0,2,0,0,0,0,1,1,1,1,0,0,430,429
100713,512,0,0,0,0,4,0,0,0,0,2,2,2,2,0,0,503,502
100714,549,0,0,0,0,0,0,0,0,0,1,1,1,1,0,0,544,543
100715,352,0,0,0,0,0,0,0,0,0,1,1,1,1,0,0,347,346
100716,381,0,1,0,0,1,0,0,0,0,0,0,0,0,0,0,375,374
100717,436,0,0,0,0,0,0,0,0,0,0,0,0,0,0,0,431,430
100718,366,0,1,0,0,0,0,0,0,0,0,0,0,0,0,0,360,359
100719,455,0,0,0,0,0,0,0,0,0,2,2,2,2,0,0,450,449
100720,452,0,0,0,0,0,0,0,0,0,1,1,1,1,0,0,447,446
100721,252,0,1,0,0,0,0,0,0,0,0,0,0,0,0,0,246,245
100722,438,0,0,0,0,0,0,0,0,0,0,0,0,0,0,0,433,432
100723,438,0,0,0,0,3,0,0,0,0,1,1,1,1,0,0,430,429
100724,68,0,0,0,0,2,0,0,0,0,0,0,0,0,0,0,62,62
100725,236,0,0,0,0,1,0,0,0,0,0,0,0,0,0,0,231,230
100726,392,0,0,0,0,0,0,0,0,0,1,1,1,1,0,0,387,386
100727,339,0,0,0,0,1,0,0,0,0,0,0,0,0,0,0,333,332
100728,315,0,0,0,0,0,0,0,0,0,0,0,0,0,0,0,310,309
100729,586,0,0,0,0,3,0,0,0,0,1,1,1,1,0,0,579,578
100730,407,0,0,0,0,1,0,0,0,0,2,2,2,2,0,0,402,401
100731,492,0,0,0,0,1,0,0,0,0,0,0,0,0,0,0,487,486
100732,240,0,0,0,0,1,0,0,0,0,0,0,0,0,0,0,235,234
100733,275,0,0,0,0,2,0,0,0,0,1,1,1,1,0,0,269,269
100734,293,0,0,0,0,1,0,0,0,0,0,0,0,0,0,0,288,287
100735,363,0,0,0,0,1,0,0,0,0,0,0,0,0,0,0,358,357
100736,324,0,0,0,0,2,0,0,0,0,0,0,0,0,0,0,318,318
100737,493,0,0,0,0,2,0,0,0,0,0,0,0,0,0,0,486,485
100738,555,0,0,0,0,0,0,0,0,0,0,0,0,0,0,0,550,549
100739,367,0,0,0,0,0,0,0,0,0,0,0,0,0,0,0,362,361
100740,824,0,0,0,0,16,0,0,0,0,1,1,1,1,0,0,803,802
100742,493,0,0,0,0,1,0,0,0,0,1,1,1,1,0,0,488,487
100743,379,0,0,0,0,1,0,0,0,0,0,0,0,0,0,0,374,373
100744,320,0,1,0,0,2,0,0,0,0,0,0,0,0,0,0,313,313
100745,597,0,0,0,0,0,0,0,0,0,0,0,0,0,0,0,592,591
100746,455,0,0,0,0,1,0,0,0,0,0,0,0,0,0,0,450,449
100747,54,0,0,0,0,2,0,0,0,0,0,0,0,0,0,0,48,48
100748,382,0,0,0,0,1,0,0,0,0,0,0,0,0,0,0,377,376
100749,401,0,0,0,0,0,0,0,0,0,0,0,0,0,0,0,396,395
100750,292,0,1,0,0,2,0,0,0,0,0,0,0,0,0,0,285,284
100751,407,0,0,0,0,3,0,0,0,0,1,1,1,1,0,0,399,398
100752,644,0,1,0,0,11,0,0,0,0,0,0,0,0,0,0,628,627
100753,342,0,0,0,0,1,0,8,0,0,0,0,0,0,0,0,337,336
100754,641,0,0,0,0,0,0,0,0,0,2,2,2,2,0,0,636,635
100755,436,0,0,0,0,0,0,0,0,0,0,0,0,0,0,0,431,430
100756,400,0,0,0,0,1,0,0,0,0,1,1,1,1,0,0,395,394
100757,508,0,0,0,0,0,0,0,0,0,1,1,1,1,0,0,503,502
100758,509,0,0,0,0,0,0,0,0,0,0,0,0,0,0,0,504,503
100759,68,0,0,0,0,2,0,0,0,0,0,0,0,0,0,0,62,62
100760,564,0,0,0,0,0,0,0,0,0,2,2,2,2,0,0,559,558
100761,589,0,0,0,0,1,0,0,0,0,2,2,2,2,0,0,584,583
100762,608,0,0,0,0,0,0,0,0,0,3,3,3,3,0,0,603,602
100763,491,0,0,0,0,2,0,0,0,0,0,0,0,0,0,0,485,485
100764,411,0,0,0,0,0,0,0,0,0,2,2,2,2,0,0,406,405
100765,397,0,1,0,0,1,0,0,0,0,0,0,0,0,0,0,391,390
100766,248,0,0,0,0,3,0,0,0,0,0,0,0,0,0,0,241,241
100767,417,0,0,0,0,1,0,0,0,0,1,1,1,1,0,0,412,411
100768,338,0,0,0,0,2,0,0,0,0,0,0,0,0,0,0,332,331
100769,519,0,0,0,0,6,0,0,0,0,0,0,0,0,0,0,509,508
100770,435,0,2,0,0,2,0,0,0,0,1,1,1,1,0,0,427,427
100771,360,0,0,0,0,2,0,0,0,0,0,0,0,0,0,0,354,354
100772,420,0,0,0,0,10,0,0,0,0,0,0,0,0,0,0,405,404
100773,383,0,0,0,0,5,0,0,0,0,0,0,0,0,0,0,373,372
100774,267,0,0,0,0,1,0,0,0,0,0,0,0,0,0,0,262,261
100775,540,0,0,0,0,1,0,0,0,0,0,0,0,0,0,0,535,534
100776,370,0,0,0,0,0,0,0,0,0,1,1,1,1,0,0,365,364
100777,355,0,0,0,0,2,0,0,0,0,0,0,0,0,0,0,349,348
100778,480,0,0,0,0,1,0,0,0,0,1,1,1,1,0,0,474,473
100779,610,0,0,0,0,0,0,0,0,0,2,2,2,2,0,0,605,604
100780,591,0,0,0,0,2,0,0,0,0,37,37,37,37,0,0,584,583
100781,680,0,3,0,0,4,0,0,0,0,1,1,1,1,0,0,668,667
100782,391,0,0,0,0,1,0,0,0,0,1,1,1,1,0,0,386,385
100783,443,0,1,0,0,1,0,0,0,0,0,0,0,0,0,0,436,435
100784,411,0,0,0,0,0,0,0,0,0,0,0,0,0,0,0,406,405
100785,416,0,0,0,0,0,0,0,0,0,0,0,0,0,0,0,411,410
100786,344,0,0,0,0,1,0,0,0,0,0,0,0,0,0,0,339,338
100787,392,0,0,0,0,0,0,0,0,0,0,0,0,0,0,0,387,386
100788,480,0,0,0,0,0,0,0,0,0,2,2,2,2,0,0,475,474
100789,625,0,0,0,0,6,0,0,0,0,2,2,2,2,0,0,614,613
100790,385,0,0,0,0,1,0,0,0,0,0,0,0,0,0,0,380,379
100791,349,0,0,0,0,0,0,0,0,0,0,0,0,0,0,0,344,343
100792,421,0,0,0,0,1,0,0,0,0,0,0,0,0,0,0,416,415
100793,444,0,2,0,0,0,0,0,0,0,1,1,1,1,0,0,437,436
100794,418,0,0,0,0,1,0,0,0,0,0,0,0,0,0,0,413,412
100795,538,0,0,0,0,8,0,0,0,0,1,1,1,1,0,0,525,524
100796,437,0,0,0,0,0,0,0,0,0,2,2,2,2,0,0,432,431
100797,445,0,0,0,0,14,0,0,0,0,0,0,0,0,0,0,427,426
100799,310,0,0,0,0,0,0,0,0,0,0,0,0,0,0,0,305,304
100800,519,0,0,0,0,0,0,0,0,0,2,2,2,2,0,0,514,513
100801,336,0,0,0,0,2,0,1,0,0,0,0,0,0,0,0,330,330
100802,341,0,0,0,0,0,0,0,0,0,0,0,0,0,0,0,336,335
100803,514,0,0,0,0,0,0,0,0,0,1,1,1,1,0,0,509,508
100804,404,0,0,0,0,0,0,0,0,0,1,1,1,1,0,0,399,398
100805,311,0,0,0,0,0,0,0,0,0,0,0,0,0,0,0,306,305
100806,435,0,0,0,0,0,0,0,0,0,0,0,0,0,0,0,430,429
100807,318,0,1,0,0,0,0,0,0,0,0,0,0,0,0,0,312,311
100808,349,0,0,0,0,0,0,0,0,0,1,1,1,1,0,0,344,343
100809,341,0,0,0,0,1,0,0,0,0,0,0,0,0,0,0,336,335
100810,267,0,1,0,0,3,0,0,0,0,0,0,0,0,0,0,259,258
100811,430,0,0,0,0,1,0,0,0,0,0,0,0,0,0,0,425,424
100812,707,0,0,0,0,1,0,0,0,0,0,0,0,0,0,0,702,701
100813,397,0,1,0,0,2,0,0,0,0,0,0,0,0,0,0,390,390
100814,332,0,0,0,0,0,0,0,0,0,0,0,0,0,0,0,327,326
100815,391,0,0,0,0,1,0,0,0,0,1,1,1,1,0,0,386,385
100816,319,0,0,0,0,2,0,0,0,0,0,0,0,0,0,0,313,313
100817,405,0,0,0,0,1,0,0,0,0,0,0,0,0,0,0,400,399
100818,303,0,1,0,0,2,0,0,0,0,0,0,0,0,0,0,296,296
100819,457,0,3,0,0,1,0,0,0,0,0,0,0,0,0,0,449,448
100820,595,0,0,0,0,0,0,0,0,0,1,1,1,1,0,0,590,589
100821,360,0,0,0,0,0,0,0,0,0,0,0,0,0,0,0,355,354
100822,489,0,0,0,0,0,0,0,0,0,13,13,13,13,0,0,484,483
100823,267,0,0,0,0,0,0,0,0,0,0,0,0,0,0,0,262,261
100824,375,0,0,0,0,1,0,0,0,0,0,0,0,0,0,0,370,369
100825,474,0,0,0,0,0,0,0,0,0,2,2,2,2,0,0,469,468
100826,388,0,0,0,0,0,0,0,0,0,3,3,3,3,0,0,383,382
100827,530,0,0,0,0,2,0,0,0,0,1,1,1,1,0,0,524,523
100828,186,0,0,0,0,1,0,0,0,0,0,0,0,0,0,0,181,180
100829,206,0,0,0,0,2,0,0,0,0,0,0,0,0,0,0,200,200
100830,465,0,0,0,0,16,0,0,0,0,0,0,0,0,0,0,445,444
100831,390,0,0,0,0,1,0,0,0,0,0,0,0,0,0,0,385,384
100832,419,0,0,0,0,4,0,0,0,0,0,0,0,0,0,0,411,410
100833,432,0,0,0,0,0,0,0,0,0,0,0,0,0,0,0,427,426
100834,546,0,2,0,0,0,0,0,0,0,2,2,2,2,0,0,539,538
100835,318,0,0,0,0,1,0,0,0,0,0,0,0,0,0,0,313,312
100836,700,0,0,0,0,0,0,0,0,0,0,0,0,0,0,0,695,694
100837,422,0,0,0,0,1,0,0,0,0,0,0,0,0,0,0,417,416
100838,497,0,0,0,0,1,0,0,0,0,2,2,2,2,0,0,492,491
100839,428,0,0,0,0,0,0,0,0,0,1,1,1,1,0,0,423,422
100840,348,0,0,0,0,0,0,0,0,0,0,0,0,0,0,0,343,342
100841,545,0,1,0,0,1,0,0,0,0,0,0,0,0,0,0,539,538
100842,496,0,1,0,0,0,0,0,0,0,0,0,0,0,0,0,490,489
100843,351,0,0,0,0,0,0,0,0,0,0,0,0,0,0,0,346,345
100844,496,0,0,0,0,1,0,0,0,0,0,0,0,0,0,0,491,490
100845,393,0,0,0,0,3,0,0,0,0,0,0,0,0,0,0,386,385
100846,452,0,0,0,0,6,0,0,0,0,0,0,0,0,0,0,441,440
100847,548,0,0,0,0,3,0,0,0,0,0,0,0,0,0,0,541,540
100848,370,0,0,0,0,1,0,0,0,0,0,0,0,0,0,0,365,364
100849,450,0,1,0,0,1,0,0,0,0,0,0,0,0,0,0,444,443
100850,546,0,0,0,0,0,0,0,0,0,1,1,1,1,0,0,541,540
100851,342,0,1,0,0,1,0,0,0,0,0,0,0,0,0,0,336,335
100852,500,0,0,0,0,0,0,0,0,0,0,0,0,0,0,0,495,494
100853,476,0,0,0,0,0,0,0,0,0,1,1,1,1,0,0,471,470
100854,481,0,0,0,0,1,0,0,0,0,0,0,0,0,0,0,475,474
100855,257,0,0,0,0,6,0,0,0,0,0,0,0,0,0,0,247,247
100856,296,0,0,0,0,0,0,0,0,0,0,0,0,0,0,0,291,290
100857,265,0,0,0,0,0,0,0,0,0,0,0,0,0,0,0,260,259
100858,528,0,0,0,0,0,0,0,0,0,0,0,0,0,0,0,523,522
100859,481,0,0,0,0,0,0,0,0,0,0,0,0,0,0,0,476,475
100860,518,0,0,0,0,0,0,0,0,0,1,1,1,1,0,0,513,512
100861,357,0,0,0,0,2,0,0,0,0,0,0,0,0,0,0,351,350
100862,587,0,0,0,0,0,0,0,0,0,2,2,2,2,0,0,582,581
100863,413,0,0,0,0,0,0,0,0,0,0,0,0,0,0,0,408,407
100864,675,0,0,0,0,0,0,0,0,0,0,0,0,0,0,0,670,669
100865,541,0,0,0,0,0,0,0,0,0,2,2,2,2,0,0,536,535
100866,697,0,0,0,0,1,0,0,0,0,0,0,0,0,0,0,692,691
100867,490,0,0,0,0,0,0,0,0,0,0,0,0,0,0,0,485,484
100868,439,0,1,0,0,0,0,0,0,0,0,0,0,0,0,0,433,432
100869,366,0,1,0,0,0,0,0,0,0,0,0,0,0,0,0,360,359
100870,518,0,0,0,0,0,0,0,0,0,1,1,1,1,0,0,513,512
100871,307,0,0,0,0,1,0,0,0,0,0,0,0,0,0,0,302,301
100872,637,0,0,0,0,0,0,0,0,0,1,1,1,1,0,0,632,631
100873,405,0,1,0,0,1,0,0,0,0,2,2,2,2,0,0,399,398
100874,425,0,0,0,0,3,0,0,0,0,0,0,0,0,0,0,417,416
100875,442,0,0,0,0,0,0,0,0,0,0,0,0,0,0,0,437,436
100876,470,0,0,0,0,30,0,0,0,0,0,0,0,0,0,0,435,434
100877,332,0,0,0,0,0,0,0,0,0,0,0,0,0,0,0,327,326
100878,349,0,0,0,0,1,0,0,0,0,0,0,0,0,0,0,344,343
100879,633,0,0,0,0,0,0,0,0,0,0,0,0,0,0,0,628,627
100880,379,0,0,0,0,1,0,0,0,0,1,1,1,1,0,0,374,373
100881,527,0,0,0,0,1,0,0,0,0,2,2,2,2,0,0,522,521
100882,444,0,1,0,0,3,0,0,0,0,0,0,0,0,0,0,436,435
100883,406,0,0,0,0,4,0,0,0,0,0,0,0,0,0,0,398,397
100884,305,0,0,0,0,0,0,0,0,0,0,0,0,0,0,0,300,299
100885,441,0,1,0,0,1,0,0,0,0,0,0,0,0,0,0,435,434
100886,433,0,0,0,0,4,0,0,0,0,0,0,0,0,0,0,425,424
100887,459,0,0,0,0,0,0,0,0,0,0,0,0,0,0,0,454,453
100888,567,0,0,0,0,0,0,0,0,0,1,1,1,1,0,0,562,561
100889,345,0,0,0,0,2,0,5,0,0,2,2,2,2,0,0,339,339
100890,394,0,3,0,0,1,0,0,0,0,0,0,0,0,0,0,386,385
100891,375,0,0,0,0,1,0,0,0,0,0,0,0,0,0,0,370,369
100892,442,0,0,0,0,1,0,0,0,0,0,0,0,0,0,0,437,436
100894,476,0,0,0,0,0,0,4,0,0,0,0,0,0,0,0,471,470
100895,331,0,0,0,0,0,0,0,0,0,0,0,0,0,0,0,326,325
100896,300,0,0,0,0,1,0,0,0,0,0,0,0,0,0,0,295,294
100897,555,0,0,0,0,0,0,0,0,0,0,0,0,0,0,0,550,549
100898,400,0,0,0,0,1,0,0,0,0,0,0,0,0,0,0,395,394
100899,497,0,0,0,0,0,0,0,0,0,1,1,1,1,0,0,492,491
100900,476,0,0,0,0,4,0,0,0,0,0,0,0,0,0,0,468,468
100901,681,0,0,0,0,1,0,0,0,0,0,0,0,0,0,0,676,675
100902,588,0,0,0,0,7,0,0,0,0,0,0,0,0,0,0,576,575
100903,488,0,0,0,0,1,0,0,0,0,0,0,0,0,0,0,483,482
100904,709,0,0,0,0,0,0,0,0,0,2,2,2,2,0,0,704,703
100905,479,0,0,0,0,2,0,0,0,0,0,0,0,0,0,0,472,471
100906,358,0,0,0,0,1,0,0,0,0,0,0,0,0,0,0,353,352
100907,432,0,0,0,0,0,0,0,0,0,2,2,2,2,0,0,427,426
100908,490,0,0,0,0,1,0,0,0,0,0,0,0,0,0,0,485,484
100909,547,0,1,0,0,0,0,0,0,0,0,0,0,0,0,0,541,540
100910,627,0,0,0,0,0,0,0,0,0,1,1,1,1,0,0,622,621
100911,258,0,0,0,0,1,0,0,0,0,1,1,1,1,0,0,253,252
100912,787,0,0,0,0,0,0,0,0,0,34,34,34,34,0,0,782,781
100913,29,0,0,0,0,2,0,0,0,0,0,0,0,0,0,0,23,23
100914,81,0,1,0,0,2,0,0,0,0,0,0,0,0,0,0,74,74
100915,500,0,0,0,0,0,0,0,0,0,0,0,0,0,0,0,495,494
100916,658,0,0,0,0,0,0,0,0,0,2,2,2,2,0,0,653,652
100917,473,0,0,0,0,2,0,0,0,0,0,0,0,0,0,0,467,467
100918,398,0,0,0,0,0,0,0,0,0,0,0,0,0,0,0,393,392
100919,508,0,0,0,0,1,0,0,0,0,0,0,0,0,0,0,502,501
100920,522,0,0,0,0,0,0,0,0,0,1,1,1,1,0,0,517,516
100921,455,0,2,0,0,1,0,0,0,0,0,0,0,0,0,0,448,447
100922,386,0,0,0,0,0,0,0,0,0,0,0,0,0,0,0,381,380
100923,645,0,0,0,0,1,0,0,0,0,1,1,1,1,0,0,639,638
100924,350,0,0,0,0,2,0,0,0,0,2,2,2,2,0,0,345,344
100925,169,0,0,0,0,1,0,0,0,0,0,0,0,0,0,0,164,163
100926,466,0,0,0,0,1,0,0,0,0,0,0,0,0,0,0,461,460
100927,496,0,0,0,0,0,0,0,0,0,1,1,1,1,0,0,491,490
100928,429,0,0,0,0,1,0,0,0,0,0,0,0,0,0,0,424,423
100929,355,0,0,0,0,0,0,0,0,0,0,0,0,0,0,0,350,349
100930,438,0,0,0,0,1,0,0,0,0,0,0,0,0,0,0,433,432
100932,271,0,0,0,0,0,0,0,0,0,2,2,2,2,0,0,266,265
100933,470,0,0,0,0,0,0,0,0,0,2,2,2,2,0,0,465,464
100934,546,0,0,0,0,1,0,0,0,0,0,0,0,0,0,0,541,540
100935,550,0,0,0,0,0,0,0,0,0,2,2,2,2,0,0,545,544
100936,433,0,0,0,0,0,0,0,0,0,0,0,0,0,0,0,428,427
100937,641,0,0,0,0,0,0,0,0,0,1,1,1,1,0,0,636,635
100938,212,0,2,0,0,1,0,0,0,0,0,0,0,0,0,0,205,204
100939,518,0,0,0,0,1,0,0,0,0,0,0,0,0,0,0,513,512
100940,549,0,0,0,0,0,0,0,0,0,0,0,0,0,0,0,544,543
100941,416,0,0,0,0,0,0,0,0,0,1,2,1,2,0,0,411,410
100942,477,0,2,0,0,0,0,0,0,0,1,1,1,1,0,0,470,469
100943,430,0,0,0,0,0,0,0,0,0,0,0,0,0,0,0,425,424
100944,519,0,0,0,0,0,0,0,0,0,0,0,0,0,0,0,514,513
100945,490,0,0,0,0,0,0,0,0,0,0,0,0,0,0,0,485,484
100946,416,0,0,0,0,0,0,0,0,0,0,0,0,0,0,0,411,410
100947,672,0,0,0,0,1,0,0,0,0,1,1,1,1,0,0,666,665
100948,420,0,0,0,0,2,0,0,0,0,0,0,0,0,0,0,413,412
100949,420,0,0,0,0,0,0,0,0,0,0,0,0,0,0,0,415,414
100950,518,0,1,0,0,0,0,6,0,0,0,0,0,0,0,0,512,511
100951,633,0,0,0,0,0,0,0,0,0,3,3,3,3,0,0,628,627
100952,49,0,1,0,0,2,0,0,0,0,0,0,0,0,0,0,42,42
100953,420,0,0,0,0,1,0,0,0,0,0,0,0,0,0,0,415,414
100954,359,0,0,0,0,1,0,0,0,0,1,1,1,1,0,0,354,353
100955,400,0,0,0,0,1,0,0,0,0,0,0,0,0,0,0,395,394
100956,426,0,0,0,0,1,0,0,0,0,1,1,1,1,0,0,421,420
100957,496,0,0,0,0,0,0,0,0,0,0,0,0,0,0,0,491,490
100958,275,0,0,0,0,2,0,0,0,0,0,0,0,0,0,0,269,269
100959,528,0,1,0,0,2,0,0,0,0,0,0,0,0,0,0,521,520
100960,318,0,0,0,0,0,0,0,0,0,1,1,1,1,0,0,313,312
100961,400,0,0,0,0,1,0,0,0,0,0,0,0,0,0,0,395,394
100962,510,0,0,0,0,1,0,0,0,0,1,1,1,1,0,0,504,503
100963,538,0,0,0,0,2,0,0,0,0,23,23,23,23,0,0,531,530
100964,469,0,0,0,0,0,0,0,0,0,0,0,0,0,0,0,464,463
100965,399,0,0,0,0,0,0,0,0,0,0,0,0,0,0,0,394,393
100966,444,0,0,0,0,1,0,2,0,0,1,1,1,1,0,0,439,438
100967,247,0,2,0,0,1,0,0,0,0,0,0,0,0,0,0,240,239
100968,325,0,0,0,0,0,0,0,0,0,2,2,2,2,0,0,320,319
100969,561,0,0,0,0,0,0,0,0,0,1,1,1,1,0,0,556,555
100970,293,0,0,0,0,0,0,0,0,0,0,0,0,0,0,0,288,287
100971,447,0,0,0,0,1,0,0,0,0,0,0,0,0,0,0,441,440
100972,384,0,0,0,0,1,0,0,0,0,0,0,0,0,0,0,379,378
100973,413,0,0,0,0,0,0,0,0,0,0,0,0,0,0,0,408,407
100974,683,0,0,0,0,1,0,0,0,0,1,1,1,1,0,0,677,676
100975,431,0,0,0,0,13,0,0,0,0,0,0,0,0,0,0,414,413
100976,461,0,0,0,0,1,0,0,0,0,0,0,0,0,0,0,456,455
100977,428,0,0,0,0,0,0,1,0,0,0,0,0,0,0,0,423,422
100978,408,0,0,0,0,2,0,0,0,0,1,1,1,1,0,0,402,401
100979,384,0,0,0,0,0,0,0,0,0,0,0,0,0,0,0,379,378
100981,315,0,0,0,0,0,0,0,0,0,0,0,0,0,0,0,310,309
100982,647,0,0,0,0,0,0,0,0,0,1,1,1,1,0,0,642,641
100983,426,0,0,0,0,0,0,0,0,0,0,0,0,0,0,0,421,420
100984,378,0,0,0,0,0,0,0,0,0,0,0,0,0,0,0,373,372
100985,421,0,0,0,0,1,0,0,0,0,1,1,1,1,0,0,416,415
100986,444,0,0,0,0,0,0,0,0,0,2,2,2,2,0,0,439,438
100987,455,0,0,0,0,0,0,0,0,0,1,1,1,1,0,0,450,449
100988,423,0,0,0,0,0,0,0,0,0,0,0,0,0,0,0,418,417
100989,474,0,0,0,0,14,0,0,0,0,0,0,0,0,0,0,455,454
100990,492,0,1,0,0,0,0,0,0,0,0,0,0,0,0,0,486,485
100991,478,0,0,0,0,13,0,0,0,0,0,0,0,0,0,0,460,459
100992,537,0,0,0,0,0,0,0,0,0,1,1,1,1,0,0,532,531
100993,522,0,0,0,0,1,0,0,0,0,0,0,0,0,0,0,517,516
100994,468,0,0,0,0,1,0,0,0,0,0,0,0,0,0,0,463,462
100995,573,0,0,0,0,0,0,0,0,0,0,0,0,0,0,0,568,567
100996,467,0,0,0,0,0,0,0,0,0,1,1,1,1,0,0,462,461
100997,327,0,0,0,0,3,0,0,0,0,0,0,0,0,0,0,320,319
100998,458,0,0,0,0,1,0,0,0,0,0,0,0,0,0,0,453,452
100999,377,0,0,0,0,1,0,0,0,0,0,0,0,0,0,0,372,371
101000,537,0,0,0,0,12,0,0,0,0,0,0,0,0,0,0,520,519
101001,534,0,2,0,0,26,0,0,0,0,0,0,0,0,0,0,502,501
101002,596,0,0,0,0,0,0,0,0,0,0,0,0,0,0,0,591,590
101003,321,0,0,0,0,2,0,0,0,0,0,0,0,0,0,0,316,315
101004,479,0,0,0,0,0,0,0,0,0,1,1,1,1,0,0,474,473
101005,359,0,2,0,0,1,0,0,0,0,0,0,0,0,0,0,352,351
101006,335,0,1,0,0,1,0,0,0,0,0,0,0,0,0,0,329,328
101007,433,0,0,0,0,0,0,0,0,0,0,0,0,0,0,0,428,427
101008,367,0,1,0,0,1,0,0,0,0,0,0,0,0,0,0,361,360
101009,337,0,0,0,0,1,0,0,0,0,1,1,1,1,0,0,332,331
101011,529,0,0,0,0,0,0,0,0,0,1,1,1,1,0,0,524,523
101013,320,0,2,0,0,0,0,0,0,0,0,0,0,0,0,0,313,312
101014,385,0,0,0,0,3,0,0,0,0,0,0,0,0,0,0,378,377
101015,359,0,0,0,0,3,0,0,0,0,0,0,0,0,0,0,352,352
101016,416,0,0,0,0,0,0,0,0,0,1,1,1,1,0,0,411,410
101017,469,0,0,0,0,1,0,0,0,0,0,0,0,0,0,0,464,463
101018,412,0,0,0,0,0,0,0,0,0,0,0,0,0,0,0,407,406
101019,410,0,2,0,0,0,0,0,0,0,0,0,0,0,0,0,403,402
101020,409,0,1,0,0,0,0,0,0,0,0,0,0,0,0,0,403,402
101021,509,0,0,0,0,0,0,0,0,0,1,1,1,1,0,0,504,503
101022,343,0,0,0,0,1,0,0,0,0,0,0,0,0,0,0,338,337
101023,522,0,0,0,0,0,0,0,0,0,1,1,1,1,0,0,517,516
101024,274,0,0,0,0,0,0,0,0,0,0,0,0,0,0,0,269,268
101025,329,0,0,0,0,0,0,0,0,0,1,1,1,1,0,0,324,323
101026,368,0,0,0,0,4,0,0,0,0,0,0,0,0,0,0,360,359
101027,607,0,1,0,0,1,0,0,0,0,2,2,2,2,0,0,601,600
101028,561,0,0,0,0,0,0,0,0,0,1,1,1,1,0,0,556,555
101029,539,0,0,0,0,2,0,0,0,0,0,0,0,0,0,0,533,532
101030,439,0,0,0,0,1,0,0,0,0,1,1,1,1,0,0,434,433
101031,478,0,0,0,0,2,0,0,0,0,0,0,0,0,0,0,472,471
101032,461,0,0,0,0,0,0,0,0,0,0,0,0,0,0,0,456,455
101033,379,0,0,0,0,1,0,0,0,0,1,1,1,1,0,0,374,373
101034,409,0,0,0,0,0,0,0,0,0,0,0,0,0,0,0,404,403
101035,655,0,0,0,0,4,0,0,0,0,2,2,2,2,0,0,646,645
101036,448,0,0,0,0,1,0,0,0,0,0,0,0,0,0,0,443,442
101037,347,0,0,0,0,0,0,0,0,0,1,1,1,1,0,0,342,341
101038,665,0,0,0,0,0,0,0,0,0,0,0,0,0,0,0,660,659
101039,363,0,0,0,0,1,0,0,0,0,0,0,0,0,0,0,358,357
101040,496,0,0,0,0,1,0,0,0,0,0,0,0,0,0,0,491,490
101041,512,0,0,0,0,1,0,0,0,0,0,0,0,0,0,0,506,505
101042,389,0,0,0,0,5,0,0,0,0,0,0,0,0,0,0,380,379
101043,355,0,0,0,0,1,0,0,0,0,0,0,0,0,0,0,350,349
101044,411,0,0,0,0,1,0,0,0,0,0,0,0,0,0,0,406,405
101045,586,0,0,0,0,51,0,0,0,0,0,0,0,0,0,0,531,530
101046,591,0,0,0,0,0,0,0,0,0,0,0,0,0,0,0,586,585
101047,528,0,1,0,0,2,0,0,0,0,1,1,1,1,0,0,521,520
101048,552,0,0,0,0,2,0,0,0,0,1,1,1,1,0,0,545,544
101049,481,0,0,0,0,0,0,0,0,0,1,1,1,1,0,0,476,475
101050,361,0,0,0,0,1,0,0,0,0,0,0,0,0,0,0,356,355
101051,516,0,0,0,0,3,0,0,0,0,0,0,0,0,0,0,508,507
101052,474,0,1,0,0,2,0,0,0,0,0,0,0,0,0,0,467,466
101053,312,0,0,0,0,1,0,0,0,0,0,0,0,0,0,0,307,306
101054,616,0,0,0,0,0,0,0,0,0,1,1,1,1,0,0,611,610
101055,420,0,0,0,0,0,0,0,0,0,0,0,0,0,0,0,415,414
101056,490,0,0,0,0,1,0,0,0,0,0,0,0,0,0,0,485,484
101057,420,0,0,0,0,0,0,0,0,0,0,0,0,0,0,0,415,414
101058,497,0,0,0,0,0,0,0,0,0,2,2,2,2,0,0,492,491
101059,716,0,4,0,0,4,0,0,0,0,7,7,7,7,0,0,703,702
101060,336,0,0,0,0,2,0,0,0,0,0,0,0,0,0,0,330,330
101061,410,0,0,0,0,1,0,0,0,0,0,0,0,0,0,0,405,404
101062,494,0,3,0,0,0,0,0,0,0,0,0,0,0,0,0,486,485
101063,469,0,0,0,0,0,0,0,0,0,0,0,0,0,0,0,464,463
101064,888,0,0,0,0,5,0,0,0,0,0,0,0,0,0,0,878,877
101065,416,0,0,0,0,1,0,0,0,0,2,2,2,2,0,0,411,410
101066,754,0,0,0,0,0,0,0,0,0,1,1,1,1,0,0,749,748
101067,508,0,0,0,0,0,0,0,0,0,2,2,2,2,0,0,503,502
101068,371,0,0,0,0,0,0,0,0,0,0,0,0,0,0,0,366,365
101069,366,0,0,0,0,1,0,0,0,0,0,0,0,0,0,0,361,360
101070,408,0,0,0,0,0,0,0,0,0,0,0,0,0,0,0,403,402
101071,385,0,1,0,0,1,0,0,0,0,0,0,0,0,0,0,379,378
101072,628,0,0,0,0,0,0,0,0,0,0,0,0,0,0,0,623,622
101073,636,0,0,0,0,0,0,0,0,0,0,0,0,0,0,0,631,630
101074,524,0,0,0,0,0,0,0,0,0,1,1,1,1,0,0,519,518
101075,388,0,0,0,0,1,0,0,0,0,0,0,0,0,0,0,383,382
101077,571,0,0,0,0,0,0,0,0,0,1,1,1,1,0,0,566,565
101078,327,0,0,0,0,3,0,0,0,0,0,0,0,0,0,0,320,319
101079,282,0,0,0,0,0,0,0,0,0,0,0,0,0,0,0,277,276
101080,729,0,1,0,0,1,0,0,0,0,0,0,0,0,0,0,723,722
101081,533,0,0,0,0,1,0,0,0,0,0,0,0,0,0,0,528,527
101082,330,0,0,0,0,0,0,0,0,0,1,1,1,1,0,0,325,324
101083,345,0,0,0,0,0,0,0,0,0,0,0,0,0,0,0,340,339
101084,583,0,0,0,0,0,0,0,0,0,2,2,2,2,0,0,578,577
101085,497,0,0,0,0,1,0,0,0,0,2,2,2,2,0,0,491,490
101086,346,0,0,0,0,0,0,0,0,0,1,1,1,1,0,0,341,340
101087,491,0,0,0,0,1,0,0,0,0,0,0,0,0,0,0,486,485
101088,395,0,0,0,0,1,0,0,0,0,0,0,0,0,0,0,390,389
101089,470,0,0,0,0,5,0,0,0,0,1,1,1,1,0,0,461,460
101090,549,0,1,0,0,2,0,0,0,0,0,0,0,0,0,0,541,540
101091,585,0,0,0,0,1,0,0,0,0,0,0,0,0,0,0,580,579
101092,509,0,2,0,0,1,0,0,0,0,0,0,0,0,0,0,502,501
101093,233,0,1,0,0,0,0,0,0,0,0,0,0,0,0,0,227,226
101094,758,0,0,0,0,0,0,0,0,0,1,1,1,1,0,0,753,752
101095,549,0,0,0,0,0,0,5,0,0,1,1,1,1,0,0,544,543
101096,673,0,0,0,0,6,0,0,0,0,0,0,0,0,0,0,662,661
101097,295,0,0,0,0,1,0,0,0,0,0,0,0,0,0,0,290,289
101098,403,0,0,0,0,1,0,0,0,0,0,0,0,0,0,0,398,397
101099,377,0,0,0,0,0,0,0,0,0,0,0,0,0,0,0,372,371
101100,515,0,0,0,0,2,0,0,0,0,2,2,2,2,0,0,508,507
101101,397,0,0,0,0,0,0,0,0,0,0,0,0,0,0,0,392,391
101102,113,0,2,0,0,2,0,0,0,0,0,0,0,0,0,0,105,105
101103,364,0,0,0,0,1,0,0,0,0,0,0,0,0,0,0,359,358
101104,553,0,2,0,0,1,0,0,0,0,0,0,0,0,0,0,546,545
101105,545,0,0,0,0,0,0,0,0,0,0,0,0,0,0,0,540,539
101106,387,0,2,0,0,2,0,0,0,0,0,0,0,0,0,0,378,377
101107,446,0,0,0,0,1,0,0,0,0,2,2,2,2,0,0,441,440
101108,349,0,0,0,0,1,0,0,0,0,0,0,0,0,0,0,344,343
101109,437,0,0,0,0,0,0,0,0,0,0,0,0,0,0,0,432,431
101110,395,0,2,0,0,1,0,0,0,0,0,0,0,0,0,0,388,387
101111,449,0,0,0,0,0,0,0,0,0,1,1,1,1,0,0,444,443
101112,448,0,1,0,0,0,0,0,0,0,0,0,0,0,0,0,442,441
101113,426,0,1,0,0,0,0,0,0,0,17,17,17,17,0,0,420,419
101114,476,0,0,0,0,0,0,0,0,0,11,11,11,11,0,0,471,470
101115,513,0,0,0,0,1,0,0,0,0,0,0,0,0,0,0,507,506
101116,471,0,0,0,0,4,0,0,0,0,1,1,1,1,0,0,462,461
101117,457,0,2,0,0,1,0,0,0,0,0,0,0,0,0,0,450,449
101118,280,0,0,0,0,1,0,0,0,0,0,0,0,0,0,0,275,274
101119,29,0,0,0,0,2,0,0,0,0,0,0,0,0,0,0,23,23
101120,679,0,0,0,0,0,0,0,0,0,1,1,1,1,0,0,674,673
101121,508,0,0,0,0,1,0,0,0,0,0,0,0,0,0,0,503,502
101122,309,0,0,0,0,0,0,0,0,0,0,0,0,0,0,0,304,303
101123,569,0,0,0,0,0,0,0,0,0,0,0,0,0,0,0,564,563
101124,440,0,0,0,0,0,0,0,0,0,0,0,0,0,0,0,435,434
101125,616,0,0,0,0,0,0,0,0,0,1,1,1,1,0,0,611,610
101126,512,0,0,0,0,1,0,0,0,0,0,0,0,0,0,0,507,506
101127,532,0,0,0,0,3,0,0,0,0,0,0,0,0,0,0,525,524
101128,382,0,0,0,0,0,0,0,0,0,0,0,0,0,0,0,377,376
101129,426,0,0,0,0,0,0,0,0,0,0,0,0,0,0,0,421,420
101130,578,0,0,0,0,0,0,0,0,0,0,0,0,0,0,0,573,572
101131,373,0,0,0,0,2,0,0,0,0,0,0,0,0,0,0,367,366
101132,553,0,0,0,0,0,0,0,0,0,1,1,1,1,0,0,548,547
101133,566,0,0,0,0,2,0,0,0,0,0,0,0,0,0,0,559,558
101134,448,0,0,0,0,0,0,5,0,0,0,0,0,0,0,0,443,442
101135,339,0,0,0,0,1,0,0,0,0,0,0,0,0,0,0,334,333
101136,321,0,0,0,0,1,0,0,0,0,0,0,0,0,0,0,316,315
101137,544,0,0,0,0,4,0,0,0,0,2,2,2,2,0,0,535,534
101138,503,0,0,0,0,2,0,0,0,0,2,2,2,2,0,0,496,495
101139,567,0,0,0,0,0,0,0,0,0,0,0,0,0,0,0,562,561
101141,435,0,0,0,0,1,0,0,0,0,0,0,0,0,0,0,430,429
101142,423,0,0,0,0,1,0,0,0,0,0,0,0,0,0,0,418,417
101143,479,0,0,0,0,0,0,0,0,0,0,0,0,0,0,0,474,473
101144,349,0,0,0,0,2,0,0,0,0,0,0,0,0,0,0,343,343
101145,320,0,0,0,0,0,0,0,0,0,0,0,0,0,0,0,315,314
101146,231,0,0,0,0,1,0,0,0,0,0,0,0,0,0,0,226,225
101147,828,0,3,0,0,0,0,0,0,0,0,0,0,0,0,0,820,819
101148,385,0,2,0,0,2,0,0,0,0,0,0,0,0,0,0,377,376
101149,432,0,0,0,0,1,0,0,0,0,0,0,0,0,0,0,427,426
101150,265,0,0,0,0,2,0,0,0,0,0,0,0,0,0,0,259,259
101151,380,0,0,0,0,7,0,0,0,0,0,0,0,0,0,0,369,368
101152,596,0,0,0,0,0,0,0,0,0,24,24,24,24,0,0,591,590
101153,272,0,0,0,0,0,0,0,0,0,0,0,0,0,0,0,267,266
101154,401,0,0,0,0,2,0,0,0,0,0,0,0,0,0,0,395,395
101155,410,0,0,0,0,1,0,0,0,0,1,1,1,1,0,0,405,404
101156,367,0,1,0,0,2,0,0,0,0,0,0,0,0,0,0,360,359
101157,313,0,0,0,0,1,0,0,0,0,0,0,0,0,0,0,308,307
101158,350,0,0,0,0,0,0,0,0,0,0,0,0,0,0,0,345,344
101159,439,0,0,0,0,0,0,0,0,0,2,2,2,2,0,0,434,433
101160,237,0,0,0,0,0,0,0,0,0,0,0,0,0,0,0,232,231
101161,461,0,0,0,0,1,0,0,0,0,0,0,0,0,0,0,456,455
101162,429,0,0,0,0,2,0,0,0,0,0,0,0,0,0,0,423,422
101163,295,0,0,0,0,2,0,0,0,0,0,0,0,0,0,0,289,289
101164,432,0,0,0,0,0,0,0,0,0,0,0,0,0,0,0,427,426
101165,541,0,0,0,0,2,0,0,0,0,1,1,1,1,0,0,535,534
101166,562,0,0,0,0,0,0,0,0,0,0,0,0,0,0,0,557,556
101167,412,0,0,0,0,1,0,0,0,0,0,0,0,0,0,0,407,406
101168,343,0,0,0,0,0,0,0,0,0,0,0,0,0,0,0,338,337
101169,317,0,0,0,0,1,0,0,0,0,0,0,0,0,0,0,311,310
101170,334,0,0,0,0,1,0,0,0,0,0,0,0,0,0,0,329,328
101171,262,0,0,0,0,1,0,0,0,0,0,0,0,0,0,0,257,256
101172,479,0,0,0,0,0,0,0,0,0,1,1,1,1,0,0,474,473
101173,400,0,0,0,0,0,0,0,0,0,0,0,0,0,0,0,395,394
101174,342,0,0,0,0,1,0,0,0,0,0,0,0,0,0,0,337,336
101175,432,0,1,0,0,0,0,0,0,0,0,0,0,0,0,0,426,425
101176,609,0,0,0,0,0,0,0,0,0,0,0,0,0,0,0,604,603
101177,360,0,0,0,0,1,0,0,0,0,0,0,0,0,0,0,355,354
101178,432,0,3,0,0,2,0,0,0,0,0,0,0,0,0,0,423,423
101179,410,0,2,0,0,0,0,0,0,0,0,0,0,0,0,0,403,402
101180,555,0,0,0,0,0,0,0,0,0,0,0,0,0,0,0,550,549
101181,768,0,0,0,0,0,0,0,0,0,1,1,1,1,0,0,763,762
101182,401,0,0,0,0,0,0,0,0,0,0,0,0,0,0,0,396,395
101183,277,0,0,0,0,2,0,0,0,0,0,0,0,0,0,0,271,271
101184,529,0,2,0,0,1,0,0,0,0,0,0,0,0,0,0,522,521
101185,326,0,0,0,0,2,0,0,0,0,0,0,0,0,0,0,320,320
101186,364,0,0,0,0,0,0,0,0,0,0,0,0,0,0,0,359,358
101187,423,0,0,0,0,1,0,0,0,0,0,0,0,0,0,0,418,417
101188,664,0,0,0,0,0,0,0,0,0,0,0,0,0,0,0,659,658
101190,621,0,0,0,0,0,0,0,0,0,1,1,1,1,0,0,616,615
101191,510,0,0,0,0,0,0,0,0,0,1,1,1,1,0,0,505,504
101192,230,0,0,0,0,1,0,0,0,0,0,0,0,0,0,0,225,224
101193,432,0,0,0,0,2,0,0,0,0,0,0,0,0,0,0,425,424
101194,436,0,0,0,0,2,0,0,0,0,2,2,2,2,0,0,429,428
101195,460,0,0,0,0,0,0,0,0,0,0,0,0,0,0,0,455,454
101196,560,0,0,0,0,1,0,0,0,0,1,1,1,1,0,0,554,553
101197,341,0,0,0,0,1,0,0,0,0,0,0,0,0,0,0,335,334
101198,567,0,1,0,0,1,0,0,0,0,0,0,0,0,0,0,561,560
101199,478,0,0,0,0,1,0,0,0,0,0,0,0,0,0,0,473,472
101200,396,0,2,0,0,0,0,0,0,0,0,0,0,0,0,0,389,388
101201,419,0,1,0,0,1,0,4,0,0,1,1,1,1,0,0,413,412
101202,455,0,0,0,0,1,0,0,0,0,2,2,2,2,0,0,449,448
101203,334,0,0,0,0,1,0,0,0,0,0,0,0,0,0,0,328,327
101204,549,0,0,0,0,0,0,0,0,0,5,5,5,5,0,0,544,543
101205,649,0,0,0,0,3,0,0,0,0,0,0,0,0,0,0,641,640
101206,415,0,0,0,0,1,0,0,0,0,0,0,0,0,0,0,410,409
101207,360,0,0,0,0,1,0,0,0,0,0,0,0,0,0,0,355,354
101208,835,0,0,0,0,0,0,0,0,0,1,1,1,1,0,0,830,829
101209,392,0,0,0,0,0,0,0,0,0,0,0,0,0,0,0,387,386
101210,502,0,0,0,0,9,0,0,0,0,0,0,0,0,0,0,489,488
101211,517,0,0,0,0,0,0,0,0,0,2,2,2,2,0,0,512,511
101212,354,0,0,0,0,2,0,0,0,0,0,0,0,0,0,0,348,348
101213,284,0,2,0,0,2,0,0,0,0,0,0,0,0,0,0,276,275
101214,461,0,0,0,0,0,0,0,0,0,0,0,0,0,0,0,456,455
101215,381,0,0,0,0,0,0,0,0,0,0,0,0,0,0,0,376,375
101216,618,0,0,0,0,0,0,0,0,0,0,0,0,0,0,0,613,612
101217,173,0,0,0,0,2,0,0,0,0,0,0,0,0,0,0,167,167
101218,573,0,0,0,0,1,0,0,0,0,0,0,0,0,0,0,568,567
101219,368,0,0,0,0,1,0,0,0,0,0,0,0,0,0,0,363,362
101220,412,0,0,0,0,4,0,0,0,0,0,0,0,0,0,0,404,404
101221,442,0,0,0,0,7,0,0,0,0,0,0,0,0,0,0,430,429
101222,847,0,2,0,0,0,0,0,0,0,1,1,1,1,0,0,840,839
101223,352,0,0,0,0,2,0,0,0,0,0,0,0,0,0,0,346,346
101224,373,0,0,0,0,1,0,0,0,0,0,0,0,0,0,0,368,367
101225,601,0,0,0,0,1,0,0,0,0,1,1,1,1,0,0,595,594
101226,265,0,0,0,0,0,0,0,0,0,0,0,0,0,0,0,260,259
101227,841,0,4,0,0,1,0,0,0,0,0,0,0,0,0,0,832,831
101228,978,0,4,0,0,3,0,0,0,0,0,0,0,0,0,0,967,966
101229,433,0,1,0,0,1,0,0,0,0,0,0,0,0,0,0,427,426
101230,378,0,0,0,0,11,0,0,0,0,0,0,0,0,0,0,363,362
101231,302,0,0,0,0,0,0,0,0,0,0,0,0,0,0,0,297,296
101233,598,0,0,0,0,1,0,0,0,0,0,0,0,0,0,0,593,592
101234,855,0,1,0,0,2,0,0,0,0,3,3,3,3,0,0,847,846
101235,486,0,0,0,0,1,0,0,0,0,0,0,0,0,0,0,481,480
101236,370,0,0,0,0,2,0,0,0,0,0,0,0,0,0,0,364,364
101237,563,0,0,0,0,1,0,0,0,0,0,0,0,0,0,0,557,556
101238,506,0,0,0,0,0,0,0,0,0,2,2,2,2,0,0,501,500
101239,478,0,2,0,0,0,0,0,0,0,0,0,0,0,0,0,471,470
101240,597,0,0,0,0,0,0,0,0,0,0,0,0,0,0,0,592,591
101242,337,0,2,0,0,1,0,0,0,0,0,0,0,0,0,0,330,329
101243,358,0,0,0,0,3,0,0,0,0,0,0,0,0,0,0,351,350
101244,518,0,0,0,0,0,0,0,0,0,0,0,0,0,0,0,513,512
101245,549,0,0,0,0,3,0,0,0,0,1,1,1,1,0,0,542,541
101246,350,0,0,0,0,1,0,0,0,0,0,0,0,0,0,0,345,344
101247,476,0,0,0,0,2,0,0,0,0,0,0,0,0,0,0,470,469
101248,355,0,0,0,0,1,0,0,0,0,1,1,1,1,0,0,350,349
101249,394,0,0,0,0,9,0,0,0,0,0,0,0,0,0,0,381,380
101250,424,0,0,0,0,1,0,0,0,0,0,0,0,0,0,0,419,418
101251,196,0,0,0,0,2,0,0,0,0,0,0,0,0,0,0,190,190
101252,315,0,0,0,0,2,0,0,0,0,1,1,1,1,0,0,309,309
101253,323,0,0,0,0,1,0,0,0,0,0,0,0,0,0,0,318,317
101254,150,0,0,0,0,1,0,0,0,0,0,0,0,0,0,0,145,144
101255,519,0,0,0,0,1,0,0,0,0,0,0,0,0,0,0,513,512
101256,437,0,0,0,0,7,0,0,0,0,0,0,0,0,0,0,425,424
101257,586,0,0,0,0,0,0,0,0,0,0,0,0,0,0,0,581,580
101258,617,0,0,0,0,0,0,0,0,0,42,42,42,42,0,0,612,611
101259,717,0,0,0,0,0,0,0,0,0,0,0,0,0,0,0,712,711
101260,376,0,0,0,0,1,0,0,0,0,0,0,0,0,0,0,371,370
101261,462,0,0,0,0,3,0,0,0,0,0,0,0,0,0,0,455,454
101262,420,0,0,0,0,0,0,0,0,0,1,1,1,1,0,0,415,414
101263,378,0,1,0,0,0,0,0,0,0,0,0,0,0,0,0,372,371
101264,324,0,0,0,0,1,0,0,0,0,0,0,0,0,0,0,319,318
101265,254,0,0,0,0,0,0,0,0,0,0,0,0,0,0,0,249,248
101266,453,0,0,0,0,0,0,0,0,0,0,0,0,0,0,0,448,447
101267,415,0,0,0,0,3,0,0,0,0,1,1,1,1,0,0,407,406
101268,602,0,0,0,0,0,0,0,0,0,1,1,1,1,0,0,597,596
101269,458,0,0,0,0,1,0,0,0,0,0,0,0,0,0,0,453,452
101270,399,0,0,0,0,1,0,0,0,0,1,1,1,1,0,0,394,393
101271,362,0,0,0,0,1,0,0,0,0,0,0,0,0,0,0,357,356
101272,447,0,1,0,0,1,0,0,0,0,0,0,0,0,0,0,441,440
101273,526,0,0,0,0,1,0,0,0,0,0,0,0,0,0,0,521,520
101274,348,0,0,0,0,1,0,0,0,0,1,1,1,1,0,0,343,342
101275,358,0,0,0,0,0,0,0,0,0,0,0,0,0,0,0,353,352
101276,540,0,0,0,0,5,0,0,0,0,0,0,0,0,0,0,531,530
101277,391,0,0,0,0,0,0,0,0,0,1,2,1,2,0,0,386,385
101278,475,0,0,0,0,0,0,0,0,0,1,1,1,1,0,0,470,469
101279,445,0,1,0,0,1,0,0,0,0,0,0,0,0,0,0,439,438
101280,447,0,0,0,0,0,0,0,0,0,1,1,1,1,0,0,442,441
101281,586,0,0,0,0,1,0,0,0,0,2,2,2,2,0,0,580,579
101282,387,0,0,0,0,0,0,0,0,0,1,1,1,1,0,0,382,381
101283,343,0,0,0,0,2,0,0,0,0,0,0,0,0,0,0,337,337
101284,477,0,0,0,0,3,0,0,0,0,0,0,0,0,0,0,469,468
101285,404,0,0,0,0,0,0,0,0,0,0,0,0,0,0,0,399,398
101286,506,0,2,0,0,1,0,0,0,0,1,1,1,1,0,0,498,497
101287,366,0,0,0,0,2,0,0,0,0,1,1,1,1,0,0,360,360
101288,229,0,0,0,0,0,0,0,0,0,1,1,1,1,0,0,224,223
101289,619,0,0,0,0,1,0,0,0,0,0,0,0,0,0,0,614,613
101290,347,0,0,0,0,5,0,0,0,0,0,0,0,0,0,0,338,337
101291,421,0,0,0,0,1,0,0,0,0,1,1,1,1,0,0,416,415
101292,552,0,0,0,0,0,0,0,0,0,2,3,2,3,0,0,547,546
101293,970,0,0,0,0,1,0,0,0,0,2,2,2,2,0,0,964,963
101294,258,0,1,0,0,1,0,0,0,0,0,0,0,0,0,0,252,251
101295,689,0,0,0,0,0,0,0,0,0,2,2,2,2,0,0,684,683
101296,508,0,0,0,0,0,0,0,0,0,0,0,0,0,0,0,503,502
101297,286,0,0,0,0,1,0,0,0,0,0,0,0,0,0,0,281,280
101298,343,0,0,0,0,1,0,0,0,0,0,0,0,0,0,0,338,337
101299,417,0,1,0,0,2,0,0,0,0,1,1,1,1,0,0,410,410
101300,457,0,0,0,0,0,0,0,0,0,0,0,0,0,0,0,452,451
101301,368,0,0,0,0,0,0,0,0,0,0,0,0,0,0,0,363,362
101302,308,0,0,0,0,2,0,0,0,0,0,0,0,0,0,0,302,302
101303,239,0,0,0,0,0,0,0,0,0,0,0,0,0,0,0,234,233
101304,363,0,0,0,0,1,0,0,0,0,0,0,0,0,0,0,358,357
101305,421,0,0,0,0,2,0,0,0,0,0,0,0,0,0,0,414,413
101306,343,0,0,0,0,0,0,0,0,0,0,0,0,0,0,0,338,337
101307,61,0,0,0,0,2,0,0,0,0,0,0,0,0,0,0,55,55
101308,495,0,0,0,0,1,0,0,0,0,0,0,0,0,0,0,490,489
101309,666,0,0,0,0,1,0,0,0,0,1,1,1,1,0,0,660,659
101310,300,0,0,0,0,0,0,0,0,0,0,0,0,0,0,0,295,294
101311,386,0,0,0,0,0,0,0,0,0,0,0,0,0,0,0,381,380
101312,348,0,1,0,0,5,0,0,0,0,0,0,0,0,0,0,338,338
101313,431,0,1,0,0,1,0,0,0,0,0,0,0,0,0,0,425,424
101314,447,0,0,0,0,0,0,0,0,0,0,0,0,0,0,0,442,441
101315,659,0,0,0,0,1,0,0,0,0,0,0,0,0,0,0,654,653
101316,652,0,0,0,0,0,0,0,0,0,2,2,2,2,0,0,647,646
101317,105,0,4,0,0,2,0,0,0,0,0,0,0,0,0,0,95,95
101318,380,0,0,0,0,1,0,0,0,0,2,2,2,2,0,0,375,374
101319,434,0,0,0,0,1,0,0,0,0,0,0,0,0,0,0,429,428
101320,250,0,0,0,0,2,0,0,0,0,0,0,0,0,0,0,244,244
101321,490,0,1,0,0,4,0,0,0,0,0,0,0,0,0,0,481,480
101322,379,0,0,0,0,0,0,0,0,0,0,0,0,0,0,0,374,373
101323,369,0,0,0,0,1,0,0,0,0,0,0,0,0,0,0,364,363
101324,335,0,1,0,0,3,0,0,0,0,0,0,0,0,0,0,327,327
101325,327,0,0,0,0,0,0,0,0,0,0,0,0,0,0,0,322,321
101326,397,0,0,0,0,1,0,0,0,0,0,0,0,0,0,0,392,391
101327,462,0,0,0,0,0,0,0,0,0,0,0,0,0,0,0,457,456
101328,474,0,1,0,0,0,0,0,0,0,0,0,0,0,0,0,468,467
101329,412,0,0,0,0,12,0,0,0,0,0,0,0,0,0,0,396,395
101330,387,0,0,0,0,0,0,0,0,0,0,0,0,0,0,0,382,381
101331,432,0,0,0,0,0,0,0,0,0,2,2,2,2,0,0,427,426
101332,409,0,0,0,0,2,0,0,0,0,1,1,1,1,0,0,403,403
101333,437,0,0,0,0,1,0,0,0,0,0,0,0,0,0,0,432,431
101334,353,0,0,0,0,2,0,0,0,0,0,0,0,0,0,0,346,345
101335,326,0,0,0,0,1,0,0,0,0,0,0,0,0,0,0,321,320
101336,275,0,0,0,0,0,0,0,0,0,0,0,0,0,0,0,270,269
101337,407,0,0,0,0,0,0,0,0,0,0,0,0,0,0,0,402,401
101338,574,0,0,0,0,0,0,0,0,0,1,1,1,1,0,0,569,568
101339,432,0,0,0,0,0,0,0,0,0,1,1,1,1,0,0,427,426
101340,605,0,1,0,0,1,0,0,0,0,1,1,1,1,0,0,598,597
101341,479,0,0,0,0,2,0,0,0,0,0,0,0,0,0,0,472,471
101342,373,0,0,0,0,2,0,0,0,0,0,0,0,0,0,0,367,367
101343,207,0,0,0,0,1,0,0,0,0,0,0,0,0,0,0,202,201
101344,356,0,0,0,0,2,0,0,0,0,0,0,0,0,0,0,350,350
101345,497,0,0,0,0,1,0,0,0,0,0,0,0,0,0,0,492,491
101346,386,0,0,0,0,0,0,0,0,0,2,2,2,2,0,0,381,380
101347,599,0,0,0,0,2,0,0,0,0,1,1,1,1,0,0,592,591
101348,473,0,0,0,0,1,0,0,0,0,0,0,0,0,0,0,468,467
101349,556,0,0,0,0,0,0,0,0,0,1,1,1,1,0,0,551,550
101350,555,0,0,0,0,0,0,0,0,0,0,0,0,0,0,0,550,549
101351,563,0,0,0,0,0,0,0,0,0,0,0,0,0,0,0,558,557
101352,571,0,0,0,0,1,0,0,0,0,0,0,0,0,0,0,566,565
101353,511,0,0,0,0,1,0,0,0,0,0,0,0,0,0,0,505,504
101354,346,0,0,0,0,2,0,0,0,0,1,1,1,1,0,0,340,340
101355,418,0,0,0,0,5,0,0,0,0,0,0,0,0,0,0,409,408
101356,312,0,0,0,0,0,0,0,0,0,0,0,0,0,0,0,307,306
101357,365,0,0,0,0,1,0,0,0,0,0,0,0,0,0,0,360,359
101358,522,0,0,0,0,0,0,0,0,0,0,0,0,0,0,0,517,516
101359,629,0,0,0,0,0,0,0,0,0,1,1,1,1,0,0,624,623
101360,348,0,0,0,0,0,0,0,0,0,1,1,1,1,0,0,343,342
101361,572,0,1,0,0,1,0,0,0,0,0,0,0,0,0,0,566,565
101362,460,0,0,0,0,1,0,0,0,0,0,0,0,0,0,0,455,454
101363,446,0,0,0,0,1,0,0,0,0,0,0,0,0,0,0,441,440
101364,545,0,0,0,0,1,0,0,0,0,1,1,1,1,0,0,540,539
101365,369,0,0,0,0,2,0,0,0,0,0,0,0,0,0,0,363,362
101366,462,0,0,0,0,1,0,0,0,0,0,0,0,0,0,0,456,455
101367,333,0,0,0,0,0,0,0,0,0,1,1,1,1,0,0,328,327
101368,392,0,0,0,0,0,0,0,0,0,0,0,0,0,0,0,387,386
101369,204,0,0,0,0,2,0,0,0,0,1,1,1,1,0,0,198,198
101370,470,0,0,0,0,0,0,0,0,0,20,20,20,20,0,0,465,464
101371,505,0,0,0,0,2,0,0,0,0,4,4,4,4,0,0,498,497
101372,524,0,0,0,0,0,0,0,0,0,2,2,2,2,0,0,519,518
101373,364,0,0,0,0,3,0,0,0,0,0,0,0,0,0,0,357,357
101374,600,0,0,0,0,1,0,0,0,0,0,0,0,0,0,0,595,594
101375,568,0,0,0,0,6,0,0,0,0,2,2,2,2,0,0,558,557
101376,424,0,0,0,0,1,0,0,0,0,0,0,0,0,0,0,419,418
101377,554,0,0,0,0,0,0,0,0,0,0,0,0,0,0,0,549,548
101378,464,0,0,0,0,1,0,0,0,0,0,0,0,0,0,0,459,458
101379,310,0,1,0,0,0,0,0,0,0,0,0,0,0,0,0,304,303
101380,320,0,0,0,0,1,0,0,0,0,0,0,0,0,0,0,315,314
101381,497,0,0,0,0,37,0,0,0,0,0,0,0,0,0,0,456,455
101382,463,0,0,0,0,2,0,0,0,0,1,1,1,1,0,0,457,456
101383,719,0,2,0,0,1,0,0,0,0,1,1,1,1,0,0,711,710
101384,297,0,1,0,0,1,0,0,0,0,1,1,1,1,0,0,291,290
101385,335,0,0,0,0,0,0,0,0,0,0,0,0,0,0,0,330,329
101386,387,0,0,0,0,1,0,0,0,0,1,1,1,1,0,0,382,381
101387,559,0,0,0,0,2,0,0,0,0,0,0,0,0,0,0,553,552
101388,434,0,1,0,0,0,0,0,0,0,9,9,9,9,0,0,428,427
101389,636,0,0,0,0,0,0,0,0,0,0,0,0,0,0,0,631,630
101390,475,0,0,0,0,0,0,0,0,0,2,3,2,3,0,0,470,469
101391,402,0,0,0,0,1,0,0,0,0,0,0,0,0,0,0,397,396
101392,489,0,0,0,0,0,0,0,0,0,0,0,0,0,0,0,484,483
101393,589,0,0,0,0,0,0,0,0,0,2,2,2,2,0,0,584,583
101394,479,0,0,0,0,2,0,0,0,0,0,0,0,0,0,0,472,471
101395,595,0,0,0,0,0,0,0,0,0,2,2,2,2,0,0,590,589
101396,357,0,0,0,0,1,0,0,0,0,0,0,0,0,0,0,352,351
101397,360,0,0,0,0,0,0,0,0,0,0,0,0,0,0,0,355,354
101398,325,0,0,0,0,1,0,0,0,0,1,1,1,1,0,0,319,318
101399,632,0,6,0,0,0,0,0,0,0,1,1,1,1,0,0,621,620
101400,296,0,0,0,0,2,0,0,0,0,0,0,0,0,0,0,290,290
101401,248,0,2,0,0,1,0,0,0,0,0,0,0,0,0,0,241,240
101402,485,0,0,0,0,0,0,0,0,0,1,1,1,1,0,0,480,479
101403,402,0,0,0,0,0,0,0,0,0,1,1,1,1,0,0,397,396
101404,410,0,0,0,0,1,0,0,0,0,2,2,2,2,0,0,404,403
101405,400,0,0,0,0,1,0,0,0,0,0,0,0,0,0,0,395,394
101406,551,0,0,0,0,1,0,0,0,0,0,0,0,0,0,0,545,544
101407,452,0,0,0,0,0,0,0,0,0,0,0,0,0,0,0,447,446
101408,337,0,0,0,0,0,0,0,0,0,0,0,0,0,0,0,332,331
101409,448,0,0,0,0,0,0,0,0,0,2,2,2,2,0,0,443,442
101410,513,0,0,0,0,1,0,0,0,0,2,3,2,3,0,0,508,507
101411,330,0,0,0,0,0,0,0,0,0,0,0,0,0,0,0,325,324
101412,393,0,0,0,0,2,0,0,0,0,0,0,0,0,0,0,387,387
101413,375,0,0,0,0,2,0,0,0,0,0,0,0,0,0,0,369,369
101414,242,0,0,0,0,1,0,0,0,0,0,0,0,0,0,0,237,236
101415,468,0,0,0,0,1,0,0,0,0,0,0,0,0,0,0,463,462
101416,206,0,1,0,0,1,0,0,0,0,0,0,0,0,0,0,200,199
101417,296,0,0,0,0,1,0,0,0,0,0,0,0,0,0,0,290,289
101418,316,0,1,0,0,2,0,0,0,0,0,0,0,0,0,0,309,309
101419,472,0,2,0,0,0,0,0,0,0,0,0,0,0,0,0,465,464
101420,277,0,0,0,0,2,0,0,0,0,0,0,0,0,0,0,271,271
101421,403,0,0,0,0,3,0,0,0,0,0,0,0,0,0,0,396,395
101422,472,0,0,0,0,20,0,0,0,0,0,0,0,0,0,0,448,447
101423,382,0,0,0,0,3,0,0,0,0,1,1,1,1,0,0,374,373
101424,476,0,0,0,0,2,0,0,0,0,0,0,0,0,0,0,470,469
101425,629,0,0,0,0,1,0,0,0,0,1,1,1,1,0,0,623,622
101426,416,0,1,0,0,1,0,0,0,0,0,0,0,0,0,0,410,409
101427,577,0,0,0,0,0,0,0,0,0,2,2,2,2,0,0,572,571
101428,345,0,0,0,0,1,0,0,0,0,0,0,0,0,0,0,340,339
101429,351,0,0,0,0,3,0,0,0,0,2,2,2,2,0,0,344,344
101430,418,0,0,0,0,1,0,0,0,0,0,0,0,0,0,0,413,412
101431,406,0,0,0,0,0,0,0,0,0,0,0,0,0,0,0,401,400
101432,410,0,0,0,0,1,0,0,0,0,0,0,0,0,0,0,405,404
101433,796,0,1,0,0,3,0,0,0,0,21,21,21,21,0,0,787,786
101435,452,0,1,0,0,0,0,0,0,0,0,0,0,0,0,0,446,445
101436,680,0,0,0,0,0,0,0,0,0,0,0,0,0,0,0,675,674
101437,449,0,0,0,0,0,0,0,0,0,3,3,3,3,0,0,444,443
101438,600,0,0,0,0,1,0,0,0,0,1,1,1,1,0,0,594,593
101439,304,0,0,0,0,1,0,0,0,0,0,0,0,0,0,0,299,298
101440,464,0,0,0,0,1,0,0,0,0,0,0,0,0,0,0,459,458
101441,808,0,0,0,0,3,0,0,0,0,0,0,0,0,0,0,800,799
101442,461,0,0,0,0,0,0,0,0,0,0,0,0,0,0,0,456,455
101443,272,0,0,0,0,2,0,0,0,0,0,0,0,0,0,0,265,264
101444,574,0,0,0,0,0,0,0,0,0,26,26,26,26,0,0,569,568
101445,424,0,0,0,0,0,0,0,0,0,0,0,0,0,0,0,419,418
101446,468,0,1,0,0,2,0,0,0,0,0,0,0,0,0,0,461,460
101447,448,0,0,0,0,1,0,0,0,0,0,0,0,0,0,0,443,442
101448,408,0,0,0,0,0,0,0,0,0,1,1,1,1,0,0,403,402
101449,340,0,2,0,0,1,0,0,0,0,0,0,0,0,0,0,333,332
101450,340,0,0,0,0,1,0,0,0,0,0,0,0,0,0,0,335,334
101451,576,0,0,0,0,11,0,0,0,0,0,0,0,0,0,0,560,559
101452,346,0,0,0,0,0,0,0,0,0,0,0,0,0,0,0,341,340
101453,449,0,0,0,0,2,0,0,0,0,0,0,0,0,0,0,443,442
101454,600,0,0,0,0,2,0,0,0,0,0,0,0,0,0,0,593,592
101455,431,0,0,0,0,1,0,0,0,0,0,0,0,0,0,0,426,425
101456,356,0,0,0,0,0,0,0,0,0,1,1,1,1,0,0,351,350
101457,375,0,1,0,0,0,0,0,0,0,0,0,0,0,0,0,369,368
101458,575,0,0,0,0,0,0,0,0,0,0,0,0,0,0,0,570,569
101459,287,0,0,0,0,2,0,0,0,0,0,0,0,0,0,0,281,280
101460,539,0,1,0,0,0,0,0,0,0,0,0,0,0,0,0,533,532
101461,383,0,0,0,0,1,0,0,0,0,0,0,0,0,0,0,378,377
101463,437,0,1,0,0,2,0,0,0,0,0,0,0,0,0,0,430,429
101464,823,0,0,0,0,1,0,0,0,0,1,1,1,1,0,0,817,816
101465,437,0,0,0,0,4,0,0,0,0,0,0,0,0,0,0,429,428
101466,396,0,0,0,0,0,0,0,0,0,0,0,0,0,0,0,391,390
101467,360,0,0,0,0,1,0,0,0,0,0,0,0,0,0,0,355,354
101468,356,0,0,0,0,1,0,0,0,0,0,0,0,0,0,0,351,350
101469,299,0,0,0,0,1,0,0,0,0,0,0,0,0,0,0,294,293
101470,439,0,2,0,0,3,0,0,0,0,0,0,0,0,0,0,430,429
101471,848,0,0,0,0,0,0,0,0,0,2,2,2,2,0,0,843,842
101472,269,0,0,0,0,1,0,0,0,0,0,0,0,0,0,0,264,263
101473,387,0,0,0,0,1,0,0,0,0,0,0,0,0,0,0,382,381
101474,656,0,1,0,0,1,0,0,0,0,0,0,0,0,0,0,650,649
101475,438,0,0,0,0,1,0,0,0,0,0,0,0,0,0,0,433,432
101476,443,0,1,0,0,0,0,0,0,0,0,0,0,0,0,0,437,436
101477,307,0,0,0,0,1,0,0,0,0,0,0,0,0,0,0,302,301
101478,474,0,0,0,0,1,0,0,0,0,0,0,0,0,0,0,469,468
101479,568,0,0,0,0,1,0,0,0,0,0,0,0,0,0,0,563,562
101480,436,0,0,0,0,0,0,0,0,0,0,0,0,0,0,0,431,430
101481,466,0,0,0,0,0,0,0,0,0,0,0,0,0,0,0,461,460
101482,369,0,1,0,0,2,0,0,0,0,0,0,0,0,0,0,362,361
101483,576,0,0,0,0,0,0,0,0,0,0,0,0,0,0,0,571,570
101484,338,0,0,0,0,5,0,0,0,0,0,0,0,0,0,0,329,328
101486,311,0,0,0,0,1,0,0,0,0,0,0,0,0,0,0,306,305
101487,827,0,2,0,0,5,0,0,0,0,0,0,0,0,0,0,816,815
101488,337,0,1,0,0,1,0,0,0,0,0,0,0,0,0,0,331,330
101489,215,0,0,0,0,0,0,0,0,0,0,0,0,0,0,0,210,209
101491,398,0,0,0,0,1,0,0,0,0,0,0,0,0,0,0,393,392
101492,387,0,1,0,0,1,0,0,0,0,0,0,0,0,0,0,381,380
101493,386,0,0,0,0,0,0,0,0,0,0,0,0,0,0,0,381,380
101494,434,0,0,0,0,0,0,0,0,0,1,1,1,1,0,0,429,428
101495,90,0,0,0,0,2,0,0,0,0,0,0,0,0,0,0,84,84
101496,460,0,0,0,0,1,0,0,0,0,0,0,0,0,0,0,455,454
101497,539,0,0,0,0,1,0,0,0,0,0,0,0,0,0,0,534,533
101498,299,0,0,0,0,1,0,0,0,0,0,0,0,0,0,0,294,293
101499,368,0,0,0,0,1,0,0,0,0,0,0,0,0,0,0,363,362
101500,608,0,0,0,0,0,0,0,0,0,0,0,0,0,0,0,603,602
101501,296,0,0,0,0,0,0,0,0,0,0,0,0,0,0,0,291,290
101502,508,0,0,0,0,0,0,0,0,0,0,0,0,0,0,0,503,502
101503,397,0,0,0,0,5,0,0,0,0,0,0,0,0,0,0,388,387
101504,346,0,0,0,0,1,0,0,0,0,0,0,0,0,0,0,341,340
101505,495,0,0,0,0,0,0,0,0,0,1,1,1,1,0,0,490,489
101506,425,0,0,0,0,0,0,0,0,0,0,0,0,0,0,0,420,419
101507,421,0,0,0,0,1,0,0,0,0,1,1,1,1,0,0,415,414
101508,400,0,0,0,0,0,0,0,0,0,0,0,0,0,0,0,395,394
101509,371,0,0,0,0,1,0,0,0,0,0,0,0,0,0,0,366,365
101510,641,0,0,0,0,2,0,0,0,0,1,1,1,1,0,0,634,633
101511,565,0,2,0,0,2,0,0,0,0,0,0,0,0,0,0,556,555
101512,340,0,1,0,0,1,0,0,0,0,1,1,1,1,0,0,334,333
101513,277,0,1,0,0,0,0,0,0,0,0,0,0,0,0,0,271,270
101514,371,0,0,0,0,0,0,0,0,0,0,0,0,0,0,0,366,365
101515,364,0,0,0,0,1,0,0,0,0,0,0,0,0,0,0,359,358
101516,369,0,0,0,0,0,0,0,0,0,0,0,0,0,0,0,364,363
101517,549,0,0,0,0,2,0,0,0,0,0,0,0,0,0,0,542,541
101518,367,0,0,0,0,0,0,0,0,0,0,0,0,0,0,0,362,361
101519,347,0,0,0,0,1,0,0,0,0,0,0,0,0,0,0,342,341
101520,459,0,0,0,0,0,0,0,0,0,1,1,1,1,0,0,454,453
101521,354,0,0,0,0,1,0,0,0,0,0,0,0,0,0,0,349,348
101522,515,0,0,0,0,0,0,0,0,0,0,0,0,0,0,0,510,509
101523,435,0,0,0,0,0,0,0,0,0,1,1,1,1,0,0,430,429
101524,456,0,1,0,0,1,0,0,0,0,2,2,2,2,0,0,450,449
101525,556,0,0,0,0,0,0,0,0,0,2,2,2,2,0,0,551,550
101526,377,0,1,0,0,1,0,0,0,0,0,0,0,0,0,0,371,370
101527,542,0,0,0,0,0,0,0,0,0,0,0,0,0,0,0,537,536
101529,509,0,0,0,0,3,0,0,0,0,0,0,0,0,0,0,502,501
101530,320,0,0,0,0,2,0,0,0,0,0,0,0,0,0,0,314,314
101531,531,0,0,0,0,25,0,0,0,0,1,1,1,1,0,0,501,500
101532,482,0,0,0,0,0,0,0,0,0,0,0,0,0,0,0,477,476
101533,572,0,5,0,0,0,0,0,0,0,1,1,1,1,0,0,562,561
101534,465,0,0,0,0,1,0,0,0,0,1,1,1,1,0,0,460,459
101535,377,0,0,0,0,0,0,0,0,0,2,2,2,2,0,0,372,371
101536,381,0,0,0,0,1,0,0,0,0,0,0,0,0,0,0,376,375
101537,339,0,1,0,0,0,0,0,0,0,0,0,0,0,0,0,333,332
101538,485,0,0,0,0,0,0,0,0,0,0,0,0,0,0,0,480,479
101539,318,0,0,0,0,1,0,0,0,0,1,1,1,1,0,0,313,312
101540,359,0,0,0,0,4,0,0,0,0,0,0,0,0,0,0,351,351
101541,451,0,0,0,0,2,0,0,0,0,0,0,0,0,0,0,444,443
101542,587,0,0,0,0,1,0,0,0,0,1,1,1,1,0,0,581,580
101543,400,0,0,0,0,0,0,0,0,0,1,1,1,1,0,0,395,394
101544,399,0,0,0,0,1,0,0,0,0,0,0,0,0,0,0,394,393
101545,378,0,0,0,0,0,0,0,0,0,0,0,0,0,0,0,373,372
101546,445,0,0,0,0,1,0,0,0,0,1,1,1,1,0,0,439,438
101547,660,0,0,0,0,0,0,0,0,0,0,0,0,0,0,0,655,654
101548,393,0,0,0,0,9,0,0,0,0,0,0,0,0,0,0,380,379
101549,706,0,4,0,0,0,0,0,0,0,0,0,0,0,0,0,697,696
101550,501,0,0,0,0,2,0,0,0,0,0,0,0,0,0,0,495,494
101551,376,0,0,0,0,1,0,0,0,0,0,0,0,0,0,0,371,370
101552,472,0,0,0,0,1,0,0,0,0,0,0,0,0,0,0,467,466
101553,517,0,0,0,0,16,0,0,0,0,0,0,0,0,0,0,496,495
101554,543,0,0,0,0,1,0,0,0,0,0,0,0,0,0,0,538,537
101555,455,0,0,0,0,3,0,0,0,0,0,0,0,0,0,0,448,447
101556,223,0,0,0,0,0,0,0,0,0,0,0,0,0,0,0,218,217
101557,551,0,2,0,0,2,0,0,0,0,1,1,1,1,0,0,542,541
101558,505,0,0,0,0,0,0,0,0,0,1,1,1,1,0,0,500,499
101559,445,0,0,0,0,0,0,0,0,0,1,1,1,1,0,0,440,439
101560,550,0,0,0,0,1,0,0,0,0,1,1,1,1,0,0,544,543
101561,396,0,0,0,0,0,0,0,0,0,0,0,0,0,0,0,391,390
101563,837,0,0,0,0,3,0,0,0,0,0,0,0,0,0,0,830,829
101564,338,0,0,0,0,1,0,0,0,0,0,0,0,0,0,0,333,332
101565,315,0,0,0,0,1,0,0,0,0,0,0,0,0,0,0,310,309
101566,382,0,0,0,0,1,0,0,0,0,0,0,0,0,0,0,377,376
101567,563,0,0,0,0,1,0,0,0,0,0,0,0,0,0,0,557,556
101568,316,0,0,0,0,0,0,0,0,0,0,0,0,0,0,0,311,310
101569,372,0,0,0,0,1,0,0,0,0,0,0,0,0,0,0,367,366
101570,384,0,0,0,0,1,0,0,0,0,0,0,0,0,0,0,379,378
101571,374,0,0,0,0,0,0,0,0,0,1,1,1,1,0,0,369,368
101572,472,0,0,0,0,0,0,0,0,0,0,0,0,0,0,0,467,466
101573,404,0,1,0,0,1,0,0,0,0,0,0,0,0,0,0,398,397
101574,512,0,0,0,0,1,0,0,0,0,0,0,0,0,0,0,507,506
101575,365,0,0,0,0,0,0,0,0,0,0,0,0,0,0,0,360,359
101576,642,0,1,0,0,0,0,0,0,0,4,4,4,4,0,0,636,635
101577,456,0,0,0,0,1,0,0,0,0,0,0,0,0,0,0,451,450
101578,310,0,0,0,0,1,0,0,0,0,0,0,0,0,0,0,305,304
101579,598,0,0,0,0,0,0,0,0,0,0,0,0,0,0,0,593,592
101580,442,0,1,0,0,1,0,0,0,0,0,0,0,0,0,0,436,435
101581,357,0,0,0,0,0,0,0,0,0,0,0,0,0,0,0,352,351
101582,451,0,0,0,0,1,0,0,0,0,1,2,1,2,0,0,446,445
101583,204,0,0,0,0,0,0,0,0,0,0,0,0,0,0,0,199,198
101584,522,0,0,0,0,1,0,0,0,0,0,0,0,0,0,0,517,516
101585,509,0,1,0,0,1,0,0,0,0,0,0,0,0,0,0,503,502
101586,385,0,0,0,0,2,0,0,0,0,0,0,0,0,0,0,379,379
101587,361,0,0,0,0,1,0,0,0,0,0,0,0,0,0,0,356,355
101588,376,0,0,0,0,1,0,0,0,0,0,0,0,0,0,0,371,370
101589,593,0,0,0,0,1,0,0,0,0,0,0,0,0,0,0,588,587
101590,400,0,0,0,0,0,0,0,0,0,0,0,0,0,0,0,395,394
101591,606,0,1,0,0,9,0,0,0,0,0,0,0,0,0,0,592,591
101592,468,0,0,0,0,2,0,0,0,0,1,1,1,1,0,0,462,462
101593,475,0,0,0,0,1,0,0,0,0,0,0,0,0,0,0,470,469
101594,372,0,1,0,0,1,0,0,0,0,0,0,0,0,0,0,366,365
101595,371,0,0,0,0,1,0,0,0,0,0,0,0,0,0,0,366,365
101596,480,0,0,0,0,1,0,0,0,0,1,1,1,1,0,0,474,473
101597,390,0,0,0,0,7,0,0,0,0,0,0,0,0,0,0,378,377
101598,458,0,0,0,0,15,0,0,0,0,0,0,0,0,0,0,438,437
101599,468,0,0,0,0,0,0,0,0,0,0,0,0,0,0,0,463,462
101600,543,0,0,0,0,0,0,0,0,0,0,0,0,0,0,0,538,537
101601,444,0,0,0,0,1,0,0,0,0,0,0,0,0,0,0,439,438
101602,513,0,5,0,0,1,0,0,0,0,0,0,0,0,0,0,503,502
101603,327,0,1,0,0,1,0,0,0,0,0,0,0,0,0,0,321,320
101604,675,0,0,0,0,0,0,0,0,0,0,0,0,0,0,0,670,669
101605,344,0,0,0,0,0,0,0,0,0,0,0,0,0,0,0,339,338
101606,447,0,0,0,0,0,0,0,0,0,0,0,0,0,0,0,442,441
101607,423,0,0,0,0,3,0,0,0,0,0,0,0,0,0,0,415,414
101608,416,0,0,0,0,1,0,0,0,0,0,0,0,0,0,0,411,410
101609,437,0,0,0,0,1,0,0,0,0,0,0,0,0,0,0,432,431
101610,357,0,0,0,0,0,0,0,0,0,0,0,0,0,0,0,352,351
101611,356,0,1,0,0,1,0,0,0,0,0,0,0,0,0,0,349,348
101612,401,0,2,0,0,1,0,0,0,0,0,0,0,0,0,0,393,392
101613,422,0,0,0,0,2,0,0,0,0,0,0,0,0,0,0,416,415
101614,664,0,2,0,0,1,0,0,0,0,1,1,1,1,0,0,657,656
101615,207,0,2,0,0,0,0,0,0,0,0,0,0,0,0,0,200,199
101616,359,0,0,0,0,0,0,0,0,0,0,0,0,0,0,0,354,353
101617,593,0,0,0,0,1,0,0,0,0,1,1,1,1,0,0,588,587
101618,401,0,0,0,0,2,0,0,0,0,0,0,0,0,0,0,395,395
101619,409,0,0,0,0,1,0,0,0,0,0,0,0,0,0,0,404,403
101620,367,0,0,0,0,0,0,0,0,0,0,0,0,0,0,0,362,361
101621,466,0,0,0,0,0,0,0,0,0,0,0,0,0,0,0,461,460
101622,400,0,0,0,0,0,0,0,0,0,0,0,0,0,0,0,395,394
101623,81,0,3,0,0,2,0,0,0,0,0,0,0,0,0,0,72,72
101624,449,0,0,0,0,1,0,0,0,0,0,0,0,0,0,0,444,443
101625,506,0,0,0,0,4,0,0,0,0,2,2,2,2,0,0,497,496
101626,704,0,3,0,0,19,0,0,0,0,0,0,0,0,0,0,677,676
101627,336,0,0,0,0,0,0,0,0,0,0,0,0,0,0,0,331,330
101628,830,0,0,0,0,0,0,0,0,0,2,2,2,2,0,0,825,824
101629,354,0,0,0,0,1,0,0,0,0,0,0,0,0,0,0,349,348
101630,371,0,0,0,0,1,0,0,0,0,0,0,0,0,0,0,366,365
101631,451,0,1,0,0,0,0,0,0,0,2,2,2,2,0,0,445,444
101632,642,0,1,0,0,3,0,0,0,0,0,0,0,0,0,0,633,632
101633,443,0,0,0,0,1,0,0,0,0,0,0,0,0,0,0,438,437
101634,481,0,0,0,0,2,0,0,0,0,0,0,0,0,0,0,475,474
101635,349,0,1,0,0,1,0,0,0,0,0,0,0,0,0,0,343,342
101636,310,0,0,0,0,2,0,0,0,0,0,0,0,0,0,0,304,303
101637,507,0,0,0,0,1,0,0,0,0,0,0,0,0,0,0,502,501
101638,362,0,0,0,0,1,0,0,0,0,1,1,1,1,0,0,357,356
101639,521,0,0,0,0,0,0,0,0,0,0,0,0,0,0,0,516,515
101640,343,0,0,0,0,2,0,0,0,0,0,0,0,0,0,0,337,337
101641,421,0,0,0,0,3,0,0,0,0,1,1,1,1,0,0,414,413
101642,371,0,0,0,0,1,0,0,0,0,0,0,0,0,0,0,366,365
101643,295,0,0,0,0,2,0,0,0,0,0,0,0,0,0,0,289,289
101644,56,0,1,0,0,2,0,0,0,0,0,0,0,0,0,0,49,49
101645,610,0,0,0,0,0,0,0,0,0,0,0,0,0,0,0,605,604
101646,341,0,0,0,0,0,0,0,0,0,0,0,0,0,0,0,336,335
101648,347,0,1,0,0,1,0,0,0,0,0,0,0,0,0,0,341,340
101649,609,0,0,0,0,0,0,0,0,0,1,1,1,1,0,0,604,603
101650,557,0,0,0,0,0,0,0,0,0,0,0,0,0,0,0,552,551
101651,647,0,0,0,0,0,0,0,0,0,0,0,0,0,0,0,642,641
101652,131,0,0,0,0,1,0,0,0,0,1,1,1,1,0,0,125,124
101653,468,0,0,0,0,0,0,0,0,0,0,0,0,0,0,0,463,462
101654,489,0,0,0,0,2,0,0,0,0,1,1,1,1,0,0,482,481
101655,387,0,0,0,0,5,0,0,0,0,0,0,0,0,0,0,378,377
101656,428,0,1,0,0,0,0,0,0,0,1,1,1,1,0,0,422,421
101657,490,0,0,0,0,0,0,0,0,0,1,1,1,1,0,0,485,484
101658,631,0,0,0,0,1,0,0,0,0,0,0,0,0,0,0,625,624
101659,655,0,0,0,0,3,0,0,0,0,2,2,2,2,0,0,647,646
101660,459,0,0,0,0,0,0,0,0,0,0,0,0,0,0,0,454,453
101661,318,0,0,0,0,0,0,0,0,0,0,0,0,0,0,0,313,312
101662,659,0,0,0,0,1,0,0,0,0,0,0,0,0,0,0,654,653
101663,331,0,0,0,0,1,0,0,0,0,0,0,0,0,0,0,326,325
101664,347,0,0,0,0,1,0,0,0,0,0,0,0,0,0,0,342,341
101665,328,0,0,0,0,1,0,0,0,0,0,0,0,0,0,0,323,322
101666,422,0,0,0,0,1,0,0,0,0,1,1,1,1,0,0,417,416
101667,415,0,0,0,0,1,0,0,0,0,0,0,0,0,0,0,410,409
101668,370,0,0,0,0,1,0,0,0,0,0,0,0,0,0,0,365,364
101669,723,0,0,0,0,0,0,0,0,0,2,2,2,2,0,0,718,717
101670,424,0,0,0,0,1,0,0,0,0,0,0,0,0,0,0,419,418
101671,617,0,1,0,0,0,0,0,0,0,0,0,0,0,0,0,611,610
101672,496,0,0,0,0,0,0,0,0,0,0,0,0,0,0,0,491,490
101673,478,0,1,0,0,1,0,0,0,0,0,0,0,0,0,0,472,471
101674,379,0,1,0,0,0,0,0,0,0,0,0,0,0,0,0,373,372
101675,279,0,0,0,0,1,0,0,0,0,0,0,0,0,0,0,274,273
101676,319,0,0,0,0,2,0,0,0,0,0,0,0,0,0,0,313,313
101677,204,0,0,0,0,2,0,0,0,0,0,0,0,0,0,0,198,198
101678,328,0,0,0,0,1,0,0,0,0,0,0,0,0,0,0,323,322
101679,330,0,0,0,0,1,0,0,0,0,0,0,0,0,0,0,324,323
101680,421,0,0,0,0,2,0,0,0,0,0,0,0,0,0,0,415,414
101681,423,0,0,0,0,1,0,0,0,0,1,1,1,1,0,0,418,417
101682,372,0,0,0,0,0,0,0,0,0,2,2,2,2,0,0,367,366
101683,376,0,0,0,0,1,0,0,0,0,0,0,0,0,0,0,371,370
101684,475,0,0,0,0,0,0,0,0,0,0,0,0,0,0,0,470,469
101685,489,0,1,0,0,1,0,0,0,0,27,27,27,27,0,0,483,482
101686,451,0,1,0,0,3,0,0,0,0,1,1,1,1,0,0,443,442
101687,250,0,0,0,0,2,0,0,0,0,0,0,0,0,0,0,244,244
101688,883,0,0,0,0,1,0,0,0,0,81,81,81,81,0,0,877,876
101689,462,0,0,0,0,1,0,0,0,0,0,0,0,0,0,0,457,456
101690,529,0,0,0,0,0,0,0,0,0,0,0,0,0,0,0,524,523
101691,465,0,0,0,0,3,0,0,0,0,0,0,0,0,0,0,457,456
101692,730,0,0,0,0,1,0,0,0,0,0,0,0,0,0,0,725,724
101693,422,0,0,0,0,0,0,0,0,0,1,1,1,1,0,0,417,416
101694,542,0,0,0,0,1,0,0,0,0,0,0,0,0,0,0,537,536
101695,332,0,0,0,0,2,0,0,0,0,0,0,0,0,0,0,326,326
101696,427,0,0,0,0,2,0,0,0,0,1,1,1,1,0,0,421,421
101697,280,0,0,0,0,1,0,0,0,0,1,1,1,1,0,0,275,274
101698,635,0,0,0,0,0,0,0,0,0,1,1,1,1,0,0,630,629
101699,634,0,0,0,0,1,0,0,0,0,0,0,0,0,0,0,629,628
101700,427,0,1,0,0,1,0,0,0,0,0,0,0,0,0,0,421,420
101701,501,0,0,0,0,0,0,0,0,0,2,2,2,2,0,0,496,495
101702,450,0,0,0,0,0,0,0,0,0,1,1,1,1,0,0,445,444
101703,355,0,0,0,0,2,0,0,0,0,0,0,0,0,0,0,349,349
101704,489,0,0,0,0,1,0,0,0,0,0,0,0,0,0,0,484,483
101705,361,0,1,0,0,1,0,0,0,0,0,0,0,0,0,0,355,354
101706,345,0,0,0,0,0,0,0,0,0,0,0,0,0,0,0,340,339
101707,487,0,0,0,0,1,0,0,0,0,0,0,0,0,0,0,482,481
101708,350,0,0,0,0,1,0,0,0,0,0,0,0,0,0,0,345,344
101709,599,0,0,0,0,0,0,0,0,0,0,0,0,0,0,0,594,593
101710,394,0,0,0,0,0,0,0,0,0,0,0,0,0,0,0,389,388
101711,773,0,0,0,0,0,0,0,0,0,0,0,0,0,0,0,768,767
101712,326,0,0,0,0,3,0,0,0,0,0,0,0,0,0,0,319,319
101713,469,0,0,0,0,1,0,0,0,0,1,2,1,2,0,0,464,463
101714,405,0,0,0,0,2,0,0,0,0,0,0,0,0,0,0,399,398
101715,494,0,0,0,0,1,0,0,0,0,0,0,0,0,0,0,489,488
101716,582,0,0,0,0,0,0,0,0,0,4,4,4,4,0,0,577,576
101717,515,0,0,0,0,0,0,0,0,0,1,1,1,1,0,0,510,509
101718,323,0,0,0,0,2,0,0,0,0,1,1,1,1,0,0,317,316
101719,392,0,0,0,0,0,0,0,0,0,0,0,0,0,0,0,387,386
101720,659,0,0,0,0,0,0,0,0,0,23,23,23,23,0,0,654,653
101721,344,0,0,0,0,2,0,0,0,0,0,0,0,0,0,0,338,338
101722,305,0,0,0,0,2,0,0,0,0,0,0,0,0,0,0,299,299
101723,365,0,0,0,0,0,0,0,0,0,2,2,2,2,0,0,360,359
101724,476,0,0,0,0,2,0,0,0,0,1,1,1,1,0,0,470,469
101725,393,0,0,0,0,0,0,0,0,0,2,2,2,2,0,0,388,387
101726,314,0,1,0,0,0,0,0,0,0,0,0,0,0,0,0,308,307
101727,421,0,0,0,0,1,0,0,0,0,0,0,0,0,0,0,416,415
101728,545,0,0,0,0,2,0,0,0,0,2,2,2,2,0,0,538,537
101729,414,0,0,0,0,0,0,0,0,0,0,0,0,0,0,0,409,408
101730,347,0,0,0,0,1,0,0,0,0,0,0,0,0,0,0,342,341
101731,583,0,0,0,0,0,0,0,0,0,1,1,1,1,0,0,578,577
101732,583,0,1,0,0,0,0,0,0,0,0,0,0,0,0,0,577,576
101733,452,0,0,0,0,2,0,0,0,0,0,0,0,0,0,0,446,445
101734,511,0,0,0,0,1,0,0,0,0,1,1,1,1,0,0,505,504
101735,300,0,0,0,0,0,0,0,0,0,0,0,0,0,0,0,295,294
101736,391,0,0,0,0,0,0,0,0,0,0,0,0,0,0,0,386,385
101737,365,0,0,0,0,1,0,0,0,0,0,0,0,0,0,0,360,359
101738,408,0,2,0,0,1,0,0,0,0,0,0,0,0,0,0,401,400
101739,524,0,0,0,0,0,0,0,0,0,2,2,2,2,0,0,519,518
101740,381,0,0,0,0,0,0,0,0,0,0,0,0,0,0,0,376,375
101741,381,0,0,0,0,1,0,0,0,0,0,0,0,0,0,0,376,375
101742,299,0,0,0,0,0,0,0,0,0,0,0,0,0,0,0,294,293
101743,675,0,0,0,0,0,0,0,0,0,0,0,0,0,0,0,670,669
101744,525,0,0,0,0,0,0,0,0,0,2,2,2,2,0,0,520,519
101745,542,0,0,0,0,1,0,0,0,0,0,0,0,0,0,0,537,536
101746,176,0,0,0,0,0,0,0,0,0,0,0,0,0,0,0,171,170
101747,390,0,0,0,0,1,0,0,0,0,1,1,1,1,0,0,385,384
101748,224,0,2,0,0,0,0,0,0,0,0,0,0,0,0,0,217,216
101749,559,0,0,0,0,0,0,0,0,0,1,1,1,1,0,0,554,553
101750,399,0,0,0,0,0,0,0,0,0,0,0,0,0,0,0,394,393
101751,354,0,0,0,0,0,0,0,0,0,0,0,0,0,0,0,349,348
101752,340,0,0,0,0,1,0,0,0,0,0,0,0,0,0,0,335,334
101753,487,0,0,0,0,1,0,0,0,0,0,0,0,0,0,0,482,481
101754,376,0,0,0,0,1,0,0,0,0,0,0,0,0,0,0,370,369
101755,437,0,0,0,0,3,0,0,0,0,0,0,0,0,0,0,430,429
101756,495,0,0,0,0,2,0,0,0,0,11,11,11,11,0,0,488,487
101757,454,0,0,0,0,0,0,0,0,0,21,21,21,21,0,0,449,448
101758,565,0,0,0,0,2,0,0,0,0,0,0,0,0,0,0,558,557
101759,503,0,0,0,0,2,0,0,0,0,0,0,0,0,0,0,497,496
101760,559,0,0,0,0,0,0,0,0,0,2,2,2,2,0,0,554,553
101761,285,0,1,0,0,2,0,0,0,0,0,0,0,0,0,0,278,278
101762,591,0,0,0,0,1,0,0,0,0,0,0,0,0,0,0,586,585
101763,492,0,0,0,0,20,0,0,0,0,1,1,1,1,0,0,467,466
101764,284,0,0,0,0,1,0,0,0,0,0,0,0,0,0,0,279,278
101765,414,0,0,0,0,1,0,0,0,0,0,0,0,0,0,0,409,408
101766,338,0,0,0,0,1,0,0,0,0,2,2,2,2,0,0,333,332
101767,464,0,0,0,0,1,0,0,0,0,0,0,0,0,0,0,459,458
101768,398,0,0,0,0,34,0,0,0,0,0,0,0,0,0,0,359,358
101769,239,0,0,0,0,2,0,0,0,0,0,0,0,0,0,0,233,233
101770,242,0,0,0,0,1,0,0,0,0,0,0,0,0,0,0,237,236
101771,394,0,0,0,0,2,0,0,0,0,0,0,0,0,0,0,388,388
101772,417,0,0,0,0,1,0,0,0,0,0,0,0,0,0,0,412,411
101773,390,0,1,0,0,1,0,0,0,0,1,1,1,1,0,0,383,382
101774,435,0,0,0,0,1,0,0,0,0,0,0,0,0,0,0,430,429
101775,371,0,1,0,0,0,0,0,0,0,0,0,0,0,0,0,365,364
101776,396,0,0,0,0,0,0,0,0,0,0,0,0,0,0,0,391,390
101777,308,0,0,0,0,2,0,0,0,0,0,0,0,0,0,0,302,302
101778,292,0,0,0,0,1,0,0,0,0,0,0,0,0,0,0,287,286
101779,346,0,0,0,0,2,0,0,0,0,0,0,0,0,0,0,340,339
101780,273,0,0,0,0,2,0,0,0,0,0,0,0,0,0,0,267,267
101781,360,0,0,0,0,1,0,0,0,0,1,1,1,1,0,0,355,354
101782,580,0,0,0,0,0,0,0,0,0,0,0,0,0,0,0,575,574
101783,355,0,0,0,0,2,0,0,0,0,0,0,0,0,0,0,349,348
101784,635,0,0,0,0,0,0,0,0,0,1,1,1,1,0,0,630,629
101785,520,0,0,0,0,1,0,0,0,0,0,0,0,0,0,0,515,514
101786,343,0,0,0,0,1,0,0,0,0,1,1,1,1,0,0,338,337
101787,371,0,0,0,0,1,0,0,0,0,0,0,0,0,0,0,366,365
101788,434,0,0,0,0,1,0,0,0,0,1,1,1,1,0,0,429,428
101789,366,0,0,0,0,1,0,0,0,0,0,0,0,0,0,0,361,360
101790,343,0,0,0,0,1,0,0,0,0,0,0,0,0,0,0,338,337
101791,412,0,0,0,0,1,0,0,0,0,0,0,0,0,0,0,407,406
101792,377,0,0,0,0,1,0,0,0,0,1,1,1,1,0,0,372,371
101793,217,0,0,0,0,2,0,0,0,0,0,0,0,0,0,0,211,211
101794,458,0,0,0,0,2,0,0,0,0,0,0,0,0,0,0,451,450
101795,495,0,0,0,0,0,0,0,0,0,0,0,0,0,0,0,490,489
101796,295,0,0,0,0,1,0,0,0,0,0,0,0,0,0,0,290,289
101797,506,0,0,0,0,0,0,0,0,0,1,1,1,1,0,0,501,500
101798,454,0,0,0,0,8,0,0,0,0,0,0,0,0,0,0,442,441
101799,384,0,0,0,0,1,0,0,0,0,0,0,0,0,0,0,379,378
101800,570,0,0,0,0,8,0,0,0,0,0,0,0,0,0,0,557,556
101801,567,0,1,0,0,4,0,0,0,0,0,0,0,0,0,0,558,557
101802,488,0,0,0,0,3,0,0,0,0,0,0,0,0,0,0,480,479
101803,321,0,4,0,0,2,0,0,0,0,0,0,0,0,0,0,311,310
101804,572,0,1,0,0,5,0,0,0,0,0,0,0,0,0,0,562,561
101805,487,0,0,0,0,13,0,0,0,0,0,0,0,0,0,0,470,469
101806,405,0,1,0,0,1,0,0,0,0,0,0,0,0,0,0,399,398
101807,382,0,0,0,0,0,0,0,0,0,0,0,0,0,0,0,377,376
101808,517,0,3,0,0,2,0,0,0,0,0,0,0,0,0,0,508,507
101809,337,0,0,0,0,1,0,0,0,0,0,0,0,0,0,0,332,331
101810,377,0,0,0,0,1,0,0,0,0,0,0,0,0,0,0,372,371
101811,330,0,0,0,0,0,0,0,0,0,0,0,0,0,0,0,325,324
101812,442,0,0,0,0,0,0,0,0,0,1,1,1,1,0,0,437,436
101813,376,0,0,0,0,2,0,0,0,0,0,0,0,0,0,0,370,369
101814,619,0,0,0,0,1,0,0,0,0,3,3,3,3,0,0,613,612
101815,57,0,3,0,0,2,0,0,0,0,0,0,0,0,0,0,48,48
101816,478,0,0,0,0,0,0,0,0,0,1,1,1,1,0,0,473,472
101817,413,0,2,0,0,1,0,0,0,0,0,0,0,0,0,0,406,405
101818,516,0,1,0,0,0,0,0,0,0,2,2,2,2,0,0,510,509
101819,286,0,0,0,0,1,0,0,0,0,0,0,0,0,0,0,281,280
101820,444,0,0,0,0,1,0,0,0,0,0,0,0,0,0,0,439,438
101821,445,0,0,0,0,0,0,0,0,0,1,1,1,1,0,0,440,439
101822,488,0,0,0,0,3,0,0,0,0,0,0,0,0,0,0,481,480
101823,298,0,0,0,0,0,0,0,0,0,0,0,0,0,0,0,293,292
101824,320,0,0,0,0,2,0,0,0,0,0,0,0,0,0,0,314,313
101825,518,0,0,0,0,1,0,0,0,0,1,1,1,1,0,0,512,511
101826,409,0,0,0,0,1,0,0,0,0,0,0,0,0,0,0,404,403
101827,362,0,0,0,0,0,0,0,0,0,0,0,0,0,0,0,357,356
101828,212,0,0,0,0,2,0,0,0,0,0,0,0,0,0,0,206,206
101829,564,0,2,0,0,0,0,0,0,0,0,0,0,0,0,0,557,556
101830,467,0,0,0,0,0,0,0,0,0,0,0,0,0,0,0,462,461
101831,371,0,0,0,0,1,0,0,0,0,0,0,0,0,0,0,366,365
101832,693,0,0,0,0,0,0,6,0,0,1,1,1,1,0,0,688,687
101833,475,0,0,0,0,0,0,0,0,0,0,0,0,0,0,0,470,469
101834,317,0,0,0,0,2,0,0,0,0,0,0,0,0,0,0,311,311
101835,475,0,0,0,0,1,0,0,0,0,0,0,0,0,0,0,470,469
101836,215,0,0,0,0,1,0,0,0,0,0,0,0,0,0,0,210,209
101837,580,0,0,0,0,1,0,0,0,0,0,0,0,0,0,0,575,574
101838,428,0,0,0,0,0,0,0,0,0,0,0,0,0,0,0,423,422
101839,420,0,0,0,0,3,0,0,0,0,0,0,0,0,0,0,413,412
101840,281,0,0,0,0,1,0,0,0,0,0,0,0,0,0,0,275,274
101841,337,0,0,0,0,2,0,0,0,0,1,1,1,1,0,0,331,330
101842,343,0,0,0,0,1,0,0,0,0,0,0,0,0,0,0,337,336
101843,416,0,0,0,0,3,0,0,0,0,0,0,0,0,0,0,408,407
101844,560,0,0,0,0,0,0,0,0,0,0,0,0,0,0,0,555,554
101845,348,0,0,0,0,3,0,0,0,0,0,0,0,0,0,0,340,339
101846,337,0,0,0,0,1,0,0,0,0,0,0,0,0,0,0,332,331
101847,542,0,0,0,0,0,0,0,0,0,2,2,2,2,0,0,537,536
101848,190,0,0,0,0,2,0,0,0,0,2,2,2,2,0,0,184,184
101849,375,0,0,0,0,0,0,0,0,0,0,0,0,0,0,0,370,369
101850,440,0,0,0,0,1,0,0,0,0,0,0,0,0,0,0,435,434
101851,443,0,0,0,0,0,0,0,0,0,0,0,0,0,0,0,438,437
101852,192,0,0,0,0,1,0,0,0,0,0,0,0,0,0,0,187,186
101853,549,0,0,0,0,0,0,0,0,0,0,0,0,0,0,0,544,543
101854,352,0,0,0,0,0,0,0,0,0,0,0,0,0,0,0,347,346
101855,597,0,0,0,0,3,0,0,0,0,1,1,1,1,0,0,590,589
101856,320,0,0,0,0,1,0,0,0,0,0,0,0,0,0,0,314,313
101857,552,0,0,0,0,0,0,0,0,0,1,1,1,1,0,0,547,546
101858,349,0,0,0,0,1,0,0,0,0,1,1,1,1,0,0,344,343
101859,331,0,0,0,0,1,0,0,0,0,0,0,0,0,0,0,326,325
101860,421,0,0,0,0,1,0,0,0,0,0,0,0,0,0,0,416,415
101861,562,0,0,0,0,0,0,0,0,0,0,0,0,0,0,0,557,556
101862,465,0,0,0,0,1,0,0,0,0,0,0,0,0,0,0,460,459
101863,503,0,0,0,0,1,0,0,0,0,0,0,0,0,0,0,497,496
101864,173,0,0,0,0,3,0,0,0,0,0,0,0,0,0,0,166,166
101865,638,0,0,0,0,0,0,0,0,0,0,0,0,0,0,0,633,632
101866,343,0,0,0,0,1,0,0,0,0,0,0,0,0,0,0,338,337
101867,287,0,0,0,0,0,0,0,0,0,0,0,0,0,0,0,282,281
101868,385,0,0,0,0,2,0,0,0,0,0,0,0,0,0,0,379,379
101869,259,0,0,0,0,1,0,0,0,0,0,0,0,0,0,0,254,253
101870,645,0,0,0,0,3,0,0,0,0,0,0,0,0,0,0,637,636
101871,506,0,0,0,0,0,0,0,0,0,0,0,0,0,0,0,501,500
101872,539,0,0,0,0,0,0,0,0,0,0,0,0,0,0,0,534,533
101873,477,0,0,0,0,5,0,0,0,0,0,0,0,0,0,0,467,466
101874,457,0,0,0,0,0,0,0,0,0,0,0,0,0,0,0,452,451
101875,483,0,0,0,0,0,0,0,0,0,1,1,1,1,0,0,478,477
101876,316,0,0,0,0,1,0,0,0,0,0,0,0,0,0,0,311,310
101877,363,0,0,0,0,1,0,0,0,0,0,0,0,0,0,0,358,357
101878,375,0,0,0,0,0,0,0,0,0,0,0,0,0,0,0,370,369
101879,301,0,1,0,0,2,0,0,0,0,0,0,0,0,0,0,294,294
101880,340,0,0,0,0,2,0,0,0,0,0,0,0,0,0,0,333,332
101881,393,0,0,0,0,1,0,0,0,0,0,0,0,0,0,0,388,387
101882,377,0,0,0,0,1,0,0,0,0,0,0,0,0,0,0,372,371
101883,474,0,0,0,0,0,0,0,0,0,2,2,2,2,0,0,469,468
101884,487,0,0,0,0,0,0,0,0,0,1,1,1,1,0,0,482,481
101885,289,0,0,0,0,1,0,0,0,0,0,0,0,0,0,0,284,283
101886,409,0,0,0,0,0,0,0,0,0,0,0,0,0,0,0,404,403
101887,313,0,0,0,0,0,0,0,0,0,0,0,0,0,0,0,308,307
101888,597,0,0,0,0,0,0,0,0,0,0,0,0,0,0,0,592,591
101889,444,0,0,0,0,0,0,0,0,0,1,1,1,1,0,0,439,438
101890,389,0,0,0,0,1,0,0,0,0,0,0,0,0,0,0,384,383
101891,317,0,0,0,0,0,0,0,0,0,0,0,0,0,0,0,312,311
101892,345,0,1,0,0,1,0,0,0,0,0,0,0,0,0,0,339,338
101893,419,0,0,0,0,1,0,0,0,0,22,23,22,23,0,0,413,412
101894,269,0,0,0,0,2,0,0,0,0,0,0,0,0,0,0,263,263
101895,501,0,0,0,0,0,0,0,0,0,0,0,0,0,0,0,496,495
101896,376,0,0,0,0,1,0,0,0,0,0,0,0,0,0,0,371,370
101897,477,0,0,0,0,1,0,0,0,0,0,0,0,0,0,0,472,471
101898,805,0,1,0,0,0,0,0,0,0,0,0,0,0,0,0,799,798
101899,408,0,0,0,0,0,0,0,0,0,1,1,1,1,0,0,403,402
101901,63,0,0,0,0,1,0,0,0,0,0,0,0,0,0,0,58,57
101902,372,0,1,0,0,2,0,0,0,0,0,0,0,0,0,0,365,365
101903,591,0,4,0,0,1,0,0,0,0,0,0,0,0,0,0,582,581
101904,266,0,0,0,0,0,0,0,0,0,0,0,0,0,0,0,261,260
101905,473,0,1,0,0,1,0,0,0,0,1,1,1,1,0,0,466,465
101906,499,0,0,0,0,2,0,0,0,0,0,0,0,0,0,0,493,493
101907,782,0,0,0,0,6,0,0,0,0,0,0,0,0,0,0,772,771
101908,360,0,0,0,0,1,0,0,0,0,0,0,0,0,0,0,355,354
101909,343,0,0,0,0,1,0,0,0,0,0,0,0,0,0,0,338,337
101910,557,0,0,0,0,0,0,0,0,0,0,0,0,0,0,0,552,551
101911,346,0,1,0,0,2,0,0,0,0,0,0,0,0,0,0,339,339
101912,332,0,0,0,0,1,0,0,0,0,0,0,0,0,0,0,327,326
101913,539,0,0,0,0,1,0,0,0,0,2,2,2,2,0,0,533,532
101914,427,0,0,0,0,2,0,0,0,0,0,0,0,0,0,0,421,420
101915,508,0,0,0,0,3,0,9,0,0,0,0,0,0,0,0,500,499
101916,552,0,0,0,0,0,0,0,0,0,0,0,0,0,0,0,547,546
101917,387,0,0,0,0,1,0,0,0,0,0,0,0,0,0,0,382,381
101918,426,0,0,0,0,1,0,0,0,0,0,0,0,0,0,0,421,420
101919,500,0,0,0,0,0,0,0,0,0,0,0,0,0,0,0,495,494
101920,339,0,0,0,0,0,0,0,0,0,0,0,0,0,0,0,334,333
101921,395,0,1,0,0,1,0,0,0,0,0,0,0,0,0,0,389,388
101922,492,0,0,0,0,1,0,0,0,0,0,0,0,0,0,0,487,486
101923,351,0,0,0,0,1,0,0,0,0,0,0,0,0,0,0,346,345
101924,427,0,0,0,0,0,0,0,0,0,0,0,0,0,0,0,422,421
101925,329,0,0,0,0,1,0,0,0,0,0,0,0,0,0,0,323,322
101926,500,0,0,0,0,0,0,0,0,0,1,1,1,1,0,0,495,494
101927,382,0,0,0,0,2,0,0,0,0,0,0,0,0,0,0,376,376
101928,414,0,0,0,0,0,0,0,0,0,0,0,0,0,0,0,409,408
101929,402,0,0,0,0,0,0,0,0,0,0,0,0,0,0,0,397,396
101930,383,0,0,0,0,1,0,0,0,0,0,0,0,0,0,0,378,377
101931,418,0,0,0,0,1,0,0,0,0,0,0,0,0,0,0,413,412
101933,747,0,1,0,0,9,0,0,0,0,0,0,0,0,0,0,733,732
101934,469,0,0,0,0,0,0,0,0,0,0,0,0,0,0,0,464,463
101935,639,0,0,0,0,0,0,0,0,0,2,2,2,2,0,0,634,633
101936,370,0,0,0,0,3,0,0,0,0,0,0,0,0,0,0,362,361
101937,681,0,0,0,0,2,0,0,0,0,27,27,27,27,0,0,674,673
101938,593,0,0,0,0,1,0,0,0,0,0,0,0,0,0,0,588,587
101939,347,0,0,0,0,1,0,0,0,0,0,0,0,0,0,0,341,340
101940,255,0,0,0,0,1,0,0,0,0,0,0,0,0,0,0,250,249
101941,384,0,0,0,0,2,0,0,0,0,0,0,0,0,0,0,378,377
101942,334,0,0,0,0,1,0,0,0,0,0,0,0,0,0,0,329,328
101943,644,0,0,0,0,0,0,0,0,0,2,2,2,2,0,0,639,638
101944,365,0,1,0,0,1,0,0,0,0,0,0,0,0,0,0,359,358
101945,822,0,0,0,0,1,0,0,0,0,0,0,0,0,0,0,817,816
101946,362,0,0,0,0,1,0,0,0,0,2,2,2,2,0,0,356,355
101947,641,0,0,0,0,0,0,0,0,0,1,1,1,1,0,0,636,635
101948,519,0,0,0,0,0,0,0,0,0,0,0,0,0,0,0,514,513
101949,400,0,1,0,0,1,0,0,0,0,0,0,0,0,0,0,394,393
101950,369,0,0,0,0,0,0,0,0,0,0,0,0,0,0,0,364,363
101951,589,0,0,0,0,4,0,0,0,0,0,0,0,0,0,0,580,579
101952,249,0,0,0,0,0,0,0,0,0,0,0,0,0,0,0,244,243
101953,423,0,1,0,0,0,0,0,0,0,1,1,1,1,0,0,417,416
101954,551,0,0,0,0,1,0,0,0,0,0,0,0,0,0,0,546,545
101955,608,0,0,0,0,1,0,0,0,0,0,0,0,0,0,0,603,602
101956,465,0,0,0,0,0,0,0,0,0,2,2,2,2,0,0,460,459
101957,356,0,1,0,0,1,0,0,0,0,0,0,0,0,0,0,349,348
101958,547,0,0,0,0,3,0,0,0,0,0,0,0,0,0,0,540,539
101959,647,0,0,0,0,1,0,0,0,0,0,0,0,0,0,0,642,641
101960,326,0,0,0,0,1,0,0,0,0,10,10,10,10,0,0,321,320
101961,528,0,0,0,0,0,0,0,0,0,0,0,0,0,0,0,523,522
101962,499,0,0,0,0,0,0,0,0,0,0,0,0,0,0,0,494,493
101963,368,0,0,0,0,2,0,0,0,0,0,0,0,0,0,0,362,361
101964,448,0,0,0,0,1,0,0,0,0,0,0,0,0,0,0,443,442
101965,391,0,0,0,0,2,0,0,0,0,0,0,0,0,0,0,385,385
101966,507,0,0,0,0,1,0,0,0,0,0,0,0,0,0,0,502,501
101967,342,0,0,0,0,2,0,0,0,0,0,0,0,0,0,0,336,336
101968,463,0,0,0,0,2,0,0,0,0,0,0,0,0,0,0,458,457
101969,507,0,0,0,0,0,0,0,0,0,0,0,0,0,0,0,502,501
101970,733,0,1,0,0,1,0,0,0,0,0,0,0,0,0,0,727,726
101971,516,0,0,0,0,0,0,0,0,0,1,1,1,1,0,0,511,510
101972,502,0,0,0,0,1,0,0,0,0,0,0,0,0,0,0,497,496
101973,352,0,1,0,0,0,0,0,0,0,0,0,0,0,0,0,346,345
101974,470,0,1,0,0,0,0,0,0,0,0,0,0,0,0,0,464,463
101975,694,0,0,0,0,1,0,0,0,0,0,0,0,0,0,0,689,688
101976,341,0,0,0,0,0,0,0,0,0,1,1,1,1,0,0,336,335
101977,505,0,0,0,0,0,0,0,0,0,2,2,2,2,0,0,500,499
101978,362,0,0,0,0,0,0,0,0,0,1,1,1,1,0,0,357,356
101979,424,0,0,0,0,1,0,0,0,0,0,0,0,0,0,0,419,418
101980,474,0,0,0,0,0,0,0,0,0,0,0,0,0,0,0,469,468
101981,405,0,0,0,0,2,0,0,0,0,0,0,0,0,0,0,399,398
101982,559,0,2,0,0,0,0,0,0,0,2,2,2,2,0,0,552,551
101983,468,0,0,0,0,0,0,0,0,0,1,1,1,1,0,0,463,462
101984,553,0,0,0,0,1,0,0,0,0,0,0,0,0,0,0,548,547
101985,344,0,0,0,0,4,0,0,0,0,0,0,0,0,0,0,336,336
101986,393,0,0,0,0,1,0,0,0,0,0,0,0,0,0,0,388,387
101987,228,0,0,0,0,0,0,0,0,0,0,0,0,0,0,0,223,222
101988,503,0,0,0,0,0,0,0,0,0,14,16,14,16,0,0,498,497
101989,344,0,0,0,0,0,0,0,0,0,0,0,0,0,0,0,339,338
101990,371,0,0,0,0,0,0,0,0,0,0,0,0,0,0,0,366,365
101991,364,0,0,0,0,1,0,0,0,0,0,0,0,0,0,0,359,358
101992,395,0,0,0,0,1,0,0,0,0,0,0,0,0,0,0,390,389
101993,361,0,0,0,0,6,0,0,0,0,0,0,0,0,0,0,350,349
101994,327,0,1,0,0,1,0,0,0,0,0,0,0,0,0,0,321,320
101995,498,0,0,0,0,0,0,0,0,0,2,2,2,2,0,0,493,492
101996,758,0,0,0,0,13,0,0,0,0,0,0,0,0,0,0,741,740
101997,35,0,0,0,0,0,0,0,0,0,0,0,0,0,0,0,30,29
101998,355,0,0,0,0,0,0,0,0,0,0,0,0,0,0,0,350,349
101999,379,0,1,0,0,2,0,0,0,0,0,0,0,0,0,0,372,372
102000,418,0,0,0,0,6,0,0,0,0,0,0,0,0,0,0,408,407
102001,483,0,1,0,0,0,0,0,0,0,6,6,6,6,0,0,477,476
102002,318,0,0,0,0,2,0,0,0,0,0,0,0,0,0,0,312,311
102003,558,0,0,0,0,1,0,0,0,0,2,2,2,2,0,0,553,552
102004,463,0,0,0,0,0,0,0,0,0,1,1,1,1,0,0,458,457
102005,374,0,1,0,0,1,0,0,0,0,0,0,0,0,0,0,368,367
102006,262,0,0,0,0,0,0,0,0,0,0,0,0,0,0,0,257,256
102007,556,0,0,0,0,1,0,0,0,0,1,1,1,1,0,0,550,549
102008,418,0,0,0,0,6,0,0,0,0,0,0,0,0,0,0,408,407
102009,290,0,0,0,0,1,0,0,0,0,0,0,0,0,0,0,284,283
102010,341,0,0,0,0,0,0,0,0,0,0,0,0,0,0,0,336,335
102011,552,0,0,0,0,0,0,0,0,0,2,2,2,2,0,0,547,546
102012,439,0,0,0,0,0,0,0,0,0,3,3,3,3,0,0,434,433
102013,284,0,0,0,0,2,0,0,0,0,0,0,0,0,0,0,278,278
102014,405,0,1,0,0,0,0,0,0,0,0,0,0,0,0,0,399,398
102016,494,0,1,0,0,0,0,0,0,0,1,1,1,1,0,0,488,487
102017,465,0,2,0,0,2,0,6,0,0,1,1,1,1,0,0,457,457
102018,481,0,0,0,0,1,0,0,0,0,0,0,0,0,0,0,476,475
102019,388,0,1,0,0,2,0,0,0,0,0,0,0,0,0,0,380,379
102020,425,0,0,0,0,0,0,0,0,0,0,0,0,0,0,0,420,419
102021,703,0,0,0,0,5,0,0,0,0,0,0,0,0,0,0,694,693
102022,295,0,0,0,0,0,0,0,0,0,0,0,0,0,0,0,290,289
102023,515,0,1,0,0,3,0,0,0,0,0,0,0,0,0,0,507,506
102024,444,0,0,0,0,1,0,0,0,0,0,0,0,0,0,0,439,438
102025,318,0,0,0,0,1,0,7,0,0,0,0,0,0,0,0,312,311
102026,605,0,0,0,0,0,0,0,0,0,1,1,1,1,0,0,600,599
102027,442,0,0,0,0,1,0,0,0,0,0,0,0,0,0,0,437,436
102028,447,0,0,0,0,0,0,0,0,0,0,0,0,0,0,0,442,441
102029,426,0,0,0,0,0,0,0,0,0,1,1,1,1,0,0,421,420
102030,444,0,0,0,0,1,0,0,0,0,1,1,1,1,0,0,438,437
102031,376,0,0,0,0,0,0,0,0,0,0,0,0,0,0,0,371,370
102032,414,0,0,0,0,0,0,0,0,0,0,0,0,0,0,0,409,408
102033,427,0,0,0,0,1,0,0,0,0,0,0,0,0,0,0,422,421
102034,446,0,0,0,0,1,0,0,0,0,1,1,1,1,0,0,441,440
102035,461,0,1,0,0,0,0,0,0,0,1,1,1,1,0,0,455,454
102036,555,0,0,0,0,0,0,0,0,0,1,1,1,1,0,0,550,549
102037,505,0,0,0,0,0,0,0,0,0,2,2,2,2,0,0,500,499
102038,589,0,0,0,0,1,0,0,0,0,0,0,0,0,0,0,584,583
102039,549,0,0,0,0,0,0,0,0,0,1,1,1,1,0,0,544,543
102040,404,0,1,0,0,1,0,0,0,0,0,0,0,0,0,0,398,397
102041,440,0,0,0,0,0,0,0,0,0,0,0,0,0,0,0,435,434
102042,423,0,0,0,0,0,0,0,0,0,0,0,0,0,0,0,418,417
102043,483,0,0,0,0,0,0,0,0,0,0,0,0,0,0,0,478,477
102044,718,0,0,0,0,1,0,0,0,0,0,0,0,0,0,0,713,712
102045,379,0,1,0,0,0,0,0,0,0,0,0,0,0,0,0,373,372
102046,297,0,0,0,0,2,0,0,0,0,0,0,0,0,0,0,291,291
102047,399,0,1,0,0,1,0,0,0,0,0,0,0,0,0,0,393,392
102048,492,0,0,0,0,0,0,0,0,0,1,1,1,1,0,0,487,486
102049,519,0,0,0,0,1,0,0,0,0,0,0,0,0,0,0,514,513
102050,401,0,0,0,0,2,0,0,0,0,0,0,0,0,0,0,395,394
102051,407,0,0,0,0,0,0,0,0,0,0,0,0,0,0,0,402,401
102052,415,0,0,0,0,1,0,0,0,0,0,0,0,0,0,0,410,409
102053,339,0,0,0,0,2,0,0,0,0,0,0,0,0,0,0,334,333
102055,309,0,0,0,0,1,0,0,0,0,1,1,1,1,0,0,303,302
102056,383,0,0,0,0,0,0,0,0,0,1,1,1,1,0,0,378,377
102057,563,0,0,0,0,2,0,0,0,0,0,0,0,0,0,0,557,556
102058,543,0,0,0,0,1,0,0,0,0,1,1,1,1,0,0,538,537
102059,373,0,1,0,0,0,0,0,0,0,0,0,0,0,0,0,367,366
102060,727,0,0,0,0,0,0,0,0,0,0,0,0,0,0,0,722,721
102061,551,0,0,0,0,1,0,0,0,0,1,1,1,1,0,0,545,544
102062,426,0,0,0,0,1,0,0,0,0,0,0,0,0,0,0,421,420
102063,395,0,0,0,0,0,0,0,0,0,0,0,0,0,0,0,390,389
102064,583,0,0,0,0,1,0,0,0,0,0,0,0,0,0,0,577,576
102065,495,0,0,0,0,0,0,0,0,0,18,18,18,18,0,0,490,489
102066,545,0,0,0,0,0,0,0,0,0,0,0,0,0,0,0,540,539
102067,477,0,0,0,0,1,0,0,0,0,0,0,0,0,0,0,472,471
102068,314,0,0,0,0,1,0,0,0,0,0,0,0,0,0,0,309,308
102069,548,0,0,0,0,2,0,0,0,0,0,0,0,0,0,0,542,541
102070,451,0,0,0,0,0,0,6,0,0,2,2,2,2,0,0,446,445
102071,380,0,0,0,0,0,0,0,0,0,0,0,0,0,0,0,375,374
102072,380,0,0,0,0,1,0,0,0,0,0,0,0,0,0,0,375,374
102074,322,0,0,0,0,0,0,0,0,0,0,0,0,0,0,0,317,316
102075,655,0,0,0,0,6,0,0,0,0,1,1,1,1,0,0,644,643
102076,407,0,0,0,0,2,0,0,0,0,0,0,0,0,0,0,400,399
102077,342,0,0,0,0,2,0,0,0,0,0,0,0,0,0,0,336,336
102078,602,0,0,0,0,17,0,0,0,0,0,0,0,0,0,0,581,580
102079,313,0,0,0,0,2,0,0,0,0,0,0,0,0,0,0,307,306
102080,53,0,0,0,0,2,0,0,0,0,0,0,0,0,0,0,47,47
102081,291,0,0,0,0,0,0,0,0,0,0,0,0,0,0,0,286,285
102082,405,0,0,0,0,1,0,0,0,0,0,0,0,0,0,0,400,399
102083,349,0,0,0,0,1,0,0,0,0,0,0,0,0,0,0,344,343
102084,336,0,0,0,0,1,0,0,0,0,0,0,0,0,0,0,331,330
102085,290,0,0,0,0,2,0,0,0,0,0,0,0,0,0,0,284,284
102086,334,0,1,0,0,1,0,0,0,0,0,0,0,0,0,0,328,327
102087,565,0,0,0,0,0,0,0,0,0,4,4,4,4,0,0,560,559
102088,448,0,0,0,0,1,0,0,0,0,2,2,2,2,0,0,443,442
102089,657,0,0,0,0,0,0,0,0,0,2,2,2,2,0,0,652,651
102090,617,0,1,0,0,13,0,0,0,0,0,0,0,0,0,0,599,598
102091,445,0,0,0,0,1,0,0,0,0,0,0,0,0,0,0,440,439
102092,329,0,0,0,0,1,0,0,0,0,0,0,0,0,0,0,323,322
102093,689,0,0,0,0,1,0,0,0,0,1,1,1,1,0,0,683,682
102094,478,0,0,0,0,4,0,0,0,0,2,2,2,2,0,0,469,468
102095,384,0,0,0,0,3,0,0,0,0,0,0,0,0,0,0,377,376
102096,426,0,0,0,0,0,0,0,0,0,1,1,1,1,0,0,421,420
102098,326,0,0,0,0,2,0,0,0,0,1,1,1,1,0,0,319,318
102099,556,0,0,0,0,0,0,0,0,0,2,2,2,2,0,0,551,550
102100,400,0,0,0,0,0,0,0,0,0,0,0,0,0,0,0,395,394
102101,277,0,0,0,0,2,0,0,0,0,0,0,0,0,0,0,271,271
102102,140,0,0,0,0,2,0,0,0,0,0,0,0,0,0,0,134,134
102103,410,0,0,0,0,1,0,0,0,0,1,1,1,1,0,0,404,403
102104,300,0,0,0,0,2,0,0,0,0,0,0,0,0,0,0,294,294
102105,411,0,0,0,0,1,0,0,0,0,0,0,0,0,0,0,406,405
102106,615,0,0,0,0,2,0,0,0,0,0,0,0,0,0,0,608,607
102107,425,0,0,0,0,4,0,0,0,0,0,0,0,0,0,0,417,416
102108,370,0,0,0,0,1,0,0,0,0,0,0,0,0,0,0,365,364
102109,263,0,0,0,0,2,0,0,0,0,0,0,0,0,0,0,257,257
102110,402,0,0,0,0,0,0,0,0,0,2,2,2,2,0,0,397,396
102111,357,0,0,0,0,2,0,0,0,0,0,0,0,0,0,0,351,350
102112,354,0,0,0,0,2,0,0,0,0,0,0,0,0,0,0,348,348
102113,363,0,0,0,0,4,0,0,0,0,0,0,0,0,0,0,355,354
102114,437,0,0,0,0,0,0,0,0,0,0,0,0,0,0,0,432,431
102115,526,0,0,0,0,0,0,0,0,0,0,0,0,0,0,0,521,520
102118,368,0,0,0,0,0,0,0,0,0,0,0,0,0,0,0,363,362
102119,414,0,0,0,0,9,0,0,0,0,1,1,1,1,0,0,400,399
102120,410,0,1,0,0,0,0,0,0,0,0,0,0,0,0,0,404,403
102121,267,0,0,0,0,2,0,0,0,0,0,0,0,0,0,0,261,261
102122,307,0,1,0,0,0,0,0,0,0,0,0,0,0,0,0,301,300
102123,394,0,0,0,0,3,0,0,0,0,0,0,0,0,0,0,386,385
102124,420,0,0,0,0,1,0,0,0,0,0,0,0,0,0,0,415,414
102125,85,0,0,0,0,2,0,0,0,0,0,0,0,0,0,0,79,79
102126,521,0,0,0,0,0,0,0,0,0,0,0,0,0,0,0,516,515
102127,514,0,0,0,0,1,0,0,0,0,0,0,0,0,0,0,509,508
102128,381,0,0,0,0,1,0,0,0,0,0,0,0,0,0,0,376,375
102129,516,0,0,0,0,1,0,0,0,0,0,0,0,0,0,0,510,509
102130,785,0,0,0,0,0,0,0,0,0,1,1,1,1,0,0,780,779
102131,464,0,0,0,0,1,0,0,0,0,1,1,1,1,0,0,458,457
102132,616,0,0,0,0,0,0,0,0,0,2,2,2,2,0,0,611,610
102133,371,0,0,0,0,0,0,0,0,0,0,0,0,0,0,0,366,365
102134,456,0,0,0,0,0,0,0,0,0,0,0,0,0,0,0,451,450
102135,374,0,0,0,0,1,0,0,0,0,0,0,0,0,0,0,369,368
102136,466,0,0,0,0,0,0,0,0,0,0,0,0,0,0,0,461,460
102137,198,0,0,0,0,2,0,0,0,0,0,0,0,0,0,0,192,192
102138,414,0,0,0,0,0,0,0,0,0,0,0,0,0,0,0,409,408
102139,473,0,0,0,0,0,0,0,0,0,0,0,0,0,0,0,468,467
102140,467,0,0,0,0,0,0,0,0,0,0,0,0,0,0,0,462,461
102141,295,0,0,0,0,0,0,0,0,0,1,1,1,1,0,0,290,289
102142,422,0,0,0,0,0,0,0,0,0,0,0,0,0,0,0,417,416
102143,426,0,0,0,0,1,0,0,0,0,0,0,0,0,0,0,421,420
102144,237,0,1,0,0,0,0,0,0,0,0,0,0,0,0,0,231,230
102145,330,0,0,0,0,0,0,0,0,0,0,0,0,0,0,0,325,324
102146,386,0,0,0,0,1,0,0,0,0,0,0,0,0,0,0,381,380
102147,631,0,0,0,0,0,0,0,0,0,0,0,0,0,0,0,626,625
102148,372,0,0,0,0,1,0,0,0,0,0,0,0,0,0,0,367,366
102149,368,0,0,0,0,1,0,0,0,0,0,0,0,0,0,0,363,362
102150,415,0,0,0,0,1,0,0,0,0,0,0,0,0,0,0,410,409
102151,377,0,1,0,0,0,0,0,0,0,0,0,0,0,0,0,371,370
102152,550,0,0,0,0,1,0,0,0,0,0,0,0,0,0,0,544,543
102153,459,0,1,0,0,3,0,0,0,0,0,0,0,0,0,0,451,450
102154,432,0,0,0,0,1,0,0,0,0,0,0,0,0,0,0,427,426
102155,679,0,3,0,0,0,0,0,0,0,0,0,0,0,0,0,671,670
102156,461,0,0,0,0,1,0,0,0,0,0,0,0,0,0,0,456,455
102157,381,0,0,0,0,1,0,0,0,0,0,0,0,0,0,0,376,375
102158,388,0,0,0,0,2,0,0,0,0,0,0,0,0,0,0,382,381
102159,446,0,0,0,0,3,0,0,0,0,1,1,1,1,0,0,439,438
102160,464,0,3,0,0,0,0,0,0,0,0,0,0,0,0,0,456,455
102161,623,0,0,0,0,0,0,0,0,0,0,0,0,0,0,0,618,617
102162,679,0,0,0,0,0,0,0,0,0,0,0,0,0,0,0,674,673
102163,513,0,1,0,0,2,0,0,0,0,2,2,2,2,0,0,506,505
102165,668,0,0,0,0,0,0,0,0,0,0,0,0,0,0,0,663,662
102166,457,0,0,0,0,0,0,0,0,0,0,0,0,0,0,0,452,451
102167,441,0,0,0,0,1,0,0,0,0,0,0,0,0,0,0,436,435
102168,482,0,0,0,0,0,0,0,0,0,0,0,0,0,0,0,477,476
102169,380,0,0,0,0,2,0,0,0,0,0,0,0,0,0,0,374,373
102170,409,0,0,0,0,2,0,0,0,0,1,1,1,1,0,0,403,403
102171,271,0,0,0,0,0,0,0,0,0,0,0,0,0,0,0,266,265
102172,367,0,1,0,0,1,0,0,0,0,0,0,0,0,0,0,361,360
102173,376,0,0,0,0,0,0,0,0,0,0,0,0,0,0,0,371,370
102174,401,0,0,0,0,1,0,0,0,0,0,0,0,0,0,0,396,395
102175,448,0,0,0,0,1,0,0,0,0,0,0,0,0,0,0,443,442
102176,416,0,0,0,0,1,0,0,0,0,1,1,1,1,0,0,411,410
102177,423,0,1,0,0,0,0,0,0,0,0,0,0,0,0,0,417,416
102178,368,0,0,0,0,1,0,0,0,0,0,0,0,0,0,0,363,362
102179,249,0,0,0,0,0,0,0,0,0,0,0,0,0,0,0,244,243
102180,438,0,0,0,0,3,0,0,0,0,0,0,0,0,0,0,430,429
102181,694,0,0,0,0,0,0,0,0,0,1,1,1,1,0,0,689,688
102182,826,0,1,0,0,0,0,0,0,0,58,58,58,58,0,0,820,819
102183,491,0,0,0,0,1,0,0,0,0,0,0,0,0,0,0,486,485
102184,650,0,0,0,0,1,0,0,0,0,0,0,0,0,0,0,644,643
102185,306,0,0,0,0,1,0,0,0,0,0,0,0,0,0,0,301,300
102186,368,0,0,0,0,1,0,0,0,0,0,0,0,0,0,0,363,362
102187,704,0,0,0,0,0,0,0,0,0,2,2,2,2,0,0,699,698
102188,382,0,0,0,0,1,0,0,0,0,0,0,0,0,0,0,376,375
102189,387,0,0,0,0,0,0,0,0,0,0,0,0,0,0,0,382,381
102190,391,0,0,0,0,2,0,0,0,0,0,0,0,0,0,0,385,385
102191,537,0,0,0,0,0,0,0,0,0,0,0,0,0,0,0,532,531
102192,528,0,0,0,0,1,0,0,0,0,0,0,0,0,0,0,523,522
102193,446,0,0,0,0,4,0,0,0,0,1,1,1,1,0,0,438,437
102194,562,0,0,0,0,42,0,0,0,0,0,0,0,0,0,0,515,514
102195,477,0,0,0,0,0,0,0,0,0,2,2,2,2,0,0,472,471
102196,361,0,4,0,0,0,0,0,0,0,0,0,0,0,0,0,352,351
102197,388,0,0,0,0,0,0,0,0,0,0,0,0,0,0,0,383,382
102198,501,0,0,0,0,0,0,0,0,0,2,2,2,2,0,0,496,495
102199,302,0,0,0,0,1,0,0,0,0,0,0,0,0,0,0,297,296
102200,468,0,0,0,0,1,0,0,0,0,1,1,1,1,0,0,463,462
102201,507,0,0,0,0,0,0,0,0,0,1,1,1,1,0,0,502,501
102202,309,0,0,0,0,2,0,0,0,0,0,0,0,0,0,0,303,303
102203,504,0,0,0,0,0,0,0,0,0,1,1,1,1,0,0,499,498
102204,409,0,0,0,0,9,0,0,0,0,0,0,0,0,0,0,396,395
102205,631,0,0,0,0,3,0,0,0,0,0,0,0,0,0,0,624,623
102206,281,0,0,0,0,0,0,0,0,0,0,0,0,0,0,0,276,275
102207,474,0,0,0,0,0,0,0,0,0,1,1,1,1,0,0,469,468
102208,399,0,0,0,0,1,0,0,0,0,0,0,0,0,0,0,394,393
102209,359,0,0,0,0,1,0,0,0,0,0,0,0,0,0,0,354,353
102210,365,0,0,0,0,1,0,0,0,0,0,0,0,0,0,0,360,359
102211,586,0,0,0,0,0,0,0,0,0,1,1,1,1,0,0,581,580
102212,351,0,1,0,0,0,0,0,0,0,0,0,0,0,0,0,345,344
102213,281,0,0,0,0,1,0,0,0,0,0,0,0,0,0,0,276,275
102214,496,0,0,0,0,0,0,6,0,0,1,1,1,1,0,0,491,490
102215,630,0,1,0,0,2,0,0,0,0,0,0,0,0,0,0,622,621
102216,546,0,0,0,0,0,0,0,0,0,1,1,1,1,0,0,541,540
102217,325,0,0,0,0,1,0,0,0,0,0,0,0,0,0,0,320,319
102218,480,0,0,0,0,0,0,0,0,0,1,1,1,1,0,0,475,474
102219,343,0,0,0,0,1,0,0,0,0,0,0,0,0,0,0,338,337
102220,201,0,0,0,0,1,0,0,0,0,0,0,0,0,0,0,195,194
102221,435,0,0,0,0,1,0,0,0,0,3,3,3,3,0,0,430,429
102222,373,0,0,0,0,1,0,0,0,0,0,0,0,0,0,0,367,366
102223,386,0,0,0,0,1,0,0,0,0,0,0,0,0,0,0,381,380
102224,471,0,0,0,0,1,0,0,0,0,0,0,0,0,0,0,466,465
102225,720,0,0,0,0,0,0,0,0,0,2,2,2,2,0,0,715,714
102226,617,0,1,0,0,1,0,0,0,0,0,0,0,0,0,0,610,609
102227,352,0,0,0,0,2,0,0,0,0,2,2,2,2,0,0,346,345
102228,410,0,0,0,0,0,0,0,0,0,2,2,2,2,0,0,405,404
102229,640,0,0,0,0,1,0,0,0,0,1,1,1,1,0,0,635,634
102230,470,0,1,0,0,1,0,0,0,0,0,0,0,0,0,0,464,463
102231,463,0,0,0,0,0,0,0,0,0,0,0,0,0,0,0,458,457
102232,393,0,2,0,0,1,0,0,0,0,0,0,0,0,0,0,386,385
102233,437,0,0,0,0,1,0,0,0,0,0,0,0,0,0,0,432,431
102234,478,0,0,0,0,0,0,0,0,0,1,1,1,1,0,0,473,472
102235,434,0,0,0,0,1,0,0,0,0,0,0,0,0,0,0,429,428
102236,434,0,0,0,0,1,0,0,0,0,0,0,0,0,0,0,429,428
102237,426,0,0,0,0,1,0,0,0,0,0,0,0,0,0,0,421,420
102238,410,0,0,0,0,0,0,0,0,0,0,0,0,0,0,0,405,404
102239,399,0,0,0,0,2,0,0,0,0,0,0,0,0,0,0,393,393
102240,26,0,0,0,0,2,0,0,0,0,0,0,0,0,0,0,20,20
102241,492,0,0,0,0,0,0,0,0,0,2,2,2,2,0,0,487,486
102242,449,0,0,0,0,0,0,0,0,0,0,0,0,0,0,0,444,443
102243,518,0,2,0,0,4,0,0,0,0,0,0,0,0,0,0,508,507
102244,457,0,2,0,0,1,0,0,0,0,0,0,0,0,0,0,450,449
102245,699,0,1,0,0,4,0,0,0,0,0,0,0,0,0,0,690,689
102246,362,0,2,0,0,1,0,0,0,0,0,0,0,0,0,0,355,354
102247,305,0,0,0,0,2,0,0,0,0,0,0,0,0,0,0,299,299
102248,499,0,0,0,0,1,0,0,0,0,0,0,0,0,0,0,494,493
102249,447,0,0,0,0,0,0,0,0,0,2,2,2,2,0,0,442,441
102250,379,0,0,0,0,0,0,0,0,0,1,1,1,1,0,0,374,373
102251,584,0,0,0,0,0,0,0,0,0,0,0,0,0,0,0,579,578
102252,504,0,1,0,0,0,0,0,0,0,0,0,0,0,0,0,498,497
102253,555,0,0,0,0,0,0,0,0,0,2,2,2,2,0,0,550,549
102254,405,0,0,0,0,0,0,0,0,0,0,0,0,0,0,0,400,399
102255,456,0,0,0,0,1,0,0,0,0,1,1,1,1,0,0,451,450
102256,490,0,0,0,0,1,0,0,0,0,0,0,0,0,0,0,485,484
102257,526,0,0,0,0,0,0,0,0,0,0,0,0,0,0,0,521,520
102258,431,0,0,0,0,3,0,0,0,0,0,0,0,0,0,0,424,424
102259,352,0,0,0,0,0,0,0,0,0,0,0,0,0,0,0,347,346
102260,325,0,0,0,0,4,0,0,0,0,0,0,0,0,0,0,317,316
102261,521,0,0,0,0,0,0,0,0,0,2,2,2,2,0,0,516,515
102262,485,0,1,0,0,0,0,0,0,0,1,1,1,1,0,0,479,478
102263,439,0,0,0,0,3,0,0,0,0,0,0,0,0,0,0,432,431
102264,249,0,0,0,0,3,0,0,0,0,0,0,0,0,0,0,242,242
102265,309,0,0,0,0,1,0,0,0,0,0,0,0,0,0,0,304,303
102266,556,0,0,0,0,0,0,0,0,0,1,1,1,1,0,0,551,550
102267,527,0,0,0,0,0,0,0,0,0,0,0,0,0,0,0,522,521
102268,342,0,0,0,0,2,0,0,0,0,0,0,0,0,0,0,335,334
102269,331,0,0,0,0,0,0,0,0,0,0,0,0,0,0,0,326,325
102270,366,0,0,0,0,1,0,0,0,0,0,0,0,0,0,0,361,360
102271,439,0,0,0,0,0,0,0,0,0,1,1,1,1,0,0,434,433
102272,349,0,0,0,0,0,0,0,0,0,0,0,0,0,0,0,344,343
102273,720,0,0,0,0,0,0,0,0,0,1,1,1,1,0,0,715,714
102274,588,0,0,0,0,2,0,0,0,0,0,0,0,0,0,0,582,581
102275,596,0,0,0,0,6,0,0,0,0,0,0,0,0,0,0,586,585
102276,431,0,1,0,0,1,0,0,0,0,0,0,0,0,0,0,425,424
102277,509,0,0,0,0,1,0,0,0,0,0,0,0,0,0,0,504,503
102278,636,0,0,0,0,0,0,0,0,0,0,0,0,0,0,0,631,630
102279,383,0,0,0,0,5,0,0,0,0,2,2,2,2,0,0,374,373
102280,437,0,0,0,0,0,0,0,0,0,0,0,0,0,0,0,432,431
102281,521,0,0,0,0,0,0,0,0,0,1,1,1,1,0,0,516,515
102282,347,0,0,0,0,0,0,0,0,0,0,0,0,0,0,0,342,341
102283,449,0,0,0,0,1,0,0,0,0,0,0,0,0,0,0,444,443
102284,426,0,4,0,0,1,0,0,0,0,0,0,0,0,0,0,417,416
102285,380,0,0,0,0,1,0,0,0,0,0,0,0,0,0,0,375,374
102286,295,0,0,0,0,2,0,0,0,0,0,0,0,0,0,0,289,289
102287,525,0,0,0,0,2,0,0,0,0,1,1,1,1,0,0,519,518
102288,509,0,0,0,0,1,0,0,0,0,2,2,2,2,0,0,503,502
102289,393,0,0,0,0,1,0,0,0,0,1,1,1,1,0,0,388,387
102290,420,0,0,0,0,0,0,0,0,0,0,0,0,0,0,0,415,414
102291,565,0,0,0,0,7,0,5,0,0,1,1,1,1,0,0,554,553
102292,334,0,0,0,0,8,0,0,0,0,0,0,0,0,0,0,321,320
102293,509,0,0,0,0,1,0,0,0,0,0,0,0,0,0,0,504,503
102294,243,0,0,0,0,1,0,0,0,0,0,0,0,0,0,0,238,237
102295,436,0,0,0,0,3,0,0,0,0,0,0,0,0,0,0,429,428
102296,450,0,0,0,0,1,0,0,0,0,0,0,0,0,0,0,444,443
102297,396,0,0,0,0,0,0,0,0,0,1,1,1,1,0,0,391,390
102298,344,0,0,0,0,1,0,0,0,0,0,0,0,0,0,0,339,338
102299,609,0,0,0,0,0,0,0,0,0,1,1,1,1,0,0,604,603
102300,463,0,1,0,0,0,0,0,0,0,0,0,0,0,0,0,457,456
102301,512,0,0,0,0,10,0,0,0,0,0,0,0,0,0,0,497,496
102302,439,0,0,0,0,0,0,0,0,0,0,0,0,0,0,0,434,433
102303,402,0,1,0,0,2,0,0,0,0,1,1,1,1,0,0,395,395
102304,297,0,0,0,0,1,0,0,0,0,0,0,0,0,0,0,292,291
102305,336,0,0,0,0,1,0,0,0,0,0,0,0,0,0,0,331,330
102306,614,0,0,0,0,0,0,0,0,0,0,0,0,0,0,0,609,608
102307,838,0,0,0,0,0,0,0,0,0,0,0,0,0,0,0,833,832
102308,357,0,0,0,0,1,0,0,0,0,1,1,1,1,0,0,352,351
102309,676,0,0,0,0,0,0,0,0,0,2,2,2,2,0,0,671,670
102310,473,0,0,0,0,0,0,0,0,0,2,2,2,2,0,0,468,467
102311,430,0,0,0,0,1,0,0,0,0,0,0,0,0,0,0,425,424
102312,623,0,1,0,0,8,0,0,0,0,0,0,0,0,0,0,609,608
102313,522,0,0,0,0,1,0,0,0,0,0,0,0,0,0,0,517,516
102314,786,0,0,0,0,0,0,0,0,0,0,0,0,0,0,0,781,780
102315,403,0,0,0,0,6,0,0,0,0,0,0,0,0,0,0,393,393
102316,293,0,0,0,0,2,0,0,0,0,0,0,0,0,0,0,287,287
102317,391,0,0,0,0,2,0,0,0,0,1,1,1,1,0,0,386,385
102318,251,0,0,0,0,1,0,0,0,0,0,0,0,0,0,0,245,244
102319,432,0,0,0,0,3,0,5,0,0,0,0,0,0,0,0,424,423
102320,381,0,0,0,0,0,0,0,0,0,0,0,0,0,0,0,376,375
102321,520,0,0,0,0,2,0,0,0,0,1,1,1,1,0,0,513,512
102322,571,0,0,0,0,0,0,0,0,0,0,0,0,0,0,0,566,565
102323,486,0,0,0,0,4,0,0,0,0,22,22,22,22,0,0,477,476
102324,360,0,0,0,0,1,0,0,0,0,0,0,0,0,0,0,355,354
102325,569,0,0,0,0,0,0,0,0,0,0,0,0,0,0,0,564,563
102326,414,0,0,0,0,1,0,0,0,0,0,0,0,0,0,0,409,408
102327,441,0,1,0,0,1,0,0,0,0,0,0,0,0,0,0,434,433
102328,391,0,0,0,0,0,0,0,0,0,0,0,0,0,0,0,386,385
102329,527,0,0,0,0,1,0,0,0,0,0,0,0,0,0,0,521,520
102330,476,0,0,0,0,0,0,0,0,0,0,0,0,0,0,0,471,470
102331,512,0,0,0,0,0,0,0,0,0,2,2,2,2,0,0,507,506
102332,311,0,0,0,0,0,0,0,0,0,0,0,0,0,0,0,306,305
102333,449,0,0,0,0,1,0,0,0,0,1,1,1,1,0,0,443,442
102334,209,0,0,0,0,1,0,0,0,0,0,0,0,0,0,0,204,203
102335,513,0,0,0,0,3,0,0,0,0,0,0,0,0,0,0,505,504
102336,235,0,0,0,0,1,0,0,0,0,0,0,0,0,0,0,230,229
102337,547,0,0,0,0,0,0,0,0,0,2,2,2,2,0,0,542,541
102338,316,0,0,0,0,1,0,0,0,0,0,0,0,0,0,0,311,310
102339,574,0,0,0,0,0,0,0,0,0,2,2,2,2,0,0,569,568
102340,436,0,0,0,0,0,0,0,0,0,1,1,1,1,0,0,431,430
102341,348,0,0,0,0,0,0,0,0,0,0,0,0,0,0,0,343,342
102342,455,0,0,0,0,0,0,0,0,0,1,1,1,1,0,0,450,449
102343,475,0,0,0,0,0,0,0,0,0,0,0,0,0,0,0,470,469
102344,503,0,1,0,0,0,0,0,0,0,4,4,4,4,0,0,497,496
102345,328,0,0,0,0,3,0,0,0,0,2,2,2,2,0,0,321,321
102346,590,0,0,0,0,9,0,0,0,0,0,0,0,0,0,0,576,575
102347,37,0,0,0,0,2,0,0,0,0,0,0,0,0,0,0,31,31
102348,335,0,0,0,0,1,0,0,0,0,0,0,0,0,0,0,330,329
102349,415,0,0,0,0,1,0,0,0,0,0,0,0,0,0,0,410,409
102350,387,0,0,0,0,0,0,0,0,0,0,0,0,0,0,0,382,381
102351,436,0,2,0,0,0,0,0,0,0,1,1,1,1,0,0,429,428
102352,543,0,0,0,0,0,0,0,0,0,1,1,1,1,0,0,538,537
102353,551,0,0,0,0,0,0,0,0,0,0,0,0,0,0,0,546,545
102354,341,0,0,0,0,0,0,0,0,0,0,0,0,0,0,0,336,335
102355,592,0,5,0,0,2,0,0,0,0,2,2,2,2,0,0,580,579
102356,380,0,0,0,0,0,0,0,0,0,0,0,0,0,0,0,375,374
102357,243,0,0,0,0,4,0,10,0,0,0,0,0,0,0,0,235,235
102358,403,0,1,0,0,3,0,0,0,0,0,0,0,0,0,0,395,394
102359,355,0,0,0,0,0,0,0,0,0,0,0,0,0,0,0,350,349
102360,667,0,0,0,0,0,0,0,0,0,0,0,0,0,0,0,662,661
102361,226,0,0,0,0,2,0,0,0,0,0,0,0,0,0,0,220,220
102362,486,0,0,0,0,1,0,0,0,0,0,0,0,0,0,0,481,480
102363,563,0,0,0,0,2,0,0,0,0,0,0,0,0,0,0,557,556
102364,375,0,0,0,0,0,0,0,0,0,0,0,0,0,0,0,370,369
102365,582,0,0,0,0,0,0,0,0,0,1,1,1,1,0,0,577,576
102366,566,0,0,0,0,3,0,0,0,0,0,0,0,0,0,0,558,557
102367,307,0,1,0,0,0,0,0,0,0,2,2,2,2,0,0,301,300
102368,482,0,0,0,0,3,0,0,0,0,0,0,0,0,0,0,475,474
102369,354,0,1,0,0,1,0,0,0,0,0,0,0,0,0,0,348,347
102370,654,0,1,0,0,1,0,0,0,0,0,0,0,0,0,0,648,647
102371,310,0,0,0,0,1,0,0,0,0,0,0,0,0,0,0,305,304
102372,512,0,0,0,0,1,0,0,0,0,0,0,0,0,0,0,507,506
102373,482,0,0,0,0,0,0,0,0,0,0,0,0,0,0,0,477,476
102374,500,0,0,0,0,2,0,0,0,0,2,2,2,2,0,0,494,493
102375,321,0,0,0,0,1,0,0,0,0,0,0,0,0,0,0,316,315
102376,512,0,0,0,0,0,0,0,0,0,1,1,1,1,0,0,507,506
102377,534,0,0,0,0,0,0,0,0,0,0,0,0,0,0,0,529,528
102378,513,0,0,0,0,5,0,5,0,0,0,0,0,0,0,0,504,503
102379,425,0,0,0,0,0,0,0,0,0,0,0,0,0,0,0,420,419
102380,469,0,0,0,0,8,0,0,0,0,0,0,0,0,0,0,456,455
102381,353,0,1,0,0,1,0,6,0,0,0,0,0,0,0,0,347,346
102382,311,0,0,0,0,0,0,0,0,0,0,0,0,0,0,0,306,305
102383,295,0,0,0,0,0,0,0,0,0,1,1,1,1,0,0,290,289
102384,338,0,1,0,0,0,0,0,0,0,0,0,0,0,0,0,332,331
102385,324,0,0,0,0,2,0,0,0,0,0,0,0,0,0,0,318,318
102386,207,0,0,0,0,1,0,0,0,0,0,0,0,0,0,0,202,201
102387,517,0,0,0,0,0,0,0,0,0,0,0,0,0,0,0,512,511
102388,692,0,0,0,0,2,0,0,0,0,3,3,3,3,0,0,686,685
102389,301,0,0,0,0,4,0,0,0,0,2,2,2,2,0,0,293,293
102390,600,0,0,0,0,0,0,0,0,0,2,2,2,2,0,0,595,594
102391,330,0,0,0,0,1,0,0,0,0,0,0,0,0,0,0,325,324
102392,361,0,0,0,0,2,0,0,0,0,0,0,0,0,0,0,355,355
102393,341,0,0,0,0,0,0,0,0,0,8,8,8,8,0,0,336,335
102394,350,0,0,0,0,2,0,0,0,0,0,0,0,0,0,0,344,344
102395,286,0,0,0,0,2,0,0,0,0,0,0,0,0,0,0,280,280
102396,663,0,0,0,0,1,0,0,0,0,0,0,0,0,0,0,658,657
102397,543,0,0,0,0,1,0,0,0,0,0,0,0,0,0,0,538,537
102398,470,0,0,0,0,2,0,0,0,0,1,1,1,1,0,0,463,462
102399,665,0,1,0,0,3,0,0,0,0,0,0,0,0,0,0,657,656
102400,354,0,0,0,0,2,0,0,0,0,0,0,0,0,0,0,348,348
102401,894,0,0,0,0,0,0,0,0,0,2,2,2,2,0,0,889,888
102403,394,0,0,0,0,1,0,0,0,0,1,1,1,1,0,0,389,388
102404,649,0,0,0,0,2,0,0,0,0,2,2,2,2,0,0,644,643
102405,513,0,0,0,0,4,0,0,0,0,0,0,0,0,0,0,505,504
102406,357,0,0,0,0,2,0,0,0,0,1,1,1,1,0,0,350,349
102407,598,0,0,0,0,1,0,0,0,0,2,2,2,2,0,0,593,592
102408,474,0,1,0,0,1,0,0,0,0,0,0,0,0,0,0,468,467
102409,404,0,0,0,0,2,0,0,0,0,0,0,0,0,0,0,398,398
102410,364,0,0,0,0,2,0,0,0,0,0,0,0,0,0,0,358,358
102411,428,0,0,0,0,1,0,0,0,0,0,0,0,0,0,0,423,422
102412,541,0,0,0,0,0,0,0,0,0,2,2,2,2,0,0,536,535
102413,365,0,0,0,0,2,0,0,0,0,0,0,0,0,0,0,359,358
102414,302,0,0,0,0,2,0,0,0,0,0,0,0,0,0,0,296,296
102415,395,0,0,0,0,1,0,0,0,0,0,0,0,0,0,0,390,389
102416,522,0,5,0,0,1,0,0,0,0,0,0,0,0,0,0,512,511
102417,401,0,0,0,0,1,0,0,0,0,0,0,0,0,0,0,396,395
102418,444,0,2,0,0,1,0,0,0,0,0,0,0,0,0,0,437,436
102419,306,0,0,0,0,0,0,0,0,0,0,0,0,0,0,0,301,300
102420,416,0,0,0,0,2,0,0,0,0,0,0,0,0,0,0,410,409
102421,549,0,0,0,0,0,0,0,0,0,2,2,2,2,0,0,544,543
102422,600,0,0,0,0,5,0,0,0,0,0,0,0,0,0,0,591,590
102423,487,0,0,0,0,0,0,0,0,0,1,1,1,1,0,0,482,481
102424,651,0,3,0,0,3,0,0,0,0,0,0,0,0,0,0,641,640
102425,485,0,0,0,0,0,0,0,0,0,2,2,2,2,0,0,480,479
102426,540,0,0,0,0,2,0,0,0,0,0,0,0,0,0,0,534,533
102427,303,0,0,0,0,0,0,0,0,0,0,0,0,0,0,0,298,297
102428,464,0,0,0,0,2,0,0,0,0,0,0,0,0,0,0,457,456
102429,446,0,0,0,0,0,0,0,0,0,1,1,1,1,0,0,441,440
102430,367,0,0,0,0,0,0,0,0,0,0,0,0,0,0,0,362,361
102431,476,0,0,0,0,0,0,0,0,0,0,0,0,0,0,0,471,470
102432,320,0,0,0,0,0,0,0,0,0,0,0,0,0,0,0,315,314
102433,382,0,0,0,0,0,0,0,0,0,0,0,0,0,0,0,377,376
102434,308,0,0,0,0,1,0,0,0,0,0,0,0,0,0,0,303,302
102435,403,0,0,0,0,0,0,0,0,0,0,0,0,0,0,0,398,397
102436,569,0,0,0,0,0,0,0,0,0,2,2,2,2,0,0,564,563
102437,549,0,0,0,0,1,0,6,0,0,0,0,0,0,0,0,543,542
102438,726,0,0,0,0,0,0,0,0,0,1,1,1,1,0,0,721,720
102439,433,0,3,0,0,1,0,0,0,0,2,2,2,2,0,0,425,424
102440,470,0,0,0,0,0,0,0,0,0,5,5,5,5,0,0,465,464
102441,486,0,0,0,0,0,0,0,0,0,1,1,1,1,0,0,481,480
102442,505,0,0,0,0,27,0,0,0,0,0,0,0,0,0,0,473,472
102443,403,0,0,0,0,1,0,0,0,0,0,0,0,0,0,0,398,397
102444,417,0,0,0,0,3,0,0,0,0,0,0,0,0,0,0,410,409
102445,519,0,2,0,0,0,0,6,0,0,1,1,1,1,0,0,512,511
102446,448,0,0,0,0,4,0,0,0,0,0,0,0,0,0,0,439,438
102447,436,0,0,0,0,3,0,0,0,0,0,0,0,0,0,0,429,428
102448,709,0,0,0,0,0,0,0,0,0,53,53,53,53,0,0,704,703
102449,406,0,0,0,0,0,0,0,0,0,1,1,1,1,0,0,401,400
102450,583,0,0,0,0,0,0,0,0,0,1,1,1,1,0,0,578,577
102451,394,0,0,0,0,1,0,0,0,0,0,0,0,0,0,0,389,388
102452,393,0,0,0,0,3,0,0,0,0,0,0,0,0,0,0,385,384
102453,641,0,0,0,0,0,0,0,0,0,1,1,1,1,0,0,636,635
102454,440,0,0,0,0,3,0,0,0,0,0,0,0,0,0,0,433,432
102455,476,0,1,0,0,3,0,0,0,0,0,0,0,0,0,0,468,467
102456,439,0,0,0,0,0,0,0,0,0,1,1,1,1,0,0,434,433
102457,778,0,1,0,0,0,0,0,0,0,8,8,8,8,0,0,772,771
102458,379,0,0,0,0,2,0,0,0,0,0,0,0,0,0,0,373,373
102459,486,0,0,0,0,1,0,0,0,0,0,0,0,0,0,0,481,480
102460,321,0,0,0,0,0,0,0,0,0,0,0,0,0,0,0,316,315
102461,291,0,0,0,0,0,0,0,0,0,1,1,1,1,0,0,286,285
102462,378,0,0,0,0,0,0,0,0,0,0,0,0,0,0,0,373,372
102463,616,0,1,0,0,0,0,0,0,0,0,0,0,0,0,0,610,609
102464,382,0,0,0,0,1,0,0,0,0,0,0,0,0,0,0,377,376
102465,379,0,0,0,0,1,0,0,0,0,0,0,0,0,0,0,374,373
102466,408,0,0,0,0,1,0,0,0,0,0,0,0,0,0,0,403,402
102467,649,0,0,0,0,1,0,0,0,0,1,1,1,1,0,0,644,643
102468,353,0,0,0,0,1,0,0,0,0,0,0,0,0,0,0,348,347
102469,475,0,1,0,0,1,0,0,0,0,0,0,0,0,0,0,469,468
102470,443,0,0,0,0,1,0,0,0,0,0,0,0,0,0,0,438,437
102471,624,0,0,0,0,1,0,0,0,0,0,0,0,0,0,0,619,618
102472,351,0,0,0,0,1,0,0,0,0,0,0,0,0,0,0,346,345
102473,559,0,0,0,0,1,0,0,0,0,1,1,1,1,0,0,554,553
102474,486,0,0,0,0,0,0,0,0,0,0,0,0,0,0,0,481,480
102475,290,0,0,0,0,0,0,0,0,0,1,1,1,1,0,0,285,284
102476,178,0,0,0,0,0,0,0,0,0,0,0,0,0,0,0,173,172
102477,410,0,0,0,0,1,0,0,0,0,1,1,1,1,0,0,405,404
102478,425,0,0,0,0,0,0,0,0,0,0,0,0,0,0,0,420,419
102479,436,0,0,0,0,1,0,0,0,0,0,0,0,0,0,0,431,430
102480,587,0,2,0,0,1,0,0,0,0,0,0,0,0,0,0,580,579
102481,376,0,0,0,0,0,0,0,0,0,0,0,0,0,0,0,371,370
102482,378,0,0,0,0,0,0,0,0,0,0,0,0,0,0,0,373,372
102483,606,0,0,0,0,0,0,0,0,0,0,0,0,0,0,0,601,600
102484,513,0,0,0,0,0,0,0,0,0,1,1,1,1,0,0,508,507
102485,675,0,2,0,0,4,0,0,0,0,35,35,35,35,0,0,665,664
102486,320,0,1,0,0,0,0,0,0,0,0,0,0,0,0,0,314,313
102487,361,0,0,0,0,1,0,0,0,0,0,0,0,0,0,0,355,354
102488,525,0,0,0,0,0,0,5,0,0,1,1,1,1,0,0,520,519
102489,413,0,0,0,0,0,0,0,0,0,0,0,0,0,0,0,408,407
102490,371,0,0,0,0,1,0,0,0,0,0,0,0,0,0,0,366,365
102491,631,0,0,0,0,0,0,0,0,0,0,0,0,0,0,0,626,625
102492,388,0,0,0,0,0,0,0,0,0,1,1,1,1,0,0,383,382
102493,402,0,0,0,0,1,0,0,0,0,0,0,0,0,0,0,397,396
102494,334,0,0,0,0,0,0,0,0,0,0,0,0,0,0,0,329,328
102495,368,0,0,0,0,0,0,0,0,0,0,0,0,0,0,0,363,362
102496,324,0,0,0,0,1,0,0,0,0,0,0,0,0,0,0,319,318
102497,546,0,0,0,0,1,0,0,0,0,0,0,0,0,0,0,540,539
102498,391,0,0,0,0,0,0,0,0,0,0,0,0,0,0,0,386,385
102499,292,0,0,0,0,1,0,0,0,0,0,0,0,0,0,0,287,286
102500,456,0,1,0,0,1,0,0,0,0,0,0,0,0,0,0,450,449
102501,353,0,1,0,0,1,0,0,0,0,0,0,0,0,0,0,347,346
102502,479,0,0,0,0,0,0,0,0,0,2,2,2,2,0,0,474,473
102503,224,0,0,0,0,2,0,0,0,0,0,0,0,0,0,0,218,218
102504,511,0,0,0,0,2,0,0,0,0,1,1,1,1,0,0,504,503
102505,704,0,0,0,0,0,0,0,0,0,0,0,0,0,0,0,699,698
102506,496,0,0,0,0,1,0,0,0,0,0,0,0,0,0,0,491,490
102507,367,0,0,0,0,0,0,0,0,0,0,0,0,0,0,0,362,361
102508,462,0,0,0,0,0,0,0,0,0,0,0,0,0,0,0,457,456
102509,474,0,0,0,0,2,0,0,0,0,1,1,1,1,0,0,469,468
102510,363,0,0,0,0,1,0,0,0,0,0,0,0,0,0,0,358,357
102511,445,0,0,0,0,1,0,0,0,0,0,0,0,0,0,0,439,438
102512,194,0,0,0,0,2,0,0,0,0,0,0,0,0,0,0,188,188
102513,397,0,0,0,0,0,0,0,0,0,1,1,1,1,0,0,392,391
102514,452,0,0,0,0,1,0,0,0,0,0,0,0,0,0,0,447,446
102515,425,0,0,0,0,0,0,0,0,0,0,0,0,0,0,0,420,419
102516,528,0,0,0,0,0,0,0,0,0,0,0,0,0,0,0,523,522
102517,427,0,1,0,0,0,0,4,0,0,0,0,0,0,0,0,421,420
102518,464,0,0,0,0,1,0,0,0,0,1,1,1,1,0,0,459,458
102519,399,0,0,0,0,1,0,0,0,0,0,0,0,0,0,0,393,392
102520,636,0,0,0,0,0,0,0,0,0,2,2,2,2,0,0,631,630
102521,585,0,0,0,0,0,0,0,0,0,62,62,62,62,0,0,580,579
102522,448,0,0,0,0,0,0,0,0,0,0,0,0,0,0,0,443,442
102523,862,0,3,0,0,4,0,0,0,0,66,66,66,66,0,0,850,849
102524,656,0,0,0,0,0,0,0,0,0,1,1,1,1,0,0,651,650
102525,542,0,0,0,0,0,0,0,0,0,1,1,1,1,0,0,537,536
102526,328,0,0,0,0,1,0,0,0,0,0,0,0,0,0,0,323,322
102527,413,0,1,0,0,1,0,0,0,0,0,0,0,0,0,0,407,406
102528,441,0,0,0,0,1,0,0,0,0,0,0,0,0,0,0,436,435
102529,461,0,0,0,0,1,0,0,0,0,1,1,1,1,0,0,455,454
102530,402,0,0,0,0,1,0,0,0,0,0,0,0,0,0,0,397,396
102531,320,0,0,0,0,1,0,0,0,0,0,0,0,0,0,0,315,314
102532,349,0,0,0,0,1,0,0,0,0,0,0,0,0,0,0,344,343
102533,420,0,1,0,0,4,0,0,0,0,0,0,0,0,0,0,410,409
102534,404,0,0,0,0,1,0,0,0,0,0,0,0,0,0,0,399,398
102535,655,0,3,0,0,1,0,0,0,0,1,1,1,1,0,0,647,646
102536,419,0,0,0,0,1,0,0,0,0,0,0,0,0,0,0,414,413
102537,490,0,0,0,0,0,0,0,0,0,2,2,2,2,0,0,485,484
102538,342,0,0,0,0,0,0,0,0,0,0,0,0,0,0,0,337,336
102539,393,0,0,0,0,1,0,0,0,0,0,0,0,0,0,0,388,387
102540,416,0,0,0,0,0,0,0,0,0,0,0,0,0,0,0,411,410
102541,638,0,0,0,0,6,0,0,0,0,0,0,0,0,0,0,628,627
102542,548,0,0,0,0,0,0,0,0,0,1,1,1,1,0,0,543,542
102543,540,0,2,0,0,0,0,0,0,0,0,0,0,0,0,0,533,532
102544,16,0,0,0,0,2,0,0,0,0,0,0,0,0,0,0,10,10
102545,358,0,1,0,0,1,0,0,0,0,0,0,0,0,0,0,352,351
102546,464,0,0,0,0,0,0,0,0,0,2,2,2,2,0,0,459,458
102547,343,0,0,0,0,0,0,0,0,0,0,0,0,0,0,0,338,337
102548,343,0,0,0,0,2,0,0,0,0,0,0,0,0,0,0,337,336
102549,289,0,0,0,0,1,0,0,0,0,0,0,0,0,0,0,284,283
102550,212,0,1,0,0,1,0,0,0,0,0,0,0,0,0,0,205,204
102551,338,0,0,0,0,2,0,0,0,0,0,0,0,0,0,0,332,332
102552,472,0,1,0,0,1,0,0,0,0,0,0,0,0,0,0,466,465
102553,442,0,0,0,0,1,0,0,0,0,0,0,0,0,0,0,437,436
102554,481,0,0,0,0,1,0,0,0,0,2,2,2,2,0,0,475,474
102555,402,0,0,0,0,1,0,0,0,0,4,4,4,4,0,0,396,395
102556,477,0,0,0,0,3,0,0,0,0,0,0,0,0,0,0,469,468
102557,443,0,0,0,0,0,0,0,0,0,0,0,0,0,0,0,438,437
102558,270,0,1,0,0,0,0,0,0,0,0,0,0,0,0,0,264,263
102559,451,0,0,0,0,0,0,0,0,0,0,0,0,0,0,0,446,445
102560,478,0,0,0,0,2,0,0,0,0,0,0,0,0,0,0,472,471
102561,532,0,0,0,0,3,0,0,0,0,0,0,0,0,0,0,525,524
102562,148,0,0,0,0,0,0,0,0,0,0,0,0,0,0,0,143,142
102563,284,0,0,0,0,2,0,0,0,0,0,0,0,0,0,0,278,278
102564,292,0,0,0,0,5,0,0,0,0,0,0,0,0,0,0,283,282
102565,532,0,0,0,0,0,0,0,0,0,0,0,0,0,0,0,527,526
102566,416,0,0,0,0,0,0,0,0,0,0,0,0,0,0,0,411,410
102567,512,0,0,0,0,7,0,5,0,0,2,2,2,2,0,0,500,499
102568,411,0,0,0,0,0,0,0,0,0,1,1,1,1,0,0,406,405
102569,517,0,0,0,0,0,0,0,0,0,0,0,0,0,0,0,512,511
102570,738,0,0,0,0,0,0,0,0,0,1,1,1,1,0,0,733,732
102571,649,0,0,0,0,0,0,0,0,0,2,2,2,2,0,0,644,643
102572,411,0,0,0,0,1,0,0,0,0,0,0,0,0,0,0,406,405
102573,399,0,0,0,0,1,0,0,0,0,0,0,0,0,0,0,394,393
102574,435,0,0,0,0,1,0,0,0,0,0,0,0,0,0,0,430,429
102575,280,0,0,0,0,3,0,0,0,0,0,0,0,0,0,0,273,273
102576,364,0,0,0,0,1,0,0,0,0,0,0,0,0,0,0,359,358
102577,345,0,2,0,0,0,0,0,0,0,1,1,1,1,0,0,338,337
102578,267,0,0,0,0,1,0,0,0,0,0,0,0,0,0,0,262,261
102579,718,0,0,0,0,0,0,0,0,0,2,2,2,2,0,0,713,712
102580,312,0,0,0,0,2,0,0,0,0,0,0,0,0,0,0,305,304
102581,566,0,0,0,0,4,0,0,0,0,2,2,2,2,0,0,558,557
102582,303,0,0,0,0,4,0,0,0,0,0,0,0,0,0,0,294,293
102583,471,0,0,0,0,1,0,0,0,0,0,0,0,0,0,0,465,464
102584,332,0,0,0,0,2,0,0,0,0,0,0,0,0,0,0,326,326
102585,410,0,2,0,0,1,0,0,0,0,0,0,0,0,0,0,403,402
102586,571,0,0,0,0,0,0,0,0,0,2,2,2,2,0,0,566,565
102587,460,0,0,0,0,0,0,0,0,0,2,2,2,2,0,0,455,454
102588,417,0,0,0,0,1,0,0,0,0,0,0,0,0,0,0,412,411
102589,658,0,0,0,0,1,0,0,0,0,0,0,0,0,0,0,653,652
102590,415,0,0,0,0,4,0,0,0,0,1,1,1,1,0,0,407,406
102591,407,0,1,0,0,5,0,0,0,0,0,0,0,0,0,0,397,396
102592,285,0,0,0,0,0,0,0,0,0,0,0,0,0,0,0,280,279
102593,604,0,3,0,0,1,0,0,0,0,2,2,2,2,0,0,596,595
102594,673,0,4,0,0,3,0,0,0,0,2,2,2,2,0,0,661,660
102595,613,0,0,0,0,0,0,0,0,0,2,2,2,2,0,0,608,607
102596,364,0,0,0,0,0,0,0,0,0,1,1,1,1,0,0,359,358
102597,445,0,0,0,0,1,0,0,0,0,1,1,1,1,0,0,440,439
102598,443,0,0,0,0,1,0,0,0,0,0,0,0,0,0,0,438,437
102599,363,0,0,0,0,1,0,0,0,0,0,0,0,0,0,0,358,357
102600,456,0,0,0,0,1,0,0,0,0,0,0,0,0,0,0,451,450
102601,295,0,0,0,0,0,0,0,0,0,0,0,0,0,0,0,290,289
102602,509,0,0,0,0,6,0,0,0,0,1,1,1,1,0,0,498,497
102603,338,0,0,0,0,1,0,0,0,0,0,0,0,0,0,0,333,332
102604,440,0,0,0,0,0,0,0,0,0,0,0,0,0,0,0,435,434
102605,295,0,0,0,0,1,0,0,0,0,0,0,0,0,0,0,290,289
102606,585,0,0,0,0,2,0,0,0,0,0,0,0,0,0,0,579,579
102607,389,0,0,0,0,0,0,0,0,0,0,0,0,0,0,0,384,383
102608,464,0,0,0,0,0,0,0,0,0,0,0,0,0,0,0,459,458
102609,608,0,0,0,0,0,0,0,0,0,1,1,1,1,0,0,603,602
102610,323,0,0,0,0,1,0,0,0,0,0,0,0,0,0,0,318,317
102611,402,0,0,0,0,2,0,0,0,0,1,1,1,1,0,0,395,394
102612,418,0,0,0,0,4,0,0,0,0,0,0,0,0,0,0,410,409
102613,365,0,0,0,0,1,0,0,0,0,0,0,0,0,0,0,360,359
102614,569,0,2,0,0,1,0,0,0,0,2,2,2,2,0,0,561,560
102615,507,0,2,0,0,6,0,0,0,0,0,0,0,0,0,0,495,494
102616,458,0,0,0,0,1,0,0,0,0,0,0,0,0,0,0,453,452
102617,491,0,2,0,0,1,0,0,0,0,0,0,0,0,0,0,484,483
102618,270,0,0,0,0,0,0,0,0,0,0,0,0,0,0,0,265,264
102619,524,0,2,0,0,1,0,0,0,0,0,0,0,0,0,0,517,516
102620,546,0,0,0,0,1,0,0,0,0,1,1,1,1,0,0,541,540
102621,396,0,0,0,0,1,0,0,0,0,0,0,0,0,0,0,391,390
102622,600,0,0,0,0,0,0,0,0,0,0,0,0,0,0,0,595,594
102623,377,0,1,0,0,0,0,0,0,0,0,0,0,0,0,0,371,370
102624,334,0,0,0,0,0,0,0,0,0,0,0,0,0,0,0,329,328
102625,583,0,0,0,0,0,0,0,0,0,0,0,0,0,0,0,578,577
102626,386,0,0,0,0,2,0,0,0,0,0,0,0,0,0,0,380,380
102627,247,0,0,0,0,2,0,0,0,0,0,0,0,0,0,0,241,241
102628,461,0,0,0,0,0,0,0,0,0,0,0,0,0,0,0,456,455
102629,405,0,0,0,0,2,0,0,0,0,0,0,0,0,0,0,398,397
102630,482,0,0,0,0,2,0,0,0,0,2,2,2,2,0,0,476,476
102631,478,0,0,0,0,0,0,0,0,0,34,34,34,34,0,0,473,472
102632,598,0,3,0,0,1,0,0,0,0,2,2,2,2,0,0,589,588
102633,413,0,0,0,0,1,0,0,0,0,0,0,0,0,0,0,408,407
102634,584,0,0,0,0,0,0,0,0,0,0,0,0,0,0,0,579,578
102635,416,0,0,0,0,0,0,0,0,0,0,0,0,0,0,0,411,410
102636,695,0,0,0,0,2,0,0,0,0,16,16,16,16,0,0,688,687
102637,556,0,0,0,0,0,0,0,0,0,1,1,1,1,0,0,551,550
102638,565,0,0,0,0,0,0,0,0,0,1,1,1,1,0,0,560,559
102639,560,0,3,0,0,2,0,0,0,0,1,1,1,1,0,0,550,549
102640,436,0,0,0,0,1,0,0,0,0,1,1,1,1,0,0,430,429
102641,380,0,0,0,0,1,0,0,0,0,0,0,0,0,0,0,375,374
102642,623,0,0,0,0,0,0,0,0,0,0,0,0,0,0,0,618,617
102643,350,0,0,0,0,1,0,0,0,0,0,0,0,0,0,0,345,344
102644,339,0,0,0,0,7,0,0,0,0,6,6,6,6,0,0,328,327
102645,347,0,0,0,0,0,0,0,0,0,0,0,0,0,0,0,342,341
102646,492,0,0,0,0,4,0,0,0,0,1,1,1,1,0,0,484,483
102647,419,0,0,0,0,0,0,0,0,0,0,0,0,0,0,0,414,413
102648,567,0,0,0,0,1,0,0,0,0,0,0,0,0,0,0,562,561
102649,613,0,0,0,0,0,0,0,0,0,2,2,2,2,0,0,608,607
102650,525,0,0,0,0,0,0,0,0,0,2,2,2,2,0,0,520,519
102651,415,0,0,0,0,0,0,0,0,0,0,0,0,0,0,0,410,409
102652,310,0,0,0,0,1,0,0,0,0,0,0,0,0,0,0,305,304
102653,518,0,0,0,0,0,0,0,0,0,0,0,0,0,0,0,513,512
102654,345,0,1,0,0,0,0,0,0,0,0,0,0,0,0,0,339,338
102655,535,0,0,0,0,1,0,0,0,0,1,1,1,1,0,0,530,529
102656,558,0,0,0,0,2,0,0,0,0,0,0,0,0,0,0,551,550
102657,30,0,0,0,0,2,0,0,0,0,0,0,0,0,0,0,24,24
102658,620,0,0,0,0,0,0,0,0,0,0,0,0,0,0,0,615,614
102659,451,0,1,0,0,3,0,0,0,0,0,0,0,0,0,0,443,442
102660,40,0,1,0,0,2,0,0,0,0,0,0,0,0,0,0,33,33
102661,427,0,1,0,0,1,0,0,0,0,0,0,0,0,0,0,420,419
102662,378,0,0,0,0,1,0,0,0,0,0,0,0,0,0,0,373,372
102663,352,0,0,0,0,1,0,0,0,0,0,0,0,0,0,0,347,346
102664,695,0,0,0,0,1,0,0,0,0,1,1,1,1,0,0,689,688
102665,430,0,0,0,0,1,0,0,0,0,0,0,0,0,0,0,425,424
102666,504,0,0,0,0,0,0,0,0,0,0,0,0,0,0,0,499,498
102667,293,0,0,0,0,1,0,0,0,0,0,0,0,0,0,0,288,287
102668,301,0,0,0,0,0,0,0,0,0,0,0,0,0,0,0,296,295
102669,536,0,0,0,0,0,0,0,0,0,0,0,0,0,0,0,531,530
102670,321,0,0,0,0,2,0,0,0,0,0,0,0,0,0,0,315,315
102671,299,0,0,0,0,0,0,0,0,0,0,0,0,0,0,0,294,293
102672,541,0,0,0,0,0,0,0,0,0,0,0,0,0,0,0,536,535
102673,540,0,0,0,0,0,0,0,0,0,2,2,2,2,0,0,535,534
102674,391,0,0,0,0,2,0,0,0,0,0,0,0,0,0,0,385,385
102675,371,0,0,0,0,1,0,0,0,0,1,1,1,1,0,0,366,365
102676,467,0,0,0,0,1,0,0,0,0,0,0,0,0,0,0,462,461
102677,413,0,0,0,0,2,0,0,0,0,0,0,0,0,0,0,407,406
102678,555,0,0,0,0,0,0,0,0,0,2,2,2,2,0,0,550,549
102679,443,0,0,0,0,6,0,0,0,0,0,0,0,0,0,0,433,432
102680,300,0,0,0,0,1,0,0,0,0,0,0,0,0,0,0,295,294
102681,517,0,0,0,0,2,0,0,0,0,1,1,1,1,0,0,510,509
102682,469,0,1,0,0,0,0,0,0,0,0,0,0,0,0,0,463,462
102683,450,0,0,0,0,1,0,0,0,0,0,0,0,0,0,0,445,444
102684,581,0,0,0,0,3,0,0,0,0,0,0,0,0,0,0,573,572
102685,354,0,0,0,0,1,0,0,0,0,0,0,0,0,0,0,349,348
102686,329,0,0,0,0,1,0,0,0,0,1,1,1,1,0,0,324,323
102687,416,0,0,0,0,0,0,0,0,0,0,0,0,0,0,0,411,410
102688,436,0,0,0,0,1,0,0,0,0,1,1,1,1,0,0,431,430
102689,666,0,0,0,0,6,0,0,0,0,0,0,0,0,0,0,655,654
102690,431,0,0,0,0,1,0,0,0,0,0,0,0,0,0,0,426,425
102691,393,0,0,0,0,1,0,0,0,0,0,0,0,0,0,0,388,387
102692,477,0,0,0,0,1,0,0,0,0,0,0,0,0,0,0,472,471
102694,449,0,0,0,0,1,0,0,0,0,0,0,0,0,0,0,443,442
102695,372,0,1,0,0,3,0,0,0,0,0,0,0,0,0,0,364,363
102696,382,0,0,0,0,0,0,0,0,0,0,0,0,0,0,0,377,376
102697,297,0,1,0,0,1,0,0,0,0,0,0,0,0,0,0,291,290
102698,346,0,0,0,0,1,0,0,0,0,0,0,0,0,0,0,341,340
102699,521,0,0,0,0,0,0,0,0,0,0,0,0,0,0,0,516,515
102700,579,0,0,0,0,0,0,0,0,0,9,9,9,9,0,0,574,573
102701,630,0,0,0,0,1,0,0,0,0,1,1,1,1,0,0,624,623
102702,413,0,0,0,0,0,0,0,0,0,1,1,1,1,0,0,408,407
102703,365,0,0,0,0,0,0,0,0,0,1,1,1,1,0,0,360,359
102704,315,0,0,0,0,0,0,0,0,0,1,1,1,1,0,0,310,309
102705,326,0,1,0,0,1,0,0,0,0,0,0,0,0,0,0,320,319
102706,400,0,0,0,0,1,0,0,0,0,0,0,0,0,0,0,395,394
102707,412,0,0,0,0,1,0,0,0,0,1,1,1,1,0,0,407,406
102708,485,0,0,0,0,0,0,0,0,0,2,2,2,2,0,0,480,479
102709,349,0,0,0,0,0,0,0,0,0,1,1,1,1,0,0,344,343
102710,525,0,0,0,0,0,0,0,0,0,1,1,1,1,0,0,520,519
102711,416,0,0,0,0,0,0,0,0,0,1,1,1,1,0,0,411,410
102712,653,0,0,0,0,0,0,0,0,0,1,1,1,1,0,0,648,647
102713,415,0,0,0,0,4,0,0,0,0,1,1,1,1,0,0,407,406
102714,480,0,0,0,0,0,0,0,0,0,2,2,2,2,0,0,475,474
102715,448,0,0,0,0,0,0,0,0,0,1,1,1,1,0,0,443,442
102716,199,0,0,0,0,2,0,0,0,0,0,0,0,0,0,0,193,193
102717,499,0,0,0,0,2,0,0,0,0,1,1,1,1,0,0,493,492
102718,627,0,0,0,0,0,0,0,0,0,41,42,41,42,0,0,622,621
102719,144,0,0,0,0,2,0,0,0,0,0,0,0,0,0,0,138,138
102720,372,0,0,0,0,1,0,0,0,0,0,0,0,0,0,0,367,366
102721,244,0,0,0,0,0,0,0,0,0,0,0,0,0,0,0,239,238
102723,551,0,0,0,0,0,0,0,0,0,2,2,2,2,0,0,546,545
102724,575,0,0,0,0,2,0,0,0,0,2,2,2,2,0,0,568,567
102725,412,0,0,0,0,1,0,0,0,0,0,0,0,0,0,0,407,406
102726,575,0,0,0,0,0,0,0,0,0,0,0,0,0,0,0,570,569
102727,545,0,0,0,0,2,0,0,0,0,0,0,0,0,0,0,539,538
102728,463,0,0,0,0,0,0,0,0,0,0,0,0,0,0,0,458,457
102729,418,0,1,0,0,1,0,0,0,0,0,0,0,0,0,0,412,411
102730,371,0,0,0,0,1,0,0,0,0,1,1,1,1,0,0,366,365
102731,489,0,0,0,0,1,0,0,0,0,0,0,0,0,0,0,484,483
102732,539,0,0,0,0,0,0,0,0,0,0,0,0,0,0,0,534,533
102733,504,0,0,0,0,1,0,0,0,0,2,2,2,2,0,0,499,498
102734,485,0,0,0,0,2,0,0,0,0,0,0,0,0,0,0,479,478
102735,579,0,0,0,0,1,0,0,0,0,0,0,0,0,0,0,573,572
102736,346,0,0,0,0,1,0,0,0,0,1,1,1,1,0,0,341,340
102737,370,0,0,0,0,2,0,0,0,0,0,0,0,0,0,0,363,362
102738,512,0,0,0,0,1,0,0,0,0,52,52,52,52,0,0,507,506
102739,632,0,0,0,0,0,0,0,0,0,0,0,0,0,0,0,627,626
102740,289,0,0,0,0,3,0,0,0,0,0,0,0,0,0,0,282,281
102741,488,0,0,0,0,0,0,0,0,0,0,0,0,0,0,0,483,482
102742,504,0,0,0,0,0,0,5,0,0,0,0,0,0,0,0,499,498
102743,566,0,0,0,0,0,0,0,0,0,0,0,0,0,0,0,561,560
102744,706,0,0,0,0,0,0,6,0,0,1,1,1,1,0,0,701,700
102745,454,0,0,0,0,4,0,0,0,0,1,1,1,1,0,0,446,445
102746,407,0,1,0,0,1,0,0,0,0,0,0,0,0,0,0,401,400
102747,353,0,0,0,0,1,0,0,0,0,0,0,0,0,0,0,348,347
102748,577,0,0,0,0,1,0,0,0,0,0,0,0,0,0,0,571,570
102749,351,0,0,0,0,2,0,0,0,0,0,0,0,0,0,0,345,345
102750,372,0,0,0,0,0,0,0,0,0,0,0,0,0,0,0,367,366
102751,430,0,0,0,0,2,0,0,0,0,0,0,0,0,0,0,424,423
102752,520,0,0,0,0,1,0,0,0,0,0,0,0,0,0,0,515,514
102753,405,0,0,0,0,0,0,0,0,0,1,1,1,1,0,0,400,399
102754,442,0,0,0,0,0,0,0,0,0,0,0,0,0,0,0,437,436
102755,516,0,0,0,0,1,0,0,0,0,2,2,2,2,0,0,510,509
102756,480,0,0,0,0,0,0,0,0,0,0,0,0,0,0,0,475,474
102757,436,0,0,0,0,1,0,0,0,0,2,2,2,2,0,0,431,430
102758,354,0,0,0,0,1,0,0,0,0,0,0,0,0,0,0,349,348
102759,468,0,1,0,0,1,0,0,0,0,0,0,0,0,0,0,461,460
102760,429,0,0,0,0,1,0,0,0,0,0,0,0,0,0,0,424,423
102761,381,0,0,0,0,1,0,0,0,0,0,0,0,0,0,0,376,375
102762,723,0,0,0,0,0,0,0,0,0,0,0,0,0,0,0,718,717
102763,16,0,0,0,0,2,0,0,0,0,0,0,0,0,0,0,10,10
102764,618,0,0,0,0,0,0,0,0,0,2,2,2,2,0,0,613,612
102765,499,0,0,0,0,0,0,3,0,0,1,1,1,1,0,0,494,493
102766,615,0,0,0,0,0,0,0,0,0,0,0,0,0,0,0,610,609
102767,340,0,0,0,0,1,0,0,0,0,0,0,0,0,0,0,335,334
102768,451,0,0,0,0,0,0,0,0,0,0,0,0,0,0,0,446,445
102769,431,0,0,0,0,1,0,0,0,0,0,0,0,0,0,0,426,425
102770,413,0,1,0,0,1,0,0,0,0,2,2,2,2,0,0,406,405
102771,476,0,1,0,0,0,0,0,0,0,0,0,0,0,0,0,470,469
102772,490,0,0,0,0,1,0,0,0,0,0,0,0,0,0,0,485,484
102773,579,0,0,0,0,8,0,0,0,0,0,0,0,0,0,0,566,565
102774,499,0,0,0,0,1,0,0,0,0,0,0,0,0,0,0,494,493
102775,559,0,0,0,0,3,0,0,0,0,2,2,2,2,0,0,551,550
102776,351,0,1,0,0,0,0,0,0,0,0,0,0,0,0,0,345,344
102777,517,0,0,0,0,0,0,0,0,0,1,1,1,1,0,0,512,511
102778,268,0,0,0,0,2,0,0,0,0,1,1,1,1,0,0,262,261
102779,560,0,0,0,0,0,0,0,0,0,0,0,0,0,0,0,555,554
102780,355,0,0,0,0,2,0,0,0,0,0,0,0,0,0,0,349,348
102781,390,0,0,0,0,1,0,0,0,0,0,0,0,0,0,0,384,383
102782,557,0,0,0,0,3,0,0,0,0,0,0,0,0,0,0,550,549
102783,395,0,0,0,0,0,0,0,0,0,1,1,1,1,0,0,390,389
102784,439,0,0,0,0,1,0,0,0,0,0,0,0,0,0,0,434,433
102785,425,0,0,0,0,1,0,0,0,0,1,1,1,1,0,0,420,419
102786,432,0,0,0,0,1,0,0,0,0,1,1,1,1,0,0,426,425
102787,405,0,0,0,0,1,0,0,0,0,0,0,0,0,0,0,400,399
102788,515,0,0,0,0,4,0,0,0,0,1,1,1,1,0,0,506,505
102789,537,0,0,0,0,0,0,0,0,0,1,1,1,1,0,0,532,531
102790,446,0,0,0,0,1,0,0,0,0,0,0,0,0,0,0,441,440
102791,516,0,0,0,0,3,0,0,0,0,1,1,1,1,0,0,509,508
102792,421,0,0,0,0,1,0,0,0,0,10,10,10,10,0,0,416,415
102793,414,0,0,0,0,0,0,0,0,0,1,1,1,1,0,0,409,408
102794,564,0,0,0,0,0,0,0,0,0,0,0,0,0,0,0,559,558
102795,555,0,0,0,0,2,0,0,0,0,0,0,0,0,0,0,549,548
102796,447,0,0,0,0,1,0,0,0,0,0,0,0,0,0,0,442,441
102797,73,0,0,0,0,0,0,0,0,0,0,0,0,0,0,0,68,67
102798,511,0,0,0,0,0,0,0,0,0,1,1,1,1,0,0,506,505
102799,559,0,0,0,0,0,0,0,0,0,0,0,0,0,0,0,554,553
102800,282,0,0,0,0,1,0,0,0,0,0,0,0,0,0,0,276,275
102801,401,0,0,0,0,1,0,0,0,0,1,1,1,1,0,0,396,395
102802,439,0,0,0,0,0,0,0,0,0,0,0,0,0,0,0,434,433
102803,384,0,0,0,0,2,0,0,0,0,2,2,2,2,0,0,378,377
102804,406,0,0,0,0,11,0,0,0,0,15,15,15,15,0,0,391,390
102805,698,0,0,0,0,1,0,0,0,0,1,1,1,1,0,0,692,691
102806,437,0,0,0,0,0,0,0,0,0,0,0,0,0,0,0,432,431
102807,420,0,0,0,0,0,0,5,0,0,0,0,0,0,0,0,415,414
102808,365,0,0,0,0,2,0,0,0,0,0,0,0,0,0,0,359,359
102809,513,0,0,0,0,1,0,0,0,0,1,1,1,1,0,0,507,506
102810,480,0,0,0,0,0,0,0,0,0,0,0,0,0,0,0,475,474
102811,441,0,0,0,0,0,0,0,0,0,2,2,2,2,0,0,436,435
102812,380,0,0,0,0,0,0,7,0,0,0,0,0,0,0,0,375,374
102813,442,0,0,0,0,0,0,0,0,0,0,0,0,0,0,0,437,436
102814,532,0,2,0,0,1,0,0,0,0,0,0,0,0,0,0,525,524
102815,354,0,0,0,0,2,0,0,0,0,0,0,0,0,0,0,348,347
102816,353,0,0,0,0,1,0,0,0,0,0,0,0,0,0,0,348,347
102817,403,0,0,0,0,5,0,0,0,0,0,0,0,0,0,0,394,393
102818,342,0,0,0,0,1,0,0,0,0,0,0,0,0,0,0,337,336
102820,523,0,0,0,0,0,0,0,0,0,1,1,1,1,0,0,518,517
102821,57,0,0,0,0,2,0,0,0,0,0,0,0,0,0,0,51,51
102822,578,0,0,0,0,0,0,0,0,0,1,1,1,1,0,0,573,572
102823,365,0,0,0,0,2,0,0,0,0,0,0,0,0,0,0,359,359
102824,334,0,0,0,0,1,0,0,0,0,0,0,0,0,0,0,329,328
102825,623,0,0,0,0,0,0,0,0,0,0,0,0,0,0,0,618,617
102826,371,0,0,0,0,4,0,0,0,0,1,1,1,1,0,0,362,361
102827,420,0,0,0,0,7,0,0,0,0,1,1,1,1,0,0,408,407
102828,515,0,0,0,0,1,0,0,0,0,0,0,0,0,0,0,509,508
102829,526,0,1,0,0,0,0,0,0,0,1,1,1,1,0,0,520,519
102830,308,0,0,0,0,0,0,0,0,0,0,0,0,0,0,0,303,302
102831,297,0,0,0,0,2,0,0,0,0,0,0,0,0,0,0,291,291
102832,422,0,0,0,0,0,0,0,0,0,0,0,0,0,0,0,417,416
102833,258,0,0,0,0,4,0,0,0,0,0,0,0,0,0,0,250,250
102834,396,0,0,0,0,0,0,0,0,0,0,0,0,0,0,0,391,390
102835,389,0,1,0,0,0,0,0,0,0,0,0,0,0,0,0,383,382
102836,360,0,0,0,0,3,0,0,0,0,0,0,0,0,0,0,353,352
102837,327,0,0,0,0,2,0,0,0,0,1,1,1,1,0,0,321,321
102838,26,0,0,0,0,2,0,0,0,0,0,0,0,0,0,0,20,20
102839,467,0,3,0,0,1,0,0,0,0,0,0,0,0,0,0,459,458
102840,758,0,3,0,0,8,0,4,0,0,5,8,5,8,0,0,742,741
102841,496,0,0,0,0,0,0,0,0,0,0,0,0,0,0,0,491,490
102842,457,0,0,0,0,0,0,0,0,0,1,1,1,1,0,0,452,451
102843,296,0,0,0,0,1,0,0,0,0,1,1,1,1,0,0,291,290
102844,299,0,0,0,0,0,0,0,0,0,0,0,0,0,0,0,294,293
102845,398,0,0,0,0,2,0,0,0,0,0,0,0,0,0,0,392,392
102846,534,0,0,0,0,0,0,0,0,0,1,1,1,1,0,0,529,528
102847,812,0,0,0,0,1,0,0,0,0,0,0,0,0,0,0,806,805
102848,535,0,0,0,0,0,0,0,0,0,2,2,2,2,0,0,530,529
102849,504,0,0,0,0,0,0,0,0,0,0,0,0,0,0,0,499,498
102850,407,0,0,0,0,1,0,0,0,0,0,0,0,0,0,0,402,401
102851,479,0,0,0,0,0,0,0,0,0,2,2,2,2,0,0,474,473
102852,700,0,0,0,0,0,0,0,0,0,25,25,25,25,0,0,695,694
102853,601,0,0,0,0,1,0,0,0,0,1,1,1,1,0,0,595,594
102854,393,0,0,0,0,0,0,0,0,0,0,0,0,0,0,0,388,387
102855,371,0,0,0,0,0,0,0,0,0,0,0,0,0,0,0,366,365
102856,442,0,0,0,0,1,0,0,0,0,0,0,0,0,0,0,437,436
102857,298,0,0,0,0,1,0,0,0,0,2,2,2,2,0,0,293,292
102858,660,0,0,0,0,0,0,0,0,0,34,34,34,34,0,0,655,654
102859,456,0,0,0,0,1,0,0,0,0,0,0,0,0,0,0,451,450
102860,639,0,2,0,0,0,0,0,0,0,1,1,1,1,0,0,632,631
102861,454,0,0,0,0,0,0,0,0,0,0,0,0,0,0,0,449,448
102862,522,0,0,0,0,4,0,0,0,0,1,1,1,1,0,0,513,512
102863,522,0,1,0,0,0,0,0,0,0,7,8,7,8,0,0,516,515
102864,400,0,0,0,0,1,0,0,0,0,1,1,1,1,0,0,395,394
102865,341,0,0,0,0,0,0,0,0,0,0,0,0,0,0,0,336,335
102866,539,0,0,0,0,0,0,0,0,0,1,1,1,1,0,0,534,533
102867,378,0,0,0,0,1,0,0,0,0,0,0,0,0,0,0,373,372
102868,358,0,0,0,0,1,0,0,0,0,0,0,0,0,0,0,353,352
102869,370,0,0,0,0,1,0,0,0,0,0,0,0,0,0,0,365,364
102870,390,0,0,0,0,1,0,0,0,0,0,0,0,0,0,0,385,384
102871,504,0,1,0,0,0,0,0,0,0,0,0,0,0,0,0,498,497
102872,527,0,0,0,0,2,0,0,0,0,1,1,1,1,0,0,521,520
102873,273,0,0,0,0,2,0,0,0,0,0,0,0,0,0,0,267,267
102874,416,0,0,0,0,6,0,0,0,0,0,0,0,0,0,0,405,404
102875,508,0,1,0,0,7,0,0,0,0,0,0,0,0,0,0,496,495
102876,491,0,0,0,0,5,0,0,0,0,0,0,0,0,0,0,482,481
102877,490,0,0,0,0,1,0,0,0,0,1,1,1,1,0,0,485,484
102878,303,0,0,0,0,2,0,0,0,0,0,0,0,0,0,0,297,297
102879,544,0,0,0,0,0,0,8,0,0,3,3,3,3,0,0,539,538
102880,355,0,0,0,0,1,0,0,0,0,0,0,0,0,0,0,350,349
102881,485,0,0,0,0,0,0,0,0,0,0,0,0,0,0,0,480,479
102882,408,0,0,0,0,1,0,0,0,0,0,0,0,0,0,0,403,402
102883,433,0,0,0,0,1,0,0,0,0,0,0,0,0,0,0,427,426
102884,47,0,0,0,0,2,0,0,0,0,0,0,0,0,0,0,41,41
102885,399,0,0,0,0,0,0,0,0,0,2,2,2,2,0,0,394,393
102886,530,0,0,0,0,0,0,0,0,0,0,0,0,0,0,0,525,524
102887,369,0,1,0,0,3,0,0,0,0,0,0,0,0,0,0,361,360
102888,647,0,0,0,0,0,0,0,0,0,2,2,2,2,0,0,642,641
102889,697,0,0,0,0,1,0,0,0,0,0,0,0,0,0,0,692,691
102890,339,0,0,0,0,1,0,0,0,0,0,0,0,0,0,0,334,333
102891,370,0,0,0,0,1,0,0,0,0,0,0,0,0,0,0,365,364
102892,457,0,2,0,0,0,0,0,0,0,0,0,0,0,0,0,450,449
102893,358,0,0,0,0,0,0,0,0,0,0,0,0,0,0,0,353,352
102895,446,0,0,0,0,0,0,0,0,0,0,0,0,0,0,0,441,440
102896,338,0,0,0,0,1,0,0,0,0,0,0,0,0,0,0,332,331
102897,466,0,0,0,0,0,0,0,0,0,0,0,0,0,0,0,461,460
102898,398,0,0,0,0,1,0,0,0,0,0,0,0,0,0,0,393,392
102899,336,0,0,0,0,0,0,0,0,0,0,0,0,0,0,0,331,330
102900,539,0,0,0,0,0,0,0,0,0,2,2,2,2,0,0,534,533
102901,552,0,0,0,0,2,0,0,0,0,0,0,0,0,0,0,546,545
102902,529,0,0,0,0,1,0,5,0,0,0,0,0,0,0,0,524,523
102903,457,0,0,0,0,0,0,0,0,0,1,1,1,1,0,0,452,451
102904,258,0,0,0,0,0,0,0,0,0,0,0,0,0,0,0,253,252
102905,488,0,0,0,0,0,0,0,0,0,32,34,32,34,0,0,483,482
102906,336,0,1,0,0,1,0,0,0,0,0,0,0,0,0,0,330,329
102907,592,0,0,0,0,0,0,0,0,0,2,2,2,2,0,0,587,586
102908,640,0,0,0,0,0,0,0,0,0,2,2,2,2,0,0,635,634
102909,339,0,0,0,0,1,0,0,0,0,0,0,0,0,0,0,334,333
102910,314,0,0,0,0,0,0,0,0,0,0,0,0,0,0,0,309,308
102911,476,0,0,0,0,1,0,0,0,0,12,12,12,12,0,0,470,469
102912,298,0,1,0,0,2,0,0,0,0,0,0,0,0,0,0,291,291
102913,329,0,0,0,0,0,0,0,0,0,0,0,0,0,0,0,324,323
102914,513,0,1,0,0,0,0,0,0,0,1,1,1,1,0,0,507,506
102915,591,0,0,0,0,0,0,0,0,0,0,0,0,0,0,0,586,585
102916,393,0,0,0,0,1,0,0,0,0,0,0,0,0,0,0,388,387
102917,314,0,0,0,0,2,0,0,0,0,2,2,2,2,0,0,308,308
102918,752,0,0,0,0,0,0,0,0,0,3,3,3,3,0,0,747,746
102919,430,0,1,0,0,2,0,0,0,0,0,0,0,0,0,0,423,423
102920,806,0,0,0,0,0,0,0,0,0,1,1,1,1,0,0,801,800
102921,379,0,0,0,0,0,0,0,0,0,0,0,0,0,0,0,374,373
102922,336,0,0,0,0,1,0,0,0,0,0,0,0,0,0,0,330,329
102923,629,0,0,0,0,1,0,0,0,0,1,1,1,1,0,0,624,623
102924,415,0,0,0,0,1,0,0,0,0,1,1,1,1,0,0,410,409
102925,654,0,0,0,0,2,0,0,0,0,0,0,0,0,0,0,648,647
102926,302,0,0,0,0,2,0,0,0,0,0,0,0,0,0,0,296,296
102927,301,0,0,0,0,0,0,0,0,0,0,0,0,0,0,0,296,295
102928,402,0,0,0,0,2,0,0,0,0,0,0,0,0,0,0,395,394
102929,336,0,0,0,0,2,0,0,0,0,1,1,1,1,0,0,330,330
102930,542,0,1,0,0,1,0,0,0,0,0,0,0,0,0,0,536,535
102931,393,0,0,0,0,1,0,0,0,0,0,0,0,0,0,0,388,387
102932,367,0,0,0,0,1,0,0,0,0,2,2,2,2,0,0,362,361
102933,423,0,0,0,0,0,0,0,0,0,2,2,2,2,0,0,418,417
102934,605,0,0,0,0,0,0,0,0,0,2,2,2,2,0,0,600,599
102935,326,0,0,0,0,1,0,0,0,0,0,0,0,0,0,0,321,320
102936,384,0,0,0,0,4,0,0,0,0,0,0,0,0,0,0,376,375
102937,478,0,0,0,0,1,0,0,0,0,1,1,1,1,0,0,473,472
102938,398,0,0,0,0,1,0,0,0,0,0,0,0,0,0,0,393,392
102939,300,0,0,0,0,2,0,0,0,0,0,0,0,0,0,0,294,294
102941,341,0,0,0,0,0,0,0,0,0,0,0,0,0,0,0,336,335
102942,521,0,0,0,0,2,0,0,0,0,1,1,1,1,0,0,514,513
102943,619,0,0,0,0,0,0,0,0,0,1,1,1,1,0,0,614,613
102944,775,0,0,0,0,0,0,0,0,0,1,1,1,1,0,0,770,769
102945,364,0,0,0,0,1,0,0,0,0,0,0,0,0,0,0,359,358
102946,327,0,0,0,0,1,0,0,0,0,0,0,0,0,0,0,322,321
102947,494,0,1,0,0,0,0,0,0,0,0,0,0,0,0,0,488,487
102948,442,0,0,0,0,1,0,0,0,0,0,0,0,0,0,0,437,436
102949,372,0,0,0,0,0,0,0,0,0,0,0,0,0,0,0,367,366
102950,444,0,0,0,0,1,0,0,0,0,1,1,1,1,0,0,439,438
102951,504,0,0,0,0,1,0,0,0,0,2,2,2,2,0,0,499,498
102952,327,0,0,0,0,1,0,0,0,0,0,0,0,0,0,0,322,321
102953,366,0,2,0,0,1,0,0,0,0,0,0,0,0,0,0,359,358
102954,237,0,0,0,0,0,0,0,0,0,0,0,0,0,0,0,232,231
102955,458,0,0,0,0,0,0,0,0,0,0,0,0,0,0,0,453,452
102956,301,0,0,0,0,0,0,0,0,0,1,1,1,1,0,0,296,295
102957,546,0,3,0,0,0,0,0,0,0,1,1,1,1,0,0,538,537
102958,298,0,0,0,0,2,0,0,0,0,0,0,0,0,0,0,292,292
102959,506,0,0,0,0,4,0,0,0,0,1,1,1,1,0,0,497,496
102960,428,0,0,0,0,1,0,0,0,0,2,2,2,2,0,0,423,422
102961,328,0,0,0,0,11,0,0,0,0,0,0,0,0,0,0,312,311
102962,87,0,0,0,0,2,0,0,0,0,0,0,0,0,0,0,81,81
102963,437,0,0,0,0,0,0,0,0,0,2,2,2,2,0,0,432,431
102964,372,0,0,0,0,0,0,0,0,0,0,0,0,0,0,0,367,366
102965,492,0,1,0,0,1,0,0,0,0,0,0,0,0,0,0,486,485
102966,579,0,0,0,0,0,0,0,0,0,47,47,47,47,0,0,574,573
102967,441,0,0,0,0,0,0,0,0,0,0,0,0,0,0,0,436,435
102968,539,0,0,0,0,1,0,0,0,0,0,0,0,0,0,0,534,533
102969,595,0,0,0,0,0,0,0,0,0,3,3,3,3,0,0,590,589
102970,595,0,0,0,0,0,0,6,0,0,0,0,0,0,0,0,590,589
102971,374,0,1,0,0,3,0,0,0,0,0,0,0,0,0,0,366,365
102972,386,0,0,0,0,0,0,0,0,0,0,0,0,0,0,0,381,380
102973,309,0,0,0,0,2,0,0,0,0,0,0,0,0,0,0,303,302
102974,379,0,1,0,0,1,0,0,0,0,0,0,0,0,0,0,373,372
102975,366,0,0,0,0,0,0,0,0,0,0,0,0,0,0,0,361,360
102976,467,0,0,0,0,0,0,0,0,0,1,1,1,1,0,0,462,461
102977,334,0,0,0,0,1,0,0,0,0,0,0,0,0,0,0,329,328
102978,516,0,0,0,0,0,0,0,0,0,0,0,0,0,0,0,511,510
102979,415,0,0,0,0,0,0,0,0,0,1,1,1,1,0,0,410,409
102980,425,0,0,0,0,0,0,0,0,0,0,0,0,0,0,0,420,419
102981,448,0,0,0,0,0,0,0,0,0,0,0,0,0,0,0,443,442
102982,411,0,0,0,0,1,0,0,0,0,0,0,0,0,0,0,406,405
102983,323,0,0,0,0,2,0,0,0,0,0,0,0,0,0,0,317,317
102984,396,0,0,0,0,3,0,0,0,0,0,0,0,0,0,0,389,388
102985,418,0,0,0,0,1,0,0,0,0,0,0,0,0,0,0,413,412
102986,1045,0,0,0,0,0,0,0,0,0,0,0,0,0,0,0,1040,1039
102987,475,0,1,0,0,1,0,0,0,0,0,0,0,0,0,0,468,467
102988,635,0,0,0,0,0,0,0,0,0,28,28,28,28,0,0,630,629
102989,401,0,0,0,0,1,0,0,0,0,0,0,0,0,0,0,396,395
102990,507,0,0,0,0,0,0,0,0,0,0,0,0,0,0,0,502,501
102991,282,0,0,0,0,1,0,0,0,0,0,0,0,0,0,0,277,276
102992,610,0,0,0,0,0,0,3,0,0,1,1,1,1,0,0,605,604
102993,369,0,0,0,0,2,0,0,0,0,1,1,1,1,0,0,362,361
102994,523,0,1,0,0,1,0,0,0,0,0,0,0,0,0,0,517,516
102995,531,0,0,0,0,1,0,0,0,0,2,2,2,2,0,0,526,525
102996,607,0,0,0,0,1,0,0,0,0,1,1,1,1,0,0,602,601
102997,336,0,0,0,0,1,0,0,0,0,0,0,0,0,0,0,331,330
102998,312,0,0,0,0,1,0,0,0,0,0,0,0,0,0,0,307,306
102999,527,0,0,0,0,0,0,0,0,0,1,1,1,1,0,0,522,521
103000,451,0,0,0,0,0,0,0,0,0,2,3,2,3,0,0,446,445
103001,517,0,0,0,0,4,0,0,0,0,0,0,0,0,0,0,509,508
103002,548,0,0,0,0,2,0,0,0,0,0,0,0,0,0,0,541,540
103003,445,0,0,0,0,0,0,0,0,0,2,2,2,2,0,0,440,439
103004,470,0,0,0,0,1,0,0,0,0,0,0,0,0,0,0,465,464
103005,525,0,0,0,0,3,0,0,0,0,2,2,2,2,0,0,517,516
103006,500,0,0,0,0,0,0,0,0,0,0,0,0,0,0,0,495,494
103007,344,0,0,0,0,0,0,0,0,0,0,0,0,0,0,0,339,338
103008,527,0,0,0,0,0,0,0,0,0,0,0,0,0,0,0,522,521
103009,412,0,0,0,0,1,0,0,0,0,0,0,0,0,0,0,407,406
103010,187,0,0,0,0,2,0,0,0,0,0,0,0,0,0,0,181,181
103011,307,0,0,0,0,0,0,0,0,0,0,0,0,0,0,0,302,301
103012,417,0,0,0,0,2,0,0,0,0,2,2,2,2,0,0,411,411
103013,472,0,0,0,0,0,0,0,0,0,0,0,0,0,0,0,467,466
103014,409,0,0,0,0,3,0,0,0,0,2,3,2,3,0,0,401,400
103015,412,0,0,0,0,1,0,0,0,0,0,0,0,0,0,0,406,405
103016,743,0,0,0,0,0,0,0,0,0,2,2,2,2,0,0,738,737
103017,235,0,0,0,0,0,0,0,0,0,1,1,1,1,0,0,230,229
103018,488,0,0,0,0,2,0,0,0,0,0,0,0,0,0,0,481,480
103019,509,0,0,0,0,0,0,6,0,0,0,0,0,0,0,0,504,503
103020,530,0,0,0,0,0,0,0,0,0,0,0,0,0,0,0,525,524
103021,706,0,0,0,0,1,0,0,0,0,1,1,1,1,0,0,700,699
103022,474,0,3,0,0,1,0,0,0,0,0,0,0,0,0,0,466,465
103023,250,0,1,0,0,1,0,0,0,0,1,1,1,1,0,0,244,243
103024,631,0,0,0,0,3,0,0,0,0,1,1,1,1,0,0,623,622
103025,411,0,0,0,0,2,0,0,0,0,0,0,0,0,0,0,405,405
103026,631,0,0,0,0,0,0,0,0,0,0,0,0,0,0,0,626,625
103027,287,0,0,0,0,1,0,0,0,0,0,0,0,0,0,0,282,281
103028,387,0,0,0,0,0,0,0,0,0,0,0,0,0,0,0,382,381
103029,302,0,0,0,0,0,0,0,0,0,0,0,0,0,0,0,297,296
103030,537,0,0,0,0,0,0,0,0,0,0,0,0,0,0,0,532,531
103031,75,0,0,0,0,2,0,0,0,0,0,0,0,0,0,0,69,69
103032,741,0,0,0,0,1,0,0,0,0,0,0,0,0,0,0,736,735
103033,621,0,0,0,0,0,0,0,0,0,1,1,1,1,0,0,616,615
103034,328,0,0,0,0,0,0,0,0,0,0,0,0,0,0,0,323,322
103035,30,0,0,0,0,2,0,0,0,0,0,0,0,0,0,0,24,24
103036,598,0,1,0,0,0,0,7,0,0,0,0,0,0,0,0,592,591
103037,341,0,0,0,0,0,0,0,0,0,0,0,0,0,0,0,336,335
103038,562,0,1,0,0,2,0,0,0,0,0,0,0,0,0,0,554,553
103039,459,0,0,0,0,0,0,0,0,0,0,0,0,0,0,0,454,453
103040,273,0,0,0,0,1,0,0,0,0,0,0,0,0,0,0,268,267
103041,588,0,2,0,0,0,0,3,0,0,2,2,2,2,0,0,581,580
103042,512,0,0,0,0,1,0,0,0,0,0,0,0,0,0,0,507,506
103043,575,0,0,0,0,0,0,8,0,0,0,0,0,0,0,0,570,569
103044,525,0,0,0,0,0,0,0,0,0,1,1,1,1,0,0,520,519
103045,70,0,1,0,0,2,0,0,0,0,0,0,0,0,0,0,63,63
103046,456,0,0,0,0,0,0,0,0,0,2,2,2,2,0,0,451,450
103047,385,0,1,0,0,1,0,0,0,0,0,0,0,0,0,0,379,378
103048,262,0,0,0,0,1,0,0,0,0,0,0,0,0,0,0,257,256
103049,214,0,1,0,0,1,0,0,0,0,0,0,0,0,0,0,208,207
103050,391,0,0,0,0,0,0,0,0,0,0,0,0,0,0,0,386,385
103051,286,0,1,0,0,0,0,0,0,0,0,0,0,0,0,0,280,279
103052,141,0,0,0,0,2,0,0,0,0,0,0,0,0,0,0,135,135
103053,319,0,0,0,0,2,0,0,0,0,0,0,0,0,0,0,313,313
103054,437,0,0,0,0,0,0,0,0,0,0,0,0,0,0,0,432,431
103055,556,0,0,0,0,0,0,0,0,0,2,2,2,2,0,0,551,550
103056,445,0,0,0,0,1,0,0,0,0,0,0,0,0,0,0,440,439
103057,607,0,0,0,0,0,0,0,0,0,0,0,0,0,0,0,602,601
103058,313,0,0,0,0,0,0,0,0,0,0,0,0,0,0,0,308,307
103059,477,0,0,0,0,1,0,0,0,0,0,0,0,0,0,0,472,471
103060,354,0,0,0,0,4,0,0,0,0,0,0,0,0,0,0,346,345
103061,580,0,0,0,0,0,0,0,0,0,0,0,0,0,0,0,575,574
103062,200,0,0,0,0,0,0,0,0,0,2,2,2,2,0,0,195,194
103063,373,0,0,0,0,0,0,0,0,0,0,0,0,0,0,0,368,367
103064,377,0,0,0,0,0,0,0,0,0,0,0,0,0,0,0,372,371
103065,204,0,0,0,0,0,0,0,0,0,0,0,0,0,0,0,199,198
103066,728,0,2,0,0,2,0,0,0,0,0,0,0,0,0,0,719,718
103067,471,0,0,0,0,1,0,0,0,0,1,1,1,1,0,0,465,464
103068,449,0,0,0,0,1,0,0,0,0,1,1,1,1,0,0,443,442
103069,622,0,0,0,0,2,0,0,0,0,0,0,0,0,0,0,616,615
103070,419,0,0,0,0,0,0,0,0,0,0,0,0,0,0,0,414,413
103071,379,0,0,0,0,2,0,0,0,0,0,0,0,0,0,0,373,373
103072,448,0,0,0,0,1,0,0,0,0,1,1,1,1,0,0,443,442
103073,359,0,0,0,0,0,0,0,0,0,0,0,0,0,0,0,354,353
103074,396,0,0,0,0,1,0,0,0,0,0,0,0,0,0,0,391,390
103075,458,0,0,0,0,2,0,0,0,0,1,1,1,1,0,0,452,451
103076,275,0,0,0,0,1,0,0,0,0,0,0,0,0,0,0,270,269
103077,716,0,0,0,0,10,0,0,0,0,0,0,0,0,0,0,701,700
103078,370,0,0,0,0,0,0,0,0,0,2,2,2,2,0,0,365,364
103079,429,0,0,0,0,1,0,0,0,0,0,0,0,0,0,0,424,423
103080,653,0,0,0,0,0,0,0,0,0,0,0,0,0,0,0,648,647
103081,471,0,0,0,0,1,0,0,0,0,1,1,1,1,0,0,465,464
103082,394,0,0,0,0,1,0,0,0,0,0,0,0,0,0,0,389,388
103083,389,0,0,0,0,2,0,0,0,0,0,0,0,0,0,0,382,381
103084,318,0,0,0,0,0,0,0,0,0,0,0,0,0,0,0,313,312
103085,545,0,0,0,0,0,0,0,0,0,2,2,2,2,0,0,540,539
103086,312,0,0,0,0,1,0,0,0,0,0,0,0,0,0,0,307,306
103087,443,0,0,0,0,16,0,7,0,0,1,1,1,1,0,0,422,421
103088,370,0,0,0,0,0,0,0,0,0,0,0,0,0,0,0,365,364
103089,535,0,0,0,0,3,0,0,0,0,0,0,0,0,0,0,528,527
103090,253,0,0,0,0,1,0,0,0,0,0,0,0,0,0,0,248,247
103091,275,0,1,0,0,5,0,0,0,0,0,0,0,0,0,0,265,264
103092,356,0,0,0,0,1,0,0,0,0,0,0,0,0,0,0,351,350
103094,434,0,0,0,0,0,0,0,0,0,0,0,0,0,0,0,429,428
103095,466,0,0,0,0,0,0,0,0,0,2,2,2,2,0,0,461,460
103096,715,0,1,0,0,0,0,0,0,0,2,3,2,3,0,0,709,708
103097,344,0,0,0,0,0,0,0,0,0,0,0,0,0,0,0,339,338
103099,674,0,0,0,0,3,0,0,0,0,0,0,0,0,0,0,667,666
103100,394,0,0,0,0,0,0,0,0,0,0,0,0,0,0,0,389,388
103101,566,0,0,0,0,0,0,0,0,0,2,2,2,2,0,0,561,560
103102,552,0,0,0,0,0,0,0,0,0,0,0,0,0,0,0,547,546
103103,477,0,0,0,0,0,0,0,0,0,0,0,0,0,0,0,472,471
103104,415,0,0,0,0,4,0,0,0,0,0,0,0,0,0,0,407,406
103105,379,0,0,0,0,1,0,0,0,0,0,0,0,0,0,0,374,373
103106,356,0,0,0,0,1,0,0,0,0,0,0,0,0,0,0,351,350
103107,359,0,0,0,0,13,0,0,0,0,0,0,0,0,0,0,341,340
103108,403,0,0,0,0,1,0,0,0,0,1,1,1,1,0,0,398,397
103109,464,0,0,0,0,3,0,0,0,0,2,2,2,2,0,0,456,455
103110,568,0,0,0,0,0,0,0,0,0,1,1,1,1,0,0,563,562
103111,404,0,0,0,0,1,0,0,0,0,0,0,0,0,0,0,399,398
103112,450,0,0,0,0,0,0,0,0,0,0,0,0,0,0,0,445,444
103113,529,0,0,0,0,0,0,0,0,0,1,1,1,1,0,0,524,523
103114,438,0,0,0,0,0,0,0,0,0,1,1,1,1,0,0,433,432
103115,526,0,0,0,0,0,0,0,0,0,2,2,2,2,0,0,521,520
103116,529,0,0,0,0,1,0,0,0,0,0,0,0,0,0,0,524,523
103117,432,0,0,0,0,1,0,0,0,0,0,0,0,0,0,0,426,425
103118,254,0,0,0,0,0,0,0,0,0,0,0,0,0,0,0,249,248
103119,607,0,0,0,0,1,0,0,0,0,1,1,1,1,0,0,601,600
103120,408,0,0,0,0,4,0,0,0,0,1,1,1,1,0,0,399,398
103121,558,0,0,0,0,0,0,0,0,0,0,0,0,0,0,0,553,552
103122,29,0,0,0,0,2,0,0,0,0,0,0,0,0,0,0,23,23
103123,421,0,0,0,0,0,0,0,0,0,0,0,0,0,0,0,416,415
103124,513,0,0,0,0,1,0,0,0,0,1,1,1,1,0,0,508,507
103125,392,0,0,0,0,1,0,0,0,0,1,1,1,1,0,0,387,386
103126,464,0,0,0,0,0,0,0,0,0,0,0,0,0,0,0,459,458
103127,467,0,1,0,0,1,0,0,0,0,2,2,2,2,0,0,461,460
103128,404,0,0,0,0,1,0,0,0,0,0,0,0,0,0,0,399,398
103129,365,0,1,0,0,2,0,0,0,0,0,0,0,0,0,0,358,357
103130,322,0,0,0,0,0,0,0,0,0,1,1,1,1,0,0,317,316
103131,566,0,2,0,0,5,0,0,0,0,1,1,1,1,0,0,554,553
103132,534,0,0,0,0,1,0,0,0,0,0,0,0,0,0,0,529,528
103133,490,0,0,0,0,0,0,0,0,0,1,1,1,1,0,0,485,484
103134,290,0,0,0,0,4,0,0,0,0,0,0,0,0,0,0,282,282
103135,306,0,0,0,0,1,0,0,0,0,0,0,0,0,0,0,301,300
103136,483,0,0,0,0,0,0,0,0,0,0,0,0,0,0,0,478,477
103137,616,0,1,0,0,1,0,0,0,0,0,0,0,0,0,0,609,608
103138,340,0,0,0,0,1,0,0,0,0,0,0,0,0,0,0,335,334
103139,446,0,0,0,0,1,0,0,0,0,0,0,0,0,0,0,441,440
103140,436,0,1,0,0,1,0,0,0,0,0,0,0,0,0,0,430,429
103141,346,0,0,0,0,0,0,0,0,0,0,0,0,0,0,0,341,340
103142,270,0,0,0,0,2,0,0,0,0,0,0,0,0,0,0,264,264
103143,404,0,0,0,0,1,0,0,0,0,1,1,1,1,0,0,399,398
103144,654,0,0,0,0,5,0,0,0,0,0,0,0,0,0,0,644,643
103145,492,0,0,0,0,0,0,0,0,0,0,0,0,0,0,0,487,486
103146,362,0,1,0,0,0,0,0,0,0,1,1,1,1,0,0,356,355
103147,454,0,1,0,0,1,0,0,0,0,0,0,0,0,0,0,448,447
103148,556,0,0,0,0,0,0,1,0,0,1,1,1,1,0,0,551,550
103149,525,0,0,0,0,0,0,0,0,0,0,0,0,0,0,0,520,519
103150,434,0,2,0,0,1,0,0,0,0,1,1,1,1,0,0,426,425
103152,330,0,0,0,0,1,0,0,0,0,0,0,0,0,0,0,325,324
103153,360,0,0,0,0,1,0,0,0,0,0,0,0,0,0,0,355,354
103154,301,0,0,0,0,2,0,0,0,0,0,0,0,0,0,0,295,295
103155,472,0,0,0,0,0,0,0,0,0,2,2,2,2,0,0,467,466
103156,476,0,0,0,0,1,0,0,0,0,0,0,0,0,0,0,471,470
103157,347,0,0,0,0,1,0,0,0,0,0,0,0,0,0,0,342,341
103158,218,0,1,0,0,0,0,0,0,0,0,0,0,0,0,0,212,211
103159,405,0,0,0,0,1,0,0,0,0,0,0,0,0,0,0,400,399
103160,465,0,0,0,0,0,0,0,0,0,1,1,1,1,0,0,460,459
103161,600,0,0,0,0,0,0,0,0,0,2,2,2,2,0,0,595,594
103162,486,0,0,0,0,0,0,0,0,0,1,1,1,1,0,0,481,480
103163,443,0,0,0,0,1,0,0,0,0,0,0,0,0,0,0,437,436
103164,492,0,1,0,0,1,0,0,0,0,0,0,0,0,0,0,486,485
103165,375,0,0,0,0,1,0,0,0,0,0,0,0,0,0,0,370,369
103166,298,0,0,0,0,0,0,0,0,0,0,0,0,0,0,0,293,292
103167,145,0,0,0,0,0,0,0,0,0,0,0,0,0,0,0,140,139
103168,584,0,0,0,0,0,0,0,0,0,1,1,1,1,0,0,579,578
103169,407,0,0,0,0,1,0,0,0,0,0,0,0,0,0,0,402,401
103170,427,0,0,0,0,0,0,0,0,0,4,4,4,4,0,0,422,421
103171,303,0,0,0,0,1,0,0,0,0,1,1,1,1,0,0,298,297
103172,538,0,0,0,0,0,0,0,0,0,1,1,1,1,0,0,533,532
103173,331,0,0,0,0,1,0,0,0,0,1,1,1,1,0,0,326,325
103174,503,0,0,0,0,3,0,0,0,0,0,0,0,0,0,0,495,494
103175,343,0,0,0,0,1,0,0,0,0,1,1,1,1,0,0,338,337
103176,633,0,0,0,0,0,0,0,0,0,1,1,1,1,0,0,628,627
103177,473,0,0,0,0,2,0,0,0,0,0,0,0,0,0,0,467,466
103178,409,0,0,0,0,0,0,0,0,0,0,0,0,0,0,0,404,403
103179,514,0,0,0,0,1,0,0,0,0,0,0,0,0,0,0,508,507
103180,494,0,0,0,0,0,0,0,0,0,0,0,0,0,0,0,489,488
103181,409,0,0,0,0,1,0,0,0,0,0,0,0,0,0,0,403,402
103182,514,0,0,0,0,0,0,0,0,0,0,0,0,0,0,0,509,508
103183,507,0,0,0,0,0,0,0,0,0,20,20,20,20,0,0,502,501
103184,281,0,0,0,0,0,0,0,0,0,0,0,0,0,0,0,276,275
103186,645,0,0,0,0,0,0,0,0,0,1,1,1,1,0,0,640,639
103187,507,0,0,0,0,0,0,0,0,0,0,0,0,0,0,0,502,501
103188,308,0,1,0,0,0,0,0,0,0,0,0,0,0,0,0,302,301
103189,364,0,0,0,0,1,0,0,0,0,0,0,0,0,0,0,359,358
103190,459,0,0,0,0,0,0,0,0,0,0,0,0,0,0,0,454,453
103191,343,0,0,0,0,1,0,0,0,0,0,0,0,0,0,0,338,337
103192,421,0,0,0,0,0,0,0,0,0,0,0,0,0,0,0,416,415
103193,605,0,0,0,0,2,0,0,0,0,0,0,0,0,0,0,599,598
103194,430,0,0,0,0,11,0,0,0,0,0,0,0,0,0,0,415,414
103195,355,0,0,0,0,1,0,0,0,0,0,0,0,0,0,0,350,349
103196,646,0,0,0,0,1,0,0,0,0,0,0,0,0,0,0,641,640
103197,475,0,0,0,0,0,0,0,0,0,0,0,0,0,0,0,470,469
103198,327,0,0,0,0,0,0,0,0,0,1,1,1,1,0,0,322,321
103199,626,0,0,0,0,1,0,0,0,0,0,0,0,0,0,0,621,620
103200,369,0,1,0,0,1,0,0,0,0,1,1,1,1,0,0,363,362
103201,486,0,0,0,0,5,0,0,0,0,0,0,0,0,0,0,476,475
103202,446,0,0,0,0,0,0,0,0,0,0,0,0,0,0,0,441,440
103203,434,0,0,0,0,30,0,0,0,0,0,0,0,0,0,0,400,400
103204,429,0,0,0,0,1,0,0,0,0,1,1,1,1,0,0,423,422
103205,396,0,0,0,0,0,0,0,0,0,0,0,0,0,0,0,391,390
103206,312,0,0,0,0,3,0,0,0,0,6,6,6,6,0,0,305,305
103207,383,0,0,0,0,2,0,0,0,0,0,0,0,0,0,0,377,376
103208,434,0,0,0,0,2,0,0,0,0,0,0,0,0,0,0,428,427
103209,501,0,0,0,0,2,0,0,0,0,0,0,0,0,0,0,494,493
103210,456,0,0,0,0,1,0,0,0,0,1,1,1,1,0,0,451,450
103211,523,0,1,0,0,0,0,0,0,0,0,0,0,0,0,0,517,516
103212,496,0,0,0,0,7,0,0,0,0,0,0,0,0,0,0,485,484
103213,69,0,0,0,0,2,0,0,0,0,0,0,0,0,0,0,63,63
103214,548,0,0,0,0,2,0,0,0,0,1,1,1,1,0,0,541,540
103215,425,0,0,0,0,2,0,0,0,0,0,0,0,0,0,0,418,417
103216,396,0,0,0,0,1,0,0,0,0,0,0,0,0,0,0,391,390
103217,348,0,1,0,0,1,0,0,0,0,1,1,1,1,0,0,342,341
103219,396,0,0,0,0,2,0,0,0,0,0,0,0,0,0,0,390,389
103220,439,0,0,0,0,0,0,0,0,0,0,0,0,0,0,0,434,433
103221,554,0,0,0,0,1,0,0,0,0,1,1,1,1,0,0,549,548
103222,267,0,0,0,0,2,0,0,0,0,0,0,0,0,0,0,261,261
103223,653,0,0,0,0,0,0,0,0,0,2,2,2,2,0,0,648,647
103224,494,0,0,0,0,1,0,0,0,0,1,1,1,1,0,0,489,488
103225,480,0,0,0,0,1,0,0,0,0,1,1,1,1,0,0,475,474
103226,409,0,0,0,0,1,0,0,0,0,1,1,1,1,0,0,404,403
103227,478,0,0,0,0,0,0,0,0,0,0,0,0,0,0,0,473,472
103228,310,0,0,0,0,0,0,0,0,0,0,0,0,0,0,0,305,304
103229,388,0,1,0,0,1,0,0,0,0,0,0,0,0,0,0,382,381
103230,454,0,0,0,0,0,0,0,0,0,1,1,1,1,0,0,449,448
103231,388,0,0,0,0,1,0,0,0,0,0,0,0,0,0,0,383,382
103232,470,0,0,0,0,0,0,0,0,0,2,2,2,2,0,0,465,464
103233,623,0,0,0,0,0,0,0,0,0,0,0,0,0,0,0,618,617
103234,344,0,0,0,0,1,0,0,0,0,0,0,0,0,0,0,339,338
103235,434,0,0,0,0,1,0,0,0,0,0,0,0,0,0,0,429,428
103236,511,0,0,0,0,0,0,0,0,0,0,0,0,0,0,0,506,505
103237,361,0,0,0,0,0,0,0,0,0,0,0,0,0,0,0,356,355
103239,531,0,0,0,0,2,0,0,0,0,0,0,0,0,0,0,524,523
103240,390,0,1,0,0,1,0,5,0,0,0,0,0,0,0,0,384,383
103241,407,0,0,0,0,1,0,0,0,0,0,0,0,0,0,0,402,401
103242,258,0,0,0,0,1,0,0,0,0,2,2,2,2,0,0,252,251
103243,460,0,0,0,0,0,0,0,0,0,0,0,0,0,0,0,455,454
103244,403,0,0,0,0,2,0,0,0,0,1,1,1,1,0,0,396,396
103245,327,0,1,0,0,3,0,0,0,0,0,0,0,0,0,0,319,319
103246,451,0,0,0,0,1,0,0,0,0,0,0,0,0,0,0,446,445
103247,595,0,0,0,0,1,0,0,0,0,2,2,2,2,0,0,589,588
103248,428,0,0,0,0,1,0,0,0,0,0,0,0,0,0,0,423,422
103249,323,0,2,0,0,1,0,0,0,0,0,0,0,0,0,0,316,315
103250,468,0,0,0,0,0,0,0,0,0,0,0,0,0,0,0,463,462
103251,955,0,0,0,0,2,0,0,0,0,0,0,0,0,0,0,948,947
103252,423,0,0,0,0,1,0,0,0,0,2,2,2,2,0,0,417,416
103253,473,0,0,0,0,3,0,0,0,0,1,1,1,1,0,0,465,464
103254,455,0,0,0,0,2,0,0,0,0,1,1,1,1,0,0,448,447
103255,453,0,2,0,0,1,0,0,0,0,0,0,0,0,0,0,446,445
103256,434,0,0,0,0,1,0,0,0,0,0,0,0,0,0,0,429,428
103257,457,0,0,0,0,0,0,0,0,0,1,1,1,1,0,0,452,451
103258,610,0,0,0,0,1,0,0,0,0,1,1,1,1,0,0,605,604
103259,448,0,0,0,0,0,0,0,0,0,1,1,1,1,0,0,443,442
103260,362,0,0,0,0,2,0,0,0,0,0,0,0,0,0,0,356,355
103261,338,0,0,0,0,1,0,0,0,0,0,0,0,0,0,0,333,332
103262,516,0,0,0,0,0,0,0,0,0,0,0,0,0,0,0,511,510
103263,499,0,0,0,0,0,0,0,0,0,0,0,0,0,0,0,494,493
103264,627,0,0,0,0,1,0,0,0,0,0,0,0,0,0,0,622,621
103265,311,0,0,0,0,0,0,0,0,0,0,0,0,0,0,0,306,305
103266,575,0,0,0,0,0,0,0,0,0,2,2,2,2,0,0,570,569
103267,489,0,0,0,0,7,0,0,0,0,1,1,1,1,0,0,477,476
103268,339,0,1,0,0,2,0,0,0,0,0,0,0,0,0,0,332,332
103269,430,0,0,0,0,2,0,0,0,0,0,0,0,0,0,0,424,423
103270,386,0,0,0,0,0,0,0,0,0,0,0,0,0,0,0,381,380
103271,271,0,1,0,0,1,0,0,0,0,0,0,0,0,0,0,265,264
103272,468,0,0,0,0,1,0,0,0,0,1,1,1,1,0,0,463,462
103273,423,0,0,0,0,1,0,0,0,0,0,0,0,0,0,0,418,417
103274,374,0,0,0,0,0,0,0,0,0,0,0,0,0,0,0,369,368
103275,625,0,0,0,0,1,0,0,0,0,1,1,1,1,0,0,620,619
103276,366,0,0,0,0,1,0,0,0,0,0,0,0,0,0,0,361,360
103277,429,0,0,0,0,0,0,0,0,0,0,0,0,0,0,0,424,423
103278,300,0,2,0,0,1,0,0,0,0,0,0,0,0,0,0,293,292
103279,549,0,0,0,0,1,0,0,0,0,0,0,0,0,0,0,544,543
103280,456,0,0,0,0,3,0,0,0,0,0,0,0,0,0,0,449,448
103281,453,0,0,0,0,0,0,0,0,0,2,2,2,2,0,0,448,447
103282,419,0,0,0,0,1,0,0,0,0,0,0,0,0,0,0,414,413
103283,485,0,0,0,0,0,0,0,0,0,0,0,0,0,0,0,480,479
103284,743,0,0,0,0,2,0,0,0,0,0,0,0,0,0,0,736,735
103285,784,0,1,0,0,0,0,0,0,0,0,0,0,0,0,0,778,777
103286,312,0,0,0,0,0,0,0,0,0,0,0,0,0,0,0,307,306
103287,436,0,0,0,0,1,0,0,0,0,1,1,1,1,0,0,430,429
103288,360,0,0,0,0,2,0,0,0,0,0,0,0,0,0,0,354,354
103289,372,0,0,0,0,3,0,0,0,0,1,1,1,1,0,0,365,365
103290,418,0,1,0,0,1,0,0,0,0,0,0,0,0,0,0,412,411
103291,421,0,0,0,0,1,0,0,0,0,0,0,0,0,0,0,416,415
103292,704,0,0,0,0,1,0,0,0,0,0,0,0,0,0,0,699,698
103293,371,0,0,0,0,1,0,0,0,0,0,0,0,0,0,0,366,365
103294,418,0,0,0,0,0,0,0,0,0,1,1,1,1,0,0,413,412
103295,539,0,3,0,0,1,0,0,0,0,19,19,19,19,0,0,531,530
103296,423,0,0,0,0,2,0,0,0,0,0,0,0,0,0,0,417,417
103297,530,0,0,0,0,1,0,0,0,0,1,1,1,1,0,0,524,523
103298,257,0,0,0,0,1,0,0,0,0,0,0,0,0,0,0,252,251
103299,293,0,0,0,0,4,0,0,0,0,0,0,0,0,0,0,285,285
103300,443,0,0,0,0,1,0,0,0,0,0,0,0,0,0,0,438,437
103301,477,0,0,0,0,0,0,0,0,0,0,0,0,0,0,0,472,471
103302,676,0,0,0,0,1,0,0,0,0,0,0,0,0,0,0,671,670
103303,449,0,0,0,0,1,0,0,0,0,1,1,1,1,0,0,444,443
103304,574,0,0,0,0,0,0,0,0,0,0,0,0,0,0,0,569,568
103305,532,0,0,0,0,0,0,0,0,0,0,0,0,0,0,0,527,526
103306,393,0,0,0,0,1,0,0,0,0,0,0,0,0,0,0,388,387
103307,361,0,0,0,0,2,0,0,0,0,0,0,0,0,0,0,355,355
103308,360,0,0,0,0,1,0,0,0,0,0,0,0,0,0,0,355,354
103309,519,0,0,0,0,1,0,0,0,0,0,0,0,0,0,0,514,513
103311,400,0,1,0,0,1,0,0,0,0,0,0,0,0,0,0,394,393
103312,533,0,0,0,0,0,0,0,0,0,2,2,2,2,0,0,528,527
103313,446,0,2,0,0,0,0,0,0,0,0,0,0,0,0,0,439,438
103314,716,0,1,0,0,6,0,0,0,0,0,0,0,0,0,0,704,703
103315,704,0,0,0,0,0,0,0,0,0,1,1,1,1,0,0,699,698
103317,378,0,0,0,0,0,0,0,0,0,1,1,1,1,0,0,373,372
103318,509,0,0,0,0,0,0,0,0,0,1,1,1,1,0,0,504,503
103319,406,0,0,0,0,1,0,0,0,0,1,1,1,1,0,0,401,400
103320,350,0,0,0,0,3,0,0,0,0,0,0,0,0,0,0,343,342
103321,423,0,0,0,0,1,0,0,0,0,0,0,0,0,0,0,418,417
103322,397,0,1,0,0,1,0,0,0,0,0,0,0,0,0,0,391,390
103323,318,0,0,0,0,0,0,0,0,0,0,0,0,0,0,0,313,312
103324,451,0,2,0,0,1,0,0,0,0,1,1,1,1,0,0,444,443
103325,395,0,2,0,0,0,0,0,0,0,1,1,1,1,0,0,388,387
103326,293,0,1,0,0,0,0,0,0,0,0,0,0,0,0,0,287,286
103327,537,0,0,0,0,0,0,0,0,0,0,0,0,0,0,0,532,531
103328,589,0,0,0,0,0,0,0,0,0,2,2,2,2,0,0,584,583
103329,596,0,0,0,0,16,0,0,0,0,0,0,0,0,0,0,575,574
103330,411,0,0,0,0,0,0,0,0,0,0,0,0,0,0,0,406,405
103331,542,0,1,0,0,0,0,0,0,0,0,0,0,0,0,0,536,535
103332,381,0,0,0,0,1,0,0,0,0,0,0,0,0,0,0,376,375
103333,417,0,0,0,0,3,0,0,0,0,0,0,0,0,0,0,410,409
103334,339,0,0,0,0,0,0,0,0,0,0,0,0,0,0,0,334,333
103335,534,0,1,0,0,1,0,0,0,0,1,1,1,1,0,0,528,527
103336,490,0,0,0,0,0,0,0,0,0,1,1,1,1,0,0,485,484
103337,462,0,0,0,0,1,0,4,0,0,1,1,1,1,0,0,457,456
103338,323,0,0,0,0,0,0,0,0,0,0,0,0,0,0,0,318,317
103339,574,0,0,0,0,0,0,0,0,0,1,1,1,1,0,0,569,568
103340,381,0,0,0,0,0,0,0,0,0,0,0,0,0,0,0,376,375
103341,575,0,0,0,0,0,0,0,0,0,0,0,0,0,0,0,570,569
103342,442,0,0,0,0,2,0,0,0,0,0,0,0,0,0,0,435,434
103343,500,0,0,0,0,0,0,0,0,0,0,0,0,0,0,0,495,494
103344,587,0,0,0,0,22,0,0,0,0,2,2,2,2,0,0,560,559
103345,415,0,1,0,0,7,0,0,0,0,0,0,0,0,0,0,403,402
103346,406,0,0,0,0,0,0,0,0,0,0,0,0,0,0,0,401,400
103347,468,0,2,0,0,2,0,0,0,0,0,0,0,0,0,0,460,459
103348,291,0,3,0,0,0,0,0,0,0,0,0,0,0,0,0,283,282
103349,498,0,0,0,0,1,0,0,0,0,1,1,1,1,0,0,493,492
103350,632,0,0,0,0,7,0,0,0,0,3,3,3,3,0,0,620,619
103351,760,0,0,0,0,0,0,0,0,0,1,1,1,1,0,0,755,754
103352,503,0,0,0,0,2,0,0,0,0,0,0,0,0,0,0,496,495
103353,455,0,0,0,0,0,0,0,0,0,0,0,0,0,0,0,450,449
103354,575,0,0,0,0,1,0,0,0,0,0,0,0,0,0,0,569,568
103355,581,0,0,0,0,0,0,0,0,0,0,0,0,0,0,0,576,575
103356,389,0,0,0,0,0,0,0,0,0,1,1,1,1,0,0,384,383
103357,555,0,0,0,0,2,0,0,0,0,2,2,2,2,0,0,548,547
103358,634,0,0,0,0,1,0,0,0,0,0,0,0,0,0,0,629,628
103359,333,0,0,0,0,1,0,0,0,0,0,0,0,0,0,0,328,327
103360,441,0,0,0,0,1,0,0,0,0,0,0,0,0,0,0,436,435
103361,336,0,1,0,0,1,0,0,0,0,0,0,0,0,0,0,330,329
103362,329,0,0,0,0,2,0,0,0,0,0,0,0,0,0,0,323,323
103363,619,0,0,0,0,2,0,0,0,0,0,0,0,0,0,0,612,611
103364,316,0,0,0,0,0,0,0,0,0,0,0,0,0,0,0,311,310
103365,313,0,0,0,0,2,0,0,0,0,0,0,0,0,0,0,307,307
103366,279,0,0,0,0,2,0,0,0,0,0,0,0,0,0,0,273,273
103367,657,0,0,0,0,0,0,0,0,0,2,2,2,2,0,0,652,651
103368,27,0,0,0,0,2,0,0,0,0,0,0,0,0,0,0,21,21
103369,581,0,0,0,0,3,0,0,0,0,0,0,0,0,0,0,574,574
103370,318,0,0,0,0,2,0,0,0,0,0,0,0,0,0,0,312,312
103371,579,0,0,0,0,1,0,11,0,0,1,1,1,1,0,0,574,573
103372,277,0,0,0,0,0,0,0,0,0,0,0,0,0,0,0,272,271
103373,537,0,0,0,0,1,0,0,0,0,0,0,0,0,0,0,532,531
103374,520,0,0,0,0,1,0,0,0,0,0,0,0,0,0,0,515,514
103376,447,0,0,0,0,0,0,0,0,0,2,2,2,2,0,0,442,441
103377,248,0,0,0,0,0,0,0,0,0,0,0,0,0,0,0,243,242
103378,410,0,0,0,0,1,0,0,0,0,0,0,0,0,0,0,405,404
103379,544,0,0,0,0,2,0,0,0,0,10,10,10,10,0,0,538,537
103380,604,0,2,0,0,0,0,0,0,0,1,1,1,1,0,0,597,596
103381,313,0,0,0,0,1,0,0,0,0,0,0,0,0,0,0,308,307
103382,324,0,0,0,0,2,0,0,0,0,0,0,0,0,0,0,318,318
103383,488,0,0,0,0,2,0,0,0,0,0,0,0,0,0,0,482,481
103384,522,0,0,0,0,0,0,0,0,0,1,1,1,1,0,0,517,516
103385,455,0,0,0,0,1,0,0,0,0,1,1,1,1,0,0,450,449
103386,237,0,0,0,0,1,0,0,0,0,0,0,0,0,0,0,232,231
103388,439,0,0,0,0,2,0,0,0,0,0,0,0,0,0,0,432,431
103389,476,0,0,0,0,0,0,0,0,0,0,0,0,0,0,0,471,470
103390,504,0,1,0,0,3,0,0,0,0,1,1,1,1,0,0,495,494
103391,379,0,0,0,0,1,0,0,0,0,0,0,0,0,0,0,374,373
103392,369,0,0,0,0,0,0,0,0,0,0,0,0,0,0,0,364,363
103393,339,0,0,0,0,6,0,0,0,0,0,0,0,0,0,0,329,329
103394,338,0,0,0,0,1,0,0,0,0,0,0,0,0,0,0,333,332
103395,594,0,0,0,0,0,0,0,0,0,0,0,0,0,0,0,589,588
103396,427,0,0,0,0,1,0,0,0,0,0,0,0,0,0,0,422,421
103397,502,0,0,0,0,0,0,0,0,0,0,0,0,0,0,0,497,496
103398,449,0,0,0,0,0,0,0,0,0,1,1,1,1,0,0,444,443
103399,591,0,0,0,0,0,0,0,0,0,5,5,5,5,0,0,586,585
103400,457,0,0,0,0,11,0,0,0,0,0,0,0,0,0,0,441,440
103401,527,0,0,0,0,2,0,0,0,0,0,0,0,0,0,0,521,520
103402,481,0,0,0,0,0,0,0,0,0,0,0,0,0,0,0,476,475
103403,670,0,0,0,0,1,0,0,0,0,0,0,0,0,0,0,665,664
103404,512,0,0,0,0,0,0,0,0,0,2,2,2,2,0,0,507,506
103405,522,0,0,0,0,2,0,0,0,0,2,2,2,2,0,0,515,514
103406,379,0,0,0,0,1,0,0,0,0,0,0,0,0,0,0,374,373
103407,585,0,0,0,0,0,0,0,0,0,2,2,2,2,0,0,580,579
103408,435,0,0,0,0,3,0,0,0,0,0,0,0,0,0,0,427,426
103409,390,0,0,0,0,2,0,0,0,0,0,0,0,0,0,0,384,383
103410,526,0,0,0,0,1,0,0,0,0,1,1,1,1,0,0,521,520
103411,349,0,0,0,0,0,0,0,0,0,0,0,0,0,0,0,344,343
103412,415,0,0,0,0,1,0,0,0,0,0,0,0,0,0,0,410,409
103413,564,0,0,0,0,1,0,0,0,0,1,1,1,1,0,0,559,558
103414,454,0,1,0,0,1,0,0,0,0,0,0,0,0,0,0,448,447
103415,380,0,0,0,0,1,0,0,0,0,0,0,0,0,0,0,375,374
103416,443,0,0,0,0,0,0,0,0,0,0,0,0,0,0,0,438,437
103417,318,0,0,0,0,1,0,0,0,0,0,0,0,0,0,0,313,312
103418,381,0,0,0,0,1,0,0,0,0,1,1,1,1,0,0,376,375
103419,643,0,0,0,0,0,0,0,0,0,49,49,49,49,0,0,638,637
103420,410,0,0,0,0,1,0,0,0,0,0,0,0,0,0,0,405,404
103421,378,0,1,0,0,1,0,0,0,0,0,0,0,0,0,0,372,371
103422,292,0,0,0,0,2,0,0,0,0,0,0,0,0,0,0,286,286
103423,527,0,0,0,0,1,0,0,0,0,0,0,0,0,0,0,522,521
103424,472,0,0,0,0,11,0,0,0,0,0,0,0,0,0,0,457,456
103425,333,0,0,0,0,0,0,0,0,0,0,0,0,0,0,0,328,327
103426,634,0,2,0,0,0,0,0,0,0,1,1,1,1,0,0,627,626
103427,518,0,0,0,0,2,0,0,0,0,1,1,1,1,0,0,511,510
103428,597,0,0,0,0,1,0,0,0,0,0,0,0,0,0,0,592,591
103429,518,0,0,0,0,0,0,0,0,0,1,1,1,1,0,0,513,512
103430,465,0,0,0,0,0,0,0,0,0,0,0,0,0,0,0,460,459
103431,196,0,1,0,0,1,0,0,0,0,0,0,0,0,0,0,190,189
103432,515,0,0,0,0,1,0,0,0,0,0,0,0,0,0,0,509,508
103433,407,0,0,0,0,1,0,0,0,0,0,0,0,0,0,0,402,401
103434,460,0,0,0,0,0,0,0,0,0,0,0,0,0,0,0,455,454
103435,524,0,0,0,0,0,0,0,0,0,2,2,2,2,0,0,519,518
103436,466,0,0,0,0,1,0,0,0,0,0,0,0,0,0,0,461,460
103437,579,0,0,0,0,7,0,0,0,0,0,0,0,0,0,0,568,567
103438,512,0,0,0,0,2,0,0,0,0,1,1,1,1,0,0,506,505
103439,506,0,0,0,0,0,0,0,0,0,0,0,0,0,0,0,501,500
103440,447,0,0,0,0,1,0,0,0,0,0,0,0,0,0,0,442,441
103441,328,0,0,0,0,2,0,0,0,0,0,0,0,0,0,0,322,322
103442,378,0,0,0,0,1,0,0,0,0,2,2,2,2,0,0,373,372
103443,479,0,0,0,0,0,0,0,0,0,0,0,0,0,0,0,474,473
103444,364,0,0,0,0,2,0,0,0,0,0,0,0,0,0,0,357,356
103445,462,0,0,0,0,1,0,0,0,0,0,0,0,0,0,0,457,456
103446,300,0,1,0,0,1,0,0,0,0,0,0,0,0,0,0,294,293
103447,351,0,0,0,0,1,0,0,0,0,0,0,0,0,0,0,346,345
103448,506,0,0,0,0,0,0,0,0,0,2,2,2,2,0,0,501,500
103449,475,0,0,0,0,0,0,0,0,0,1,1,1,1,0,0,470,469
103450,363,0,0,0,0,1,0,0,0,0,0,0,0,0,0,0,358,357
103451,580,0,0,0,0,1,0,0,0,0,3,3,3,3,0,0,575,574
103452,302,0,0,0,0,2,0,0,0,0,0,0,0,0,0,0,296,295
103453,895,0,0,0,0,2,0,0,0,0,2,2,2,2,0,0,888,887
103454,313,0,0,0,0,1,0,0,0,0,0,0,0,0,0,0,308,307
103455,374,0,0,0,0,1,0,0,0,0,0,0,0,0,0,0,369,368
103456,422,0,0,0,0,2,0,0,0,0,0,0,0,0,0,0,416,416
103457,485,0,0,0,0,0,0,0,0,0,1,1,1,1,0,0,480,479
103458,447,0,0,0,0,0,0,0,0,0,2,2,2,2,0,0,442,441
103459,685,0,0,0,0,1,0,0,0,0,0,0,0,0,0,0,679,678
103460,49,0,0,0,0,2,0,0,0,0,0,0,0,0,0,0,43,43
103461,366,0,1,0,0,0,0,0,0,0,0,0,0,0,0,0,360,359
103462,429,0,0,0,0,0,0,0,0,0,0,0,0,0,0,0,424,423
103463,850,0,2,0,0,0,0,0,0,0,1,1,1,1,0,0,843,842
103464,252,0,0,0,0,2,0,0,0,0,0,0,0,0,0,0,246,246
103465,397,0,0,0,0,1,0,0,0,0,0,0,0,0,0,0,392,391
103466,565,0,1,0,0,1,0,0,0,0,0,0,0,0,0,0,558,557
103467,305,0,1,0,0,1,0,0,0,0,0,0,0,0,0,0,299,298
103468,186,0,0,0,0,1,0,0,0,0,0,0,0,0,0,0,181,180
103469,662,0,0,0,0,0,0,0,0,0,1,1,1,1,0,0,657,656
103470,431,0,0,0,0,0,0,0,0,0,0,0,0,0,0,0,426,425
103471,358,0,0,0,0,0,0,0,0,0,0,0,0,0,0,0,353,352
103472,383,0,0,0,0,0,0,0,0,0,1,1,1,1,0,0,378,377
103474,292,0,0,0,0,1,0,0,0,0,0,0,0,0,0,0,287,286
103475,478,0,1,0,0,0,0,0,0,0,2,2,2,2,0,0,472,471
103476,461,0,0,0,0,1,0,0,0,0,0,0,0,0,0,0,456,455
103477,418,0,0,0,0,17,0,0,0,0,0,0,0,0,0,0,397,396
103478,345,0,0,0,0,0,0,0,0,0,1,1,1,1,0,0,340,339
103479,333,0,0,0,0,5,0,0,0,0,0,0,0,0,0,0,324,324
103480,311,0,0,0,0,1,0,0,0,0,0,0,0,0,0,0,306,305
103481,410,0,0,0,0,2,0,0,0,0,0,0,0,0,0,0,404,403
103482,445,0,1,0,0,1,0,0,0,0,0,0,0,0,0,0,439,438
103483,619,0,2,0,0,4,0,0,0,0,0,0,0,0,0,0,609,608
103484,383,0,0,0,0,1,0,0,0,0,0,0,0,0,0,0,378,377
103485,426,0,0,0,0,1,0,0,0,0,1,1,1,1,0,0,421,420
103486,575,0,3,0,0,0,0,0,0,0,0,0,0,0,0,0,567,566
103487,432,0,0,0,0,1,0,0,0,0,0,0,0,0,0,0,427,426
103488,444,0,0,0,0,0,0,0,0,0,0,0,0,0,0,0,439,438
103489,330,0,0,0,0,1,0,0,0,0,2,2,2,2,0,0,325,324
103490,324,0,0,0,0,1,0,0,0,0,0,0,0,0,0,0,319,318
103491,471,0,1,0,0,1,0,0,0,0,0,0,0,0,0,0,465,464
103492,546,0,0,0,0,1,0,0,0,0,4,4,4,4,0,0,540,539
103493,477,0,0,0,0,0,0,6,0,0,1,1,1,1,0,0,472,471
103494,426,0,0,0,0,4,0,0,0,0,2,2,2,2,0,0,417,416
103495,187,0,0,0,0,2,0,0,0,0,0,0,0,0,0,0,181,181
103496,195,0,1,0,0,3,0,0,0,0,0,0,0,0,0,0,187,187
103498,541,0,0,0,0,0,0,0,0,0,2,2,2,2,0,0,536,535
103499,480,0,0,0,0,0,0,0,0,0,2,2,2,2,0,0,475,474
103500,567,0,0,0,0,1,0,0,0,0,0,0,0,0,0,0,562,561
103501,329,0,0,0,0,1,0,0,0,0,0,0,0,0,0,0,324,323
103502,550,0,0,0,0,0,0,0,0,0,0,0,0,0,0,0,545,544
103503,406,0,0,0,0,1,0,0,0,0,0,0,0,0,0,0,401,400
103504,467,0,0,0,0,0,0,0,0,0,0,0,0,0,0,0,462,461
103505,320,0,0,0,0,0,0,0,0,0,0,0,0,0,0,0,315,314
103506,614,0,0,0,0,0,0,0,0,0,1,1,1,1,0,0,609,608
103507,464,0,0,0,0,2,0,0,0,0,0,0,0,0,0,0,458,457
103508,406,0,0,0,0,0,0,0,0,0,2,2,2,2,0,0,401,400
103509,405,0,5,0,0,0,0,0,0,0,0,0,0,0,0,0,395,394
103510,436,0,0,0,0,1,0,0,0,0,0,0,0,0,0,0,431,430
103511,376,0,0,0,0,1,0,0,0,0,0,0,0,0,0,0,371,370
103512,342,0,0,0,0,1,0,0,0,0,0,0,0,0,0,0,337,336
103513,702,0,0,0,0,0,0,0,0,0,50,50,50,50,0,0,697,696
103514,605,0,0,0,0,1,0,0,0,0,1,1,1,1,0,0,600,599
103515,427,0,0,0,0,0,0,0,0,0,1,1,1,1,0,0,422,421
103516,479,0,0,0,0,0,0,0,0,0,0,0,0,0,0,0,474,473
103517,372,0,0,0,0,2,0,2,0,0,0,0,0,0,0,0,366,366
103518,469,0,0,0,0,0,0,0,0,0,0,0,0,0,0,0,464,463
103519,406,0,0,0,0,1,0,0,0,0,0,0,0,0,0,0,401,400
103520,498,0,0,0,0,0,0,0,0,0,0,0,0,0,0,0,493,492
103521,429,0,0,0,0,2,0,0,0,0,1,1,1,1,0,0,423,422
103522,476,0,0,0,0,0,0,0,0,0,0,0,0,0,0,0,471,470
103523,669,0,0,0,0,3,0,0,0,0,0,0,0,0,0,0,662,661
103524,388,0,0,0,0,1,0,0,0,0,0,0,0,0,0,0,383,382
103525,238,0,0,0,0,0,0,0,0,0,0,0,0,0,0,0,233,232
103526,354,0,0,0,0,4,0,0,0,0,0,0,0,0,0,0,345,344
103527,522,0,1,0,0,1,0,0,0,0,1,1,1,1,0,0,516,515
103528,307,0,0,0,0,9,0,0,0,0,0,0,0,0,0,0,293,292
103529,399,0,0,0,0,1,0,0,0,0,0,0,0,0,0,0,394,393
103530,470,0,0,0,0,1,0,0,0,0,1,1,1,1,0,0,465,464
103531,342,0,0,0,0,1,0,0,0,0,0,0,0,0,0,0,337,336
103532,515,0,0,0,0,0,0,0,0,0,2,2,2,2,0,0,510,509
103533,421,0,0,0,0,0,0,0,0,0,0,0,0,0,0,0,416,415
103534,491,0,0,0,0,0,0,0,0,0,0,0,0,0,0,0,486,485
103535,525,0,0,0,0,1,0,0,0,0,0,0,0,0,0,0,520,519
103536,516,0,1,0,0,0,0,0,0,0,1,1,1,1,0,0,510,509
103537,384,0,0,0,0,1,0,0,0,0,3,3,3,3,0,0,379,378
103538,518,0,0,0,0,0,0,0,0,0,0,0,0,0,0,0,513,512
103539,491,0,0,0,0,3,0,0,0,0,3,3,3,3,0,0,483,482
103540,229,0,0,0,0,2,0,0,0,0,0,0,0,0,0,0,222,221
103541,457,0,1,0,0,0,0,0,0,0,0,0,0,0,0,0,451,450
103542,256,0,0,0,0,1,0,0,0,0,0,0,0,0,0,0,251,250
103543,462,0,0,0,0,0,0,0,0,0,0,0,0,0,0,0,457,456
103544,331,0,0,0,0,0,0,0,0,0,0,0,0,0,0,0,326,325
103545,471,0,1,0,0,0,0,0,0,0,2,2,2,2,0,0,465,464
103546,453,0,1,0,0,2,0,0,0,0,0,0,0,0,0,0,445,444
103547,453,0,0,0,0,1,0,0,0,0,1,1,1,1,0,0,447,446
103548,403,0,0,0,0,0,0,0,0,0,2,2,2,2,0,0,398,397
103549,257,0,0,0,0,1,0,0,0,0,0,0,0,0,0,0,252,251
103550,567,0,0,0,0,3,0,0,0,0,13,13,13,13,0,0,560,559
103551,342,0,0,0,0,2,0,0,0,0,0,0,0,0,0,0,336,336
103552,50,0,0,0,0,2,0,0,0,0,0,0,0,0,0,0,44,44
103553,366,0,0,0,0,2,0,0,0,0,0,0,0,0,0,0,360,359
103554,381,0,0,0,0,2,0,0,0,0,0,0,0,0,0,0,375,374
103555,460,0,0,0,0,5,0,0,0,0,0,0,0,0,0,0,451,450
103556,279,0,0,0,0,2,0,0,0,0,0,0,0,0,0,0,273,273
103557,435,0,0,0,0,1,0,0,0,0,0,0,0,0,0,0,430,429
103558,524,0,0,0,0,0,0,0,0,0,2,2,2,2,0,0,519,518
103559,329,0,0,0,0,0,0,0,0,0,1,1,1,1,0,0,324,323
103560,512,0,0,0,0,0,0,0,0,0,2,2,2,2,0,0,507,506
103561,580,0,0,0,0,4,0,0,0,0,0,0,0,0,0,0,571,570
103562,528,0,0,0,0,0,0,0,0,0,0,0,0,0,0,0,523,522
103563,613,0,0,0,0,0,0,0,0,0,0,0,0,0,0,0,608,607
103564,390,0,0,0,0,9,0,0,0,0,0,0,0,0,0,0,377,376
103565,404,0,0,0,0,1,0,0,0,0,0,0,0,0,0,0,399,398
103566,548,0,0,0,0,0,0,0,0,0,1,1,1,1,0,0,543,542
103567,369,0,0,0,0,1,0,0,0,0,0,0,0,0,0,0,364,363
103568,561,0,0,0,0,3,0,0,0,0,0,0,0,0,0,0,554,553
103569,297,0,0,0,0,0,0,0,0,0,0,0,0,0,0,0,292,291
103570,420,0,0,0,0,1,0,0,0,0,0,0,0,0,0,0,414,413
103571,359,0,0,0,0,2,0,0,0,0,0,0,0,0,0,0,353,353
103572,58,0,0,0,0,2,0,0,0,0,0,0,0,0,0,0,52,52
103573,305,0,0,0,0,2,0,0,0,0,0,0,0,0,0,0,299,299
103574,421,0,0,0,0,0,0,0,0,0,1,1,1,1,0,0,416,415
103575,286,0,0,0,0,2,0,0,0,0,2,2,2,2,0,0,280,280
103576,447,0,0,0,0,1,0,0,0,0,0,0,0,0,0,0,442,441
103577,564,0,0,0,0,0,0,0,0,0,2,2,2,2,0,0,559,558
103578,393,0,0,0,0,0,0,0,0,0,0,0,0,0,0,0,388,387
103579,345,0,0,0,0,2,0,0,0,0,0,0,0,0,0,0,339,338
103580,574,0,0,0,0,0,0,0,0,0,1,1,1,1,0,0,569,568
103581,479,0,0,0,0,1,0,0,0,0,0,0,0,0,0,0,474,473
103582,384,0,0,0,0,7,0,0,0,0,0,0,0,0,0,0,373,372
103583,484,0,0,0,0,1,0,0,0,0,1,1,1,1,0,0,479,478
103584,538,0,0,0,0,0,0,7,0,0,1,1,1,1,0,0,533,532
103585,381,0,0,0,0,0,0,0,0,0,0,0,0,0,0,0,376,375
103586,534,0,0,0,0,1,0,0,0,0,1,1,1,1,0,0,528,527
103587,499,0,0,0,0,0,0,0,0,0,0,0,0,0,0,0,494,493
103588,331,0,0,0,0,2,0,0,0,0,0,0,0,0,0,0,325,324
103589,304,0,0,0,0,0,0,0,0,0,1,1,1,1,0,0,299,298
103590,417,0,0,0,0,0,0,0,0,0,1,1,1,1,0,0,412,411
103591,389,0,0,0,0,0,0,0,0,0,2,2,2,2,0,0,384,383
103592,365,0,0,0,0,0,0,0,0,0,0,0,0,0,0,0,360,359
103593,536,0,0,0,0,0,0,0,0,0,0,0,0,0,0,0,531,530
103594,623,0,0,0,0,0,0,0,0,0,0,0,0,0,0,0,618,617
103595,566,0,0,0,0,1,0,0,0,0,0,0,0,0,0,0,561,560
103596,539,0,0,0,0,0,0,0,0,0,0,0,0,0,0,0,534,533
103597,436,0,0,0,0,0,0,0,0,0,1,1,1,1,0,0,431,430
103598,292,0,0,0,0,2,0,0,0,0,0,0,0,0,0,0,286,286
103599,517,0,0,0,0,1,0,0,0,0,0,0,0,0,0,0,512,511
103600,330,0,0,0,0,1,0,6,0,0,0,0,0,0,0,0,325,324
103601,414,0,0,0,0,1,0,0,0,0,0,0,0,0,0,0,409,408
103602,521,0,0,0,0,0,0,2,0,0,0,0,0,0,0,0,516,515
103603,404,0,0,0,0,1,0,0,0,0,0,0,0,0,0,0,399,398
103604,399,0,0,0,0,1,0,0,0,0,0,0,0,0,0,0,394,393
103605,324,0,0,0,0,2,0,0,0,0,0,0,0,0,0,0,318,317
103606,481,0,0,0,0,3,0,0,0,0,0,0,0,0,0,0,474,473
103607,358,0,0,0,0,1,0,0,0,0,1,2,1,2,0,0,353,352
103608,573,0,1,0,0,7,0,9,0,0,0,0,0,0,0,0,560,559
103609,451,0,0,0,0,0,0,0,0,0,0,0,0,0,0,0,446,445
103610,394,0,2,0,0,0,0,0,0,0,0,0,0,0,0,0,387,386
103611,485,0,0,0,0,1,0,0,0,0,0,0,0,0,0,0,480,479
103612,543,0,0,0,0,1,0,0,0,0,2,2,2,2,0,0,537,536
103613,371,0,0,0,0,1,0,0,0,0,0,0,0,0,0,0,366,365
103614,722,0,0,0,0,0,0,0,0,0,2,2,2,2,0,0,717,716
103615,380,0,0,0,0,0,0,0,0,0,0,0,0,0,0,0,375,374
103616,384,0,0,0,0,2,0,0,0,0,0,0,0,0,0,0,378,377
103617,483,0,3,0,0,0,0,0,0,0,0,0,0,0,0,0,475,474
103618,352,0,0,0,0,1,0,0,0,0,1,1,1,1,0,0,347,346
103619,490,0,0,0,0,1,0,0,0,0,0,0,0,0,0,0,485,484
103620,392,0,2,0,0,1,0,0,0,0,0,0,0,0,0,0,385,384
103621,774,0,1,0,0,0,0,0,0,0,0,0,0,0,0,0,768,767
103622,342,0,0,0,0,1,0,0,0,0,0,0,0,0,0,0,337,336
103623,378,0,0,0,0,1,0,0,0,0,0,0,0,0,0,0,373,372
103624,471,0,0,0,0,0,0,0,0,0,0,0,0,0,0,0,466,465
103625,234,0,0,0,0,2,0,0,0,0,0,0,0,0,0,0,228,228
103626,356,0,0,0,0,0,0,0,0,0,0,0,0,0,0,0,351,350
103627,277,0,0,0,0,3,0,0,0,0,0,0,0,0,0,0,270,269
103628,543,0,0,0,0,6,0,0,0,0,12,12,12,12,0,0,532,531
103629,859,0,0,0,0,1,0,0,0,0,2,2,2,2,0,0,853,852
103630,409,0,0,0,0,0,0,0,0,0,1,1,1,1,0,0,404,403
103631,501,0,0,0,0,1,0,0,0,0,0,0,0,0,0,0,496,495
103632,428,0,0,0,0,1,0,0,0,0,1,1,1,1,0,0,423,422
103633,616,0,2,0,0,1,0,0,0,0,0,0,0,0,0,0,609,608
103634,344,0,0,0,0,1,0,0,0,0,0,0,0,0,0,0,339,338
103635,396,0,0,0,0,0,0,0,0,0,0,0,0,0,0,0,391,390
103636,364,0,0,0,0,1,0,0,0,0,0,0,0,0,0,0,359,358
103637,567,0,0,0,0,1,0,0,0,0,1,1,1,1,0,0,562,561
103638,487,0,0,0,0,0,0,0,0,0,0,0,0,0,0,0,482,481
103639,533,0,0,0,0,1,0,0,0,0,0,0,0,0,0,0,527,526
103640,484,0,0,0,0,0,0,0,0,0,0,0,0,0,0,0,479,478
103641,661,0,1,0,0,4,0,0,0,0,1,1,1,1,0,0,651,650
103642,357,0,0,0,0,1,0,0,0,0,0,0,0,0,0,0,352,351
103643,866,0,0,0,0,2,0,0,0,0,2,2,2,2,0,0,859,858
103644,401,0,0,0,0,0,0,0,0,0,0,0,0,0,0,0,396,395
103645,545,0,1,0,0,3,0,0,0,0,0,0,0,0,0,0,537,536
103646,421,0,0,0,0,1,0,0,0,0,0,0,0,0,0,0,416,415
103647,306,0,1,0,0,1,0,0,0,0,0,0,0,0,0,0,300,299
103648,671,0,0,0,0,3,0,0,0,0,0,0,0,0,0,0,664,663
103649,360,0,0,0,0,1,0,0,0,0,0,0,0,0,0,0,355,354
103650,441,0,0,0,0,0,0,0,0,0,0,0,0,0,0,0,436,435
103651,402,0,0,0,0,1,0,0,0,0,0,0,0,0,0,0,396,395
103652,372,0,1,0,0,1,0,0,0,0,0,0,0,0,0,0,366,365
103654,354,0,0,0,0,1,0,0,0,0,0,0,0,0,0,0,349,348
103655,410,0,0,0,0,1,0,0,0,0,1,1,1,1,0,0,405,404
103656,525,0,0,0,0,0,0,0,0,0,0,0,0,0,0,0,520,519
103657,415,0,0,0,0,0,0,0,0,0,0,0,0,0,0,0,410,409
103658,448,0,0,0,0,0,0,0,0,0,16,16,16,16,0,0,443,442
103659,661,0,0,0,0,0,0,0,0,0,0,0,0,0,0,0,656,655
103660,448,0,0,0,0,1,0,0,0,0,0,0,0,0,0,0,443,442
103661,311,0,0,0,0,1,0,0,0,0,0,0,0,0,0,0,306,305
103662,468,0,0,0,0,0,0,0,0,0,1,1,1,1,0,0,463,462
103663,544,0,0,0,0,0,0,0,0,0,0,0,0,0,0,0,539,538
103664,529,0,0,0,0,0,0,0,0,0,1,1,1,1,0,0,524,523
103665,389,0,0,0,0,1,0,0,0,0,0,0,0,0,0,0,384,383
103666,789,0,3,0,0,0,0,0,0,0,3,3,3,3,0,0,781,780
103667,518,0,0,0,0,0,0,0,0,0,0,0,0,0,0,0,513,512
103668,442,0,0,0,0,0,0,0,0,0,1,1,1,1,0,0,437,436
103669,336,0,1,0,0,1,0,0,0,0,0,0,0,0,0,0,330,329
103670,371,0,0,0,0,1,0,0,0,0,0,0,0,0,0,0,366,365
103671,563,0,0,0,0,1,0,0,0,0,0,0,0,0,0,0,557,556
103672,391,0,0,0,0,1,0,0,0,0,0,0,0,0,0,0,386,385
103673,425,0,0,0,0,4,0,0,0,0,0,0,0,0,0,0,417,416
103674,451,0,0,0,0,1,0,0,0,0,0,0,0,0,0,0,446,445
103675,434,0,0,0,0,1,0,0,0,0,0,0,0,0,0,0,429,428
103676,371,0,0,0,0,1,0,0,0,0,1,1,1,1,0,0,366,365
103677,545,0,0,0,0,4,0,0,0,0,0,0,0,0,0,0,536,535
103678,354,0,1,0,0,2,0,0,0,0,0,0,0,0,0,0,347,347
103679,378,0,0,0,0,1,0,0,0,0,0,0,0,0,0,0,373,372
103680,409,0,1,0,0,2,0,0,0,0,0,0,0,0,0,0,401,400
103681,374,0,0,0,0,1,0,0,0,0,0,0,0,0,0,0,369,368
103682,54,0,0,0,0,0,0,0,0,0,0,0,0,0,0,0,49,48
103683,446,0,0,0,0,0,0,0,0,0,1,1,1,1,0,0,441,440
103684,340,0,0,0,0,2,0,0,0,0,0,0,0,0,0,0,333,332
103685,583,0,0,0,0,1,0,0,0,0,1,1,1,1,0,0,578,577
103686,306,0,0,0,0,1,0,0,0,0,0,0,0,0,0,0,301,300
103687,372,0,0,0,0,1,0,0,0,0,0,0,0,0,0,0,367,366
103688,513,0,0,0,0,1,0,0,0,0,0,0,0,0,0,0,508,507
103689,451,0,1,0,0,1,0,0,0,0,0,0,0,0,0,0,445,444
103690,323,0,0,0,0,2,0,0,0,0,1,1,1,1,0,0,317,316
103691,24,0,0,0,0,2,0,0,0,0,0,0,0,0,0,0,18,18
103693,444,0,0,0,0,3,0,0,0,0,0,0,0,0,0,0,437,436
103694,489,0,1,0,0,2,0,0,0,0,0,0,0,0,0,0,482,481
103695,362,0,0,0,0,2,0,0,0,0,0,0,0,0,0,0,356,355
103696,508,0,0,0,0,2,0,0,0,0,0,0,0,0,0,0,501,500
103697,370,0,0,0,0,1,0,0,0,0,0,0,0,0,0,0,365,364
103698,256,0,1,0,0,2,0,0,0,0,0,0,0,0,0,0,249,248
103699,332,0,0,0,0,2,0,0,0,0,0,0,0,0,0,0,326,326
103700,433,0,0,0,0,0,0,0,0,0,1,1,1,1,0,0,428,427
103701,391,0,0,0,0,1,0,0,0,0,0,0,0,0,0,0,386,385
103702,301,0,0,0,0,1,0,0,0,0,0,0,0,0,0,0,296,295
103703,492,0,0,0,0,1,0,0,0,0,7,7,7,7,0,0,486,485
103704,204,0,0,0,0,2,0,0,0,0,0,0,0,0,0,0,198,198
103705,289,0,0,0,0,2,0,0,0,0,0,0,0,0,0,0,283,283
103706,357,0,0,0,0,3,0,0,0,0,0,0,0,0,0,0,349,348
103707,396,0,0,0,0,1,0,0,0,0,0,0,0,0,0,0,391,390
103708,496,0,0,0,0,4,0,0,0,0,0,0,0,0,0,0,488,487
103709,341,0,0,0,0,11,0,0,0,0,0,0,0,0,0,0,325,324
103710,451,0,0,0,0,1,0,0,0,0,1,1,1,1,0,0,446,445
103711,527,0,1,0,0,2,0,0,0,0,0,0,0,0,0,0,520,519
103712,53,0,0,0,0,2,0,0,0,0,0,0,0,0,0,0,47,47
103713,478,0,0,0,0,12,0,0,0,0,0,0,0,0,0,0,461,460
103714,580,0,0,0,0,1,0,0,0,0,0,0,0,0,0,0,575,574
103715,499,0,0,0,0,0,0,0,0,0,0,0,0,0,0,0,494,493
103716,575,0,0,0,0,0,0,0,0,0,2,2,2,2,0,0,570,569
103717,436,0,1,0,0,1,0,0,0,0,0,0,0,0,0,0,430,429
103718,296,0,0,0,0,1,0,0,0,0,0,0,0,0,0,0,291,290
103719,156,0,0,0,0,1,0,0,0,0,0,0,0,0,0,0,151,150
103720,598,0,0,0,0,0,0,0,0,0,0,0,0,0,0,0,593,592
103721,455,0,1,0,0,1,0,0,0,0,0,0,0,0,0,0,449,448
103722,336,0,2,0,0,1,0,0,0,0,0,0,0,0,0,0,329,328
103723,236,0,0,0,0,1,0,0,0,0,0,0,0,0,0,0,231,230
103724,417,0,0,0,0,0,0,0,0,0,1,1,1,1,0,0,412,411
103725,471,0,0,0,0,0,0,0,0,0,0,0,0,0,0,0,466,465
103726,567,0,1,0,0,1,0,0,0,0,1,1,1,1,0,0,561,560
103727,377,0,1,0,0,0,0,0,0,0,0,0,0,0,0,0,371,370
103728,271,0,0,0,0,1,0,0,0,0,0,0,0,0,0,0,266,265
103729,460,0,0,0,0,0,0,0,0,0,1,1,1,1,0,0,455,454
103730,382,0,1,0,0,0,0,0,0,0,1,1,1,1,0,0,376,375
103731,651,0,0,0,0,0,0,0,0,0,0,0,0,0,0,0,646,645
103732,657,0,0,0,0,2,0,0,0,0,0,0,0,0,0,0,650,649
103733,363,0,0,0,0,0,0,0,0,0,0,0,0,0,0,0,358,357
103734,469,0,0,0,0,1,0,0,0,0,0,0,0,0,0,0,464,463
103735,446,0,0,0,0,1,0,4,0,0,3,3,3,3,0,0,441,440
103736,292,0,0,0,0,0,0,0,0,0,0,0,0,0,0,0,287,286
103737,529,0,0,0,0,1,0,0,0,0,0,0,0,0,0,0,524,523
103738,293,0,0,0,0,2,0,0,0,0,0,0,0,0,0,0,287,287
103739,459,0,0,0,0,0,0,0,0,0,0,0,0,0,0,0,454,453
103740,692,0,0,0,0,0,0,0,0,0,1,1,1,1,0,0,687,686
103741,385,0,0,0,0,4,0,0,0,0,0,0,0,0,0,0,377,376
103742,388,0,1,0,0,1,0,0,0,0,0,0,0,0,0,0,382,381
103743,282,0,0,0,0,1,0,0,0,0,0,0,0,0,0,0,277,276
103744,385,0,0,0,0,0,0,0,0,0,0,0,0,0,0,0,380,379
103745,491,0,0,0,0,0,0,0,0,0,0,0,0,0,0,0,486,485
103746,430,0,0,0,0,0,0,0,0,0,1,1,1,1,0,0,425,424
103747,425,0,0,0,0,0,0,0,0,0,0,0,0,0,0,0,420,419
103748,516,0,0,0,0,1,0,0,0,0,0,0,0,0,0,0,511,510
103749,285,0,1,0,0,0,0,0,0,0,0,0,0,0,0,0,279,278
103750,572,0,0,0,0,0,0,0,0,0,2,2,2,2,0,0,567,566
103751,569,0,0,0,0,0,0,0,0,0,1,1,1,1,0,0,564,563
103752,380,0,0,0,0,1,0,0,0,0,0,0,0,0,0,0,375,374
103753,416,0,0,0,0,0,0,0,0,0,38,38,38,38,0,0,411,410
103754,372,0,0,0,0,0,0,0,0,0,1,1,1,1,0,0,367,366
103755,422,0,0,0,0,0,0,0,0,0,24,24,24,24,0,0,417,416
103756,345,0,0,0,0,1,0,0,0,0,1,1,1,1,0,0,340,339
103757,360,0,0,0,0,0,0,0,0,0,5,5,5,5,0,0,355,354
103758,371,0,0,0,0,1,0,0,0,0,0,0,0,0,0,0,366,365
103759,710,0,0,0,0,0,0,0,0,0,0,0,0,0,0,0,705,704
103760,550,0,1,0,0,5,0,0,0,0,0,0,0,0,0,0,539,538
103761,448,0,0,0,0,0,0,0,0,0,1,1,1,1,0,0,443,442
103762,516,0,0,0,0,1,0,0,0,0,1,1,1,1,0,0,510,509
103763,454,0,0,0,0,5,0,0,0,0,0,0,0,0,0,0,446,445
103764,350,0,1,0,0,1,0,0,0,0,0,0,0,0,0,0,344,343
103765,357,0,0,0,0,1,0,0,0,0,0,0,0,0,0,0,352,351
103766,397,0,0,0,0,1,0,0,0,0,0,0,0,0,0,0,392,391
103767,572,0,1,0,0,0,0,0,0,0,0,0,0,0,0,0,566,565
103768,561,0,0,0,0,1,0,0,0,0,0,0,0,0,0,0,556,555
103769,557,0,0,0,0,1,0,0,0,0,0,0,0,0,0,0,552,551
103770,576,0,1,0,0,0,0,0,0,0,0,0,0,0,0,0,570,569
103771,388,0,0,0,0,0,0,0,0,0,0,0,0,0,0,0,383,382
103772,358,0,0,0,0,7,0,0,0,0,0,0,0,0,0,0,347,346
103773,296,0,0,0,0,0,0,0,0,0,0,0,0,0,0,0,291,290
103774,534,0,0,0,0,0,0,0,0,0,0,0,0,0,0,0,529,528
103775,420,0,0,0,0,1,0,0,0,0,0,0,0,0,0,0,415,414
103776,454,0,0,0,0,2,0,0,0,0,0,0,0,0,0,0,447,446
103777,637,0,0,0,0,0,0,0,0,0,1,1,1,1,0,0,632,631
103778,284,0,0,0,0,2,0,0,0,0,0,0,0,0,0,0,278,278
103779,443,0,0,0,0,0,0,0,0,0,19,19,19,19,0,0,438,437
103780,387,0,0,0,0,1,0,0,0,0,0,0,0,0,0,0,382,381
103782,567,0,0,0,0,0,0,0,0,0,0,0,0,0,0,0,562,561
103783,516,0,0,0,0,0,0,0,0,0,1,1,1,1,0,0,511,510
103784,400,0,0,0,0,1,0,0,0,0,0,0,0,0,0,0,395,394
103785,457,0,0,0,0,1,0,0,0,0,0,0,0,0,0,0,452,451
103786,61,0,0,0,0,2,0,0,0,0,0,0,0,0,0,0,55,55
103787,405,0,0,0,0,1,0,0,0,0,1,1,1,1,0,0,400,399
103788,261,0,0,0,0,0,0,0,0,0,0,0,0,0,0,0,256,255
103789,661,0,0,0,0,55,0,0,0,0,0,0,0,0,0,0,602,601
103790,304,0,0,0,0,2,0,0,0,0,2,2,2,2,0,0,299,298
103791,612,0,0,0,0,4,0,0,0,0,0,0,0,0,0,0,604,603
103792,298,0,0,0,0,0,0,0,0,0,0,0,0,0,0,0,293,292
103793,451,0,0,0,0,1,0,0,0,0,2,2,2,2,0,0,445,444
103794,650,0,0,0,0,1,0,0,0,0,0,0,0,0,0,0,645,644
103795,427,0,0,0,0,0,0,0,0,0,2,2,2,2,0,0,422,421
103796,588,0,0,0,0,0,0,0,0,0,1,1,1,1,0,0,583,582
103797,852,0,0,0,0,0,0,0,0,0,1,1,1,1,0,0,847,846
103798,634,0,6,0,0,0,0,0,0,0,1,1,1,1,0,0,623,622
103799,325,0,0,0,0,2,0,0,0,0,0,0,0,0,0,0,319,318
103800,295,0,0,0,0,2,0,0,0,0,2,2,2,2,0,0,289,289
103801,517,0,0,0,0,0,0,0,0,0,2,2,2,2,0,0,512,511
103802,518,0,0,0,0,1,0,0,0,0,0,0,0,0,0,0,513,512
103803,606,0,2,0,0,5,0,0,0,0,0,0,0,0,0,0,595,594
103804,362,0,0,0,0,0,0,0,0,0,1,1,1,1,0,0,357,356
103805,318,0,0,0,0,0,0,0,0,0,0,0,0,0,0,0,313,312
103806,250,0,0,0,0,2,0,0,0,0,0,0,0,0,0,0,244,244
103807,347,0,0,0,0,1,0,0,0,0,1,1,1,1,0,0,341,340
103808,110,0,0,0,0,2,0,0,0,0,0,0,0,0,0,0,104,104
103809,402,0,0,0,0,0,0,0,0,0,0,0,0,0,0,0,397,396
103810,412,0,0,0,0,2,0,0,0,0,0,0,0,0,0,0,406,405
103812,389,0,2,0,0,0,0,0,0,0,0,0,0,0,0,0,382,381
103813,289,0,0,0,0,2,0,0,0,0,0,0,0,0,0,0,283,283
103814,705,0,0,0,0,3,0,0,0,0,0,0,0,0,0,0,698,697
103815,350,0,0,0,0,2,0,0,0,0,0,0,0,0,0,0,344,343
103816,373,0,2,0,0,1,0,0,0,0,0,0,0,0,0,0,366,365
103817,478,0,0,0,0,1,0,0,0,0,0,0,0,0,0,0,473,472
103818,438,0,0,0,0,1,0,0,0,0,1,1,1,1,0,0,433,432
103819,364,0,0,0,0,1,0,0,0,0,0,0,0,0,0,0,359,358
103820,351,0,0,0,0,1,0,2,0,0,0,0,0,0,0,0,346,345
103821,569,0,0,0,0,7,0,0,0,0,0,0,0,0,0,0,558,557
103822,372,0,0,0,0,1,0,0,0,0,0,0,0,0,0,0,367,366
103823,521,0,0,0,0,1,0,0,0,0,0,0,0,0,0,0,515,514
103824,413,0,0,0,0,1,0,0,0,0,0,0,0,0,0,0,408,407
103825,435,0,0,0,0,0,0,0,0,0,1,1,1,1,0,0,430,429
103826,364,0,0,0,0,1,0,0,0,0,1,1,1,1,0,0,359,358
103827,797,0,0,0,0,4,0,0,0,0,0,0,0,0,0,0,789,788
103829,380,0,0,0,0,1,0,0,0,0,0,0,0,0,0,0,375,374
103830,313,0,0,0,0,2,0,0,0,0,0,0,0,0,0,0,307,307
103831,506,0,0,0,0,1,0,0,0,0,2,2,2,2,0,0,500,499
103832,272,0,0,0,0,2,0,0,0,0,0,0,0,0,0,0,266,266
103833,353,0,0,0,0,0,0,0,0,0,0,0,0,0,0,0,348,347
103834,410,0,0,0,0,0,0,0,0,0,0,0,0,0,0,0,405,404
103835,475,0,0,0,0,1,0,0,0,0,2,2,2,2,0,0,470,469
103836,555,0,0,0,0,5,0,0,0,0,0,0,0,0,0,0,545,544
103837,387,0,0,0,0,2,0,0,0,0,0,0,0,0,0,0,381,380
103839,493,0,0,0,0,0,0,0,0,0,2,2,2,2,0,0,488,487
103840,391,0,0,0,0,0,0,0,0,0,0,0,0,0,0,0,386,385
103841,318,0,1,0,0,2,0,0,0,0,0,0,0,0,0,0,311,311
103842,359,0,0,0,0,1,0,0,0,0,0,0,0,0,0,0,354,353
103843,441,0,1,0,0,1,0,0,0,0,0,0,0,0,0,0,435,434
103844,457,0,0,0,0,2,0,0,0,0,3,3,3,3,0,0,451,451
103845,551,0,0,0,0,2,0,0,0,0,3,3,3,3,0,0,545,544
103847,585,0,1,0,0,1,0,0,0,0,0,0,0,0,0,0,579,578
103848,321,0,0,0,0,0,0,0,0,0,1,1,1,1,0,0,316,315
103849,351,0,0,0,0,1,0,0,0,0,0,0,0,0,0,0,346,345
103850,466,0,0,0,0,0,0,0,0,0,0,0,0,0,0,0,461,460
103851,736,0,0,0,0,1,0,3,0,0,0,0,0,0,0,0,731,730
103852,703,0,0,0,0,0,0,0,0,0,1,1,1,1,0,0,698,697
103853,32,0,0,0,0,2,0,0,0,0,0,0,0,0,0,0,26,26
103854,508,0,0,0,0,0,0,0,0,0,0,0,0,0,0,0,503,502
103855,466,0,0,0,0,0,0,0,0,0,0,0,0,0,0,0,461,460
103856,487,0,0,0,0,1,0,0,0,0,1,1,1,1,0,0,482,481
103857,291,0,0,0,0,0,0,0,0,0,1,1,1,1,0,0,286,285
103858,518,0,2,0,0,1,0,0,0,0,0,0,0,0,0,0,511,510
103859,420,0,0,0,0,2,0,0,0,0,1,1,1,1,0,0,414,413
103860,577,0,3,0,0,0,0,0,0,0,0,0,0,0,0,0,569,568
103861,460,0,2,0,0,1,0,0,0,0,0,0,0,0,0,0,453,452
103862,382,0,0,0,0,1,0,0,0,0,1,1,1,1,0,0,376,375
103863,463,0,2,0,0,0,0,0,0,0,0,0,0,0,0,0,456,455
103864,392,0,0,0,0,1,0,0,0,0,0,0,0,0,0,0,387,386
103865,388,0,1,0,0,2,0,0,0,0,0,0,0,0,0,0,381,381
103866,286,0,0,0,0,0,0,0,0,0,0,0,0,0,0,0,281,280
103867,461,0,0,0,0,0,0,0,0,0,2,3,2,3,0,0,456,455
103868,732,0,0,0,0,2,0,0,0,0,0,0,0,0,0,0,725,724
103869,420,0,0,0,0,1,0,0,0,0,1,1,1,1,0,0,414,413
103870,388,0,0,0,0,0,0,0,0,0,0,0,0,0,0,0,383,382
103871,481,0,0,0,0,2,0,0,0,0,0,0,0,0,0,0,475,474
103872,404,0,0,0,0,1,0,0,0,0,0,0,0,0,0,0,399,398
103873,353,0,0,0,0,0,0,0,0,0,0,0,0,0,0,0,348,347
103874,583,0,0,0,0,1,0,0,0,0,1,1,1,1,0,0,577,576
103875,742,0,0,0,0,1,0,0,0,0,2,2,2,2,0,0,736,735
103876,405,0,0,0,0,1,0,0,0,0,0,0,0,0,0,0,400,399
103877,510,0,0,0,0,0,0,0,0,0,2,2,2,2,0,0,505,504
103878,456,0,0,0,0,0,0,0,0,0,0,0,0,0,0,0,451,450
103879,323,0,0,0,0,1,0,0,0,0,1,1,1,1,0,0,318,317
103880,384,0,0,0,0,0,0,0,0,0,0,0,0,0,0,0,379,378
103881,490,0,0,0,0,2,0,0,0,0,0,0,0,0,0,0,483,482
103882,561,0,4,0,0,2,0,0,0,0,0,0,0,0,0,0,550,549
103883,406,0,0,0,0,1,0,5,0,0,0,0,0,0,0,0,401,400
103884,479,0,0,0,0,3,0,0,0,0,0,0,0,0,0,0,472,471
103885,451,0,1,0,0,1,0,0,0,0,0,0,0,0,0,0,445,444
103886,469,0,0,0,0,0,0,0,0,0,0,0,0,0,0,0,464,463
103887,376,0,0,0,0,0,0,0,0,0,2,2,2,2,0,0,371,370
103888,345,0,0,0,0,3,0,0,0,0,0,0,0,0,0,0,338,338
103890,391,0,0,0,0,0,0,0,0,0,0,0,0,0,0,0,386,385
103891,544,0,0,0,0,0,0,0,0,0,0,0,0,0,0,0,539,538
103892,442,0,0,0,0,0,0,0,0,0,2,2,2,2,0,0,437,436
103893,412,0,0,0,0,0,0,0,0,0,1,1,1,1,0,0,407,406
103894,393,0,1,0,0,1,0,0,0,0,0,0,0,0,0,0,387,386
103895,413,0,1,0,0,1,0,0,0,0,0,0,0,0,0,0,407,406
103896,399,0,0,0,0,3,0,0,0,0,0,0,0,0,0,0,392,391
103897,347,0,0,0,0,0,0,0,0,0,0,0,0,0,0,0,342,341
103898,428,0,2,0,0,0,0,0,0,0,0,0,0,0,0,0,421,420
103899,392,0,0,0,0,0,0,0,0,0,0,0,0,0,0,0,387,386
103900,559,0,0,0,0,0,0,0,0,0,2,2,2,2,0,0,554,553
103901,503,0,0,0,0,0,0,0,0,0,2,2,2,2,0,0,498,497
103902,442,0,1,0,0,3,0,0,0,0,0,0,0,0,0,0,434,433
103903,432,0,0,0,0,1,0,0,0,0,0,0,0,0,0,0,427,426
103904,484,0,0,0,0,0,0,0,0,0,0,0,0,0,0,0,479,478
103905,445,0,0,0,0,0,0,0,0,0,0,0,0,0,0,0,440,439
103906,464,0,0,0,0,1,0,0,0,0,0,0,0,0,0,0,459,458
103907,424,0,1,0,0,0,0,0,0,0,0,0,0,0,0,0,418,417
103908,583,0,0,0,0,0,0,0,0,0,2,2,2,2,0,0,578,577
103909,374,0,0,0,0,0,0,0,0,0,1,1,1,1,0,0,369,368
103910,479,0,0,0,0,0,0,0,0,0,0,0,0,0,0,0,474,473
103911,256,0,0,0,0,2,0,0,0,0,0,0,0,0,0,0,250,250
103912,408,0,0,0,0,1,0,0,0,0,1,1,1,1,0,0,403,402
103913,478,0,0,0,0,1,0,0,0,0,0,0,0,0,0,0,473,472
103914,564,0,0,0,0,0,0,0,0,0,1,1,1,1,0,0,559,558
103915,304,0,0,0,0,1,0,0,0,0,0,0,0,0,0,0,299,298
103916,499,0,2,0,0,1,0,0,0,0,0,0,0,0,0,0,492,491
103917,270,0,0,0,0,2,0,0,0,0,1,1,1,1,0,0,264,264
103918,290,0,0,0,0,3,0,0,0,0,0,0,0,0,0,0,283,282
103919,491,0,0,0,0,1,0,0,0,0,0,0,0,0,0,0,486,485
103920,468,0,0,0,0,0,0,0,0,0,1,1,1,1,0,0,463,462
103921,343,0,0,0,0,3,0,0,0,0,0,0,0,0,0,0,336,336
103922,429,0,0,0,0,1,0,0,0,0,0,0,0,0,0,0,424,423
103923,452,0,0,0,0,3,0,0,0,0,0,0,0,0,0,0,445,444
103924,472,0,0,0,0,0,0,0,0,0,0,0,0,0,0,0,467,466
103925,367,0,0,0,0,1,0,5,0,0,0,0,0,0,0,0,362,361
103926,342,0,0,0,0,2,0,0,0,0,0,0,0,0,0,0,336,336
103927,730,0,0,0,0,2,0,0,0,0,0,0,0,0,0,0,724,724
103928,687,0,1,0,0,0,0,0,0,0,1,1,1,1,0,0,681,680
103929,353,0,0,0,0,1,0,0,0,0,0,0,0,0,0,0,348,347
103930,384,0,0,0,0,1,0,0,0,0,0,0,0,0,0,0,379,378
103931,285,0,0,0,0,1,0,0,0,0,0,0,0,0,0,0,279,278
103932,485,0,0,0,0,3,0,0,0,0,0,0,0,0,0,0,478,477
103933,510,0,0,0,0,2,0,0,0,0,0,0,0,0,0,0,504,503
103934,293,0,0,0,0,3,0,0,0,0,0,0,0,0,0,0,286,286
103935,487,0,0,0,0,0,0,0,0,0,0,0,0,0,0,0,482,481
103936,42,0,0,0,0,2,0,0,0,0,0,0,0,0,0,0,36,36
103937,435,0,0,0,0,1,0,0,0,0,0,0,0,0,0,0,430,429
103938,462,0,0,0,0,1,0,0,0,0,0,0,0,0,0,0,456,455
103939,399,0,0,0,0,1,0,0,0,0,0,0,0,0,0,0,394,393
103940,424,0,1,0,0,5,0,0,0,0,0,0,0,0,0,0,414,413
103941,580,0,0,0,0,0,0,0,0,0,1,1,1,1,0,0,575,574
103942,480,0,0,0,0,5,0,0,0,0,0,0,0,0,0,0,471,470
103943,376,0,0,0,0,0,0,0,0,0,0,0,0,0,0,0,371,370
103944,380,0,0,0,0,2,0,0,0,0,0,0,0,0,0,0,374,373
103945,459,0,0,0,0,1,0,0,0,0,0,0,0,0,0,0,454,453
103946,1003,0,0,0,0,0,0,0,0,0,0,0,0,0,0,0,998,997
103947,510,0,0,0,0,0,0,0,0,0,1,1,1,1,0,0,505,504
103948,607,0,0,0,0,2,0,0,0,0,2,3,2,3,0,0,600,599
103949,409,0,1,0,0,0,0,0,0,0,0,0,0,0,0,0,403,402
103950,496,0,0,0,0,0,0,0,0,0,0,0,0,0,0,0,491,490
103951,397,0,5,0,0,1,0,0,0,0,0,0,0,0,0,0,387,386
103953,273,0,0,0,0,1,0,0,0,0,0,0,0,0,0,0,268,267
103954,446,0,0,0,0,0,0,0,0,0,7,7,7,7,0,0,441,440
103955,485,0,0,0,0,0,0,0,0,0,0,0,0,0,0,0,480,479
103956,698,0,0,0,0,0,0,0,0,0,3,3,3,3,0,0,693,692
103957,450,0,0,0,0,1,0,0,0,0,0,0,0,0,0,0,445,444
103958,572,0,0,0,0,3,0,0,0,0,0,0,0,0,0,0,565,564
103959,363,0,0,0,0,4,0,0,0,0,0,0,0,0,0,0,355,354
103960,457,0,0,0,0,1,0,0,0,0,0,0,0,0,0,0,451,450
103961,585,0,0,0,0,0,0,0,0,0,1,1,1,1,0,0,580,579
103962,267,0,0,0,0,1,0,0,0,0,0,0,0,0,0,0,262,261
103963,452,0,0,0,0,1,0,0,0,0,0,0,0,0,0,0,447,446
103964,179,0,0,0,0,1,0,0,0,0,1,1,1,1,0,0,174,173
103965,441,0,2,0,0,1,0,0,0,0,0,0,0,0,0,0,434,433
103966,509,0,0,0,0,1,0,0,0,0,0,0,0,0,0,0,503,502
103967,375,0,0,0,0,0,0,0,0,0,1,1,1,1,0,0,370,369
103968,399,0,0,0,0,3,0,0,0,0,0,0,0,0,0,0,392,392
103969,412,0,0,0,0,1,0,0,0,0,0,0,0,0,0,0,407,406
103972,378,0,0,0,0,1,0,0,0,0,0,0,0,0,0,0,373,372
103973,595,0,0,0,0,3,0,0,0,0,22,22,22,22,0,0,587,586
103974,351,0,0,0,0,1,0,0,0,0,0,0,0,0,0,0,346,345
103975,393,0,0,0,0,1,0,0,0,0,0,0,0,0,0,0,388,387
103976,551,0,0,0,0,2,0,0,0,0,0,0,0,0,0,0,544,543
103977,336,0,0,0,0,1,0,0,0,0,1,1,1,1,0,0,331,330
103978,315,0,0,0,0,1,0,0,0,0,0,0,0,0,0,0,310,309
103979,252,0,0,0,0,1,0,0,0,0,0,0,0,0,0,0,246,245
103980,486,0,0,0,0,1,0,0,0,0,0,0,0,0,0,0,481,480
103981,538,0,0,0,0,0,0,0,0,0,1,1,1,1,0,0,533,532
103982,437,0,0,0,0,0,0,0,0,0,2,2,2,2,0,0,432,431
103983,654,0,0,0,0,1,0,0,0,0,0,0,0,0,0,0,649,648
103984,339,0,0,0,0,1,0,0,0,0,1,1,1,1,0,0,334,333
103985,360,0,0,0,0,1,0,0,0,0,0,0,0,0,0,0,355,354
103986,367,0,0,0,0,1,0,0,0,0,0,0,0,0,0,0,361,360
103987,689,0,0,0,0,12,0,0,0,0,49,49,49,49,0,0,672,671
103988,625,0,0,0,0,2,0,0,0,0,1,1,1,1,0,0,618,617
103989,379,0,1,0,0,0,0,0,0,0,0,0,0,0,0,0,373,372
103990,455,0,0,0,0,1,0,0,0,0,0,0,0,0,0,0,449,448
103991,36,0,0,0,0,2,0,0,0,0,0,0,0,0,0,0,30,30
103992,639,0,0,0,0,1,0,7,0,0,0,0,0,0,0,0,634,633
103993,295,0,0,0,0,1,0,0,0,0,0,0,0,0,0,0,290,289
103994,321,0,0,0,0,1,0,0,0,0,0,0,0,0,0,0,316,315
103995,506,0,0,0,0,1,0,0,0,0,7,7,7,7,0,0,501,500
103996,404,0,0,0,0,1,0,0,0,0,0,0,0,0,0,0,399,398
103997,469,0,0,0,0,8,0,0,0,0,1,1,1,1,0,0,457,456
103998,675,0,0,0,0,0,0,0,0,0,2,2,2,2,0,0,670,669
103999,415,0,0,0,0,1,0,0,0,0,0,0,0,0,0,0,410,409
104000,288,0,0,0,0,0,0,0,0,0,0,0,0,0,0,0,283,282
104001,364,0,0,0,0,1,0,0,0,0,0,0,0,0,0,0,359,358
104002,371,0,0,0,0,0,0,0,0,0,0,0,0,0,0,0,366,365
104003,509,0,0,0,0,1,0,0,0,0,1,1,1,1,0,0,503,502
104004,714,0,0,0,0,5,0,0,0,0,0,0,0,0,0,0,704,703
104005,473,0,0,0,0,4,0,0,0,0,0,0,0,0,0,0,465,464
104006,420,0,0,0,0,0,0,0,0,0,2,2,2,2,0,0,415,414
104007,337,0,0,0,0,0,0,0,0,0,0,0,0,0,0,0,332,331
104008,794,0,0,0,0,2,0,0,0,0,0,0,0,0,0,0,788,787
104009,343,0,0,0,0,11,0,0,0,0,0,0,0,0,0,0,328,327
104010,352,0,0,0,0,0,0,0,0,0,0,0,0,0,0,0,347,346
104011,667,0,0,0,0,1,0,0,0,0,0,0,0,0,0,0,662,661
104012,480,0,0,0,0,3,0,0,0,0,0,0,0,0,0,0,473,472
104013,495,0,0,0,0,0,0,0,0,0,1,1,1,1,0,0,490,489
104014,567,0,1,0,0,0,0,0,0,0,1,1,1,1,0,0,561,560
104015,413,0,0,0,0,1,0,0,0,0,0,0,0,0,0,0,408,407
104016,296,0,0,0,0,0,0,0,0,0,1,1,1,1,0,0,291,290
104017,561,0,0,0,0,1,0,0,0,0,0,0,0,0,0,0,556,555
104018,483,0,0,0,0,1,0,0,0,0,0,0,0,0,0,0,478,477
104019,223,0,0,0,0,2,0,0,0,0,0,0,0,0,0,0,217,217
104020,453,0,0,0,0,1,0,0,0,0,1,1,1,1,0,0,448,447
104021,623,0,0,0,0,0,0,0,0,0,3,3,3,3,0,0,618,617
104022,447,0,0,0,0,4,0,0,0,0,0,0,0,0,0,0,438,437
104023,537,0,0,0,0,1,0,6,0,0,0,0,0,0,0,0,531,530
104024,461,0,0,0,0,0,0,0,0,0,1,1,1,1,0,0,456,455
104025,420,0,0,0,0,5,0,0,0,0,0,0,0,0,0,0,411,410
104026,306,0,0,0,0,0,0,0,0,0,2,2,2,2,0,0,301,300
104027,455,0,0,0,0,0,0,0,0,0,0,0,0,0,0,0,450,449
104028,534,0,0,0,0,1,0,0,0,0,0,0,0,0,0,0,528,527
104029,571,0,0,0,0,0,0,0,0,0,0,0,0,0,0,0,566,565
104030,405,0,0,0,0,1,0,0,0,0,22,22,22,22,0,0,400,399
104031,337,0,0,0,0,1,0,0,0,0,1,1,1,1,0,0,332,331
104032,821,0,0,0,0,0,0,0,0,0,3,3,3,3,0,0,816,815
104033,408,0,0,0,0,4,0,0,0,0,1,1,1,1,0,0,400,399
104034,316,0,0,0,0,0,0,0,0,0,0,0,0,0,0,0,311,310
104035,482,0,0,0,0,1,0,0,0,0,0,0,0,0,0,0,477,476
104036,695,0,2,0,0,1,0,0,0,0,0,0,0,0,0,0,688,687
104037,36,0,0,0,0,2,0,0,0,0,0,0,0,0,0,0,30,30
104038,351,0,0,0,0,1,0,0,0,0,0,0,0,0,0,0,346,345
104039,541,0,0,0,0,0,0,0,0,0,1,1,1,1,0,0,536,535
104040,388,0,0,0,0,0,0,0,0,0,0,0,0,0,0,0,383,382
104041,544,0,0,0,0,0,0,0,0,0,2,2,2,2,0,0,539,538
104042,397,0,0,0,0,0,0,0,0,0,0,0,0,0,0,0,392,391
104043,475,0,0,0,0,1,0,0,0,0,33,33,33,33,0,0,470,469
104044,549,0,0,0,0,0,0,0,0,0,1,1,1,1,0,0,544,543
104045,535,0,0,0,0,2,0,0,0,0,0,0,0,0,0,0,529,528
104046,552,0,0,0,0,1,0,0,0,0,0,0,0,0,0,0,547,546
104047,376,0,0,0,0,0,0,0,0,0,1,1,1,1,0,0,371,370
104048,566,0,0,0,0,3,0,0,0,0,2,2,2,2,0,0,558,557
104049,312,0,0,0,0,0,0,0,0,0,0,0,0,0,0,0,307,306
104050,610,0,1,0,0,0,0,0,0,0,62,62,62,62,0,0,604,603
104051,322,0,0,0,0,1,0,0,0,0,0,0,0,0,0,0,317,316
104052,397,0,1,0,0,0,0,0,0,0,1,1,1,1,0,0,391,390
104053,336,0,0,0,0,1,0,0,0,0,0,0,0,0,0,0,331,330
104054,429,0,0,0,0,0,0,0,0,0,1,1,1,1,0,0,424,423
104055,547,0,0,0,0,0,0,0,0,0,2,2,2,2,0,0,542,541
104056,525,0,0,0,0,2,0,0,0,0,0,0,0,0,0,0,518,517
104057,505,0,0,0,0,1,0,0,0,0,27,27,27,27,0,0,499,498
104058,354,0,0,0,0,0,0,0,0,0,0,0,0,0,0,0,349,348
104059,339,0,0,0,0,1,0,0,0,0,1,1,1,1,0,0,333,332
104060,295,0,0,0,0,2,0,0,0,0,0,0,0,0,0,0,288,287
104061,454,0,1,0,0,0,0,0,0,0,0,0,0,0,0,0,448,447
104062,402,0,0,0,0,1,0,0,0,0,0,0,0,0,0,0,397,396
104063,476,0,0,0,0,1,0,0,0,0,0,0,0,0,0,0,470,469
104064,420,0,0,0,0,0,0,0,0,0,0,0,0,0,0,0,415,414
104065,226,0,0,0,0,1,0,0,0,0,0,0,0,0,0,0,221,220
104066,413,0,0,0,0,1,0,0,0,0,0,0,0,0,0,0,408,407
104067,496,0,0,0,0,0,0,0,0,0,0,0,0,0,0,0,491,490
104068,601,0,0,0,0,0,0,0,0,0,2,2,2,2,0,0,596,595
104069,280,0,0,0,0,2,0,0,0,0,0,0,0,0,0,0,274,273
104070,434,0,0,0,0,2,0,0,0,0,0,0,0,0,0,0,428,428
104071,370,0,0,0,0,2,0,0,0,0,0,0,0,0,0,0,364,364
104072,397,0,1,0,0,1,0,0,0,0,0,0,0,0,0,0,391,390
104073,421,0,0,0,0,0,0,0,0,0,2,2,2,2,0,0,416,415
104074,336,0,0,0,0,0,0,0,0,0,1,1,1,1,0,0,331,330
104075,222,0,0,0,0,2,0,0,0,0,1,1,1,1,0,0,216,216
104076,429,0,0,0,0,13,0,0,0,0,0,0,0,0,0,0,412,411
104077,461,0,0,0,0,0,0,0,0,0,2,2,2,2,0,0,456,455
104078,569,0,0,0,0,0,0,0,0,0,1,1,1,1,0,0,564,563
104079,621,0,4,0,0,0,0,0,0,0,0,0,0,0,0,0,612,611
104080,524,0,0,0,0,0,0,0,0,0,1,1,1,1,0,0,519,518
104081,283,0,0,0,0,0,0,0,0,0,0,0,0,0,0,0,278,277
104082,330,0,0,0,0,0,0,0,0,0,2,2,2,2,0,0,325,324
104083,532,0,0,0,0,7,0,0,0,0,0,0,0,0,0,0,521,520
104084,471,0,0,0,0,0,0,0,0,0,2,2,2,2,0,0,466,465
104085,394,0,0,0,0,0,0,9,0,0,0,0,0,0,0,0,389,388
104086,237,0,0,0,0,0,0,0,0,0,0,0,0,0,0,0,232,231
104087,387,0,1,0,0,0,0,0,0,0,0,0,0,0,0,0,381,380
104088,339,0,0,0,0,0,0,0,0,0,0,0,0,0,0,0,334,333
104089,464,0,0,0,0,0,0,0,0,0,0,0,0,0,0,0,459,458
104090,632,0,1,0,0,1,0,7,0,0,2,2,2,2,0,0,626,625
104091,435,0,0,0,0,1,0,0,0,0,0,0,0,0,0,0,430,429
104092,504,0,1,0,0,3,0,0,0,0,0,0,0,0,0,0,496,495
104093,373,0,0,0,0,1,0,0,0,0,1,1,1,1,0,0,368,367
104094,298,0,3,0,0,0,0,0,0,0,0,0,0,0,0,0,290,289
104095,69,0,0,0,0,2,0,0,0,0,0,0,0,0,0,0,63,63
104096,641,0,0,0,0,4,0,0,0,0,1,1,1,1,0,0,632,631
104097,516,0,0,0,0,0,0,0,0,0,0,0,0,0,0,0,511,510
104098,357,0,0,0,0,1,0,0,0,0,0,0,0,0,0,0,352,351
104099,596,0,0,0,0,0,0,0,0,0,1,1,1,1,0,0,591,590
104100,279,0,0,0,0,2,0,0,0,0,0,0,0,0,0,0,273,273
104101,304,0,0,0,0,2,0,0,0,0,0,0,0,0,0,0,298,298
104102,511,0,0,0,0,0,0,0,0,0,2,2,2,2,0,0,506,505
104103,471,0,0,0,0,1,0,0,0,0,0,0,0,0,0,0,466,465
104104,387,0,1,0,0,0,0,0,0,0,0,0,0,0,0,0,381,380
104106,451,0,0,0,0,4,0,0,0,0,0,0,0,0,0,0,442,441
104107,383,0,0,0,0,1,0,0,0,0,1,1,1,1,0,0,378,377
104108,519,0,1,0,0,0,0,0,0,0,0,0,0,0,0,0,513,512
104109,484,0,0,0,0,0,0,0,0,0,0,0,0,0,0,0,479,478
104110,382,0,0,0,0,2,0,0,0,0,0,0,0,0,0,0,376,376
104111,502,0,0,0,0,1,0,0,0,0,0,0,0,0,0,0,497,496
104112,444,0,0,0,0,1,0,0,0,0,0,0,0,0,0,0,439,438
104113,368,0,0,0,0,3,0,0,0,0,0,0,0,0,0,0,361,360
104114,502,0,0,0,0,0,0,0,0,0,0,0,0,0,0,0,497,496
104115,469,0,0,0,0,0,0,0,0,0,1,1,1,1,0,0,464,463
104116,671,0,0,0,0,0,0,0,0,0,0,0,0,0,0,0,666,665
104117,312,0,0,0,0,1,0,0,0,0,1,1,1,1,0,0,307,306
104118,321,0,0,0,0,2,0,0,0,0,1,1,1,1,0,0,315,315
104119,417,0,0,0,0,1,0,0,0,0,0,0,0,0,0,0,412,411
104120,417,0,0,0,0,1,0,0,0,0,1,1,1,1,0,0,411,410
104121,370,0,0,0,0,2,0,0,0,0,0,0,0,0,0,0,364,364
104122,452,0,0,0,0,0,0,0,0,0,1,1,1,1,0,0,447,446
104123,519,0,0,0,0,0,0,0,0,0,1,1,1,1,0,0,514,513
104124,271,0,0,0,0,1,0,0,0,0,0,0,0,0,0,0,266,265
104125,493,0,1,0,0,0,0,0,0,0,18,18,18,18,0,0,487,486
104126,420,0,2,0,0,1,0,0,0,0,0,0,0,0,0,0,413,412
104127,425,0,0,0,0,4,0,0,0,0,0,0,0,0,0,0,417,416
104128,412,0,0,0,0,0,0,0,0,0,2,2,2,2,0,0,407,406
104129,392,0,0,0,0,1,0,0,0,0,0,0,0,0,0,0,387,386
104130,551,0,0,0,0,0,0,0,0,0,0,0,0,0,0,0,546,545
104131,480,0,0,0,0,0,0,0,0,0,2,2,2,2,0,0,475,474
104132,358,0,0,0,0,1,0,0,0,0,0,0,0,0,0,0,353,352
104133,364,0,0,0,0,2,0,0,0,0,0,0,0,0,0,0,358,357
104134,392,0,0,0,0,2,0,0,0,0,0,0,0,0,0,0,386,386
104135,522,0,0,0,0,0,0,0,0,0,0,0,0,0,0,0,517,516
104136,485,0,0,0,0,1,0,0,0,0,0,0,0,0,0,0,480,479
104137,370,0,0,0,0,1,0,0,0,0,2,2,2,2,0,0,365,364
104138,384,0,0,0,0,0,0,0,0,0,0,0,0,0,0,0,379,378
104139,384,0,0,0,0,0,0,0,0,0,0,0,0,0,0,0,379,378
104140,625,0,0,0,0,0,0,0,0,0,0,0,0,0,0,0,620,619
104141,318,0,0,0,0,0,0,0,0,0,0,0,0,0,0,0,313,312
104142,460,0,0,0,0,0,0,0,0,0,2,2,2,2,0,0,455,454
104143,586,0,0,0,0,4,0,0,0,0,0,0,0,0,0,0,577,576
104144,459,0,0,0,0,1,0,0,0,0,0,0,0,0,0,0,454,453
104145,492,0,0,0,0,1,0,0,0,0,1,1,1,1,0,0,487,486
104146,405,0,0,0,0,3,0,0,0,0,0,0,0,0,0,0,398,397
104147,530,0,0,0,0,0,0,0,0,0,0,0,0,0,0,0,525,524
104148,512,0,0,0,0,6,0,0,0,0,0,0,0,0,0,0,501,500
104149,400,0,0,0,0,0,0,0,0,0,0,0,0,0,0,0,395,394
104150,436,0,0,0,0,4,0,0,0,0,0,0,0,0,0,0,427,426
104151,449,0,0,0,0,0,0,0,0,0,0,0,0,0,0,0,444,443
104152,495,0,0,0,0,1,0,0,0,0,0,0,0,0,0,0,490,489
104154,441,0,0,0,0,0,0,0,0,0,0,0,0,0,0,0,436,435
104155,556,0,0,0,0,1,0,0,0,0,1,2,1,2,0,0,550,549
104156,488,0,0,0,0,0,0,0,0,0,1,1,1,1,0,0,483,482
104157,367,0,0,0,0,0,0,0,0,0,2,3,2,3,0,0,362,361
104158,685,0,0,0,0,3,0,0,0,0,1,1,1,1,0,0,677,676
104159,316,0,0,0,0,1,0,0,0,0,0,0,0,0,0,0,311,310
104160,340,0,0,0,0,3,0,0,0,0,0,0,0,0,0,0,333,332
104161,382,0,0,0,0,1,0,0,0,0,0,0,0,0,0,0,377,376
104162,419,0,0,0,0,1,0,0,0,0,1,1,1,1,0,0,414,413
104163,757,0,0,0,0,0,0,0,0,0,1,1,1,1,0,0,752,751
104164,641,0,0,0,0,8,0,0,0,0,0,0,0,0,0,0,629,628
104165,471,0,0,0,0,5,0,0,0,0,0,0,0,0,0,0,461,460
104166,320,0,0,0,0,1,0,0,0,0,0,0,0,0,0,0,315,314
104167,458,0,0,0,0,1,0,0,0,0,0,0,0,0,0,0,452,451
104168,429,0,0,0,0,9,0,0,0,0,0,0,0,0,0,0,416,415
104169,661,0,0,0,0,1,0,0,0,0,0,0,0,0,0,0,656,655
104170,620,0,0,0,0,0,0,0,0,0,2,2,2,2,0,0,615,614
104171,312,0,0,0,0,1,0,0,0,0,0,0,0,0,0,0,307,306
104172,610,0,0,0,0,1,0,0,0,0,0,0,0,0,0,0,605,604
104173,547,0,0,0,0,0,0,0,0,0,1,1,1,1,0,0,542,541
104174,344,0,1,0,0,1,0,0,0,0,0,0,0,0,0,0,338,337
104175,374,0,0,0,0,1,0,0,0,0,0,0,0,0,0,0,369,368
104176,491,0,4,0,0,0,0,0,0,0,2,2,2,2,0,0,482,481
104177,427,0,0,0,0,0,0,0,0,0,2,2,2,2,0,0,422,421
104178,315,0,0,0,0,0,0,0,0,0,0,0,0,0,0,0,310,309
104179,415,0,0,0,0,1,0,0,0,0,0,0,0,0,0,0,410,409
104180,410,0,0,0,0,1,0,0,0,0,0,0,0,0,0,0,405,404
104181,520,0,0,0,0,1,0,0,0,0,0,0,0,0,0,0,515,514
104182,379,0,0,0,0,10,0,0,0,0,0,0,0,0,0,0,365,364
104183,450,0,0,0,0,0,0,0,0,0,0,0,0,0,0,0,445,444
104184,297,0,0,0,0,2,0,0,0,0,0,0,0,0,0,0,291,290
104185,621,0,0,0,0,0,0,0,0,0,2,2,2,2,0,0,616,615
104186,299,0,0,0,0,2,0,0,0,0,0,0,0,0,0,0,294,293
104187,420,0,0,0,0,1,0,0,0,0,1,1,1,1,0,0,415,414
104188,337,0,0,0,0,2,0,0,0,0,0,0,0,0,0,0,331,331
104189,440,0,0,0,0,0,0,0,0,0,0,0,0,0,0,0,435,434
104190,488,0,0,0,0,1,0,0,0,0,0,0,0,0,0,0,483,482
104192,526,0,0,0,0,0,0,0,0,0,2,2,2,2,0,0,521,520
104193,444,0,0,0,0,1,0,0,0,0,0,0,0,0,0,0,439,438
104194,419,0,0,0,0,0,0,0,0,0,1,1,1,1,0,0,414,413
104195,327,0,2,0,0,2,0,0,0,0,0,0,0,0,0,0,319,319
104196,524,0,0,0,0,1,0,6,0,0,0,0,0,0,0,0,519,518
104197,419,0,0,0,0,1,0,0,0,0,1,1,1,1,0,0,414,413
104198,587,0,0,0,0,0,0,0,0,0,0,0,0,0,0,0,582,581
104199,400,0,0,0,0,3,0,0,0,0,1,1,1,1,0,0,393,392
104200,374,0,0,0,0,3,0,0,0,0,0,0,0,0,0,0,367,366
104201,442,0,0,0,0,0,0,0,0,0,0,0,0,0,0,0,437,436
104202,325,0,0,0,0,3,0,0,0,0,0,0,0,0,0,0,318,318
104203,309,0,0,0,0,1,0,0,0,0,0,0,0,0,0,0,304,303
104204,348,0,0,0,0,0,0,0,0,0,0,0,0,0,0,0,343,342
104205,569,0,0,0,0,2,0,0,0,0,0,0,0,0,0,0,562,561
104206,341,0,0,0,0,2,0,0,0,0,0,0,0,0,0,0,335,335
104207,390,0,0,0,0,1,0,0,0,0,0,0,0,0,0,0,385,384
104208,550,0,0,0,0,3,0,0,0,0,0,0,0,0,0,0,542,541
104209,382,0,0,0,0,3,0,0,0,0,0,0,0,0,0,0,375,374
104210,331,0,0,0,0,0,0,0,0,0,0,0,0,0,0,0,326,325
104211,289,0,0,0,0,0,0,0,0,0,0,0,0,0,0,0,284,283
104212,683,0,0,0,0,0,0,0,0,0,2,2,2,2,0,0,678,677
104213,585,0,0,0,0,0,0,0,0,0,0,0,0,0,0,0,580,579
104214,393,0,0,0,0,1,0,0,0,0,0,0,0,0,0,0,388,387
104215,381,0,0,0,0,1,0,0,0,0,1,1,1,1,0,0,376,375
104216,355,0,0,0,0,0,0,0,0,0,0,0,0,0,0,0,350,349
104217,583,0,0,0,0,15,0,0,0,0,0,0,0,0,0,0,563,562
104218,324,0,0,0,0,2,0,0,0,0,0,0,0,0,0,0,318,318
104219,425,0,0,0,0,0,0,0,0,0,0,0,0,0,0,0,420,419
104220,382,0,0,0,0,1,0,0,0,0,0,0,0,0,0,0,377,376
104221,408,0,0,0,0,0,0,0,0,0,0,0,0,0,0,0,403,402
104222,328,0,0,0,0,2,0,0,0,0,0,0,0,0,0,0,322,322
104223,447,0,0,0,0,1,0,0,0,0,8,8,8,8,0,0,442,441
104224,495,0,0,0,0,0,0,0,0,0,2,2,2,2,0,0,490,489
104225,936,0,0,0,0,0,0,0,0,0,0,0,0,0,0,0,931,930
104226,384,0,1,0,0,1,0,8,0,0,0,0,0,0,0,0,378,377
104227,547,0,0,0,0,0,0,8,0,0,2,3,2,3,0,0,542,541
104228,330,0,0,0,0,1,0,0,0,0,2,2,2,2,0,0,325,324
104229,336,0,0,0,0,2,0,0,0,0,0,0,0,0,0,0,330,330
104230,587,0,0,0,0,1,0,0,0,0,0,0,0,0,0,0,582,581
104231,340,0,0,0,0,2,0,0,0,0,0,0,0,0,0,0,334,334
104232,328,0,0,0,0,2,0,0,0,0,0,0,0,0,0,0,322,322
104233,536,0,0,0,0,2,0,0,0,0,0,0,0,0,0,0,529,528
104234,411,0,0,0,0,15,0,0,0,0,0,0,0,0,0,0,392,391
104236,433,0,0,0,0,6,0,0,0,0,0,0,0,0,0,0,423,422
104237,559,0,0,0,0,2,0,3,0,0,2,2,2,2,0,0,553,552
104238,395,0,0,0,0,1,0,0,0,0,0,0,0,0,0,0,390,389
104239,393,0,0,0,0,1,0,0,0,0,0,0,0,0,0,0,387,386
104240,563,0,0,0,0,0,0,0,0,0,1,1,1,1,0,0,558,557
104241,620,0,0,0,0,1,0,0,0,0,1,1,1,1,0,0,614,613
104242,117,0,0,0,0,2,0,0,0,0,0,0,0,0,0,0,111,111
104243,446,0,1,0,0,0,0,0,0,0,0,0,0,0,0,0,440,439
104244,412,0,1,0,0,3,0,0,0,0,0,0,0,0,0,0,404,404
104245,300,0,0,0,0,1,0,0,0,0,0,0,0,0,0,0,295,294
104246,325,0,0,0,0,1,0,0,0,0,0,0,0,0,0,0,320,319
104247,490,0,0,0,0,1,0,0,0,0,0,0,0,0,0,0,485,484
104248,610,0,1,0,0,4,0,0,0,0,1,1,1,1,0,0,601,600
104249,585,0,0,0,0,5,0,0,0,0,1,1,1,1,0,0,575,574
104250,521,0,0,0,0,1,0,0,0,0,0,0,0,0,0,0,516,515
104251,320,0,0,0,0,0,0,0,0,0,0,0,0,0,0,0,315,314
104252,655,0,0,0,0,8,0,0,0,0,0,0,0,0,0,0,643,643
104253,355,0,0,0,0,1,0,0,0,0,1,1,1,1,0,0,350,349
104254,491,0,0,0,0,0,0,0,0,0,1,1,1,1,0,0,486,485
104255,367,0,0,0,0,1,0,0,0,0,1,1,1,1,0,0,362,361
104256,370,0,0,0,0,2,0,0,0,0,0,0,0,0,0,0,364,364
104257,440,0,0,0,0,0,0,0,0,0,0,0,0,0,0,0,435,434
104259,287,0,0,0,0,1,0,0,0,0,0,0,0,0,0,0,282,281
104260,646,0,0,0,0,0,0,0,0,0,0,0,0,0,0,0,641,640
104261,355,0,1,0,0,0,0,0,0,0,0,0,0,0,0,0,349,348
104262,538,0,0,0,0,1,0,0,0,0,0,0,0,0,0,0,533,532
104263,711,0,0,0,0,0,0,0,0,0,1,1,1,1,0,0,706,705
104264,643,0,0,0,0,0,0,0,0,0,0,0,0,0,0,0,638,637
104265,552,0,0,0,0,0,0,0,0,0,1,1,1,1,0,0,547,546
104266,431,0,0,0,0,1,0,0,0,0,0,0,0,0,0,0,426,425
104267,482,0,1,0,0,4,0,0,0,0,0,0,0,0,0,0,473,472
104268,408,0,1,0,0,1,0,0,0,0,0,0,0,0,0,0,402,401
104269,463,0,0,0,0,0,0,0,0,0,1,1,1,1,0,0,458,457
104271,586,0,0,0,0,0,0,0,0,0,2,2,2,2,0,0,581,580
104272,722,0,0,0,0,0,0,0,0,0,0,0,0,0,0,0,717,716
104273,418,0,0,0,0,1,0,0,0,0,0,0,0,0,0,0,413,412
104274,478,0,0,0,0,0,0,0,0,0,1,1,1,1,0,0,473,472
104275,510,0,0,0,0,0,0,0,0,0,1,1,1,1,0,0,505,504
104276,341,0,0,0,0,1,0,0,0,0,0,0,0,0,0,0,336,335
104277,525,0,0,0,0,10,0,0,0,0,0,0,0,0,0,0,510,509
104278,397,0,0,0,0,1,0,0,0,0,1,1,1,1,0,0,392,391
104279,380,0,0,0,0,0,0,0,0,0,0,0,0,0,0,0,375,374
104280,391,0,0,0,0,2,0,0,0,0,0,0,0,0,0,0,385,384
104281,547,0,0,0,0,0,0,0,0,0,1,1,1,1,0,0,542,541
104282,71,0,0,0,0,2,0,0,0,0,0,0,0,0,0,0,65,65
104283,389,0,0,0,0,0,0,0,0,0,0,0,0,0,0,0,384,383
104284,406,0,0,0,0,1,0,0,0,0,0,0,0,0,0,0,401,400
104285,358,0,0,0,0,1,0,0,0,0,0,0,0,0,0,0,353,352
104286,383,0,0,0,0,1,0,0,0,0,0,0,0,0,0,0,378,377
104287,451,0,0,0,0,3,0,0,0,0,0,0,0,0,0,0,443,442
104288,65,0,0,0,0,2,0,0,0,0,0,0,0,0,0,0,59,59
104289,447,0,0,0,0,3,0,0,0,0,0,0,0,0,0,0,440,439
104290,581,0,0,0,0,0,0,0,0,0,0,0,0,0,0,0,576,575
104291,300,0,0,0,0,1,0,0,0,0,0,0,0,0,0,0,295,294
104292,517,0,0,0,0,0,0,0,0,0,1,1,1,1,0,0,512,511
104293,261,0,0,0,0,2,0,0,0,0,0,0,0,0,0,0,255,255
104294,384,0,0,0,0,1,0,0,0,0,1,1,1,1,0,0,379,378
104295,685,0,0,0,0,0,0,0,0,0,1,1,1,1,0,0,680,679
104296,480,0,0,0,0,1,0,0,0,0,2,2,2,2,0,0,474,473
104297,429,0,0,0,0,3,0,0,0,0,0,0,0,0,0,0,421,420
104298,400,0,0,0,0,24,0,0,0,0,0,0,0,0,0,0,371,370
104299,39,0,0,0,0,2,0,0,0,0,0,0,0,0,0,0,33,33
104300,494,0,0,0,0,6,0,0,0,0,2,2,2,2,0,0,483,482
104301,565,0,0,0,0,0,0,0,0,0,0,0,0,0,0,0,560,559
104302,385,0,0,0,0,3,0,0,0,0,0,0,0,0,0,0,378,377
104303,565,0,2,0,0,4,0,0,0,0,0,0,0,0,0,0,555,554
104304,395,0,0,0,0,3,0,0,0,0,2,2,2,2,0,0,388,387
104305,358,0,0,0,0,4,0,0,0,0,0,0,0,0,0,0,350,350
104306,26,0,0,0,0,3,0,0,0,0,0,0,0,0,0,0,20,20
104307,499,0,0,0,0,0,0,0,0,0,1,1,1,1,0,0,494,493
104308,414,0,0,0,0,0,0,0,0,0,0,0,0,0,0,0,409,408
104309,656,0,0,0,0,0,0,7,0,0,0,0,0,0,0,0,651,650
104310,447,0,0,0,0,3,0,0,0,0,1,1,1,1,0,0,440,439
104311,542,0,0,0,0,0,0,0,0,0,0,0,0,0,0,0,537,536
104312,611,0,0,0,0,0,0,0,0,0,1,1,1,1,0,0,606,605
104313,422,0,0,0,0,0,0,0,0,0,1,1,1,1,0,0,417,416
104314,463,0,0,0,0,0,0,0,0,0,0,0,0,0,0,0,458,457
104315,435,0,0,0,0,1,0,0,0,0,0,0,0,0,0,0,430,429
104316,211,0,0,0,0,2,0,0,0,0,0,0,0,0,0,0,205,205
104317,701,0,0,0,0,0,0,0,0,0,2,2,2,2,0,0,696,695
104318,415,0,0,0,0,3,0,0,0,0,0,0,0,0,0,0,408,407
104319,528,0,0,0,0,1,0,0,0,0,0,0,0,0,0,0,522,521
104320,457,0,0,0,0,0,0,0,0,0,1,1,1,1,0,0,452,451
104321,393,0,0,0,0,0,0,0,0,0,0,0,0,0,0,0,388,387
104322,397,0,1,0,0,1,0,0,0,0,1,1,1,1,0,0,391,390
104323,287,0,0,0,0,0,0,0,0,0,0,0,0,0,0,0,282,281
104324,323,0,0,0,0,1,0,0,0,0,0,0,0,0,0,0,318,317
104325,677,0,4,0,0,1,0,0,0,0,0,0,0,0,0,0,668,667
104326,362,0,0,0,0,1,0,0,0,0,0,0,0,0,0,0,357,356
104327,457,0,0,0,0,1,0,0,0,0,1,1,1,1,0,0,452,451
104328,326,0,0,0,0,2,0,0,0,0,0,0,0,0,0,0,320,320
104329,278,0,0,0,0,2,0,0,0,0,0,0,0,0,0,0,272,272
104330,459,0,0,0,0,1,0,0,0,0,6,6,6,6,0,0,453,452
104331,406,0,0,0,0,0,0,0,0,0,0,0,0,0,0,0,401,400
104332,490,0,0,0,0,1,0,0,0,0,0,0,0,0,0,0,484,483
104333,420,0,0,0,0,8,0,0,0,0,1,1,1,1,0,0,408,407
104334,398,0,2,0,0,2,0,0,0,0,0,0,0,0,0,0,389,388
104335,437,0,2,0,0,1,0,0,0,0,1,1,1,1,0,0,430,429
104336,403,0,0,0,0,10,0,0,0,0,0,0,0,0,0,0,388,387
104337,754,0,0,0,0,0,0,0,0,0,1,1,1,1,0,0,749,748
104338,598,0,0,0,0,0,0,0,0,0,3,3,3,3,0,0,593,592
104339,515,0,0,0,0,1,0,0,0,0,2,2,2,2,0,0,510,509
104340,590,0,0,0,0,0,0,0,0,0,1,1,1,1,0,0,585,584
104341,365,0,1,0,0,0,0,0,0,0,2,2,2,2,0,0,359,358
104342,535,0,0,0,0,1,0,0,0,0,2,2,2,2,0,0,530,529
104343,372,0,0,0,0,1,0,0,0,0,0,0,0,0,0,0,367,366
104344,478,0,0,0,0,0,0,0,0,0,1,1,1,1,0,0,473,472
104345,356,0,1,0,0,1,0,0,0,0,1,1,1,1,0,0,350,349
104346,587,0,0,0,0,0,0,0,0,0,1,1,1,1,0,0,582,581
104347,471,0,0,0,0,0,0,0,0,0,1,1,1,1,0,0,466,465
104348,416,0,0,0,0,0,0,0,0,0,0,0,0,0,0,0,411,410
104349,289,0,0,0,0,1,0,0,0,0,0,0,0,0,0,0,284,283
104350,408,0,0,0,0,1,0,0,0,0,0,0,0,0,0,0,403,402
104351,547,0,0,0,0,0,0,0,0,0,1,1,1,1,0,0,542,541
104352,497,0,0,0,0,0,0,0,0,0,0,0,0,0,0,0,492,491
104353,324,0,0,0,0,0,0,0,0,0,0,0,0,0,0,0,319,318
104354,376,0,0,0,0,0,0,0,0,0,0,0,0,0,0,0,371,370
104355,571,0,0,0,0,3,0,0,0,0,0,0,0,0,0,0,564,563
104356,343,0,0,0,0,1,0,0,0,0,0,0,0,0,0,0,338,337
104357,513,0,0,0,0,0,0,0,0,0,0,0,0,0,0,0,508,507
104358,431,0,0,0,0,0,0,0,0,0,0,0,0,0,0,0,426,425
104359,538,0,0,0,0,0,0,0,0,0,0,0,0,0,0,0,533,532
104360,398,0,0,0,0,1,0,0,0,0,0,0,0,0,0,0,393,392
104361,462,0,0,0,0,1,0,0,0,0,2,2,2,2,0,0,457,456
104362,407,0,0,0,0,1,0,0,0,0,0,0,0,0,0,0,402,401
104363,542,0,0,0,0,0,0,0,0,0,1,1,1,1,0,0,537,536
104364,385,0,0,0,0,0,0,0,0,0,0,0,0,0,0,0,380,379
104365,296,0,0,0,0,1,0,0,0,0,2,2,2,2,0,0,291,290
104366,374,0,0,0,0,1,0,5,0,0,0,0,0,0,0,0,369,368
104367,505,0,0,0,0,2,0,0,0,0,0,0,0,0,0,0,498,497
104368,366,0,0,0,0,1,0,0,0,0,0,0,0,0,0,0,361,360
104369,401,0,0,0,0,1,0,0,0,0,0,0,0,0,0,0,396,395
104370,468,0,0,0,0,0,0,0,0,0,0,0,0,0,0,0,463,462
104371,353,0,0,0,0,2,0,0,0,0,0,0,0,0,0,0,347,347
104372,389,0,0,0,0,0,0,0,0,0,0,0,0,0,0,0,384,383
104373,281,0,1,0,0,12,0,0,0,0,0,0,0,0,0,0,263,262
104374,422,0,0,0,0,0,0,0,0,0,0,0,0,0,0,0,417,416
104375,517,0,2,0,0,0,0,0,0,0,0,0,0,0,0,0,510,509
104376,256,0,0,0,0,1,0,0,0,0,0,0,0,0,0,0,251,250
104377,385,0,0,0,0,2,0,0,0,0,0,0,0,0,0,0,379,378
104378,433,0,0,0,0,0,0,0,0,0,0,0,0,0,0,0,428,427
104379,419,0,3,0,0,7,0,0,0,0,0,0,0,0,0,0,405,404
104380,534,0,0,0,0,6,0,0,0,0,0,0,0,0,0,0,523,522
104381,437,0,1,0,0,0,0,0,0,0,0,0,0,0,0,0,431,430
104382,371,0,0,0,0,3,0,0,0,0,0,0,0,0,0,0,364,363
104383,623,0,0,0,0,0,0,0,0,0,31,31,31,31,0,0,618,617
104384,371,0,0,0,0,0,0,0,0,0,0,0,0,0,0,0,366,365
104385,748,0,0,0,0,1,0,0,0,0,2,2,2,2,0,0,743,742
104386,359,0,0,0,0,3,0,0,0,0,0,0,0,0,0,0,352,352
104387,315,0,2,0,0,1,0,0,0,0,0,0,0,0,0,0,308,307
104389,459,0,0,0,0,1,0,0,0,0,0,0,0,0,0,0,454,453
104390,437,0,0,0,0,1,0,0,0,0,0,0,0,0,0,0,432,431
104391,557,0,2,0,0,0,0,0,0,0,0,0,0,0,0,0,550,549
104392,598,0,0,0,0,1,0,0,0,0,0,0,0,0,0,0,593,592
104393,348,0,0,0,0,1,0,0,0,0,0,0,0,0,0,0,343,342
104394,448,0,0,0,0,1,0,0,0,0,0,0,0,0,0,0,443,442
104395,444,0,0,0,0,1,0,0,0,0,0,0,0,0,0,0,439,438
104396,447,0,0,0,0,0,0,0,0,0,0,0,0,0,0,0,442,441
104397,507,0,0,0,0,1,0,0,0,0,3,3,3,3,0,0,501,500
104398,427,0,0,0,0,0,0,0,0,0,0,0,0,0,0,0,422,421
104399,348,0,0,0,0,0,0,0,0,0,0,0,0,0,0,0,343,342
104400,68,0,0,0,0,2,0,0,0,0,0,0,0,0,0,0,62,62
104401,419,0,0,0,0,1,0,0,0,0,1,1,1,1,0,0,413,412
104402,390,0,0,0,0,1,0,0,0,0,0,0,0,0,0,0,385,384
104403,549,0,0,0,0,0,0,0,0,0,12,12,12,12,0,0,544,543
104404,473,0,0,0,0,1,0,0,0,0,0,0,0,0,0,0,468,467
104405,221,0,0,0,0,0,0,0,0,0,0,0,0,0,0,0,216,215
104406,499,0,0,0,0,1,0,0,0,0,0,0,0,0,0,0,493,492
104407,869,0,0,0,0,0,0,0,0,0,2,2,2,2,0,0,864,863
104408,587,0,0,0,0,1,0,0,0,0,0,0,0,0,0,0,582,581
104409,318,0,1,0,0,1,0,0,0,0,0,0,0,0,0,0,312,311
104410,591,0,0,0,0,4,0,0,0,0,0,0,0,0,0,0,583,582
104411,640,0,0,0,0,0,0,0,0,0,1,1,1,1,0,0,635,634
104412,550,0,0,0,0,1,0,0,0,0,0,0,0,0,0,0,545,544
104413,390,0,0,0,0,2,0,0,0,0,0,0,0,0,0,0,384,384
104414,418,0,1,0,0,2,0,0,0,0,0,0,0,0,0,0,411,410
104415,416,0,0,0,0,2,0,0,0,0,0,0,0,0,0,0,410,409
104416,315,0,0,0,0,0,0,0,0,0,0,0,0,0,0,0,310,309
104417,553,0,0,0,0,0,0,0,0,0,0,0,0,0,0,0,548,547
104418,582,0,3,0,0,0,0,0,0,0,0,0,0,0,0,0,574,573
104419,333,0,0,0,0,2,0,0,0,0,0,0,0,0,0,0,327,326
104420,422,0,0,0,0,1,0,0,0,0,0,0,0,0,0,0,417,416
104421,542,0,1,0,0,5,0,0,0,0,1,1,1,1,0,0,531,530
104422,552,0,0,0,0,0,0,0,0,0,2,2,2,2,0,0,547,546
104423,638,0,0,0,0,1,0,0,0,0,0,0,0,0,0,0,632,631
104424,339,0,0,0,0,2,0,0,0,0,0,0,0,0,0,0,333,333
104425,594,0,0,0,0,0,0,0,0,0,0,0,0,0,0,0,589,588
104426,340,0,0,0,0,0,0,0,0,0,0,0,0,0,0,0,335,334
104427,448,0,0,0,0,1,0,0,0,0,0,0,0,0,0,0,443,442
104428,428,0,0,0,0,1,0,0,0,0,0,0,0,0,0,0,423,422
104429,524,0,0,0,0,1,0,0,0,0,1,1,1,1,0,0,519,518
104430,499,0,0,0,0,0,0,0,0,0,2,2,2,2,0,0,494,493
104431,401,0,0,0,0,2,0,9,0,0,0,0,0,0,0,0,395,394
104432,357,0,0,0,0,1,0,0,0,0,0,0,0,0,0,0,352,351
104433,301,0,0,0,0,1,0,0,0,0,0,0,0,0,0,0,296,295
104434,537,0,0,0,0,4,0,5,0,0,0,0,0,0,0,0,529,528
104435,277,0,0,0,0,0,0,0,0,0,0,0,0,0,0,0,272,271
104436,311,0,0,0,0,1,0,0,0,0,0,0,0,0,0,0,306,305
104437,355,0,0,0,0,1,0,0,0,0,0,0,0,0,0,0,350,349
104438,473,0,0,0,0,0,0,0,0,0,0,0,0,0,0,0,468,467
104439,340,0,0,0,0,2,0,0,0,0,0,0,0,0,0,0,334,334
104440,449,0,0,0,0,1,0,0,0,0,0,0,0,0,0,0,444,443
104441,478,0,0,0,0,0,0,0,0,0,1,1,1,1,0,0,473,472
104442,416,0,0,0,0,0,0,0,0,0,2,2,2,2,0,0,411,410
104444,346,0,0,0,0,0,0,0,0,0,0,0,0,0,0,0,341,340
104445,366,0,2,0,0,1,0,0,0,0,0,0,0,0,0,0,359,358
104446,335,0,0,0,0,1,0,0,0,0,0,0,0,0,0,0,329,328
104447,465,0,0,0,0,3,0,0,0,0,1,1,1,1,0,0,457,456
104448,676,0,0,0,0,0,0,0,0,0,2,2,2,2,0,0,671,670
104449,377,0,0,0,0,0,0,8,0,0,0,0,0,0,0,0,372,371
104450,489,0,1,0,0,0,0,6,0,0,1,1,1,1,0,0,483,482
104451,499,0,1,0,0,8,0,0,0,0,0,0,0,0,0,0,485,484
104452,914,0,0,0,0,0,0,0,0,0,0,0,0,0,0,0,909,908
104453,311,0,0,0,0,1,0,0,0,0,0,0,0,0,0,0,306,305
104454,794,0,0,0,0,0,0,0,0,0,2,2,2,2,0,0,789,788
104455,403,0,0,0,0,1,0,0,0,0,0,0,0,0,0,0,397,396
104456,514,0,0,0,0,0,0,0,0,0,0,0,0,0,0,0,509,508
104457,441,0,0,0,0,1,0,0,0,0,0,0,0,0,0,0,436,435
104458,409,0,0,0,0,1,0,0,0,0,0,0,0,0,0,0,404,403
104459,350,0,0,0,0,1,0,0,0,0,0,0,0,0,0,0,345,344
104460,456,0,0,0,0,0,0,7,0,0,0,0,0,0,0,0,451,450
104461,447,0,0,0,0,1,0,0,0,0,1,1,1,1,0,0,442,441
104462,394,0,0,0,0,0,0,0,0,0,2,2,2,2,0,0,389,388
104463,497,0,0,0,0,1,0,0,0,0,0,0,0,0,0,0,491,490
104464,371,0,0,0,0,0,0,0,0,0,1,1,1,1,0,0,366,365
104465,420,0,0,0,0,0,0,0,0,0,2,2,2,2,0,0,415,414
104466,440,0,0,0,0,0,0,0,0,0,1,1,1,1,0,0,435,434
104467,526,0,0,0,0,1,0,0,0,0,0,0,0,0,0,0,520,519
104468,325,0,0,0,0,0,0,0,0,0,0,0,0,0,0,0,320,319
104469,569,0,0,0,0,0,0,0,0,0,0,0,0,0,0,0,564,563
104470,404,0,0,0,0,1,0,0,0,0,0,0,0,0,0,0,399,398
104471,409,0,0,0,0,2,0,0,0,0,0,0,0,0,0,0,403,402
104472,324,0,0,0,0,1,0,0,0,0,0,0,0,0,0,0,319,318
104473,365,0,0,0,0,1,0,0,0,0,0,0,0,0,0,0,360,359
104474,360,0,0,0,0,0,0,0,0,0,0,0,0,0,0,0,355,354
104475,519,0,0,0,0,1,0,0,0,0,0,0,0,0,0,0,514,513
104476,278,0,0,0,0,2,0,0,0,0,0,0,0,0,0,0,272,272
104477,247,0,0,0,0,0,0,0,0,0,0,0,0,0,0,0,242,241
104478,392,0,0,0,0,3,0,0,0,0,0,0,0,0,0,0,385,385
104479,751,0,0,0,0,1,0,0,0,0,2,2,2,2,0,0,745,744
104480,264,0,0,0,0,1,0,0,0,0,0,0,0,0,0,0,259,258
104481,459,0,0,0,0,0,0,0,0,0,7,7,7,7,0,0,454,453
104482,244,0,0,0,0,0,0,0,0,0,2,2,2,2,0,0,239,238
104483,353,0,0,0,0,1,0,0,0,0,3,3,3,3,0,0,348,347
104484,437,0,0,0,0,0,0,0,0,0,0,0,0,0,0,0,432,431
104485,325,0,0,0,0,2,0,0,0,0,0,0,0,0,0,0,319,319
104486,355,0,0,0,0,1,0,0,0,0,0,0,0,0,0,0,350,349
104487,555,0,0,0,0,0,0,0,0,0,2,2,2,2,0,0,550,549
104488,422,0,0,0,0,0,0,0,0,0,0,0,0,0,0,0,417,416
104489,556,0,0,0,0,3,0,0,0,0,0,0,0,0,0,0,548,547
104490,413,0,0,0,0,0,0,0,0,0,0,0,0,0,0,0,408,407
104491,301,0,0,0,0,2,0,0,0,0,0,0,0,0,0,0,295,295
104492,280,0,0,0,0,3,0,0,0,0,1,1,1,1,0,0,273,273
104493,381,0,2,0,0,0,0,0,0,0,0,0,0,0,0,0,374,373
104494,349,0,0,0,0,0,0,0,0,0,0,0,0,0,0,0,344,343
104495,601,0,0,0,0,17,0,0,0,0,0,0,0,0,0,0,580,579
104496,598,0,0,0,0,1,0,0,0,0,0,0,0,0,0,0,593,592
104497,516,0,0,0,0,0,0,0,0,0,1,1,1,1,0,0,511,510
104498,498,0,1,0,0,1,0,0,0,0,0,0,0,0,0,0,492,491
104499,357,0,0,0,0,1,0,0,0,0,0,0,0,0,0,0,352,351
104500,440,0,0,0,0,3,0,0,0,0,0,0,0,0,0,0,434,433
104501,396,0,0,0,0,0,0,0,0,0,1,1,1,1,0,0,391,390
104502,351,0,0,0,0,1,0,0,0,0,0,0,0,0,0,0,346,345
104503,330,0,0,0,0,1,0,0,0,0,0,0,0,0,0,0,325,324
104504,571,0,0,0,0,0,0,0,0,0,1,1,1,1,0,0,566,565
104505,373,0,0,0,0,0,0,0,0,0,0,0,0,0,0,0,368,367
104506,486,0,0,0,0,2,0,0,0,0,0,0,0,0,0,0,480,479
104507,606,0,0,0,0,0,0,0,0,0,0,0,0,0,0,0,601,600
104508,519,0,0,0,0,1,0,0,0,0,1,1,1,1,0,0,513,512
104509,693,0,0,0,0,0,0,0,0,0,2,2,2,2,0,0,688,687
104510,505,0,0,0,0,22,0,0,0,0,0,0,0,0,0,0,479,478
104511,406,0,0,0,0,0,0,0,0,0,0,0,0,0,0,0,401,400
104512,538,0,0,0,0,0,0,0,0,0,0,0,0,0,0,0,533,532
104513,354,0,1,0,0,1,0,0,0,0,0,0,0,0,0,0,348,347
104514,399,0,0,0,0,1,0,0,0,0,0,0,0,0,0,0,394,393
104515,476,0,0,0,0,2,0,0,0,0,0,0,0,0,0,0,470,470
104516,514,0,0,0,0,0,0,0,0,0,0,0,0,0,0,0,509,508
104517,523,0,0,0,0,0,0,0,0,0,7,7,7,7,0,0,518,517
104518,588,0,0,0,0,0,0,0,0,0,1,1,1,1,0,0,583,582
104519,543,0,1,0,0,1,0,0,0,0,0,0,0,0,0,0,537,536
104520,608,0,0,0,0,0,0,0,0,0,16,16,16,16,0,0,603,602
104521,590,0,0,0,0,1,0,0,0,0,0,0,0,0,0,0,584,583
104522,314,0,0,0,0,2,0,0,0,0,0,0,0,0,0,0,308,308
104523,563,0,0,0,0,1,0,6,0,0,1,1,1,1,0,0,557,556
104524,439,0,0,0,0,0,0,0,0,0,0,0,0,0,0,0,434,433
104525,247,0,0,0,0,1,0,0,0,0,0,0,0,0,0,0,242,241
104526,382,0,0,0,0,0,0,0,0,0,0,0,0,0,0,0,377,376
104527,359,0,0,0,0,1,0,0,0,0,0,0,0,0,0,0,354,353
104528,467,0,0,0,0,1,0,0,0,0,0,0,0,0,0,0,462,461
104529,463,0,0,0,0,0,0,0,0,0,1,1,1,1,0,0,458,457
104530,535,0,0,0,0,0,0,0,0,0,2,2,2,2,0,0,530,529
104531,225,0,0,0,0,2,0,0,0,0,0,0,0,0,0,0,219,219
104532,433,0,1,0,0,1,0,0,0,0,0,0,0,0,0,0,427,426
104533,912,0,0,0,0,18,0,0,0,0,0,0,0,0,0,0,889,888
104534,618,0,2,0,0,2,0,0,0,0,0,0,0,0,0,0,609,608
104535,333,0,0,0,0,1,0,0,0,0,0,0,0,0,0,0,328,327
104536,489,0,1,0,0,1,0,0,0,0,4,4,4,4,0,0,482,481
104537,651,0,0,0,0,22,0,0,0,0,0,0,0,0,0,0,624,623
104538,436,0,0,0,0,0,0,0,0,0,0,0,0,0,0,0,431,430
104539,335,0,0,0,0,1,0,0,0,0,0,0,0,0,0,0,330,329
104540,402,0,2,0,0,1,0,0,0,0,0,0,0,0,0,0,395,394
104541,459,0,0,0,0,0,0,0,0,0,0,0,0,0,0,0,454,453
104542,413,0,0,0,0,3,0,0,0,0,0,0,0,0,0,0,406,405
104543,673,0,0,0,0,0,0,0,0,0,2,2,2,2,0,0,668,667
104544,324,0,0,0,0,3,0,0,0,0,0,0,0,0,0,0,317,317
104545,576,0,0,0,0,0,0,0,0,0,2,2,2,2,0,0,571,570
104546,273,0,0,0,0,2,0,0,0,0,1,1,1,1,0,0,267,267
104547,327,0,0,0,0,2,0,0,0,0,0,0,0,0,0,0,321,321
104548,458,0,0,0,0,0,0,0,0,0,2,2,2,2,0,0,453,452
104549,516,0,0,0,0,2,0,0,0,0,0,0,0,0,0,0,510,509
104550,463,0,0,0,0,1,0,0,0,0,1,1,1,1,0,0,458,457
104551,348,0,0,0,0,1,0,0,0,0,0,0,0,0,0,0,343,342
104552,370,0,0,0,0,9,0,0,0,0,0,0,0,0,0,0,357,356
104553,350,0,0,0,0,0,0,0,0,0,0,0,0,0,0,0,345,344
104554,437,0,0,0,0,0,0,5,0,0,2,2,2,2,0,0,432,431
104555,387,0,0,0,0,1,0,0,0,0,0,0,0,0,0,0,382,381
104556,490,0,0,0,0,2,0,0,0,0,0,0,0,0,0,0,484,483
104557,441,0,0,0,0,1,0,0,0,0,0,0,0,0,0,0,436,435
104558,507,0,0,0,0,4,0,0,0,0,0,0,0,0,0,0,499,498
104559,471,0,0,0,0,3,0,0,0,0,0,0,0,0,0,0,463,462
104560,578,0,0,0,0,0,0,0,0,0,43,43,43,43,0,0,573,572
104561,506,0,1,0,0,0,0,0,0,0,0,0,0,0,0,0,500,499
104562,442,0,1,0,0,2,0,0,0,0,0,0,0,0,0,0,435,434
104563,355,0,0,0,0,0,0,0,0,0,0,0,0,0,0,0,350,349
104564,306,0,0,0,0,0,0,0,0,0,0,0,0,0,0,0,301,300
104565,434,0,0,0,0,2,0,0,0,0,0,0,0,0,0,0,428,427
104566,407,0,0,0,0,10,0,0,0,0,0,0,0,0,0,0,393,392
104567,260,0,1,0,0,2,0,0,0,0,0,0,0,0,0,0,253,253
104569,680,0,0,0,0,0,0,5,0,0,0,0,0,0,0,0,675,674
104570,529,0,0,0,0,0,0,0,0,0,1,1,1,1,0,0,524,523
104571,470,0,0,0,0,1,0,0,0,0,2,2,2,2,0,0,464,463
104572,447,0,1,0,0,0,0,6,0,0,0,0,0,0,0,0,441,440
104573,551,0,0,0,0,1,0,0,0,0,38,38,38,38,0,0,545,544
104574,376,0,0,0,0,0,0,0,0,0,0,0,0,0,0,0,371,370
104575,480,0,0,0,0,1,0,0,0,0,1,1,1,1,0,0,474,473
104576,356,0,0,0,0,0,0,0,0,0,0,0,0,0,0,0,351,350
104577,628,0,1,0,0,3,0,0,0,0,0,0,0,0,0,0,619,618
104578,402,0,0,0,0,0,0,0,0,0,0,0,0,0,0,0,397,396
104579,583,0,0,0,0,1,0,0,0,0,1,1,1,1,0,0,578,577
104580,528,0,0,0,0,3,0,0,0,0,0,0,0,0,0,0,520,519
104581,584,0,0,0,0,1,0,0,0,0,1,1,1,1,0,0,578,577
104582,479,0,0,0,0,1,0,0,0,0,0,0,0,0,0,0,474,473
104583,337,0,1,0,0,1,0,0,0,0,0,0,0,0,0,0,331,330
104584,431,0,0,0,0,13,0,0,0,0,0,0,0,0,0,0,414,413
104585,342,0,0,0,0,2,0,0,0,0,1,1,1,1,0,0,336,335
104586,256,0,0,0,0,0,0,0,0,0,0,0,0,0,0,0,251,250
104587,517,0,0,0,0,0,0,0,0,0,0,0,0,0,0,0,512,511
104588,441,0,1,0,0,0,0,0,0,0,2,2,2,2,0,0,435,434
104589,384,0,0,0,0,1,0,0,0,0,0,0,0,0,0,0,379,378
104590,417,0,0,0,0,1,0,0,0,0,0,0,0,0,0,0,412,411
104591,745,0,0,0,0,9,0,0,0,0,1,1,1,1,0,0,731,730
104592,421,0,0,0,0,1,0,0,0,0,0,0,0,0,0,0,416,415
104593,737,0,0,0,0,0,0,0,0,0,0,0,0,0,0,0,732,731
104594,472,0,0,0,0,1,0,0,0,0,0,0,0,0,0,0,467,466
104595,690,0,0,0,0,0,0,0,0,0,1,1,1,1,0,0,685,684
104596,602,0,0,0,0,2,0,0,0,0,0,0,0,0,0,0,596,595
104597,438,0,1,0,0,1,0,0,0,0,0,0,0,0,0,0,431,430
104598,285,0,0,0,0,5,0,0,0,0,0,0,0,0,0,0,276,275
104599,613,0,0,0,0,3,0,0,0,0,1,1,1,1,0,0,605,604
104600,416,0,0,0,0,1,0,0,0,0,0,0,0,0,0,0,411,410
104601,423,0,0,0,0,0,0,0,0,0,0,0,0,0,0,0,418,417
104602,474,0,0,0,0,3,0,0,0,0,0,0,0,0,0,0,467,466
104603,526,0,0,0,0,6,0,0,0,0,0,0,0,0,0,0,516,515
104604,523,0,0,0,0,5,0,0,0,0,0,0,0,0,0,0,514,513
104605,456,0,0,0,0,1,0,0,0,0,1,1,1,1,0,0,450,449
104606,450,0,2,0,0,0,0,0,0,0,0,0,0,0,0,0,443,442
104607,374,0,1,0,0,1,0,0,0,0,0,0,0,0,0,0,368,367
104608,265,0,0,0,0,1,0,0,0,0,0,0,0,0,0,0,260,259
104609,332,0,0,0,0,1,0,0,0,0,0,0,0,0,0,0,327,326
104610,512,0,0,0,0,0,0,0,0,0,0,0,0,0,0,0,507,506
104611,331,0,0,0,0,2,0,0,0,0,1,1,1,1,0,0,325,325
104612,498,0,0,0,0,0,0,0,0,0,2,2,2,2,0,0,493,492
104613,446,0,0,0,0,0,0,0,0,0,0,0,0,0,0,0,441,440
104614,588,0,0,0,0,1,0,0,0,0,1,1,1,1,0,0,583,582
104615,393,0,0,0,0,0,0,0,0,0,0,0,0,0,0,0,388,387
104616,410,0,0,0,0,0,0,0,0,0,0,0,0,0,0,0,405,404
104617,735,0,0,0,0,0,0,0,0,0,1,1,1,1,0,0,730,729
104618,612,0,0,0,0,2,0,0,0,0,2,2,2,2,0,0,605,604
104619,407,0,0,0,0,0,0,0,0,0,0,0,0,0,0,0,402,401
104620,468,0,0,0,0,0,0,0,0,0,0,0,0,0,0,0,463,462
104621,341,0,0,0,0,0,0,0,0,0,0,0,0,0,0,0,336,335
104622,552,0,0,0,0,0,0,0,0,0,1,1,1,1,0,0,547,546
104623,488,0,0,0,0,0,0,0,0,0,1,1,1,1,0,0,483,482
104624,690,0,0,0,0,1,0,0,0,0,2,2,2,2,0,0,684,683
104625,266,0,0,0,0,3,0,0,0,0,0,0,0,0,0,0,259,259
104626,483,0,0,0,0,0,0,0,0,0,1,1,1,1,0,0,478,477
104627,261,0,0,0,0,2,0,0,0,0,0,0,0,0,0,0,255,255
104628,431,0,0,0,0,1,0,0,0,0,0,0,0,0,0,0,426,425
104629,610,0,0,0,0,0,0,0,0,0,26,26,26,26,0,0,605,604
104630,396,0,0,0,0,0,0,0,0,0,1,1,1,1,0,0,391,390
104631,772,0,0,0,0,0,0,0,0,0,0,0,0,0,0,0,767,766
104632,473,0,0,0,0,0,0,0,0,0,2,2,2,2,0,0,468,467
104633,438,0,0,0,0,0,0,0,0,0,1,1,1,1,0,0,433,432
104634,452,0,1,0,0,0,0,0,0,0,1,1,1,1,0,0,446,445
104635,350,0,0,0,0,2,0,0,0,0,0,0,0,0,0,0,344,344
104636,491,0,0,0,0,2,0,0,0,0,0,0,0,0,0,0,485,485
104637,306,0,0,0,0,1,0,0,0,0,0,0,0,0,0,0,301,300
104638,456,0,0,0,0,7,0,0,0,0,0,0,0,0,0,0,444,443
104639,575,0,0,0,0,0,0,0,0,0,0,0,0,0,0,0,570,569
104640,406,0,0,0,0,2,0,0,0,0,0,0,0,0,0,0,400,400
104641,672,0,0,0,0,0,0,0,0,0,2,2,2,2,0,0,667,666
104642,377,0,1,0,0,0,0,0,0,0,0,0,0,0,0,0,371,370
104643,373,0,0,0,0,0,0,0,0,0,0,0,0,0,0,0,368,367
104644,598,0,0,0,0,0,0,0,0,0,63,63,63,63,0,0,593,592
104646,538,0,2,0,0,1,0,0,0,0,0,0,0,0,0,0,531,530
104647,361,0,0,0,0,0,0,0,0,0,0,0,0,0,0,0,356,355
104648,456,0,0,0,0,1,0,0,0,0,2,2,2,2,0,0,451,450
104649,401,0,0,0,0,1,0,0,0,0,1,1,1,1,0,0,396,395
104650,698,0,0,0,0,1,0,0,0,0,2,2,2,2,0,0,693,692
104651,424,0,0,0,0,0,0,0,0,0,1,1,1,1,0,0,419,418
104652,407,0,0,0,0,1,0,0,0,0,0,0,0,0,0,0,402,401
104654,340,0,0,0,0,1,0,0,0,0,0,0,0,0,0,0,335,334
104655,469,0,0,0,0,0,0,0,0,0,2,2,2,2,0,0,464,463
104656,884,0,0,0,0,1,0,0,0,0,1,1,1,1,0,0,878,877
104657,362,0,1,0,0,1,0,0,0,0,0,0,0,0,0,0,356,355
104658,437,0,0,0,0,0,0,6,0,0,0,0,0,0,0,0,432,431
104659,318,0,1,0,0,1,0,0,0,0,0,0,0,0,0,0,311,310
104660,321,0,1,0,0,1,0,0,0,0,0,0,0,0,0,0,315,314
104661,343,0,3,0,0,2,0,0,0,0,1,1,1,1,0,0,334,334
104662,397,0,0,0,0,3,0,0,0,0,1,1,1,1,0,0,389,388
104663,517,0,0,0,0,0,0,0,0,0,0,0,0,0,0,0,512,511
104664,492,0,0,0,0,0,0,0,0,0,1,1,1,1,0,0,487,486
104665,630,0,0,0,0,0,0,0,0,0,2,2,2,2,0,0,625,624
104666,307,0,0,0,0,0,0,0,0,0,1,1,1,1,0,0,302,301
104667,52,0,0,0,0,2,0,0,0,0,0,0,0,0,0,0,46,46
104668,431,0,0,0,0,0,0,0,0,0,2,2,2,2,0,0,426,425
104669,591,0,0,0,0,0,0,0,0,0,1,1,1,1,0,0,586,585
104670,455,0,0,0,0,1,0,0,0,0,0,0,0,0,0,0,450,449
104671,454,0,0,0,0,1,0,0,0,0,0,0,0,0,0,0,449,448
104672,386,0,0,0,0,2,0,0,0,0,0,0,0,0,0,0,380,379
104673,693,0,0,0,0,0,0,0,0,0,2,2,2,2,0,0,688,687
104674,362,0,1,0,0,2,0,0,0,0,0,0,0,0,0,0,355,355
104675,669,0,0,0,0,0,0,0,0,0,0,0,0,0,0,0,664,663
104676,436,0,0,0,0,1,0,0,0,0,0,0,0,0,0,0,430,429
104677,566,0,0,0,0,2,0,0,0,0,0,0,0,0,0,0,559,558
104678,506,0,0,0,0,2,0,0,0,0,0,0,0,0,0,0,500,499
104679,365,0,0,0,0,2,0,0,0,0,0,0,0,0,0,0,359,359
104680,468,0,0,0,0,1,0,0,0,0,0,0,0,0,0,0,462,461
104681,76,0,3,0,0,2,0,0,0,0,0,0,0,0,0,0,67,67
104682,483,0,0,0,0,0,0,0,0,0,1,1,1,1,0,0,478,477
104683,546,0,0,0,0,0,0,0,0,0,1,1,1,1,0,0,541,540
104684,484,0,0,0,0,0,0,0,0,0,0,0,0,0,0,0,479,478
104685,484,0,0,0,0,1,0,0,0,0,0,0,0,0,0,0,479,478
104686,524,0,1,0,0,4,0,0,0,0,0,0,0,0,0,0,514,513
104687,636,0,0,0,0,0,0,0,0,0,2,2,2,2,0,0,631,630
104688,446,0,0,0,0,2,0,0,0,0,1,1,1,1,0,0,440,440
104689,641,0,0,0,0,0,0,0,0,0,0,0,0,0,0,0,636,635
104690,415,0,0,0,0,1,0,0,0,0,0,0,0,0,0,0,410,409
104691,400,0,1,0,0,0,0,0,0,0,2,3,2,3,0,0,394,393
104692,42,0,0,0,0,2,0,0,0,0,3,3,3,3,0,0,36,36
104693,544,0,0,0,0,1,0,0,0,0,0,0,0,0,0,0,539,538
104694,568,0,2,0,0,1,0,0,0,0,0,0,0,0,0,0,561,560
104695,586,0,0,0,0,0,0,0,0,0,1,1,1,1,0,0,581,580
104696,502,0,0,0,0,0,0,0,0,0,1,1,1,1,0,0,497,496
104697,460,0,0,0,0,2,0,0,0,0,0,0,0,0,0,0,454,453
104698,305,0,0,0,0,2,0,0,0,0,2,2,2,2,0,0,299,299
104699,350,0,0,0,0,1,0,0,0,0,0,0,0,0,0,0,345,344
104700,411,0,1,0,0,2,0,0,0,0,0,0,0,0,0,0,404,404
104701,434,0,0,0,0,2,0,0,0,0,0,0,0,0,0,0,428,428
104702,353,0,0,0,0,2,0,0,0,0,0,0,0,0,0,0,347,347
104703,343,0,0,0,0,1,0,0,0,0,0,0,0,0,0,0,338,337
104704,393,0,1,0,0,0,0,0,0,0,0,0,0,0,0,0,387,386
104705,309,0,0,0,0,0,0,0,0,0,1,1,1,1,0,0,304,303
104706,417,0,0,0,0,0,0,0,0,0,1,1,1,1,0,0,412,411
104707,453,0,0,0,0,1,0,0,0,0,0,0,0,0,0,0,448,447
104708,899,0,1,0,0,6,0,0,0,0,2,2,2,2,0,0,887,886
104709,625,0,0,0,0,1,0,0,0,0,0,0,0,0,0,0,620,619
104710,494,0,0,0,0,0,0,0,0,0,1,1,1,1,0,0,489,488
104711,590,0,1,0,0,0,0,0,0,0,1,1,1,1,0,0,584,583
104712,269,0,0,0,0,2,0,0,0,0,0,0,0,0,0,0,263,263
104713,298,0,0,0,0,2,0,0,0,0,0,0,0,0,0,0,292,292
104714,352,0,0,0,0,0,0,0,0,0,0,0,0,0,0,0,347,346
104715,381,0,0,0,0,0,0,0,0,0,2,2,2,2,0,0,376,375
104716,390,0,0,0,0,1,0,0,0,0,2,2,2,2,0,0,385,384
104717,369,0,0,0,0,0,0,0,0,0,0,0,0,0,0,0,364,363
104718,489,0,0,0,0,3,0,0,0,0,0,0,0,0,0,0,481,480
104719,433,0,0,0,0,1,0,0,0,0,0,0,0,0,0,0,428,427
104720,475,0,0,0,0,1,0,0,0,0,0,0,0,0,0,0,470,469
104721,460,0,0,0,0,1,0,0,0,0,0,0,0,0,0,0,455,454
104722,395,0,0,0,0,0,0,0,0,0,1,1,1,1,0,0,390,389
104723,621,0,0,0,0,0,0,0,0,0,1,1,1,1,0,0,616,615
104724,447,0,0,0,0,0,0,0,0,0,0,0,0,0,0,0,442,441
104725,525,0,0,0,0,0,0,0,0,0,2,2,2,2,0,0,520,519
104726,1049,0,0,0,0,12,0,0,0,0,58,58,58,58,0,0,1032,1031
104727,359,0,0,0,0,1,0,0,0,0,0,0,0,0,0,0,354,353
104728,150,0,3,0,0,2,0,0,0,0,0,0,0,0,0,0,141,141
104729,387,0,0,0,0,0,0,0,0,0,1,1,1,1,0,0,382,381
104730,313,0,1,0,0,0,0,0,0,0,0,0,0,0,0,0,307,306
104731,493,0,0,0,0,1,0,0,0,0,0,0,0,0,0,0,488,487
104732,374,0,0,0,0,2,0,0,0,0,1,1,1,1,0,0,368,367
104733,499,0,0,0,0,1,0,0,0,0,1,1,1,1,0,0,493,492
104734,454,0,0,0,0,1,0,0,0,0,0,0,0,0,0,0,449,448
104735,439,0,0,0,0,0,0,0,0,0,0,0,0,0,0,0,434,433
104736,433,0,0,0,0,0,0,0,0,0,0,0,0,0,0,0,428,427
104737,667,0,2,0,0,4,0,0,0,0,0,0,0,0,0,0,657,656
104738,450,0,0,0,0,0,0,0,0,0,1,1,1,1,0,0,445,444
104739,316,0,0,0,0,1,0,0,0,0,0,0,0,0,0,0,311,310
104740,535,0,0,0,0,4,0,0,0,0,0,0,0,0,0,0,527,526
104741,386,0,2,0,0,1,0,0,0,0,0,0,0,0,0,0,379,378
104742,199,0,0,0,0,2,0,0,0,0,0,0,0,0,0,0,193,192
104743,517,0,0,0,0,1,0,0,0,0,0,0,0,0,0,0,512,511
104744,403,0,1,0,0,1,0,6,0,0,0,0,0,0,0,0,397,396
104745,449,0,0,0,0,0,0,0,0,0,0,0,0,0,0,0,444,443
104746,293,0,0,0,0,1,0,0,0,0,0,0,0,0,0,0,288,287
104747,637,0,0,0,0,2,0,0,0,0,0,0,0,0,0,0,631,631
104748,318,0,0,0,0,1,0,0,0,0,0,0,0,0,0,0,313,312
104749,241,0,0,0,0,3,0,0,0,0,0,0,0,0,0,0,234,233
104750,436,0,0,0,0,0,0,0,0,0,0,0,0,0,0,0,431,430
104751,315,0,0,0,0,1,0,0,0,0,0,0,0,0,0,0,310,309
104752,507,0,0,0,0,0,0,0,0,0,19,19,19,19,0,0,502,501
104753,354,0,0,0,0,22,0,0,0,0,0,0,0,0,0,0,328,327
104754,330,0,0,0,0,2,0,0,0,0,0,0,0,0,0,0,324,324
104755,440,0,0,0,0,0,0,0,0,0,0,0,0,0,0,0,435,434
104756,304,0,0,0,0,2,0,0,0,0,0,0,0,0,0,0,298,298
104757,376,0,0,0,0,4,0,0,0,0,0,0,0,0,0,0,368,367
104758,417,0,1,0,0,0,0,0,0,0,0,0,0,0,0,0,411,410
104759,580,0,0,0,0,6,0,0,0,0,0,0,0,0,0,0,569,568
104760,689,0,0,0,0,0,0,0,0,0,0,0,0,0,0,0,684,683
104761,332,0,0,0,0,0,0,6,0,0,0,0,0,0,0,0,327,326
104762,259,0,0,0,0,1,0,0,0,0,0,0,0,0,0,0,253,253
104763,386,0,0,0,0,1,0,0,0,0,0,0,0,0,0,0,381,380
104764,398,0,0,0,0,1,0,0,0,0,1,1,1,1,0,0,393,392
104765,592,0,0,0,0,0,0,6,0,0,1,1,1,1,0,0,587,586
104766,358,0,0,0,0,0,0,0,0,0,0,0,0,0,0,0,353,352
104767,499,0,0,0,0,3,0,0,0,0,0,0,0,0,0,0,493,492
104768,306,0,0,0,0,2,0,0,0,0,1,1,1,1,0,0,300,300
104770,653,0,0,0,0,4,0,0,0,0,0,0,0,0,0,0,645,644
104771,458,0,0,0,0,1,0,0,0,0,1,1,1,1,0,0,453,452
104772,388,0,0,0,0,1,0,0,0,0,0,0,0,0,0,0,383,382
104773,562,0,0,0,0,0,0,0,0,0,1,1,1,1,0,0,557,556
104774,601,0,0,0,0,0,0,0,0,0,1,1,1,1,0,0,596,595
104775,540,0,0,0,0,0,0,0,0,0,0,0,0,0,0,0,535,534
104776,533,0,0,0,0,0,0,0,0,0,2,2,2,2,0,0,528,527
104777,523,0,0,0,0,1,0,0,0,0,0,0,0,0,0,0,518,517
104778,372,0,0,0,0,1,0,0,0,0,0,0,0,0,0,0,367,366
104779,226,0,0,0,0,1,0,0,0,0,0,0,0,0,0,0,221,220
104780,443,0,0,0,0,1,0,0,0,0,0,0,0,0,0,0,438,437
104781,256,0,0,0,0,3,0,0,0,0,1,1,1,1,0,0,249,249
104782,496,0,0,0,0,1,0,0,0,0,0,0,0,0,0,0,491,490
104783,605,0,0,0,0,1,0,0,0,0,2,2,2,2,0,0,600,599
104784,421,0,0,0,0,0,0,0,0,0,1,1,1,1,0,0,416,415
104785,36,0,0,0,0,2,0,0,0,0,0,0,0,0,0,0,30,30
104786,495,0,0,0,0,0,0,0,0,0,0,0,0,0,0,0,490,489
104787,442,0,0,0,0,1,0,0,0,0,14,14,14,14,0,0,437,436
104788,417,0,0,0,0,1,0,0,0,0,0,0,0,0,0,0,412,411
104789,331,0,0,0,0,1,0,0,0,0,0,0,0,0,0,0,326,325
104790,425,0,0,0,0,1,0,0,0,0,15,15,15,15,0,0,420,419
104791,419,0,0,0,0,5,0,0,0,0,0,0,0,0,0,0,410,409
104792,467,0,0,0,0,1,0,0,0,0,0,0,0,0,0,0,461,460
104793,569,0,0,0,0,10,0,0,0,0,0,0,0,0,0,0,554,553
104794,457,0,6,0,0,1,0,0,0,0,0,0,0,0,0,0,445,444
104795,446,0,0,0,0,2,0,0,0,0,0,0,0,0,0,0,440,439
104796,475,0,0,0,0,1,0,0,0,0,1,1,1,1,0,0,469,468
104797,311,0,0,0,0,2,0,0,0,0,0,0,0,0,0,0,305,305
104798,548,0,0,0,0,2,0,0,0,0,0,0,0,0,0,0,541,540
104799,333,0,0,0,0,0,0,0,0,0,0,0,0,0,0,0,328,327
104800,291,0,0,0,0,2,0,0,0,0,0,0,0,0,0,0,285,285
104801,330,0,0,0,0,1,0,0,0,0,0,0,0,0,0,0,325,324
104802,521,0,0,0,0,0,0,0,0,0,0,0,0,0,0,0,516,515
104803,259,0,0,0,0,2,0,0,0,0,0,0,0,0,0,0,253,253
104804,420,0,0,0,0,1,0,0,0,0,0,0,0,0,0,0,415,414
104805,515,0,0,0,0,0,0,0,0,0,1,1,1,1,0,0,510,509
104806,649,0,0,0,0,1,0,0,0,0,0,0,0,0,0,0,644,643
104807,569,0,0,0,0,0,0,0,0,0,0,0,0,0,0,0,564,563
104808,446,0,0,0,0,1,0,0,0,0,0,0,0,0,0,0,441,440
104809,245,0,0,0,0,1,0,0,0,0,0,0,0,0,0,0,240,239
104810,465,0,0,0,0,0,0,0,0,0,0,0,0,0,0,0,460,459
104811,415,0,0,0,0,1,0,0,0,0,0,0,0,0,0,0,410,409
104812,524,0,0,0,0,2,0,0,0,0,0,0,0,0,0,0,518,518
104813,587,0,0,0,0,0,0,0,0,0,1,1,1,1,0,0,582,581
104814,345,0,0,0,0,1,0,0,0,0,0,0,0,0,0,0,340,339
104815,382,0,1,0,0,1,0,0,0,0,0,0,0,0,0,0,376,375
104816,614,0,1,0,0,4,0,0,0,0,0,0,0,0,0,0,605,604
104817,318,0,0,0,0,0,0,0,0,0,0,0,0,0,0,0,313,312
104818,245,0,0,0,0,2,0,0,0,0,0,0,0,0,0,0,239,239
104819,377,0,2,0,0,4,0,0,0,0,2,2,2,2,0,0,366,365
104820,448,0,0,0,0,1,0,0,0,0,0,0,0,0,0,0,443,442
104821,576,0,0,0,0,1,0,0,0,0,0,0,0,0,0,0,570,569
104822,534,0,0,0,0,1,0,0,0,0,0,0,0,0,0,0,529,528
104823,399,0,0,0,0,2,0,0,0,0,0,0,0,0,0,0,393,393
104824,300,0,0,0,0,1,0,0,0,0,1,1,1,1,0,0,294,293
104825,533,0,0,0,0,1,0,0,0,0,0,0,0,0,0,0,528,527
104826,616,0,0,0,0,2,0,0,0,0,24,24,24,24,0,0,609,608
104827,458,0,0,0,0,8,0,0,0,0,0,0,0,0,0,0,445,444
104828,314,0,0,0,0,1,0,0,0,0,0,0,0,0,0,0,309,308
104829,368,0,0,0,0,3,0,0,0,0,0,0,0,0,0,0,361,360
104830,453,0,0,0,0,1,0,0,0,0,0,0,0,0,0,0,448,447
104831,636,0,0,0,0,0,0,0,0,0,1,1,1,1,0,0,631,630
104832,401,0,0,0,0,2,0,0,0,0,0,0,0,0,0,0,395,395
104833,617,0,0,0,0,2,0,0,0,0,0,0,0,0,0,0,610,609
104834,553,0,2,0,0,7,0,0,0,0,1,1,1,1,0,0,540,539
104835,607,0,0,0,0,1,0,4,0,0,0,0,0,0,0,0,602,601
104836,390,0,0,0,0,2,0,0,0,0,0,0,0,0,0,0,384,384
104837,400,0,0,0,0,0,0,0,0,0,2,2,2,2,0,0,395,394
104838,361,0,1,0,0,0,0,0,0,0,0,0,0,0,0,0,355,354
104839,431,0,0,0,0,0,0,0,0,0,0,0,0,0,0,0,426,425
104840,709,0,0,0,0,0,0,0,0,0,2,2,2,2,0,0,704,703
104841,463,0,0,0,0,0,0,0,0,0,2,2,2,2,0,0,458,457
104842,701,0,0,0,0,3,0,0,0,0,1,1,1,1,0,0,693,692
104843,571,0,0,0,0,0,0,0,0,0,2,2,2,2,0,0,566,565
104844,478,0,0,0,0,0,0,6,0,0,0,0,0,0,0,0,473,472
104845,876,0,0,0,0,19,0,0,0,0,2,2,2,2,0,0,853,852
104846,339,0,0,0,0,0,0,0,0,0,0,0,0,0,0,0,334,333
104847,479,0,0,0,0,1,0,0,0,0,0,0,0,0,0,0,474,473
104848,351,0,0,0,0,0,0,0,0,0,0,0,0,0,0,0,346,345
104849,304,0,0,0,0,2,0,0,0,0,0,0,0,0,0,0,298,297
104850,373,0,0,0,0,1,0,0,0,0,0,0,0,0,0,0,368,367
104851,368,0,0,0,0,1,0,6,0,0,0,0,0,0,0,0,363,362
104852,434,0,0,0,0,1,0,0,0,0,0,0,0,0,0,0,429,428
104853,543,0,0,0,0,0,0,0,0,0,2,2,2,2,0,0,538,537
104854,361,0,0,0,0,0,0,0,0,0,0,0,0,0,0,0,356,355
104855,283,0,0,0,0,1,0,0,0,0,0,0,0,0,0,0,278,277
104856,378,0,0,0,0,2,0,0,0,0,0,0,0,0,0,0,372,371
104857,441,0,0,0,0,0,0,0,0,0,0,0,0,0,0,0,436,435
104858,453,0,0,0,0,1,0,0,0,0,0,0,0,0,0,0,448,447
104859,336,0,1,0,0,21,0,0,0,0,0,0,0,0,0,0,309,308
104860,325,0,0,0,0,0,0,0,0,0,1,1,1,1,0,0,320,319
104861,545,0,0,0,0,1,0,0,0,0,1,1,1,1,0,0,539,538
104862,627,0,0,0,0,2,0,0,0,0,1,1,1,1,0,0,620,619
104863,389,0,0,0,0,1,0,0,0,0,1,1,1,1,0,0,384,383
104864,679,0,0,0,0,0,0,0,0,0,1,1,1,1,0,0,674,673
104865,345,0,0,0,0,0,0,0,0,0,1,1,1,1,0,0,340,339
104866,371,0,0,0,0,1,0,0,0,0,0,0,0,0,0,0,366,365
104867,215,0,0,0,0,2,0,0,0,0,0,0,0,0,0,0,209,209
104868,565,0,0,0,0,1,0,0,0,0,0,0,0,0,0,0,559,558
104869,406,0,0,0,0,1,0,0,0,0,0,0,0,0,0,0,401,400
104870,627,0,0,0,0,3,0,0,0,0,1,1,1,1,0,0,619,618
104871,454,0,0,0,0,0,0,0,0,0,1,1,1,1,0,0,449,448
104872,473,0,1,0,0,2,0,0,0,0,0,0,0,0,0,0,466,465
104873,398,0,0,0,0,1,0,0,0,0,0,0,0,0,0,0,393,392
104874,364,0,0,0,0,0,0,0,0,0,0,0,0,0,0,0,359,358
104875,393,0,0,0,0,2,0,0,0,0,0,0,0,0,0,0,387,386
104876,612,0,2,0,0,1,0,0,0,0,0,0,0,0,0,0,605,604
104877,394,0,0,0,0,0,0,0,0,0,0,0,0,0,0,0,389,388
104878,243,0,0,0,0,1,0,0,0,0,0,0,0,0,0,0,238,237
104879,365,0,1,0,0,1,0,0,0,0,0,0,0,0,0,0,359,358
104880,560,0,0,0,0,0,0,0,0,0,0,0,0,0,0,0,555,554
104881,328,0,0,0,0,1,0,2,0,0,0,0,0,0,0,0,323,322
104882,500,0,0,0,0,1,0,0,0,0,2,2,2,2,0,0,495,494
104883,338,0,0,0,0,2,0,0,0,0,0,0,0,0,0,0,332,332
104884,708,0,0,0,0,0,0,0,0,0,2,2,2,2,0,0,703,702
104885,300,0,0,0,0,2,0,0,0,0,0,0,0,0,0,0,294,294
104886,395,0,0,0,0,0,0,0,0,0,0,0,0,0,0,0,390,389
104887,395,0,0,0,0,1,0,0,0,0,0,0,0,0,0,0,390,389
104888,290,0,1,0,0,1,0,0,0,0,0,0,0,0,0,0,284,283
104889,391,0,0,0,0,0,0,0,0,0,0,0,0,0,0,0,386,385
104890,522,0,0,0,0,2,0,0,0,0,0,0,0,0,0,0,516,515
104891,593,0,0,0,0,0,0,0,0,0,1,1,1,1,0,0,588,587
104892,619,0,0,0,0,0,0,0,0,0,1,1,1,1,0,0,614,613
104893,546,0,0,0,0,0,0,0,0,0,2,2,2,2,0,0,541,540
104894,440,0,0,0,0,0,0,0,0,0,0,0,0,0,0,0,435,434
104895,454,0,0,0,0,1,0,0,0,0,36,36,36,36,0,0,448,447
104896,431,0,0,0,0,0,0,0,0,0,0,0,0,0,0,0,426,425
104897,427,0,0,0,0,1,0,0,0,0,0,0,0,0,0,0,422,421
104899,279,0,1,0,0,0,0,0,0,0,0,0,0,0,0,0,273,272
104900,416,0,0,0,0,1,0,0,0,0,1,1,1,1,0,0,411,410
104901,371,0,0,0,0,1,0,0,0,0,1,1,1,1,0,0,366,365
104902,529,0,0,0,0,0,0,4,0,0,0,0,0,0,0,0,524,523
104903,329,0,0,0,0,0,0,0,0,0,1,1,1,1,0,0,324,323
104904,693,0,1,0,0,1,0,0,0,0,0,0,0,0,0,0,687,686
104905,409,0,0,0,0,0,0,0,0,0,0,0,0,0,0,0,404,403
104906,515,0,0,0,0,1,0,0,0,0,0,0,0,0,0,0,509,508
104907,637,0,0,0,0,0,0,0,0,0,1,1,1,1,0,0,632,631
104908,301,0,0,0,0,1,0,0,0,0,0,0,0,0,0,0,296,295
104909,372,0,0,0,0,0,0,0,0,0,0,0,0,0,0,0,367,366
104910,467,0,0,0,0,0,0,0,0,0,0,0,0,0,0,0,462,461
104911,324,0,0,0,0,1,0,0,0,0,0,0,0,0,0,0,319,318
104912,418,0,3,0,0,1,0,0,0,0,0,0,0,0,0,0,410,409
104913,363,0,1,0,0,1,0,0,0,0,0,0,0,0,0,0,357,356
104914,310,0,0,0,0,2,0,0,0,0,0,0,0,0,0,0,304,304
104915,552,0,0,0,0,0,0,0,0,0,0,0,0,0,0,0,547,546
104916,432,0,1,0,0,0,0,0,0,0,0,0,0,0,0,0,426,425
104917,508,0,0,0,0,1,0,0,0,0,0,0,0,0,0,0,503,502
104918,300,0,1,0,0,1,0,0,0,0,0,0,0,0,0,0,294,293
104919,477,0,0,0,0,0,0,0,0,0,0,0,0,0,0,0,472,471
104920,378,0,0,0,0,0,0,0,0,0,2,2,2,2,0,0,373,372
104921,476,0,3,0,0,0,0,0,0,0,0,0,0,0,0,0,468,467
104922,269,0,0,0,0,3,0,0,0,0,0,0,0,0,0,0,261,260
104923,460,0,0,0,0,1,0,0,0,0,0,0,0,0,0,0,455,454
104924,358,0,0,0,0,2,0,0,0,0,5,5,5,5,0,0,351,350
104925,526,0,0,0,0,0,0,0,0,0,1,1,1,1,0,0,521,520
104926,469,0,0,0,0,0,0,0,0,0,0,0,0,0,0,0,464,463
104927,436,0,0,0,0,1,0,0,0,0,0,0,0,0,0,0,431,430
104928,38,0,0,0,0,2,0,0,0,0,0,0,0,0,0,0,32,32
104929,459,0,0,0,0,1,0,0,0,0,0,0,0,0,0,0,454,453
104930,432,0,0,0,0,0,0,0,0,0,1,1,1,1,0,0,427,426
104931,438,0,0,0,0,0,0,0,0,0,0,0,0,0,0,0,433,432
104932,358,0,0,0,0,1,0,0,0,0,1,1,1,1,0,0,353,352
104933,502,0,0,0,0,3,0,0,0,0,2,2,2,2,0,0,494,493
104934,550,0,0,0,0,1,0,0,0,0,0,0,0,0,0,0,545,544
104935,606,0,0,0,0,2,0,0,0,0,1,1,1,1,0,0,599,598
104936,472,0,0,0,0,0,0,0,0,0,0,0,0,0,0,0,467,466
104937,431,0,0,0,0,1,0,0,0,0,0,0,0,0,0,0,426,425
104938,416,0,0,0,0,1,0,0,0,0,0,0,0,0,0,0,410,409
104939,565,0,0,0,0,1,0,0,0,0,1,1,1,1,0,0,559,558
104940,273,0,0,0,0,1,0,0,0,0,0,0,0,0,0,0,268,267
104941,436,0,0,0,0,2,0,0,0,0,0,0,0,0,0,0,430,429
104942,408,0,0,0,0,0,0,0,0,0,0,0,0,0,0,0,403,402
104943,35,0,0,0,0,2,0,0,0,0,0,0,0,0,0,0,29,29
104944,349,0,2,0,0,1,0,0,0,0,0,0,0,0,0,0,342,341
104945,888,0,0,0,0,1,0,0,0,0,0,0,0,0,0,0,882,881
104946,354,0,0,0,0,0,0,0,0,0,0,0,0,0,0,0,349,348
104947,426,0,0,0,0,1,0,0,0,0,0,0,0,0,0,0,421,420
104948,659,0,0,0,0,0,0,0,0,0,0,0,0,0,0,0,654,653
104949,459,0,0,0,0,0,0,0,0,0,1,1,1,1,0,0,454,453
104950,400,0,0,0,0,1,0,0,0,0,0,0,0,0,0,0,395,394
104951,355,0,1,0,0,0,0,0,0,0,0,0,0,0,0,0,349,348
104952,286,0,0,0,0,2,0,0,0,0,0,0,0,0,0,0,280,280
104953,395,0,1,0,0,3,0,0,0,0,1,1,1,1,0,0,387,386
104954,453,0,0,0,0,1,0,0,0,0,0,0,0,0,0,0,448,447
104955,494,0,0,0,0,0,0,0,0,0,0,0,0,0,0,0,489,488
104956,600,0,0,0,0,2,0,0,0,0,0,0,0,0,0,0,593,592
104957,395,0,1,0,0,2,0,0,0,0,0,0,0,0,0,0,388,387
104958,715,0,0,0,0,0,0,0,0,0,37,37,37,37,0,0,710,709
104959,523,0,0,0,0,0,0,0,0,0,1,1,1,1,0,0,518,517
104960,260,0,0,0,0,0,0,0,0,0,0,0,0,0,0,0,255,254
104961,351,0,0,0,0,1,0,0,0,0,0,0,0,0,0,0,346,345
104962,658,0,0,0,0,0,0,0,0,0,2,2,2,2,0,0,653,652
104963,710,0,0,0,0,4,0,0,0,0,0,0,0,0,0,0,702,701
104964,334,0,0,0,0,1,0,0,0,0,1,1,1,1,0,0,329,328
104965,459,0,0,0,0,4,0,0,0,0,2,2,2,2,0,0,451,450
104966,435,0,0,0,0,1,0,0,0,0,2,2,2,2,0,0,430,429
104967,863,0,0,0,0,3,0,0,0,0,0,0,0,0,0,0,855,854
104968,558,0,0,0,0,3,0,0,0,0,1,1,1,1,0,0,550,549
104969,546,0,6,0,0,1,0,0,0,0,0,0,0,0,0,0,535,534
104970,492,0,0,0,0,1,0,0,0,0,0,0,0,0,0,0,487,486
104971,571,0,0,0,0,2,0,0,0,0,0,0,0,0,0,0,564,563
104972,416,0,0,0,0,2,0,0,0,0,0,0,0,0,0,0,410,409
104973,452,0,0,0,0,0,0,0,0,0,0,0,0,0,0,0,447,446
104974,322,0,0,0,0,2,0,0,0,0,0,0,0,0,0,0,316,316
104975,33,0,0,0,0,2,0,0,0,0,0,0,0,0,0,0,27,27
104976,510,0,0,0,0,0,0,0,0,0,0,0,0,0,0,0,505,504
104977,623,0,4,0,0,2,0,0,0,0,0,0,0,0,0,0,613,612
104978,424,0,0,0,0,4,0,0,0,0,0,0,0,0,0,0,416,415
104979,439,0,0,0,0,0,0,0,0,0,2,2,2,2,0,0,434,433
104980,603,0,0,0,0,0,0,0,0,0,1,1,1,1,0,0,598,597
104981,420,0,0,0,0,0,0,0,0,0,0,0,0,0,0,0,415,414
104982,332,0,0,0,0,2,0,0,0,0,1,1,1,1,0,0,326,326
104983,411,0,0,0,0,2,0,0,0,0,0,0,0,0,0,0,405,404
104984,364,0,0,0,0,1,0,0,0,0,1,1,1,1,0,0,358,357
104985,380,0,0,0,0,1,0,0,0,0,0,0,0,0,0,0,375,374
104986,469,0,0,0,0,0,0,6,0,0,1,1,1,1,0,0,464,463
104987,441,0,0,0,0,1,0,0,0,0,0,0,0,0,0,0,436,435
104988,494,0,0,0,0,0,0,0,0,0,0,0,0,0,0,0,489,488
104989,392,0,0,0,0,1,0,0,0,0,0,0,0,0,0,0,387,386
104990,495,0,0,0,0,1,0,0,0,0,0,0,0,0,0,0,490,489
104991,379,0,0,0,0,2,0,4,0,0,1,1,1,1,0,0,373,372
104992,425,0,0,0,0,1,0,0,0,0,0,0,0,0,0,0,420,419
104993,389,0,0,0,0,1,0,0,0,0,26,26,26,26,0,0,383,382
104994,371,0,1,0,0,0,0,0,0,0,1,1,1,1,0,0,365,364
104995,670,0,0,0,0,0,0,0,0,0,1,1,1,1,0,0,665,664
104996,345,0,0,0,0,1,0,0,0,0,0,0,0,0,0,0,340,339
104997,441,0,1,0,0,2,0,0,0,0,0,0,0,0,0,0,434,434
104998,399,0,2,0,0,4,0,0,0,0,0,0,0,0,0,0,389,388
104999,552,0,0,0,0,4,0,0,0,0,1,1,1,1,0,0,544,543
105000,513,0,0,0,0,0,0,0,0,0,0,0,0,0,0,0,508,507
105001,379,0,0,0,0,2,0,0,0,0,0,0,0,0,0,0,373,373
105002,755,0,0,0,0,0,0,0,0,0,2,2,2,2,0,0,750,749
105003,437,0,0,0,0,1,0,0,0,0,0,0,0,0,0,0,432,431
105004,474,0,0,0,0,2,0,0,0,0,1,1,1,1,0,0,467,466
105005,605,0,0,0,0,5,0,0,0,0,0,0,0,0,0,0,595,594
105006,397,0,0,0,0,1,0,0,0,0,0,0,0,0,0,0,392,391
105007,689,0,0,0,0,0,0,0,0,0,1,1,1,1,0,0,684,683
105008,464,0,0,0,0,1,0,2,0,0,0,0,0,0,0,0,459,458
105009,401,0,0,0,0,0,0,0,0,0,0,0,0,0,0,0,396,395
105010,393,0,0,0,0,2,0,0,0,0,0,0,0,0,0,0,387,386
105011,465,0,0,0,0,0,0,0,0,0,0,0,0,0,0,0,460,459
105012,607,0,1,0,0,0,0,0,0,0,1,1,1,1,0,0,601,600
105013,425,0,0,0,0,6,0,0,0,0,0,0,0,0,0,0,415,415
105014,266,0,0,0,0,2,0,0,0,0,0,0,0,0,0,0,260,260
105015,550,0,0,0,0,0,0,0,0,0,0,0,0,0,0,0,545,544
105016,370,0,0,0,0,2,0,0,0,0,0,0,0,0,0,0,364,363
105017,415,0,0,0,0,1,0,0,0,0,0,0,0,0,0,0,410,409
105018,530,0,0,0,0,3,0,0,0,0,0,0,0,0,0,0,523,522
105019,313,0,0,0,0,4,0,0,0,0,0,0,0,0,0,0,304,303
105020,449,0,0,0,0,29,0,0,0,0,0,0,0,0,0,0,415,414
105021,426,0,0,0,0,2,0,0,0,0,0,0,0,0,0,0,419,418
105022,375,0,1,0,0,0,0,0,0,0,0,0,0,0,0,0,369,368
105023,509,0,0,0,0,0,0,0,0,0,1,1,1,1,0,0,504,503
105024,467,0,1,0,0,6,0,0,0,0,0,0,0,0,0,0,455,454
105025,345,0,0,0,0,1,0,0,0,0,0,0,0,0,0,0,340,339
105026,99,0,0,0,0,2,0,0,0,0,0,0,0,0,0,0,93,93
105027,254,0,0,0,0,2,0,0,0,0,0,0,0,0,0,0,248,248
105028,483,0,0,0,0,0,0,0,0,0,1,1,1,1,0,0,478,477
105029,535,0,0,0,0,2,0,0,0,0,1,1,1,1,0,0,528,527
105030,302,0,0,0,0,2,0,0,0,0,0,0,0,0,0,0,296,296
105031,432,0,0,0,0,0,0,0,0,0,0,0,0,0,0,0,427,426
105032,515,0,0,0,0,0,0,0,0,0,0,0,0,0,0,0,510,509
105033,50,0,0,0,0,2,0,0,0,0,0,0,0,0,0,0,44,44
105034,787,0,0,0,0,6,0,0,0,0,2,2,2,2,0,0,776,775
105035,358,0,0,0,0,2,0,0,0,0,0,0,0,0,0,0,352,352
105036,377,0,0,0,0,0,0,0,0,0,0,0,0,0,0,0,372,371
105037,301,0,0,0,0,1,0,0,0,0,0,0,0,0,0,0,295,294
105038,375,0,0,0,0,1,0,0,0,0,0,0,0,0,0,0,370,369
105039,491,0,1,0,0,0,0,6,0,0,1,1,1,1,0,0,485,484
105040,372,0,0,0,0,1,0,0,0,0,0,0,0,0,0,0,367,366
105041,658,0,0,0,0,2,0,0,0,0,0,0,0,0,0,0,652,651
105042,464,0,0,0,0,1,0,0,0,0,0,0,0,0,0,0,459,458
105043,547,0,0,0,0,0,0,0,0,0,2,2,2,2,0,0,542,541
105044,257,0,0,0,0,0,0,0,0,0,0,0,0,0,0,0,252,251
105045,714,0,0,0,0,0,0,9,0,0,0,0,0,0,0,0,709,708
105046,414,0,0,0,0,1,0,0,0,0,1,1,1,1,0,0,409,408
105047,362,0,0,0,0,0,0,0,0,0,0,0,0,0,0,0,357,356
105048,316,0,0,0,0,2,0,0,0,0,0,0,0,0,0,0,310,309
105049,503,0,0,0,0,0,0,0,0,0,1,1,1,1,0,0,498,497
105050,378,0,0,0,0,1,0,0,0,0,0,0,0,0,0,0,373,372
105051,824,0,0,0,0,7,0,0,0,0,0,0,0,0,0,0,812,811
105052,397,0,3,0,0,0,0,0,0,0,0,0,0,0,0,0,389,388
105053,373,0,0,0,0,0,0,0,0,0,0,0,0,0,0,0,368,367
105054,420,0,0,0,0,1,0,0,0,0,0,0,0,0,0,0,415,414
105055,582,0,0,0,0,0,0,0,0,0,0,0,0,0,0,0,577,576
105056,536,0,0,0,0,0,0,0,0,0,0,0,0,0,0,0,531,530
105057,431,0,0,0,0,1,0,0,0,0,0,0,0,0,0,0,426,425
105058,491,0,0,0,0,0,0,0,0,0,3,3,3,3,0,0,486,485
105059,446,0,1,0,0,1,0,0,0,0,1,1,1,1,0,0,440,439
105060,402,0,1,0,0,4,0,0,0,0,0,0,0,0,0,0,393,392
105061,305,0,0,0,0,1,0,0,0,0,0,0,0,0,0,0,300,299
105062,618,0,0,0,0,0,0,0,0,0,0,0,0,0,0,0,613,612
105063,356,0,0,0,0,1,0,0,0,0,0,0,0,0,0,0,351,350
105064,402,0,0,0,0,0,0,0,0,0,2,2,2,2,0,0,397,396
105065,438,0,0,0,0,1,0,0,0,0,0,0,0,0,0,0,433,432
105066,332,0,0,0,0,0,0,0,0,0,2,2,2,2,0,0,327,326
105067,416,0,0,0,0,0,0,0,0,0,1,1,1,1,0,0,411,410
105068,423,0,0,0,0,0,0,0,0,0,1,1,1,1,0,0,418,417
105069,519,0,0,0,0,1,0,0,0,0,0,0,0,0,0,0,514,513
105070,361,0,0,0,0,1,0,0,0,0,0,0,0,0,0,0,355,354
105071,414,0,1,0,0,2,0,0,0,0,0,0,0,0,0,0,407,407
105072,448,0,0,0,0,5,0,0,0,0,0,0,0,0,0,0,439,438
105073,328,0,0,0,0,7,0,0,0,0,0,0,0,0,0,0,317,316
105074,694,0,0,0,0,1,0,0,0,0,0,0,0,0,0,0,689,688
105075,537,0,0,0,0,1,0,0,0,0,0,0,0,0,0,0,531,530
105076,390,0,0,0,0,1,0,0,0,0,0,0,0,0,0,0,385,384
105077,692,0,0,0,0,1,0,0,0,0,0,0,0,0,0,0,687,686
105078,335,0,0,0,0,1,0,0,0,0,0,0,0,0,0,0,330,329
105079,60,0,0,0,0,2,0,0,0,0,0,0,0,0,0,0,54,54
105080,485,0,0,0,0,0,0,0,0,0,0,0,0,0,0,0,480,479
105081,319,0,0,0,0,0,0,0,0,0,0,0,0,0,0,0,314,313
105082,413,0,0,0,0,0,0,0,0,0,0,0,0,0,0,0,408,407
105083,308,0,0,0,0,1,0,0,0,0,0,0,0,0,0,0,303,302
105084,352,0,0,0,0,2,0,0,0,0,0,0,0,0,0,0,346,346
105085,634,0,0,0,0,16,0,0,0,0,1,1,1,1,0,0,613,612
105086,321,0,0,0,0,2,0,0,0,0,0,0,0,0,0,0,315,315
105087,352,0,0,0,0,1,0,0,0,0,1,1,1,1,0,0,347,346
105088,463,0,0,0,0,0,0,0,0,0,0,0,0,0,0,0,458,457
105089,252,0,0,0,0,2,0,0,0,0,0,0,0,0,0,0,246,246
105090,435,0,0,0,0,1,0,0,0,0,0,0,0,0,0,0,430,429
105091,382,0,0,0,0,0,0,0,0,0,2,2,2,2,0,0,377,376
105092,809,0,0,0,0,1,0,0,0,0,1,1,1,1,0,0,803,802
105093,533,0,0,0,0,0,0,0,0,0,1,1,1,1,0,0,528,527
105094,366,0,0,0,0,1,0,0,0,0,0,0,0,0,0,0,361,360
105095,348,0,0,0,0,1,0,0,0,0,0,0,0,0,0,0,343,342
105096,435,0,1,0,0,1,0,0,0,0,0,0,0,0,0,0,429,428
105097,458,0,0,0,0,0,0,0,0,0,0,0,0,0,0,0,453,452
105098,572,0,0,0,0,0,0,0,0,0,1,1,1,1,0,0,567,566
105099,320,0,1,0,0,2,0,0,0,0,0,0,0,0,0,0,314,313
105100,476,0,0,0,0,4,0,0,0,0,4,4,4,4,0,0,467,466
105101,529,0,0,0,0,3,0,0,0,0,0,0,0,0,0,0,521,520
105102,593,0,0,0,0,0,0,0,0,0,1,1,1,1,0,0,588,587
105103,538,0,0,0,0,0,0,6,0,0,0,0,0,0,0,0,533,532
105104,458,0,0,0,0,0,0,0,0,0,0,0,0,0,0,0,453,452
105105,433,0,1,0,0,6,0,0,0,0,0,0,0,0,0,0,422,421
105106,438,0,0,0,0,1,0,0,0,0,0,0,0,0,0,0,433,432
105107,661,0,0,0,0,0,0,0,0,0,0,0,0,0,0,0,656,655
105109,452,0,0,0,0,5,0,0,0,0,0,0,0,0,0,0,443,442
105110,390,0,0,0,0,1,0,0,0,0,0,0,0,0,0,0,385,384
105112,448,0,0,0,0,0,0,0,0,0,2,2,2,2,0,0,443,442
105113,615,0,0,0,0,0,0,0,0,0,3,3,3,3,0,0,610,609
105114,485,0,0,0,0,0,0,0,0,0,2,2,2,2,0,0,480,479
105115,373,0,0,0,0,0,0,0,0,0,0,0,0,0,0,0,368,367
105116,499,0,0,0,0,1,0,0,0,0,0,0,0,0,0,0,494,493
105117,551,0,0,0,0,0,0,1,0,0,1,1,1,1,0,0,546,545
105118,514,0,0,0,0,3,0,0,0,0,0,0,0,0,0,0,506,505
105119,328,0,0,0,0,1,0,0,0,0,0,0,0,0,0,0,323,322
105120,606,0,0,0,0,2,0,0,0,0,2,2,2,2,0,0,599,598
105121,293,0,0,0,0,0,0,0,0,0,0,0,0,0,0,0,288,287
105122,503,0,0,0,0,0,0,0,0,0,0,0,0,0,0,0,498,497
105123,455,0,0,0,0,1,0,0,0,0,0,0,0,0,0,0,449,448
105124,514,0,1,0,0,0,0,0,0,0,2,2,2,2,0,0,508,507
105125,368,0,0,0,0,1,0,0,0,0,0,0,0,0,0,0,363,362
105126,456,0,0,0,0,1,0,0,0,0,0,0,0,0,0,0,451,450
105127,323,0,0,0,0,0,0,0,0,0,0,0,0,0,0,0,318,317
105128,488,0,2,0,0,1,0,0,0,0,1,1,1,1,0,0,481,480
105129,521,0,0,0,0,8,0,0,0,0,0,0,0,0,0,0,508,507
105130,361,0,0,0,0,2,0,0,0,0,0,0,0,0,0,0,355,355
105131,576,0,0,0,0,1,0,0,0,0,1,1,1,1,0,0,570,569
105132,522,0,0,0,0,0,0,0,0,0,0,0,0,0,0,0,517,516
105133,398,0,1,0,0,1,0,0,0,0,0,0,0,0,0,0,392,391
105134,413,0,0,0,0,1,0,0,0,0,0,0,0,0,0,0,408,407
105135,39,0,0,0,0,2,0,0,0,0,0,0,0,0,0,0,33,33
105136,361,0,0,0,0,1,0,0,0,0,0,0,0,0,0,0,356,355
105137,276,0,0,0,0,1,0,0,0,0,0,0,0,0,0,0,271,270
105138,553,0,0,0,0,0,0,0,0,0,1,1,1,1,0,0,548,547
105140,440,0,0,0,0,0,0,0,0,0,2,2,2,2,0,0,435,434
105141,386,0,0,0,0,7,0,0,0,0,0,0,0,0,0,0,375,374
105142,530,0,0,0,0,0,0,0,0,0,3,3,3,3,0,0,525,524
105143,706,0,0,0,0,3,0,0,0,0,0,0,0,0,0,0,699,698
105144,407,0,0,0,0,1,0,0,0,0,0,0,0,0,0,0,402,401
105145,603,0,0,0,0,0,0,0,0,0,1,1,1,1,0,0,598,597
105146,521,0,0,0,0,0,0,0,0,0,28,28,28,28,0,0,516,515
105147,732,0,0,0,0,1,0,0,0,0,0,0,0,0,0,0,727,726
105149,381,0,0,0,0,0,0,0,0,0,0,0,0,0,0,0,376,375
105150,486,0,0,0,0,20,0,0,0,0,0,0,0,0,0,0,462,461
105151,427,0,0,0,0,0,0,0,0,0,0,0,0,0,0,0,422,421
105152,553,0,0,0,0,0,0,0,0,0,2,2,2,2,0,0,548,547
105153,514,0,0,0,0,0,0,0,0,0,1,1,1,1,0,0,509,508
105154,345,0,0,0,0,1,0,0,0,0,0,0,0,0,0,0,340,339
105155,481,0,0,0,0,1,0,0,0,0,0,0,0,0,0,0,476,475
105156,368,0,0,0,0,1,0,0,0,0,0,0,0,0,0,0,363,362
105157,506,0,0,0,0,1,0,0,0,0,0,0,0,0,0,0,501,500
105158,372,0,0,0,0,2,0,0,0,0,0,0,0,0,0,0,366,365
105159,455,0,0,0,0,1,0,0,0,0,19,19,19,19,0,0,450,449
105161,257,0,0,0,0,2,0,0,0,0,0,0,0,0,0,0,251,251
105162,368,0,0,0,0,2,0,0,0,0,0,0,0,0,0,0,362,362
105163,320,0,0,0,0,2,0,0,0,0,0,0,0,0,0,0,314,314
105164,477,0,0,0,0,0,0,0,0,0,0,0,0,0,0,0,472,471
105165,458,0,0,0,0,0,0,0,0,0,1,1,1,1,0,0,453,452
105166,708,0,0,0,0,0,0,0,0,0,1,1,1,1,0,0,703,702
105167,537,0,0,0,0,1,0,0,0,0,0,0,0,0,0,0,532,531
105168,365,0,0,0,0,1,0,0,0,0,0,0,0,0,0,0,360,359
105169,410,0,0,0,0,1,0,0,0,0,0,0,0,0,0,0,405,404
105170,356,0,0,0,0,1,0,0,0,0,0,0,0,0,0,0,351,350
105171,358,0,0,0,0,0,0,0,0,0,0,0,0,0,0,0,353,352
105172,352,0,0,0,0,1,0,0,0,0,0,0,0,0,0,0,347,346
105173,347,0,0,0,0,0,0,0,0,0,0,0,0,0,0,0,342,341
105174,502,0,0,0,0,0,0,0,0,0,0,0,0,0,0,0,497,496
105175,496,0,0,0,0,0,0,0,0,0,2,2,2,2,0,0,491,490
105176,543,0,0,0,0,0,0,0,0,0,0,0,0,0,0,0,538,537
105177,295,0,2,0,0,3,0,0,0,0,0,0,0,0,0,0,286,285
105178,495,0,0,0,0,0,0,0,0,0,0,0,0,0,0,0,490,489
105179,565,0,0,0,0,1,0,0,0,0,0,0,0,0,0,0,560,559
105180,356,0,0,0,0,1,0,0,0,0,0,0,0,0,0,0,351,350
105181,425,0,0,0,0,1,0,0,0,0,0,0,0,0,0,0,420,419
105182,517,0,0,0,0,0,0,0,0,0,0,0,0,0,0,0,512,511
105183,455,0,0,0,0,0,0,0,0,0,2,2,2,2,0,0,450,449
105184,391,0,0,0,0,1,0,0,0,0,0,0,0,0,0,0,386,385
105185,596,0,0,0,0,0,0,0,0,0,1,1,1,1,0,0,591,590
105186,472,0,0,0,0,1,0,0,0,0,1,2,1,2,0,0,467,466
105187,579,0,0,0,0,1,0,0,0,0,2,2,2,2,0,0,574,573
105188,535,0,0,0,0,0,0,0,0,0,0,0,0,0,0,0,530,529
105189,501,0,0,0,0,0,0,0,0,0,1,1,1,1,0,0,496,495
105190,457,0,0,0,0,6,0,0,0,0,2,3,2,3,0,0,446,445
105191,387,0,0,0,0,1,0,0,0,0,0,0,0,0,0,0,382,381
105192,597,0,0,0,0,0,0,0,0,0,1,1,1,1,0,0,592,591
105193,320,0,0,0,0,1,0,0,0,0,0,0,0,0,0,0,315,314
105194,243,0,0,0,0,2,0,0,0,0,0,0,0,0,0,0,237,237
105195,583,0,0,0,0,0,0,0,0,0,13,13,13,13,0,0,578,577
105196,491,0,0,0,0,1,0,0,0,0,12,12,12,12,0,0,486,485
105197,484,0,0,0,0,0,0,0,0,0,0,0,0,0,0,0,479,478
105198,387,0,0,0,0,0,0,0,0,0,0,0,0,0,0,0,382,381
105199,643,0,0,0,0,0,0,0,0,0,2,2,2,2,0,0,638,637
105200,560,0,0,0,0,0,0,0,0,0,0,0,0,0,0,0,555,554
105202,477,0,0,0,0,0,0,0,0,0,0,0,0,0,0,0,472,471
105203,410,0,0,0,0,1,0,0,0,0,0,0,0,0,0,0,405,404
105204,551,0,1,0,0,0,0,0,0,0,0,0,0,0,0,0,545,544
105205,620,0,0,0,0,0,0,0,0,0,1,1,1,1,0,0,615,614
105206,357,0,0,0,0,1,0,0,0,0,0,0,0,0,0,0,352,351
105207,1020,0,0,0,0,0,0,0,0,0,0,0,0,0,0,0,1015,1014
105208,440,0,0,0,0,0,0,0,0,0,1,1,1,1,0,0,435,434
105209,360,0,0,0,0,1,0,0,0,0,0,0,0,0,0,0,355,354
105210,388,0,0,0,0,1,0,0,0,0,0,0,0,0,0,0,383,382
105211,508,0,0,0,0,1,0,0,0,0,5,5,5,5,0,0,503,502
105212,475,0,0,0,0,0,0,0,0,0,0,0,0,0,0,0,470,469
105213,441,0,0,0,0,0,0,0,0,0,2,2,2,2,0,0,436,435
105214,386,0,0,0,0,1,0,0,0,0,0,0,0,0,0,0,380,379
105215,596,0,0,0,0,1,0,0,0,0,0,0,0,0,0,0,591,590
105216,390,0,0,0,0,1,0,0,0,0,0,0,0,0,0,0,385,384
105217,532,0,0,0,0,0,0,0,0,0,0,0,0,0,0,0,527,526
105218,376,0,0,0,0,1,0,0,0,0,1,1,1,1,0,0,371,370
105219,459,0,1,0,0,0,0,0,0,0,2,2,2,2,0,0,453,452
105220,316,0,0,0,0,2,0,0,0,0,0,0,0,0,0,0,310,310
105221,461,0,0,0,0,1,0,0,0,0,11,11,11,11,0,0,456,455
105222,624,0,0,0,0,0,0,0,0,0,0,0,0,0,0,0,619,618
105223,372,0,0,0,0,1,0,0,0,0,0,0,0,0,0,0,366,365
105224,579,0,0,0,0,0,0,0,0,0,2,2,2,2,0,0,574,573
105225,562,0,0,0,0,0,0,0,0,0,49,49,49,49,0,0,557,556
105226,368,0,0,0,0,2,0,0,0,0,0,0,0,0,0,0,362,361
105227,487,0,0,0,0,2,0,0,0,0,0,0,0,0,0,0,481,480
105228,406,0,0,0,0,0,0,0,0,0,1,1,1,1,0,0,401,400
105229,415,0,0,0,0,1,0,0,0,0,10,10,10,10,0,0,410,409
105230,404,0,0,0,0,0,0,0,0,0,0,0,0,0,0,0,399,398
105231,419,0,0,0,0,1,0,0,0,0,0,0,0,0,0,0,414,413
105232,563,0,0,0,0,0,0,0,0,0,1,1,1,1,0,0,558,557
105233,516,0,1,0,0,3,0,0,0,0,1,1,1,1,0,0,508,507
105234,407,0,0,0,0,1,0,0,0,0,0,0,0,0,0,0,402,401
105235,499,0,1,0,0,2,0,0,0,0,0,0,0,0,0,0,492,491
105236,459,0,0,0,0,0,0,0,0,0,0,0,0,0,0,0,454,453
105237,314,0,0,0,0,0,0,0,0,0,0,0,0,0,0,0,309,308
105238,423,0,0,0,0,1,0,0,0,0,1,1,1,1,0,0,418,417
105239,532,0,3,0,0,1,0,0,0,0,0,0,0,0,0,0,524,523
105240,494,0,0,0,0,0,0,0,0,0,2,2,2,2,0,0,489,488
105241,551,0,0,0,0,32,0,0,0,0,0,0,0,0,0,0,514,513
105242,332,0,0,0,0,2,0,0,0,0,0,0,0,0,0,0,326,326
105243,490,0,0,0,0,0,0,0,0,0,1,1,1,1,0,0,485,484
105244,337,0,0,0,0,0,0,0,0,0,2,2,2,2,0,0,332,331
105245,506,0,0,0,0,5,0,0,0,0,0,0,0,0,0,0,496,495
105246,305,0,0,0,0,2,0,0,0,0,0,0,0,0,0,0,299,299
105247,454,0,0,0,0,0,0,0,0,0,0,0,0,0,0,0,449,448
105248,338,0,0,0,0,1,0,0,0,0,0,0,0,0,0,0,333,332
105249,601,0,0,0,0,0,0,0,0,0,1,1,1,1,0,0,596,595
105250,551,0,1,0,0,0,0,0,0,0,0,0,0,0,0,0,545,544
105251,459,0,0,0,0,1,0,0,0,0,1,1,1,1,0,0,454,453
105252,799,0,0,0,0,1,0,0,0,0,2,2,2,2,0,0,794,793
105253,417,0,0,0,0,0,0,0,0,0,0,0,0,0,0,0,412,411
105254,382,0,0,0,0,0,0,0,0,0,0,0,0,0,0,0,377,376
105255,357,0,0,0,0,2,0,0,0,0,0,0,0,0,0,0,351,351
105256,399,0,0,0,0,1,0,0,0,0,0,0,0,0,0,0,394,393
105257,407,0,0,0,0,0,0,0,0,0,1,1,1,1,0,0,402,401
105258,421,0,0,0,0,0,0,0,0,0,0,0,0,0,0,0,416,415
105259,375,0,0,0,0,1,0,0,0,0,0,0,0,0,0,0,370,369
105260,337,0,0,0,0,6,0,0,0,0,0,0,0,0,0,0,327,326
105261,754,0,0,0,0,0,0,0,0,0,2,2,2,2,0,0,749,748
105262,838,0,2,0,0,8,0,0,0,0,0,0,0,0,0,0,823,822
105263,577,0,0,0,0,0,0,0,0,0,1,1,1,1,0,0,572,571
105264,416,0,0,0,0,1,0,0,0,0,0,0,0,0,0,0,411,410
105265,643,0,0,0,0,0,0,0,0,0,0,0,0,0,0,0,638,637
105266,848,0,2,0,0,1,0,0,0,0,0,0,0,0,0,0,840,839
105267,441,0,2,0,0,1,0,0,0,0,0,0,0,0,0,0,434,433
105268,479,0,0,0,0,1,0,0,0,0,0,0,0,0,0,0,474,473
105269,394,0,0,0,0,1,0,0,0,0,0,0,0,0,0,0,389,388
105270,480,0,0,0,0,2,0,0,0,0,1,1,1,1,0,0,474,473
105271,381,0,0,0,0,2,0,0,0,0,0,0,0,0,0,0,375,374
105272,481,0,2,0,0,1,0,0,0,0,0,0,0,0,0,0,474,473
105273,350,0,0,0,0,0,0,0,0,0,0,0,0,0,0,0,345,344
105274,415,0,0,0,0,1,0,0,0,0,1,1,1,1,0,0,409,408
105275,439,0,0,0,0,0,0,0,0,0,1,1,1,1,0,0,434,433
105276,778,0,0,0,0,1,0,0,0,0,1,1,1,1,0,0,772,771
105277,319,0,1,0,0,1,0,0,0,0,0,0,0,0,0,0,313,312
105278,459,0,3,0,0,1,0,0,0,0,1,1,1,1,0,0,451,450
105279,588,0,0,0,0,1,0,0,0,0,0,0,0,0,0,0,582,581
105280,471,0,0,0,0,0,0,0,0,0,0,0,0,0,0,0,466,465
105281,441,0,0,0,0,0,0,0,0,0,0,0,0,0,0,0,436,435
105282,361,0,0,0,0,0,0,0,0,0,0,0,0,0,0,0,356,355
105283,387,0,2,0,0,1,0,0,0,0,0,0,0,0,0,0,380,379
105284,422,0,0,0,0,4,0,0,0,0,0,0,0,0,0,0,414,413
105285,502,0,1,0,0,2,0,0,0,0,0,0,0,0,0,0,495,494
105286,502,0,0,0,0,0,0,0,0,0,0,0,0,0,0,0,497,496
105287,511,0,0,0,0,0,0,0,0,0,1,1,1,1,0,0,506,505
105288,547,0,0,0,0,0,0,0,0,0,1,1,1,1,0,0,542,541
105289,406,0,0,0,0,0,0,0,0,0,0,0,0,0,0,0,401,400
105290,652,0,0,0,0,0,0,6,0,0,0,0,0,0,0,0,647,646
105291,423,0,0,0,0,0,0,0,0,0,1,1,1,1,0,0,418,417
105292,649,0,0,0,0,0,0,0,0,0,0,0,0,0,0,0,644,643
105293,506,0,0,0,0,0,0,0,0,0,1,1,1,1,0,0,501,500
105294,363,0,0,0,0,0,0,0,0,0,2,2,2,2,0,0,358,357
105295,417,0,0,0,0,1,0,8,0,0,2,2,2,2,0,0,412,411
105296,471,0,0,0,0,0,0,0,0,0,1,1,1,1,0,0,466,465
105297,407,0,0,0,0,1,0,0,0,0,0,0,0,0,0,0,402,401
105298,575,0,0,0,0,0,0,0,0,0,1,1,1,1,0,0,570,569
105299,294,0,0,0,0,1,0,0,0,0,0,0,0,0,0,0,289,288
105300,417,0,0,0,0,0,0,0,0,0,2,2,2,2,0,0,412,411
105301,340,0,0,0,0,1,0,0,0,0,0,0,0,0,0,0,335,334
105302,309,0,0,0,0,1,0,0,0,0,0,0,0,0,0,0,303,302
105303,356,0,1,0,0,3,0,0,0,0,0,0,0,0,0,0,347,346
105304,463,0,0,0,0,0,0,0,0,0,0,0,0,0,0,0,458,457
105305,446,0,2,0,0,2,0,0,0,0,0,0,0,0,0,0,437,436
105306,392,0,0,0,0,1,0,0,0,0,0,0,0,0,0,0,387,386
105307,298,0,0,0,0,1,0,0,0,0,1,1,1,1,0,0,293,292
105308,594,0,0,0,0,0,0,0,0,0,2,2,2,2,0,0,589,588
105309,453,0,0,0,0,1,0,0,0,0,0,0,0,0,0,0,448,447
105310,444,0,0,0,0,0,0,0,0,0,0,0,0,0,0,0,439,438
105311,277,0,0,0,0,4,0,0,0,0,0,0,0,0,0,0,269,268
105312,437,0,0,0,0,0,0,0,0,0,1,1,1,1,0,0,432,431
105313,277,0,1,0,0,1,0,0,0,0,0,0,0,0,0,0,271,270
105315,269,0,0,0,0,0,0,0,0,0,0,0,0,0,0,0,264,263
105316,515,0,0,0,0,0,0,0,0,0,0,0,0,0,0,0,510,509
105317,315,0,0,0,0,2,0,0,0,0,0,0,0,0,0,0,309,308
105318,1042,0,0,0,0,1,0,0,0,0,0,0,0,0,0,0,1037,1036
105319,42,0,0,0,0,2,0,0,0,0,0,0,0,0,0,0,36,36
105320,397,0,1,0,0,0,0,0,0,0,0,0,0,0,0,0,391,390
105321,325,0,0,0,0,1,0,0,0,0,0,0,0,0,0,0,320,319
105322,369,0,0,0,0,0,0,0,0,0,0,0,0,0,0,0,364,363
105323,416,0,1,0,0,0,0,0,0,0,0,0,0,0,0,0,410,409
105324,299,0,0,0,0,2,0,0,0,0,0,0,0,0,0,0,293,293
105325,362,0,0,0,0,2,0,0,0,0,0,0,0,0,0,0,356,356
105326,595,0,0,0,0,0,0,0,0,0,1,1,1,1,0,0,590,589
105327,466,0,0,0,0,0,0,0,0,0,1,1,1,1,0,0,461,460
105328,479,0,1,0,0,1,0,0,0,0,0,0,0,0,0,0,473,472
105329,357,0,0,0,0,1,0,0,0,0,0,0,0,0,0,0,352,351
105330,505,0,0,0,0,0,0,0,0,0,1,1,1,1,0,0,500,499
105331,820,0,0,0,0,0,0,0,0,0,2,2,2,2,0,0,815,814
105332,657,0,0,0,0,0,0,0,0,0,0,0,0,0,0,0,652,651
105333,458,0,0,0,0,0,0,0,0,0,0,0,0,0,0,0,453,452
105334,316,0,0,0,0,2,0,0,0,0,1,1,1,1,0,0,310,310
105335,461,0,0,0,0,1,0,0,0,0,0,0,0,0,0,0,456,455
105336,649,0,0,0,0,0,0,0,0,0,2,2,2,2,0,0,644,643
105337,243,0,0,0,0,0,0,0,0,0,0,0,0,0,0,0,238,237
105338,313,0,0,0,0,3,0,0,0,0,0,0,0,0,0,0,306,306
105339,524,0,0,0,0,1,0,0,0,0,0,0,0,0,0,0,518,517
105340,525,0,0,0,0,0,0,0,0,0,0,0,0,0,0,0,520,519
105341,364,0,0,0,0,0,0,0,0,0,2,2,2,2,0,0,359,358
105342,327,0,0,0,0,1,0,0,0,0,0,0,0,0,0,0,322,321
105343,482,0,1,0,0,1,0,0,0,0,0,0,0,0,0,0,476,475
105344,522,0,1,0,0,1,0,0,0,0,0,0,0,0,0,0,516,515
105345,466,0,0,0,0,1,0,0,0,0,0,0,0,0,0,0,461,460
105346,415,0,0,0,0,1,0,0,0,0,0,0,0,0,0,0,410,409
105347,615,0,0,0,0,1,0,0,0,0,0,0,0,0,0,0,609,608
105348,676,0,0,0,0,3,0,0,0,0,0,0,0,0,0,0,668,667
105349,785,0,0,0,0,1,0,0,0,0,0,0,0,0,0,0,780,779
105350,372,0,0,0,0,1,0,0,0,0,0,0,0,0,0,0,367,366
105351,425,0,0,0,0,0,0,0,0,0,1,1,1,1,0,0,420,419
105352,336,0,0,0,0,0,0,0,0,0,0,0,0,0,0,0,331,330
105353,511,0,0,0,0,1,0,0,0,0,0,0,0,0,0,0,506,505
105354,469,0,0,0,0,3,0,0,0,0,0,0,0,0,0,0,461,460
105355,270,0,0,0,0,2,0,0,0,0,0,0,0,0,0,0,264,264
105356,367,0,1,0,0,0,0,0,0,0,0,0,0,0,0,0,361,360
105357,411,0,0,0,0,1,0,0,0,0,0,0,0,0,0,0,406,405
105358,379,0,1,0,0,0,0,0,0,0,0,0,0,0,0,0,373,372
105359,447,0,0,0,0,1,0,0,0,0,0,0,0,0,0,0,442,441
105360,329,0,0,0,0,1,0,0,0,0,2,2,2,2,0,0,324,323
105361,383,0,0,0,0,0,0,0,0,0,0,0,0,0,0,0,378,377
105362,390,0,0,0,0,1,0,0,0,0,2,2,2,2,0,0,385,384
105363,430,0,0,0,0,0,0,0,0,0,1,1,1,1,0,0,425,424
105364,23,0,0,0,0,2,0,0,0,0,0,0,0,0,0,0,17,17
105365,455,0,0,0,0,0,0,0,0,0,8,8,8,8,0,0,450,449
105366,658,0,0,0,0,0,0,0,0,0,46,46,46,46,0,0,653,652
105367,333,0,0,0,0,6,0,0,0,0,0,0,0,0,0,0,323,323
105368,441,0,0,0,0,1,0,0,0,0,0,0,0,0,0,0,436,435
105369,426,0,0,0,0,0,0,0,0,0,1,1,1,1,0,0,421,420
105370,634,0,0,0,0,0,0,0,0,0,9,9,9,9,0,0,629,628
105371,350,0,0,0,0,1,0,0,0,0,1,1,1,1,0,0,345,344
105372,295,0,0,0,0,2,0,0,0,0,0,0,0,0,0,0,289,289
105373,613,0,0,0,0,0,0,0,0,0,2,2,2,2,0,0,608,607
105374,503,0,0,0,0,0,0,0,0,0,1,1,1,1,0,0,498,497
105375,561,0,0,0,0,0,0,0,0,0,1,1,1,1,0,0,556,555
105376,64,0,1,0,0,2,0,0,0,0,0,0,0,0,0,0,57,57
105377,247,0,0,0,0,0,0,0,0,0,0,0,0,0,0,0,242,241
105378,514,0,0,0,0,0,0,0,0,0,0,0,0,0,0,0,509,508
105379,511,0,2,0,0,0,0,0,0,0,2,2,2,2,0,0,504,503
105380,306,0,0,0,0,2,0,0,0,0,0,0,0,0,0,0,300,300
105381,480,0,0,0,0,0,0,0,0,0,0,0,0,0,0,0,475,474
105382,519,0,0,0,0,1,0,0,0,0,0,0,0,0,0,0,514,513
105383,233,0,0,0,0,0,0,0,0,0,0,0,0,0,0,0,228,227
105384,448,0,0,0,0,4,0,0,0,0,0,0,0,0,0,0,440,439
105385,329,0,0,0,0,2,0,0,0,0,0,0,0,0,0,0,323,323
105386,358,0,0,0,0,1,0,0,0,0,0,0,0,0,0,0,353,352
105387,353,0,0,0,0,1,0,0,0,0,0,0,0,0,0,0,348,347
105388,445,0,0,0,0,0,0,0,0,0,0,0,0,0,0,0,440,439
105390,564,0,0,0,0,0,0,0,0,0,1,1,1,1,0,0,559,558
105391,329,0,0,0,0,0,0,0,0,0,1,1,1,1,0,0,324,323
105392,443,0,0,0,0,0,0,0,0,0,0,0,0,0,0,0,438,437
105393,320,0,0,0,0,1,0,0,0,0,0,0,0,0,0,0,315,314
105394,341,0,0,0,0,1,0,0,0,0,0,0,0,0,0,0,336,335
105395,495,0,0,0,0,1,0,0,0,0,0,0,0,0,0,0,490,489
105396,333,0,0,0,0,1,0,0,0,0,0,0,0,0,0,0,328,327
105397,332,0,0,0,0,2,0,0,0,0,0,0,0,0,0,0,326,326
105398,428,0,0,0,0,0,0,0,0,0,0,0,0,0,0,0,423,422
105399,835,0,1,0,0,1,0,0,0,0,2,2,2,2,0,0,828,827
105400,531,0,0,0,0,1,0,0,0,0,0,0,0,0,0,0,526,525
105401,538,0,1,0,0,0,0,0,0,0,0,0,0,0,0,0,532,531
105402,364,0,1,0,0,1,0,0,0,0,1,1,1,1,0,0,358,357
105403,405,0,0,0,0,1,0,0,0,0,0,0,0,0,0,0,400,399
105404,460,0,1,0,0,0,0,0,0,0,0,0,0,0,0,0,454,453
105405,483,0,0,0,0,3,0,0,0,0,0,0,0,0,0,0,475,474
105406,365,0,0,0,0,0,0,0,0,0,1,1,1,1,0,0,360,359
105407,511,0,0,0,0,3,0,0,0,0,0,0,0,0,0,0,504,503
105408,516,0,1,0,0,4,0,0,0,0,5,5,5,5,0,0,506,505
105409,631,0,0,0,0,0,0,0,0,0,2,2,2,2,0,0,626,625
105410,474,0,0,0,0,2,0,0,0,0,0,0,0,0,0,0,467,466
105411,293,0,3,0,0,1,0,0,0,0,0,0,0,0,0,0,285,284
105412,406,0,0,0,0,2,0,0,0,0,0,0,0,0,0,0,400,399
105413,335,0,0,0,0,1,0,0,0,0,0,0,0,0,0,0,330,329
105414,348,0,0,0,0,0,0,0,0,0,1,1,1,1,0,0,343,342
105415,566,0,0,0,0,0,0,0,0,0,1,1,1,1,0,0,561,560
105416,440,0,0,0,0,0,0,0,0,0,0,0,0,0,0,0,435,434
105417,314,0,0,0,0,1,0,0,0,0,0,0,0,0,0,0,309,308
105418,516,0,1,0,0,0,0,0,0,0,2,2,2,2,0,0,510,509
105419,435,0,0,0,0,0,0,0,0,0,1,1,1,1,0,0,430,429
105420,507,0,2,0,0,0,0,0,0,0,2,2,2,2,0,0,500,499
105421,254,0,0,0,0,1,0,0,0,0,0,0,0,0,0,0,249,248
105422,466,0,0,0,0,1,0,0,0,0,0,0,0,0,0,0,461,460
105423,296,0,0,0,0,2,0,0,0,0,3,3,3,3,0,0,290,290
105424,454,0,0,0,0,1,0,0,0,0,1,1,1,1,0,0,449,448
105425,639,0,1,0,0,0,0,0,0,0,0,0,0,0,0,0,633,632
105426,419,0,0,0,0,1,0,0,0,0,0,0,0,0,0,0,414,413
105427,420,0,0,0,0,1,0,0,0,0,0,0,0,0,0,0,415,414
105428,385,0,0,0,0,0,0,0,0,0,1,1,1,1,0,0,380,379
105429,436,0,1,0,0,1,0,0,0,0,0,0,0,0,0,0,430,429
105430,495,0,0,0,0,5,0,0,0,0,0,0,0,0,0,0,486,485
105431,342,0,0,0,0,0,0,0,0,0,1,1,1,1,0,0,337,336
105432,429,0,0,0,0,1,0,0,0,0,0,0,0,0,0,0,424,423
105433,318,0,0,0,0,4,0,0,0,0,0,0,0,0,0,0,310,310
105434,394,0,0,0,0,2,0,0,0,0,0,0,0,0,0,0,388,387
105435,745,0,4,0,0,0,0,0,0,0,2,3,2,3,0,0,736,735
105436,431,0,1,0,0,1,0,0,0,0,0,0,0,0,0,0,425,424
105437,374,0,0,0,0,0,0,0,0,0,0,0,0,0,0,0,369,368
105438,386,0,1,0,0,1,0,0,0,0,0,0,0,0,0,0,380,379
105440,66,0,0,0,0,2,0,0,0,0,0,0,0,0,0,0,60,60
105441,688,0,0,0,0,1,0,0,0,0,2,2,2,2,0,0,682,681
105442,356,0,0,0,0,0,0,0,0,0,0,0,0,0,0,0,351,350
105443,568,0,0,0,0,0,0,0,0,0,0,0,0,0,0,0,563,562
105444,450,0,0,0,0,0,0,0,0,0,0,0,0,0,0,0,445,444
105445,528,0,0,0,0,1,0,0,0,0,0,0,0,0,0,0,523,522
105446,307,0,0,0,0,3,0,0,0,0,0,0,0,0,0,0,300,300
105447,443,0,0,0,0,0,0,0,0,0,0,0,0,0,0,0,438,437
105448,356,0,0,0,0,2,0,0,0,0,0,0,0,0,0,0,350,350
105449,466,0,0,0,0,1,0,0,0,0,1,1,1,1,0,0,460,459
105450,774,0,0,0,0,0,0,0,0,0,0,0,0,0,0,0,769,768
105451,408,0,0,0,0,1,0,0,0,0,0,0,0,0,0,0,403,402
105452,273,0,0,0,0,2,0,0,0,0,0,0,0,0,0,0,267,267
105453,526,0,0,0,0,0,0,0,0,0,2,2,2,2,0,0,521,520
105454,370,0,0,0,0,0,0,0,0,0,0,0,0,0,0,0,365,364
105455,401,0,0,0,0,2,0,0,0,0,0,0,0,0,0,0,395,395
105456,166,0,0,0,0,2,0,0,0,0,0,0,0,0,0,0,160,160
105457,785,0,0,0,0,0,0,0,0,0,1,1,1,1,0,0,780,779
105458,623,0,0,0,0,0,0,0,0,0,1,1,1,1,0,0,618,617
105459,359,0,1,0,0,0,0,0,0,0,0,0,0,0,0,0,353,352
105460,352,0,0,0,0,2,0,0,0,0,0,0,0,0,0,0,346,346
105461,499,0,0,0,0,0,0,0,0,0,0,0,0,0,0,0,494,493
105462,257,0,0,0,0,1,0,0,0,0,0,0,0,0,0,0,252,251
105463,426,0,0,0,0,1,0,0,0,0,0,0,0,0,0,0,421,420
105464,508,0,0,0,0,1,0,0,0,0,0,0,0,0,0,0,503,502
105465,537,0,1,0,0,1,0,0,0,0,1,1,1,1,0,0,530,529
105466,326,0,0,0,0,2,0,0,0,0,0,0,0,0,0,0,320,320
105467,325,0,0,0,0,0,0,0,0,0,2,3,2,3,0,0,320,319
105468,450,0,0,0,0,1,0,0,0,0,0,0,0,0,0,0,445,444
105469,323,0,0,0,0,9,0,0,0,0,0,0,0,0,0,0,310,309
105470,353,0,0,0,0,1,0,0,0,0,0,0,0,0,0,0,348,347
105471,407,0,0,0,0,1,0,0,0,0,0,0,0,0,0,0,402,401
105472,389,0,0,0,0,2,0,0,0,0,0,0,0,0,0,0,382,381
105473,328,0,0,0,0,2,0,0,0,0,0,0,0,0,0,0,322,322
105474,305,0,0,0,0,1,0,0,0,0,0,0,0,0,0,0,300,299
105475,431,0,0,0,0,2,0,0,0,0,0,0,0,0,0,0,425,424
105476,341,0,2,0,0,6,0,0,0,0,0,0,0,0,0,0,328,327
105477,272,0,0,0,0,1,0,0,0,0,0,0,0,0,0,0,267,266
105478,550,0,0,0,0,2,0,0,0,0,0,0,0,0,0,0,543,542
105479,560,0,0,0,0,1,0,0,0,0,1,1,1,1,0,0,554,553
105480,437,0,0,0,0,3,0,0,0,0,0,0,0,0,0,0,430,430
105481,354,0,0,0,0,1,0,0,0,0,0,0,0,0,0,0,349,348
105482,424,0,0,0,0,2,0,0,0,0,0,0,0,0,0,0,418,418
105483,582,0,0,0,0,2,0,0,0,0,1,1,1,1,0,0,575,574
105484,626,0,0,0,0,0,0,0,0,0,1,1,1,1,0,0,621,620
105485,383,0,0,0,0,1,0,0,0,0,0,0,0,0,0,0,378,377
105486,418,0,0,0,0,3,0,5,0,0,0,0,0,0,0,0,410,409
105487,508,0,0,0,0,0,0,0,0,0,1,1,1,1,0,0,503,502
105488,345,0,0,0,0,0,0,0,0,0,0,0,0,0,0,0,340,339
105489,623,0,0,0,0,0,0,0,0,0,2,2,2,2,0,0,618,617
105490,471,0,2,0,0,1,0,0,0,0,0,0,0,0,0,0,464,463
105491,579,0,0,0,0,1,0,0,0,0,0,0,0,0,0,0,574,573
105492,629,0,0,0,0,1,0,0,0,0,0,0,0,0,0,0,623,622
105493,358,0,1,0,0,2,0,0,0,0,0,0,0,0,0,0,351,350
105494,485,0,0,0,0,1,0,0,0,0,6,6,6,6,0,0,480,479
105495,481,0,0,0,0,1,0,0,0,0,0,0,0,0,0,0,476,475
105496,421,0,0,0,0,1,0,0,0,0,0,0,0,0,0,0,416,415
105497,494,0,0,0,0,1,0,0,0,0,0,0,0,0,0,0,489,488
105498,456,0,0,0,0,1,0,0,0,0,0,0,0,0,0,0,451,450
105499,518,0,0,0,0,0,0,0,0,0,0,0,0,0,0,0,513,512
105500,385,0,0,0,0,0,0,0,0,0,2,2,2,2,0,0,380,379
105501,638,0,0,0,0,0,0,0,0,0,2,2,2,2,0,0,633,632
105502,388,0,0,0,0,0,0,0,0,0,0,0,0,0,0,0,383,382
105503,499,0,0,0,0,1,0,0,0,0,0,0,0,0,0,0,494,493
105504,400,0,0,0,0,0,0,0,0,0,0,0,0,0,0,0,395,394
105505,510,0,0,0,0,0,0,0,0,0,0,0,0,0,0,0,505,504
105506,317,0,0,0,0,0,0,0,0,0,0,0,0,0,0,0,312,311
105507,373,0,0,0,0,0,0,0,0,0,0,0,0,0,0,0,368,367
105508,309,0,0,0,0,0,0,0,0,0,0,0,0,0,0,0,304,303
105509,440,0,1,0,0,1,0,0,0,0,0,0,0,0,0,0,434,433
105510,377,0,0,0,0,2,0,8,0,0,0,0,0,0,0,0,371,370
105511,337,0,0,0,0,1,0,0,0,0,0,0,0,0,0,0,332,331
105512,418,0,0,0,0,20,0,0,0,0,0,0,0,0,0,0,394,393
105513,430,0,0,0,0,0,0,0,0,0,0,0,0,0,0,0,425,424
105514,543,0,0,0,0,0,0,0,0,0,0,0,0,0,0,0,538,537
105515,470,0,1,0,0,4,0,0,0,0,0,0,0,0,0,0,461,460
105516,482,0,0,0,0,0,0,0,0,0,1,1,1,1,0,0,477,476
105517,331,0,0,0,0,0,0,0,0,0,0,0,0,0,0,0,326,325
105518,579,0,0,0,0,0,0,0,0,0,0,0,0,0,0,0,574,573
105519,435,0,0,0,0,0,0,0,0,0,0,0,0,0,0,0,430,429
105520,501,0,3,0,0,1,0,0,0,0,1,1,1,1,0,0,493,492
105521,412,0,1,0,0,1,0,0,0,0,0,0,0,0,0,0,406,405
105522,424,0,0,0,0,2,0,0,0,0,1,1,1,1,0,0,418,418
105523,595,0,0,0,0,1,0,0,0,0,0,0,0,0,0,0,590,589
105524,438,0,0,0,0,1,0,0,0,0,0,0,0,0,0,0,433,432
105525,430,0,0,0,0,0,0,0,0,0,0,0,0,0,0,0,425,424
105526,271,0,0,0,0,1,0,0,0,0,0,0,0,0,0,0,266,265
105527,412,0,0,0,0,0,0,0,0,0,1,1,1,1,0,0,407,406
105528,345,0,0,0,0,3,0,0,0,0,0,0,0,0,0,0,338,337
105529,529,0,0,0,0,0,0,0,0,0,2,2,2,2,0,0,524,523
105530,445,0,1,0,0,0,0,0,0,0,0,0,0,0,0,0,439,438
105531,269,0,0,0,0,0,0,0,0,0,0,0,0,0,0,0,264,263
105532,380,0,0,0,0,0,0,0,0,0,2,3,2,3,0,0,375,374
105533,347,0,0,0,0,0,0,0,0,0,0,0,0,0,0,0,342,341
105534,444,0,3,0,0,0,0,0,0,0,1,1,1,1,0,0,436,435
105535,336,0,0,0,0,2,0,0,0,0,0,0,0,0,0,0,330,330
105536,396,0,0,0,0,1,0,0,0,0,0,0,0,0,0,0,391,390
105537,345,0,0,0,0,1,0,0,0,0,0,0,0,0,0,0,340,339
105538,404,0,0,0,0,1,0,0,0,0,0,0,0,0,0,0,399,398
105539,479,0,0,0,0,0,0,0,0,0,1,1,1,1,0,0,474,473
105540,535,0,2,0,0,1,0,0,0,0,0,0,0,0,0,0,528,527
105541,379,0,0,0,0,1,0,0,0,0,0,0,0,0,0,0,373,372
105542,335,0,0,0,0,1,0,0,0,0,0,0,0,0,0,0,330,329
105543,266,0,0,0,0,0,0,0,0,0,0,0,0,0,0,0,261,260
105544,35,0,0,0,0,2,0,0,0,0,0,0,0,0,0,0,29,29
105545,587,0,0,0,0,7,0,0,0,0,0,0,0,0,0,0,576,575
105546,625,0,0,0,0,0,0,0,0,0,2,2,2,2,0,0,620,619
105547,351,0,0,0,0,1,0,0,0,0,0,0,0,0,0,0,346,345
105548,393,0,0,0,0,0,0,0,0,0,0,0,0,0,0,0,388,387
105549,442,0,0,0,0,1,0,0,0,0,0,0,0,0,0,0,437,436
105550,466,0,2,0,0,0,0,0,0,0,0,0,0,0,0,0,459,458
105551,213,0,2,0,0,2,0,0,0,0,0,0,0,0,0,0,205,205
105552,425,0,0,0,0,0,0,0,0,0,2,2,2,2,0,0,420,419
105553,407,0,0,0,0,2,0,0,0,0,0,0,0,0,0,0,401,401
105554,470,0,0,0,0,1,0,0,0,0,0,0,0,0,0,0,465,464
105555,157,0,0,0,0,2,0,0,0,0,0,0,0,0,0,0,151,150
105556,411,0,0,0,0,0,0,0,0,0,1,1,1,1,0,0,406,405
105557,391,0,0,0,0,1,0,0,0,0,0,0,0,0,0,0,386,385
105558,565,0,0,0,0,1,0,0,0,0,0,0,0,0,0,0,560,559
105559,512,0,0,0,0,5,0,0,0,0,0,0,0,0,0,0,502,501
105560,381,0,0,0,0,1,0,0,0,0,0,0,0,0,0,0,376,375
105561,574,0,0,0,0,9,0,0,0,0,0,0,0,0,0,0,560,559
105562,387,0,0,0,0,0,0,0,0,0,0,0,0,0,0,0,382,381
105563,374,0,0,0,0,0,0,0,0,0,0,0,0,0,0,0,369,368
105564,588,0,0,0,0,3,0,0,0,0,0,0,0,0,0,0,580,579
105565,272,0,0,0,0,0,0,0,0,0,1,1,1,1,0,0,267,266
105566,476,0,0,0,0,0,0,0,0,0,1,1,1,1,0,0,471,470
105567,383,0,0,0,0,1,0,0,0,0,0,0,0,0,0,0,377,376
105568,550,0,0,0,0,1,0,0,0,0,3,3,3,3,0,0,544,543
105569,404,0,0,0,0,0,0,0,0,0,2,2,2,2,0,0,399,398
105570,536,0,0,0,0,1,0,0,0,0,0,0,0,0,0,0,531,530
105571,683,0,0,0,0,0,0,0,0,0,29,29,29,29,0,0,678,677
105572,554,0,0,0,0,0,0,0,0,0,0,0,0,0,0,0,549,548
105573,468,0,0,0,0,1,0,0,0,0,0,0,0,0,0,0,463,462
105574,590,0,0,0,0,0,0,0,0,0,2,2,2,2,0,0,585,584
105575,622,0,0,0,0,0,0,0,0,0,1,1,1,1,0,0,617,616
105576,654,0,0,0,0,0,0,0,0,0,2,2,2,2,0,0,649,648
105577,438,0,0,0,0,0,0,0,0,0,0,0,0,0,0,0,433,432
105578,429,0,1,0,0,0,0,0,0,0,0,0,0,0,0,0,423,422
105579,472,0,0,0,0,1,0,0,0,0,0,0,0,0,0,0,466,465
105580,375,0,0,0,0,1,0,0,0,0,1,1,1,1,0,0,369,368
105581,548,0,0,0,0,0,0,0,0,0,1,1,1,1,0,0,543,542
105582,390,0,0,0,0,2,0,0,0,0,0,0,0,0,0,0,383,382
105583,308,0,0,0,0,1,0,0,0,0,0,0,0,0,0,0,303,302
105584,402,0,0,0,0,2,0,0,0,0,0,0,0,0,0,0,396,395
105585,401,0,0,0,0,0,0,0,0,0,0,0,0,0,0,0,396,395
105586,525,0,0,0,0,0,0,0,0,0,1,1,1,1,0,0,520,519
105587,16,0,0,0,0,2,0,0,0,0,0,0,0,0,0,0,10,10
105588,678,0,0,0,0,2,0,0,0,0,0,0,0,0,0,0,671,670
105589,327,0,0,0,0,0,0,0,0,0,0,0,0,0,0,0,322,321
105590,671,0,0,0,0,0,0,0,0,0,2,2,2,2,0,0,666,665
105591,567,0,0,0,0,0,0,0,0,0,30,30,30,30,0,0,562,561
105592,380,0,0,0,0,1,0,0,0,0,0,0,0,0,0,0,375,374
105593,313,0,0,0,0,2,0,0,0,0,1,1,1,1,0,0,307,307
105594,367,0,0,0,0,1,0,0,0,0,0,0,0,0,0,0,362,361
105595,476,0,1,0,0,2,0,0,0,0,0,0,0,0,0,0,468,467
105596,517,0,0,0,0,0,0,0,0,0,0,0,0,0,0,0,512,511
105597,979,0,0,0,0,1,0,0,0,0,2,2,2,2,0,0,974,973
105598,487,0,0,0,0,0,0,0,0,0,0,0,0,0,0,0,482,481
105599,603,0,0,0,0,0,0,0,0,0,10,10,10,10,0,0,598,597
105600,579,0,0,0,0,2,0,0,0,0,1,1,1,1,0,0,572,571
105601,372,0,0,0,0,1,0,0,0,0,0,0,0,0,0,0,367,366
105602,466,0,0,0,0,0,0,0,0,0,0,0,0,0,0,0,461,460
105603,423,0,1,0,0,2,0,0,0,0,0,0,0,0,0,0,416,415
105604,518,0,0,0,0,0,0,0,0,0,2,2,2,2,0,0,513,512
105605,395,0,0,0,0,26,0,0,0,0,0,0,0,0,0,0,365,364
105606,390,0,0,0,0,1,0,0,0,0,1,1,1,1,0,0,385,384
105607,363,0,0,0,0,1,0,0,0,0,0,0,0,0,0,0,358,357
105608,521,0,0,0,0,1,0,0,0,0,0,0,0,0,0,0,516,515
105609,659,0,0,0,0,0,0,0,0,0,2,2,2,2,0,0,654,653
105610,441,0,0,0,0,0,0,0,0,0,1,1,1,1,0,0,436,435
105611,485,0,0,0,0,1,0,0,0,0,0,0,0,0,0,0,480,479
105612,629,0,0,0,0,0,0,0,0,0,28,28,28,28,0,0,624,623
105613,445,0,0,0,0,1,0,0,0,0,18,18,18,18,0,0,440,439
105614,390,0,0,0,0,7,0,0,0,0,0,0,0,0,0,0,379,378
105615,399,0,0,0,0,15,0,0,0,0,0,0,0,0,0,0,379,378
105616,563,0,0,0,0,0,0,0,0,0,24,24,24,24,0,0,558,557
105617,448,0,0,0,0,1,0,0,0,0,0,0,0,0,0,0,443,442
105618,487,0,0,0,0,0,0,0,0,0,0,0,0,0,0,0,482,481
105619,430,0,0,0,0,1,0,0,0,0,0,0,0,0,0,0,425,424
105620,375,0,0,0,0,0,0,0,0,0,0,0,0,0,0,0,370,369
105621,586,0,0,0,0,2,0,0,0,0,1,1,1,1,0,0,580,579
105622,260,0,0,0,0,2,0,0,0,0,0,0,0,0,0,0,254,254
105623,39,0,0,0,0,2,0,0,0,0,0,0,0,0,0,0,33,33
105624,503,0,1,0,0,0,0,0,0,0,2,2,2,2,0,0,497,496
105625,535,0,0,0,0,0,0,6,0,0,0,0,0,0,0,0,530,529
105626,352,0,0,0,0,3,0,0,0,0,0,0,0,0,0,0,345,345
105627,438,0,0,0,0,0,0,0,0,0,0,0,0,0,0,0,433,432
105628,364,0,0,0,0,1,0,0,0,0,0,0,0,0,0,0,359,358
105629,505,0,0,0,0,16,0,0,0,0,0,0,0,0,0,0,485,484
105630,421,0,0,0,0,3,0,0,0,0,0,0,0,0,0,0,414,413
105631,463,0,0,0,0,4,0,0,0,0,1,1,1,1,0,0,455,454
105632,510,0,1,0,0,1,0,0,0,0,0,0,0,0,0,0,504,503
105633,409,0,0,0,0,1,0,0,0,0,0,0,0,0,0,0,404,403
105634,352,0,0,0,0,1,0,0,0,0,0,0,0,0,0,0,347,346
105635,495,0,2,0,0,0,0,0,0,0,2,2,2,2,0,0,488,487
105636,355,0,0,0,0,1,0,0,0,0,0,0,0,0,0,0,350,349
105637,526,0,0,0,0,0,0,0,0,0,0,0,0,0,0,0,521,520
105638,786,0,0,0,0,0,0,0,0,0,1,1,1,1,0,0,781,780
105639,604,0,0,0,0,1,0,0,0,0,1,1,1,1,0,0,599,598
105640,479,0,0,0,0,1,0,0,0,0,0,0,0,0,0,0,474,473
105641,379,0,0,0,0,3,0,0,0,0,0,0,0,0,0,0,372,371
105642,415,0,0,0,0,5,0,0,0,0,0,0,0,0,0,0,405,404
105643,302,0,0,0,0,0,0,0,0,0,0,0,0,0,0,0,297,296
105644,419,0,0,0,0,1,0,0,0,0,0,0,0,0,0,0,414,413
105645,431,0,0,0,0,1,0,0,0,0,1,1,1,1,0,0,426,425
105646,375,0,0,0,0,1,0,0,0,0,0,0,0,0,0,0,370,369
105647,594,0,1,0,0,1,0,0,0,0,0,0,0,0,0,0,588,587
105648,533,0,1,0,0,4,0,0,0,0,23,23,23,23,0,0,524,523
105649,405,0,0,0,0,0,0,0,0,0,0,0,0,0,0,0,400,399
105650,327,0,0,0,0,1,0,0,0,0,0,0,0,0,0,0,322,321
105651,463,0,0,0,0,1,0,0,0,0,0,0,0,0,0,0,458,457
105652,499,0,0,0,0,0,0,0,0,0,0,0,0,0,0,0,494,493
105653,552,0,0,0,0,0,0,0,0,0,2,2,2,2,0,0,547,546
105654,419,0,0,0,0,7,0,0,0,0,0,0,0,0,0,0,408,408
105655,316,0,0,0,0,3,0,0,0,0,0,0,0,0,0,0,309,309
105656,477,0,0,0,0,1,0,10,0,0,0,0,0,0,0,0,472,471
105657,694,0,0,0,0,0,0,0,0,0,0,0,0,0,0,0,689,688
105658,610,0,0,0,0,0,0,0,0,0,2,2,2,2,0,0,605,604
105659,564,0,0,0,0,0,0,5,0,0,1,1,1,1,0,0,559,558
105661,518,0,0,0,0,1,0,0,0,0,0,0,0,0,0,0,513,512
105662,472,0,0,0,0,0,0,0,0,0,0,0,0,0,0,0,467,466
105663,464,0,0,0,0,2,0,0,0,0,3,3,3,3,0,0,457,456
105664,370,0,0,0,0,1,0,0,0,0,0,0,0,0,0,0,365,364
105665,658,0,0,0,0,3,0,0,0,0,0,0,0,0,0,0,650,649
105666,485,0,1,0,0,1,0,0,0,0,0,0,0,0,0,0,479,478
105667,493,0,0,0,0,2,0,0,0,0,0,0,0,0,0,0,487,486
105668,446,0,0,0,0,5,0,0,0,0,0,0,0,0,0,0,437,436
105669,537,0,0,0,0,1,0,0,0,0,1,1,1,1,0,0,531,530
105670,226,0,0,0,0,5,0,0,0,0,0,0,0,0,0,0,217,217
105671,524,0,0,0,0,0,0,0,0,0,1,1,1,1,0,0,519,518
105672,432,0,0,0,0,2,0,0,0,0,0,0,0,0,0,0,426,425
105673,401,0,0,0,0,0,0,0,0,0,2,2,2,2,0,0,396,395
105674,446,0,0,0,0,0,0,0,0,0,1,1,1,1,0,0,441,440
105675,404,0,0,0,0,0,0,0,0,0,0,0,0,0,0,0,399,398
105676,415,0,0,0,0,1,0,0,0,0,0,0,0,0,0,0,410,409
105677,608,0,0,0,0,1,0,0,0,0,0,0,0,0,0,0,603,602
105678,401,0,0,0,0,0,0,0,0,0,0,0,0,0,0,0,396,395
105679,472,0,0,0,0,0,0,0,0,0,0,0,0,0,0,0,467,466
105680,581,0,0,0,0,1,0,0,0,0,0,0,0,0,0,0,576,575
105681,399,0,0,0,0,0,0,0,0,0,1,1,1,1,0,0,394,393
105682,478,0,0,0,0,0,0,0,0,0,2,2,2,2,0,0,473,472
105683,420,0,0,0,0,0,0,0,0,0,0,0,0,0,0,0,415,414
105684,583,0,0,0,0,2,0,0,0,0,4,4,4,4,0,0,576,575
105685,414,0,1,0,0,0,0,0,0,0,0,0,0,0,0,0,408,407
105686,320,0,0,0,0,0,0,0,0,0,0,0,0,0,0,0,315,314
105687,357,0,0,0,0,1,0,0,0,0,0,0,0,0,0,0,352,351
105688,263,0,0,0,0,2,0,0,0,0,0,0,0,0,0,0,257,257
105689,684,0,0,0,0,1,0,0,0,0,0,0,0,0,0,0,679,678
105690,348,0,0,0,0,1,0,0,0,0,0,0,0,0,0,0,343,342
105691,467,0,0,0,0,0,0,0,0,0,2,2,2,2,0,0,462,461
105693,485,0,0,0,0,1,0,0,0,0,0,0,0,0,0,0,480,479
105694,349,0,0,0,0,1,0,0,0,0,0,0,0,0,0,0,344,343
105695,516,0,0,0,0,0,0,0,0,0,1,1,1,1,0,0,511,510
105696,552,0,0,0,0,1,0,0,0,0,0,0,0,0,0,0,547,546
105697,352,0,1,0,0,1,0,0,0,0,0,0,0,0,0,0,346,345
105698,319,0,0,0,0,1,0,0,0,0,0,0,0,0,0,0,314,313
105699,428,0,0,0,0,1,0,0,0,0,0,0,0,0,0,0,423,422
105700,699,0,1,0,0,3,0,0,0,0,0,0,0,0,0,0,690,689
105701,457,0,0,0,0,0,0,0,0,0,0,0,0,0,0,0,452,451
105703,256,0,0,0,0,2,0,0,0,0,0,0,0,0,0,0,250,250
105704,469,0,1,0,0,0,0,0,0,0,2,2,2,2,0,0,463,462
105705,664,0,0,0,0,48,0,0,0,0,0,0,0,0,0,0,611,610
105706,345,0,0,0,0,1,0,0,0,0,1,1,1,1,0,0,339,338
105707,486,0,0,0,0,0,0,0,0,0,0,0,0,0,0,0,481,480
105708,682,0,0,0,0,0,0,0,0,0,1,1,1,1,0,0,677,676
105709,337,0,0,0,0,0,0,0,0,0,0,0,0,0,0,0,332,331
105710,377,0,0,0,0,1,0,0,0,0,0,0,0,0,0,0,372,371
105711,519,0,0,0,0,1,0,0,0,0,0,0,0,0,0,0,514,513
105712,579,0,0,0,0,7,0,0,0,0,0,0,0,0,0,0,567,566
105713,555,0,0,0,0,0,0,0,0,0,2,2,2,2,0,0,550,549
105714,413,0,0,0,0,0,0,0,0,0,0,0,0,0,0,0,408,407
105715,392,0,0,0,0,1,0,0,0,0,0,0,0,0,0,0,387,386
105716,431,0,0,0,0,1,0,0,0,0,0,0,0,0,0,0,426,425
105717,216,0,0,0,0,4,0,0,0,0,0,0,0,0,0,0,208,208
105718,525,0,0,0,0,0,0,0,0,0,1,1,1,1,0,0,520,519
105719,314,0,0,0,0,1,0,0,0,0,0,0,0,0,0,0,309,308
105721,749,0,2,0,0,0,0,0,0,0,0,0,0,0,0,0,742,741
105722,521,0,0,0,0,0,0,0,0,0,1,1,1,1,0,0,516,515
105723,459,0,0,0,0,0,0,0,0,0,0,0,0,0,0,0,454,453
105724,414,0,0,0,0,0,0,0,0,0,0,0,0,0,0,0,409,408
105725,496,0,0,0,0,0,0,0,0,0,2,2,2,2,0,0,491,490
105726,357,0,0,0,0,0,0,0,0,0,0,0,0,0,0,0,352,351
105727,503,0,0,0,0,0,0,0,0,0,1,1,1,1,0,0,498,497
105728,379,0,0,0,0,1,0,0,0,0,0,0,0,0,0,0,374,373
105729,439,0,0,0,0,0,0,0,0,0,0,0,0,0,0,0,434,433
105730,498,0,0,0,0,1,0,0,0,0,0,0,0,0,0,0,493,492
105731,550,0,0,0,0,14,0,0,0,0,0,0,0,0,0,0,532,531
105732,377,0,0,0,0,1,0,0,0,0,0,0,0,0,0,0,372,371
105733,555,0,1,0,0,0,0,0,0,0,2,2,2,2,0,0,549,548
105734,388,0,0,0,0,3,0,0,0,0,0,0,0,0,0,0,381,381
105735,334,0,1,0,0,2,0,0,0,0,0,0,0,0,0,0,327,327
105736,461,0,0,0,0,1,0,0,0,0,0,0,0,0,0,0,455,454
105737,478,0,0,0,0,0,0,0,0,0,1,1,1,1,0,0,473,472
105738,276,0,0,0,0,1,0,0,0,0,0,0,0,0,0,0,271,270
105739,312,0,0,0,0,0,0,0,0,0,0,0,0,0,0,0,307,306
105740,362,0,0,0,0,0,0,0,0,0,0,0,0,0,0,0,357,356
105741,271,0,0,0,0,1,0,10,0,0,0,0,0,0,0,0,266,265
105742,572,0,0,0,0,1,0,0,0,0,0,0,0,0,0,0,566,565
105743,295,0,0,0,0,1,0,0,0,0,0,0,0,0,0,0,290,289
105744,371,0,0,0,0,1,0,0,0,0,2,2,2,2,0,0,366,365
105745,340,0,0,0,0,0,0,0,0,0,0,0,0,0,0,0,335,334
105746,308,0,0,0,0,1,0,0,0,0,0,0,0,0,0,0,303,302
105747,391,0,0,0,0,0,0,0,0,0,0,0,0,0,0,0,386,385
105748,463,0,0,0,0,1,0,0,0,0,1,1,1,1,0,0,458,457
105749,430,0,0,0,0,1,0,0,0,0,0,0,0,0,0,0,425,424
105750,683,0,0,0,0,0,0,0,0,0,0,0,0,0,0,0,678,677
105751,307,0,0,0,0,1,0,0,0,0,0,0,0,0,0,0,302,301
105752,194,0,0,0,0,1,0,0,0,0,0,0,0,0,0,0,189,188
105753,320,0,0,0,0,0,0,0,0,0,0,0,0,0,0,0,315,314
105754,339,0,0,0,0,1,0,0,0,0,0,0,0,0,0,0,334,333
105755,519,0,0,0,0,0,0,0,0,0,0,0,0,0,0,0,514,513
105756,392,0,0,0,0,1,0,0,0,0,0,0,0,0,0,0,387,386
105757,361,0,3,0,0,1,0,0,0,0,0,0,0,0,0,0,353,352
105758,33,0,1,0,0,2,0,0,0,0,0,0,0,0,0,0,26,26
105759,422,0,0,0,0,1,0,0,0,0,0,0,0,0,0,0,417,416
105760,643,0,0,0,0,1,0,10,0,0,1,1,1,1,0,0,638,637
105761,347,0,0,0,0,13,0,0,0,0,0,0,0,0,0,0,330,329
105762,378,0,0,0,0,0,0,0,0,0,0,0,0,0,0,0,373,372
105763,505,0,0,0,0,1,0,0,0,0,0,0,0,0,0,0,500,499
105764,634,0,0,0,0,1,0,0,0,0,0,0,0,0,0,0,628,627
105765,739,0,0,0,0,0,0,0,0,0,1,1,1,1,0,0,734,733
105766,387,0,0,0,0,0,0,0,0,0,0,0,0,0,0,0,382,381
105767,498,0,0,0,0,0,0,0,0,0,2,2,2,2,0,0,493,492
105768,412,0,0,0,0,0,0,0,0,0,0,0,0,0,0,0,407,406
105769,690,0,0,0,0,0,0,0,0,0,2,2,2,2,0,0,685,684
105770,575,0,0,0,0,0,0,0,0,0,1,1,1,1,0,0,570,569
105771,424,0,0,0,0,2,0,0,0,0,1,1,1,1,0,0,418,417
105772,529,0,0,0,0,0,0,0,0,0,0,0,0,0,0,0,524,523
105773,383,0,0,0,0,0,0,0,0,0,0,0,0,0,0,0,378,377
105774,394,0,0,0,0,1,0,0,0,0,0,0,0,0,0,0,389,388
105775,508,0,0,0,0,1,0,0,0,0,1,1,1,1,0,0,503,502
105776,366,0,0,0,0,0,0,0,0,0,0,0,0,0,0,0,361,360
105777,682,0,0,0,0,1,0,0,0,0,2,2,2,2,0,0,676,675
105778,539,0,0,0,0,1,0,0,0,0,0,0,0,0,0,0,534,533
105779,408,0,0,0,0,1,0,0,0,0,0,0,0,0,0,0,403,402
105780,350,0,0,0,0,2,0,0,0,0,0,0,0,0,0,0,344,344
105781,469,0,0,0,0,1,0,0,0,0,0,0,0,0,0,0,464,463
105782,528,0,0,0,0,0,0,0,0,0,1,1,1,1,0,0,523,522
105783,742,0,0,0,0,0,0,0,0,0,0,0,0,0,0,0,737,736
105784,396,0,0,0,0,1,0,0,0,0,0,0,0,0,0,0,391,390
105785,496,0,0,0,0,1,0,0,0,0,0,0,0,0,0,0,490,489
105786,488,0,0,0,0,0,0,0,0,0,1,1,1,1,0,0,483,482
105787,337,0,0,0,0,0,0,0,0,0,0,0,0,0,0,0,332,331
105788,298,0,0,0,0,0,0,0,0,0,0,0,0,0,0,0,293,292
105789,663,0,2,0,0,0,0,0,0,0,2,2,2,2,0,0,656,655
105790,372,0,0,0,0,2,0,0,0,0,0,0,0,0,0,0,366,365
105791,448,0,0,0,0,0,0,0,0,0,19,19,19,19,0,0,443,442
105792,444,0,0,0,0,1,0,0,0,0,0,0,0,0,0,0,439,438
105793,321,0,1,0,0,0,0,0,0,0,1,1,1,1,0,0,315,314
105794,353,0,0,0,0,0,0,0,0,0,2,2,2,2,0,0,348,347
105796,403,0,0,0,0,3,0,0,0,0,0,0,0,0,0,0,395,394
105797,621,0,1,0,0,1,0,0,0,0,1,1,1,1,0,0,615,614
105798,676,0,0,0,0,5,0,0,0,0,0,0,0,0,0,0,666,665
105799,260,0,0,0,0,2,0,0,0,0,0,0,0,0,0,0,254,254
105800,722,0,2,0,0,0,0,0,0,0,24,24,24,24,0,0,715,714
105801,461,0,0,0,0,0,0,0,0,0,0,0,0,0,0,0,456,455
105802,358,0,0,0,0,1,0,0,0,0,0,0,0,0,0,0,353,352
105803,613,0,2,0,0,0,0,0,0,0,61,61,61,61,0,0,606,605
105804,444,0,1,0,0,0,0,0,0,0,2,2,2,2,0,0,438,437
105805,456,0,1,0,0,1,0,0,0,0,18,32,18,32,0,0,449,448
105806,475,0,0,0,0,0,0,0,0,0,0,0,0,0,0,0,470,469
105807,455,0,0,0,0,1,0,0,0,0,0,0,0,0,0,0,450,449
105808,321,0,0,0,0,1,0,0,0,0,0,0,0,0,0,0,316,315
105809,375,0,0,0,0,2,0,0,0,0,0,0,0,0,0,0,369,368
105810,469,0,0,0,0,0,0,0,0,0,1,1,1,1,0,0,464,463
105811,537,0,0,0,0,2,0,0,0,0,0,0,0,0,0,0,531,530
105812,422,0,0,0,0,0,0,0,0,0,2,2,2,2,0,0,417,416
105813,415,0,0,0,0,1,0,0,0,0,0,0,0,0,0,0,410,409
105814,523,0,2,0,0,0,0,0,0,0,0,0,0,0,0,0,516,515
105815,262,0,0,0,0,0,0,0,0,0,0,0,0,0,0,0,257,256
105816,605,0,0,0,0,1,0,0,0,0,0,0,0,0,0,0,600,599
105817,362,0,0,0,0,1,0,0,0,0,0,0,0,0,0,0,357,356
105818,323,0,0,0,0,0,0,0,0,0,0,0,0,0,0,0,318,317
105819,583,0,0,0,0,0,0,0,0,0,2,2,2,2,0,0,578,577
105820,468,0,1,0,0,1,0,0,0,0,0,0,0,0,0,0,462,461
105821,467,0,0,0,0,1,0,0,0,0,0,0,0,0,0,0,462,461
105822,306,0,0,0,0,0,0,0,0,0,0,0,0,0,0,0,301,300
105823,328,0,0,0,0,0,0,0,0,0,0,0,0,0,0,0,323,322
105824,329,0,0,0,0,0,0,0,0,0,0,0,0,0,0,0,324,323
105825,664,0,0,0,0,0,0,0,0,0,0,0,0,0,0,0,659,658
105826,416,0,1,0,0,0,0,0,0,0,5,5,5,5,0,0,410,409
105827,292,0,0,0,0,0,0,0,0,0,0,0,0,0,0,0,287,286
105828,475,0,0,0,0,1,0,0,0,0,0,0,0,0,0,0,469,468
105829,545,0,2,0,0,1,0,0,0,0,0,0,0,0,0,0,538,537
105830,335,0,1,0,0,1,0,0,0,0,0,0,0,0,0,0,329,328
105831,608,0,0,0,0,0,0,0,0,0,2,2,2,2,0,0,603,602
105832,598,0,0,0,0,2,0,0,0,0,1,1,1,1,0,0,591,590
105833,462,0,0,0,0,2,0,0,0,0,22,22,22,22,0,0,456,456
105834,429,0,1,0,0,2,0,0,0,0,0,0,0,0,0,0,421,420
105835,508,0,0,0,0,1,0,0,0,0,2,2,2,2,0,0,502,501
105836,436,0,1,0,0,0,0,0,0,0,0,0,0,0,0,0,430,429
105837,252,0,0,0,0,1,0,0,0,0,0,0,0,0,0,0,247,246
105838,661,0,0,0,0,3,0,0,0,0,1,1,1,1,0,0,653,652
105839,35,0,0,0,0,2,0,0,0,0,0,0,0,0,0,0,29,29
105840,390,0,0,0,0,1,0,0,0,0,0,0,0,0,0,0,385,384
105841,614,0,0,0,0,0,0,0,0,0,1,1,1,1,0,0,609,608
105842,456,0,0,0,0,1,0,0,0,0,0,0,0,0,0,0,450,449
105843,656,0,0,0,0,0,0,0,0,0,1,1,1,1,0,0,651,650
105844,411,0,1,0,0,0,0,0,0,0,0,0,0,0,0,0,405,404
105845,583,0,0,0,0,0,0,0,0,0,0,0,0,0,0,0,578,577
105846,499,0,0,0,0,11,0,0,0,0,0,0,0,0,0,0,484,483
105847,549,0,0,0,0,1,0,0,0,0,0,0,0,0,0,0,544,543
105848,624,0,0,0,0,0,0,0,0,0,0,0,0,0,0,0,619,618
105849,466,0,2,0,0,0,0,3,0,0,0,0,0,0,0,0,459,458
105850,411,0,1,0,0,2,0,0,0,0,0,0,0,0,0,0,404,403
105851,366,0,0,0,0,1,0,0,0,0,0,0,0,0,0,0,361,360
105852,731,0,0,0,0,0,0,0,0,0,0,0,0,0,0,0,726,725
105853,357,0,0,0,0,1,0,0,0,0,0,0,0,0,0,0,352,351
105854,285,0,0,0,0,0,0,0,0,0,0,0,0,0,0,0,280,279
105855,486,0,0,0,0,0,0,0,0,0,0,0,0,0,0,0,481,480
105856,433,0,0,0,0,0,0,0,0,0,4,4,4,4,0,0,428,427
105857,601,0,0,0,0,1,0,0,0,0,2,2,2,2,0,0,595,594
105858,355,0,0,0,0,0,0,0,0,0,0,0,0,0,0,0,350,349
105859,576,0,0,0,0,2,0,0,0,0,1,1,1,1,0,0,569,568
105860,715,0,0,0,0,0,0,0,0,0,2,2,2,2,0,0,710,709
105861,590,0,0,0,0,0,0,5,0,0,2,2,2,2,0,0,585,584
105862,711,0,0,0,0,1,0,0,0,0,2,2,2,2,0,0,705,704
105863,403,0,0,0,0,1,0,0,0,0,1,1,1,1,0,0,398,397
105864,513,0,2,0,0,6,0,0,0,0,0,0,0,0,0,0,501,500
105865,457,0,1,0,0,1,0,0,0,0,0,0,0,0,0,0,451,450
105866,237,0,0,0,0,2,0,0,0,0,0,0,0,0,0,0,231,231
105867,402,0,0,0,0,1,0,0,0,0,0,0,0,0,0,0,397,396
105868,522,0,2,0,0,1,0,0,0,0,0,0,0,0,0,0,515,514
105869,482,0,0,0,0,0,0,0,0,0,1,1,1,1,0,0,477,476
105870,304,0,0,0,0,2,0,0,0,0,0,0,0,0,0,0,298,297
105871,634,0,0,0,0,0,0,0,0,0,13,13,13,13,0,0,629,628
105872,422,0,0,0,0,2,0,0,0,0,1,1,1,1,0,0,416,416
105873,329,0,0,0,0,0,0,0,0,0,0,0,0,0,0,0,324,323
105874,488,0,0,0,0,1,0,0,0,0,1,1,1,1,0,0,483,482
105875,546,0,0,0,0,0,0,0,0,0,2,2,2,2,0,0,541,540
105876,564,0,3,0,0,1,0,0,0,0,0,0,0,0,0,0,556,555
105877,546,0,0,0,0,5,0,0,0,0,0,0,0,0,0,0,537,536
105878,319,0,0,0,0,0,0,0,0,0,0,0,0,0,0,0,314,313
105879,382,0,0,0,0,0,0,0,0,0,1,1,1,1,0,0,377,376
105880,582,0,0,0,0,1,0,0,0,0,1,1,1,1,0,0,576,575
105881,535,0,0,0,0,0,0,0,0,0,0,0,0,0,0,0,530,529
105882,478,0,0,0,0,1,0,0,0,0,2,3,2,3,0,0,473,472
105883,437,0,0,0,0,1,0,0,0,0,0,0,0,0,0,0,432,431
105884,445,0,2,0,0,2,0,0,0,0,0,0,0,0,0,0,437,436
105885,616,0,0,0,0,0,0,0,0,0,0,0,0,0,0,0,611,610
105886,435,0,0,0,0,0,0,0,0,0,0,0,0,0,0,0,430,429
105887,746,0,0,0,0,3,0,0,0,0,6,6,6,6,0,0,738,737
105888,377,0,2,0,0,11,0,0,0,0,0,0,0,0,0,0,359,358
105889,548,0,0,0,0,0,0,0,0,0,1,1,1,1,0,0,543,542
105890,606,0,0,0,0,2,0,0,0,0,0,0,0,0,0,0,600,599
105891,583,0,0,0,0,4,0,0,0,0,0,0,0,0,0,0,575,574
105892,709,0,1,0,0,2,0,0,0,0,1,1,1,1,0,0,702,701
105893,231,0,0,0,0,1,0,0,0,0,0,0,0,0,0,0,226,225
105894,276,0,0,0,0,1,0,7,0,0,1,2,1,2,0,0,271,270
105895,274,0,0,0,0,1,0,0,0,0,0,0,0,0,0,0,269,268
105896,454,0,0,0,0,1,0,0,0,0,0,0,0,0,0,0,449,448
105897,864,0,0,0,0,1,0,0,0,0,2,3,2,3,0,0,858,857
105898,507,0,0,0,0,1,0,0,0,0,1,1,1,1,0,0,501,500
105899,422,0,0,0,0,1,0,0,0,0,2,2,2,2,0,0,417,416
105900,399,0,0,0,0,1,0,0,0,0,1,2,1,2,0,0,394,393
105901,487,0,0,0,0,1,0,0,0,0,0,0,0,0,0,0,482,481
105902,439,0,0,0,0,0,0,0,0,0,0,0,0,0,0,0,434,433
105903,67,0,0,0,0,2,0,0,0,0,0,0,0,0,0,0,61,61
105904,452,0,1,0,0,3,0,0,0,0,2,2,2,2,0,0,444,443
105905,412,0,0,0,0,0,0,0,0,0,0,0,0,0,0,0,407,406
105906,750,0,0,0,0,0,0,0,0,0,0,0,0,0,0,0,745,744
105907,409,0,0,0,0,1,0,0,0,0,0,0,0,0,0,0,404,403
105908,609,0,0,0,0,1,0,0,0,0,0,0,0,0,0,0,603,602
105909,499,0,0,0,0,1,0,0,0,0,0,0,0,0,0,0,494,493
105910,412,0,0,0,0,0,0,0,0,0,0,0,0,0,0,0,407,406
105911,459,0,1,0,0,1,0,0,0,0,0,0,0,0,0,0,453,452
105912,383,0,0,0,0,8,0,0,0,0,0,0,0,0,0,0,371,370
105914,43,0,0,0,0,2,0,0,0,0,0,0,0,0,0,0,37,37
105915,778,0,0,0,0,0,0,0,0,0,0,0,0,0,0,0,773,772
105916,325,0,0,0,0,2,0,0,0,0,0,0,0,0,0,0,319,318
105917,399,0,0,0,0,0,0,0,0,0,1,1,1,1,0,0,394,393
105918,332,0,0,0,0,1,0,0,0,0,0,0,0,0,0,0,327,326
105919,365,0,0,0,0,1,0,0,0,0,0,0,0,0,0,0,360,359
105920,373,0,0,0,0,4,0,0,0,0,0,0,0,0,0,0,364,363
105921,448,0,0,0,0,1,0,0,0,0,0,0,0,0,0,0,443,442
105922,458,0,0,0,0,0,0,0,0,0,2,2,2,2,0,0,453,452
105923,288,0,0,0,0,1,0,0,0,0,0,0,0,0,0,0,283,282
105924,331,0,0,0,0,1,0,0,0,0,0,0,0,0,0,0,326,325
105925,232,0,0,0,0,2,0,0,0,0,0,0,0,0,0,0,226,226
105926,582,0,0,0,0,0,0,0,0,0,1,1,1,1,0,0,577,576
105927,485,0,0,0,0,0,0,0,0,0,1,1,1,1,0,0,480,479
105928,413,0,0,0,0,0,0,0,0,0,0,0,0,0,0,0,408,407
105929,466,0,0,0,0,0,0,0,0,0,1,1,1,1,0,0,461,460
105930,393,0,0,0,0,1,0,0,0,0,0,0,0,0,0,0,388,387
105931,361,0,0,0,0,3,0,0,0,0,0,0,0,0,0,0,354,353
105932,460,0,0,0,0,2,0,0,0,0,0,0,0,0,0,0,453,452
105933,447,0,1,0,0,3,0,0,0,0,0,0,0,0,0,0,439,438
105935,407,0,0,0,0,1,0,0,0,0,0,0,0,0,0,0,402,401
105936,484,0,0,0,0,0,0,0,0,0,1,1,1,1,0,0,479,478
105937,405,0,1,0,0,1,0,0,0,0,0,0,0,0,0,0,399,398
105938,84,0,0,0,0,2,0,0,0,0,0,0,0,0,0,0,78,78
105939,410,0,0,0,0,1,0,0,0,0,0,0,0,0,0,0,405,404
105940,416,0,0,0,0,3,0,0,0,0,0,0,0,0,0,0,409,408
105942,374,0,0,0,0,1,0,0,0,0,0,0,0,0,0,0,369,368
105943,363,0,0,0,0,3,0,0,0,0,0,0,0,0,0,0,356,355
105944,503,0,0,0,0,0,0,0,0,0,1,1,1,1,0,0,498,497
105945,358,0,0,0,0,1,0,0,0,0,0,0,0,0,0,0,353,352
105946,392,0,0,0,0,1,0,0,0,0,0,0,0,0,0,0,387,386
105947,585,0,0,0,0,0,0,0,0,0,0,0,0,0,0,0,580,579
105948,551,0,2,0,0,0,0,0,0,0,0,0,0,0,0,0,544,543
105950,397,0,0,0,0,1,0,9,0,0,0,0,0,0,0,0,392,391
105951,474,0,4,0,0,0,0,0,0,0,0,0,0,0,0,0,465,464
105952,452,0,0,0,0,1,0,0,0,0,1,1,1,1,0,0,446,445
105953,430,0,1,0,0,1,0,0,0,0,0,0,0,0,0,0,424,423
105954,352,0,0,0,0,0,0,0,0,0,1,1,1,1,0,0,347,346
105955,581,0,0,0,0,6,0,0,0,0,0,0,0,0,0,0,570,569
105956,486,0,0,0,0,1,0,4,0,0,1,1,1,1,0,0,481,480
105957,376,0,0,0,0,1,0,0,0,0,0,0,0,0,0,0,371,370
105958,372,0,0,0,0,0,0,0,0,0,0,0,0,0,0,0,367,366
105959,702,0,0,0,0,3,0,0,0,0,2,2,2,2,0,0,694,693
105960,512,0,0,0,0,2,0,0,0,0,0,0,0,0,0,0,505,504
105961,382,0,0,0,0,10,0,0,0,0,0,0,0,0,0,0,368,368
105962,345,0,0,0,0,1,0,0,0,0,0,0,0,0,0,0,340,339
105963,320,0,0,0,0,1,0,0,0,0,0,0,0,0,0,0,315,314
105964,372,0,0,0,0,0,0,0,0,0,0,0,0,0,0,0,367,366
105965,319,0,0,0,0,1,0,0,0,0,0,0,0,0,0,0,314,313
105966,504,0,0,0,0,0,0,0,0,0,1,1,1,1,0,0,499,498
105967,804,0,0,0,0,2,0,0,0,0,2,2,2,2,0,0,797,796
105968,591,0,0,0,0,0,0,0,0,0,0,0,0,0,0,0,586,585
105969,332,0,0,0,0,2,0,0,0,0,0,0,0,0,0,0,326,326
105970,484,0,0,0,0,1,0,0,0,0,0,0,0,0,0,0,479,478
105971,465,0,1,0,0,1,0,0,0,0,0,0,0,0,0,0,459,458
105972,605,0,0,0,0,1,0,0,0,0,1,1,1,1,0,0,599,598
105973,502,0,0,0,0,0,0,0,0,0,1,1,1,1,0,0,497,496
105974,451,0,0,0,0,1,0,0,0,0,0,0,0,0,0,0,446,445
105975,422,0,0,0,0,1,0,0,0,0,0,0,0,0,0,0,417,416
105976,427,0,0,0,0,5,0,0,0,0,0,0,0,0,0,0,418,417
105977,511,0,0,0,0,1,0,0,0,0,2,2,2,2,0,0,505,504
105978,344,0,0,0,0,2,0,0,0,0,1,1,1,1,0,0,338,338
105979,357,0,0,0,0,2,0,0,0,0,0,0,0,0,0,0,350,349
105980,539,0,0,0,0,0,0,0,0,0,0,0,0,0,0,0,534,533
105981,614,0,0,0,0,5,0,0,0,0,0,0,0,0,0,0,605,604
105982,382,0,0,0,0,1,0,0,0,0,0,0,0,0,0,0,377,376
105983,523,0,0,0,0,2,0,0,0,0,1,1,1,1,0,0,516,515
105984,460,0,0,0,0,0,0,0,0,0,0,0,0,0,0,0,455,454
105985,366,0,0,0,0,0,0,0,0,0,0,0,0,0,0,0,361,360
105986,489,0,1,0,0,1,0,0,0,0,0,0,0,0,0,0,483,482
105987,289,0,0,0,0,1,0,0,0,0,0,0,0,0,0,0,284,283
105988,622,0,1,0,0,2,0,0,0,0,0,0,0,0,0,0,614,613
105989,400,0,0,0,0,0,0,0,0,0,0,0,0,0,0,0,395,394
105990,537,0,1,0,0,0,0,6,0,0,28,28,28,28,0,0,531,530
105991,404,0,0,0,0,1,0,0,0,0,0,0,0,0,0,0,399,398
105992,496,0,0,0,0,0,0,0,0,0,0,0,0,0,0,0,491,490
105993,442,0,0,0,0,1,0,0,0,0,0,0,0,0,0,0,437,436
105994,526,0,0,0,0,0,0,0,0,0,1,1,1,1,0,0,521,520
105995,405,0,0,0,0,1,0,0,0,0,1,1,1,1,0,0,399,398
105996,399,0,0,0,0,0,0,0,0,0,28,28,28,28,0,0,394,393
105997,559,0,0,0,0,0,0,5,0,0,2,2,2,2,0,0,554,553
105998,313,0,0,0,0,2,0,0,0,0,0,0,0,0,0,0,307,307
105999,396,0,0,0,0,1,0,0,0,0,1,1,1,1,0,0,391,390
106000,314,0,0,0,0,2,0,0,0,0,1,1,1,1,0,0,307,306
106001,392,0,0,0,0,0,0,0,0,0,1,1,1,1,0,0,387,386
106002,411,0,0,0,0,0,0,0,0,0,3,3,3,3,0,0,406,405
106003,279,0,0,0,0,0,0,0,0,0,0,0,0,0,0,0,274,273
106004,416,0,2,0,0,1,0,0,0,0,1,1,1,1,0,0,409,408
106005,468,0,0,0,0,2,0,0,0,0,0,0,0,0,0,0,462,461
106006,434,0,0,0,0,0,0,0,0,0,1,1,1,1,0,0,429,428
106007,287,0,0,0,0,1,0,0,0,0,0,0,0,0,0,0,281,281
106008,291,0,0,0,0,0,0,0,0,0,0,0,0,0,0,0,286,285
106009,283,0,0,0,0,0,0,0,0,0,0,0,0,0,0,0,278,277
106010,436,0,1,0,0,1,0,0,0,0,0,0,0,0,0,0,430,429
106011,422,0,0,0,0,2,0,0,0,0,0,0,0,0,0,0,416,416
106012,421,0,0,0,0,0,0,0,0,0,0,0,0,0,0,0,416,415
106013,452,0,0,0,0,1,0,0,0,0,1,1,1,1,0,0,447,446
106014,51,0,1,0,0,2,0,0,0,0,0,0,0,0,0,0,44,44
106015,345,0,0,0,0,2,0,0,0,0,0,0,0,0,0,0,338,337
106016,360,0,0,0,0,3,0,0,0,0,0,0,0,0,0,0,353,353
106017,333,0,0,0,0,0,0,0,0,0,2,2,2,2,0,0,328,327
106018,544,0,0,0,0,4,0,0,0,0,0,0,0,0,0,0,535,534
106019,465,0,0,0,0,1,0,0,0,0,0,0,0,0,0,0,460,459
106020,450,0,0,0,0,0,0,0,0,0,1,1,1,1,0,0,445,444
106021,496,0,0,0,0,1,0,0,0,0,1,1,1,1,0,0,491,490
106022,312,0,0,0,0,2,0,0,0,0,0,0,0,0,0,0,306,306
106023,419,0,0,0,0,1,0,0,0,0,0,0,0,0,0,0,414,413
106024,627,0,1,0,0,0,0,0,0,0,0,0,0,0,0,0,621,620
106025,417,0,1,0,0,1,0,0,0,0,0,0,0,0,0,0,411,410
106026,414,0,0,0,0,1,0,0,0,0,1,1,1,1,0,0,408,407
106027,499,0,1,0,0,8,0,0,0,0,0,0,0,0,0,0,485,484
106028,404,0,0,0,0,3,0,0,0,0,0,0,0,0,0,0,397,396
106029,491,0,0,0,0,0,0,2,0,0,0,0,0,0,0,0,486,485
106030,437,0,1,0,0,0,0,0,0,0,1,1,1,1,0,0,431,430
106031,370,0,0,0,0,1,0,0,0,0,0,0,0,0,0,0,365,364
106032,324,0,0,0,0,0,0,0,0,0,2,2,2,2,0,0,319,318
106033,394,0,0,0,0,1,0,0,0,0,0,0,0,0,0,0,389,388
106034,439,0,0,0,0,1,0,0,0,0,0,0,0,0,0,0,434,433
106035,219,0,0,0,0,2,0,0,0,0,0,0,0,0,0,0,213,213
106036,386,0,0,0,0,1,0,0,0,0,0,0,0,0,0,0,381,380
106037,441,0,0,0,0,1,0,0,0,0,0,0,0,0,0,0,436,435
106038,407,0,0,0,0,0,0,0,0,0,0,0,0,0,0,0,402,401
106039,293,0,0,0,0,1,0,0,0,0,0,0,0,0,0,0,288,287
106040,302,0,0,0,0,0,0,0,0,0,0,0,0,0,0,0,297,296
106041,326,0,0,0,0,2,0,0,0,0,0,0,0,0,0,0,320,320
106042,399,0,0,0,0,1,0,0,0,0,0,0,0,0,0,0,394,393
106043,400,0,0,0,0,0,0,0,0,0,2,2,2,2,0,0,395,394
106044,367,0,0,0,0,2,0,0,0,0,1,1,1,1,0,0,360,359
106045,500,0,1,0,0,0,0,0,0,0,0,0,0,0,0,0,494,493
106046,43,0,0,0,0,2,0,0,0,0,0,0,0,0,0,0,37,37
106047,415,0,0,0,0,0,0,0,0,0,0,0,0,0,0,0,410,409
106048,416,0,0,0,0,1,0,0,0,0,1,1,1,1,0,0,411,410
106049,656,0,0,0,0,1,0,0,0,0,0,0,0,0,0,0,651,650
106050,478,0,0,0,0,2,0,0,0,0,0,0,0,0,0,0,472,471
106051,375,0,0,0,0,1,0,0,0,0,1,1,1,1,0,0,370,369
106052,532,0,0,0,0,1,0,0,0,0,0,0,0,0,0,0,527,526
106053,390,0,0,0,0,3,0,0,0,0,0,0,0,0,0,0,383,382
106054,705,0,0,0,0,0,0,0,0,0,1,1,1,1,0,0,700,699
106055,496,0,0,0,0,0,0,0,0,0,0,0,0,0,0,0,491,490
106056,443,0,0,0,0,0,0,0,0,0,0,0,0,0,0,0,438,437
106057,707,0,0,0,0,1,0,0,0,0,0,0,0,0,0,0,701,700
106058,342,0,0,0,0,1,0,0,0,0,0,0,0,0,0,0,337,336
106059,665,0,0,0,0,0,0,0,0,0,2,2,2,2,0,0,660,659
106060,379,0,1,0,0,1,0,0,0,0,0,0,0,0,0,0,373,372
106061,540,0,0,0,0,8,0,0,0,0,0,0,0,0,0,0,527,526
106063,440,0,0,0,0,1,0,0,0,0,0,0,0,0,0,0,435,434
106064,346,0,0,0,0,2,0,0,0,0,0,0,0,0,0,0,340,340
106065,884,0,4,0,0,1,0,0,0,0,0,0,0,0,0,0,875,874
106066,491,0,0,0,0,0,0,0,0,0,49,49,49,49,0,0,486,485
106067,455,0,0,0,0,1,0,0,0,0,0,0,0,0,0,0,450,449
106068,573,0,0,0,0,2,0,0,0,0,0,0,0,0,0,0,567,566
106069,675,0,0,0,0,1,0,0,0,0,0,0,0,0,0,0,670,669
106070,381,0,0,0,0,1,0,0,0,0,0,0,0,0,0,0,376,375
106071,370,0,0,0,0,1,0,0,0,0,1,1,1,1,0,0,365,364
106072,329,0,0,0,0,0,0,0,0,0,0,0,0,0,0,0,324,323
106073,493,0,0,0,0,1,0,0,0,0,1,1,1,1,0,0,488,487
106074,735,0,0,0,0,4,0,0,0,0,0,0,0,0,0,0,726,725
106075,512,0,1,0,0,0,0,0,0,0,0,0,0,0,0,0,506,505
106076,302,0,0,0,0,2,0,0,0,0,0,0,0,0,0,0,296,296
106077,521,0,0,0,0,1,0,0,0,0,0,0,0,0,0,0,516,515
106078,412,0,1,0,0,1,0,0,0,0,0,0,0,0,0,0,405,404
106079,420,0,0,0,0,1,0,0,0,0,0,0,0,0,0,0,415,414
106080,464,0,0,0,0,0,0,0,0,0,2,3,2,3,0,0,459,458
106081,509,0,0,0,0,0,0,0,0,0,27,27,27,27,0,0,504,503
106082,353,0,0,0,0,2,0,0,0,0,0,0,0,0,0,0,347,347
106083,372,0,0,0,0,1,0,0,0,0,0,0,0,0,0,0,367,366
106084,39,0,0,0,0,2,0,0,0,0,0,0,0,0,0,0,33,33
106085,455,0,0,0,0,1,0,0,0,0,0,0,0,0,0,0,450,449
106086,391,0,0,0,0,1,0,0,0,0,0,0,0,0,0,0,386,385
106087,413,0,0,0,0,1,0,0,0,0,0,0,0,0,0,0,407,406
106088,409,0,0,0,0,0,0,0,0,0,3,3,3,3,0,0,404,403
106089,329,0,0,0,0,0,0,0,0,0,0,0,0,0,0,0,324,323
106090,407,0,0,0,0,0,0,0,0,0,1,1,1,1,0,0,402,401
106091,239,0,0,0,0,2,0,0,0,0,0,0,0,0,0,0,233,233
106092,525,0,1,0,0,0,0,0,0,0,5,5,5,5,0,0,519,518
106093,453,0,0,0,0,1,0,0,0,0,0,0,0,0,0,0,448,447
106094,267,0,0,0,0,1,0,0,0,0,0,0,0,0,0,0,262,261
106095,485,0,4,0,0,4,0,0,0,0,0,0,0,0,0,0,472,471
106096,431,0,0,0,0,0,0,0,0,0,2,2,2,2,0,0,426,425
106097,477,0,0,0,0,0,0,0,0,0,1,1,1,1,0,0,472,471
106098,482,0,3,0,0,0,0,0,0,0,0,0,0,0,0,0,474,473
106100,354,0,0,0,0,2,0,0,0,0,2,2,2,2,0,0,347,346
106101,514,0,0,0,0,3,0,10,0,0,1,1,1,1,0,0,506,505
106102,474,0,0,0,0,0,0,0,0,0,0,0,0,0,0,0,469,468
106103,330,0,0,0,0,1,0,0,0,0,0,0,0,0,0,0,325,324
106104,282,0,0,0,0,1,0,0,0,0,0,0,0,0,0,0,277,276
106105,521,0,0,0,0,1,0,0,0,0,0,0,0,0,0,0,516,515
106106,512,0,0,0,0,0,0,0,0,0,1,1,1,1,0,0,507,506
106107,348,0,0,0,0,0,0,0,0,0,0,0,0,0,0,0,343,342
106108,559,0,0,0,0,0,0,0,0,0,2,2,2,2,0,0,554,553
106109,413,0,0,0,0,1,0,0,0,0,0,0,0,0,0,0,408,407
106110,427,0,0,0,0,0,0,0,0,0,0,0,0,0,0,0,422,421
106111,557,0,0,0,0,1,0,0,0,0,1,1,1,1,0,0,552,551
106112,451,0,0,0,0,1,0,0,0,0,0,0,0,0,0,0,446,445
106113,333,0,1,0,0,1,0,0,0,0,1,1,1,1,0,0,327,326
106114,279,0,1,0,0,1,0,0,0,0,0,0,0,0,0,0,273,272
106115,472,0,0,0,0,0,0,0,0,0,1,1,1,1,0,0,467,466
106116,407,0,0,0,0,0,0,0,0,0,0,0,0,0,0,0,402,401
106117,435,0,0,0,0,0,0,0,0,0,0,0,0,0,0,0,430,429
106118,723,0,0,0,0,9,0,0,0,0,3,3,3,3,0,0,709,708
106119,401,0,0,0,0,0,0,0,0,0,1,1,1,1,0,0,396,395
106120,478,0,0,0,0,0,0,0,0,0,0,0,0,0,0,0,473,472
106121,496,0,0,0,0,0,0,0,0,0,0,0,0,0,0,0,491,490
106122,36,0,0,0,0,2,0,0,0,0,0,0,0,0,0,0,30,30
106123,653,0,0,0,0,1,0,0,0,0,0,0,0,0,0,0,648,647
106124,357,0,0,0,0,4,0,0,0,0,0,0,0,0,0,0,349,348
106125,185,0,0,0,0,2,0,0,0,0,0,0,0,0,0,0,179,179
106126,400,0,2,0,0,1,0,0,0,0,0,0,0,0,0,0,393,392
106127,605,0,0,0,0,2,0,0,0,0,0,0,0,0,0,0,598,597
106128,443,0,0,0,0,11,0,0,0,0,0,0,0,0,0,0,428,427
106129,335,0,0,0,0,1,0,0,0,0,0,0,0,0,0,0,330,329
106130,291,0,0,0,0,2,0,0,0,0,0,0,0,0,0,0,285,284
106131,617,0,0,0,0,5,0,0,0,0,0,0,0,0,0,0,608,607
106132,413,0,0,0,0,0,0,0,0,0,0,0,0,0,0,0,408,407
106133,324,0,0,0,0,0,0,0,0,0,0,0,0,0,0,0,319,318
106134,310,0,0,0,0,1,0,0,0,0,19,21,19,21,0,0,305,304
106135,348,0,1,0,0,2,0,0,0,0,0,0,0,0,0,0,340,339
106136,450,0,0,0,0,1,0,0,0,0,1,1,1,1,0,0,445,444
106137,375,0,0,0,0,4,0,0,0,0,0,0,0,0,0,0,367,366
106138,691,0,0,0,0,2,0,0,0,0,0,0,0,0,0,0,685,684
106139,1039,0,2,0,0,8,0,0,0,0,4,5,4,5,0,0,1024,1023
106140,430,0,0,0,0,0,0,0,0,0,0,0,0,0,0,0,425,424
106141,437,0,0,0,0,1,0,0,0,0,1,1,1,1,0,0,431,430
106142,590,0,0,0,0,0,0,0,0,0,2,2,2,2,0,0,585,584
106143,404,0,1,0,0,0,0,0,0,0,0,0,0,0,0,0,398,397
106144,489,0,0,0,0,2,0,0,0,0,0,0,0,0,0,0,482,481
106145,1502,0,0,0,0,5,0,0,0,0,0,0,0,0,0,0,1493,1492
106146,413,0,0,0,0,1,0,0,0,0,0,0,0,0,0,0,408,407
106147,378,0,0,0,0,1,0,0,0,0,0,0,0,0,0,0,373,372
106148,409,0,0,0,0,0,0,0,0,0,0,0,0,0,0,0,404,403
106149,798,0,0,0,0,3,0,0,0,0,2,2,2,2,0,0,790,789
106150,346,0,0,0,0,0,0,0,0,0,11,11,11,11,0,0,341,340
106151,476,0,0,0,0,1,0,0,0,0,1,1,1,1,0,0,471,470
106152,315,0,0,0,0,0,0,0,0,0,0,0,0,0,0,0,310,309
106153,487,0,0,0,0,1,0,0,0,0,0,0,0,0,0,0,482,481
106154,371,0,0,0,0,1,0,0,0,0,0,0,0,0,0,0,365,364
106155,503,0,0,0,0,0,0,0,0,0,0,0,0,0,0,0,498,497
106156,271,0,0,0,0,3,0,0,0,0,0,0,0,0,0,0,264,264
106157,499,0,1,0,0,1,0,0,0,0,2,2,2,2,0,0,493,492
106158,428,0,0,0,0,3,0,0,0,0,0,0,0,0,0,0,421,421
106159,454,0,0,0,0,2,0,0,0,0,0,0,0,0,0,0,448,447
106160,497,0,0,0,0,0,0,0,0,0,21,21,21,21,0,0,492,491
106161,362,0,0,0,0,1,0,0,0,0,0,0,0,0,0,0,357,356
106162,658,0,2,0,0,0,0,0,0,0,33,33,33,33,0,0,651,650
106163,386,0,0,0,0,0,0,0,0,0,2,2,2,2,0,0,381,380
106164,551,0,0,0,0,0,0,0,0,0,0,0,0,0,0,0,546,545
106165,372,0,0,0,0,2,0,0,0,0,0,0,0,0,0,0,366,366
106166,397,0,0,0,0,1,0,0,0,0,0,0,0,0,0,0,392,391
106167,336,0,0,0,0,1,0,0,0,0,0,0,0,0,0,0,331,330
106168,503,0,1,0,0,2,0,0,0,0,0,0,0,0,0,0,495,494
106169,471,0,0,0,0,0,0,0,0,0,1,1,1,1,0,0,466,465
106170,492,0,2,0,0,0,0,0,0,0,0,0,0,0,0,0,485,484
106171,395,0,0,0,0,0,0,0,0,0,0,0,0,0,0,0,390,389
106172,620,0,1,0,0,2,0,0,0,0,0,0,0,0,0,0,612,611
106173,301,0,0,0,0,2,0,0,0,0,0,0,0,0,0,0,295,295
106174,400,0,0,0,0,0,0,0,0,0,0,0,0,0,0,0,395,394
106175,302,0,0,0,0,1,0,0,0,0,0,0,0,0,0,0,297,296
106176,376,0,0,0,0,1,0,0,0,0,1,1,1,1,0,0,371,370
106177,644,0,0,0,0,4,0,0,0,0,0,0,0,0,0,0,636,635
106178,572,0,0,0,0,0,0,0,0,0,0,0,0,0,0,0,567,566
106179,479,0,0,0,0,2,0,0,0,0,1,1,1,1,0,0,473,473
106180,488,0,0,0,0,0,0,0,0,0,1,1,1,1,0,0,483,482
106181,431,0,0,0,0,1,0,0,0,0,0,0,0,0,0,0,426,425
106182,642,0,2,0,0,0,0,0,0,0,0,0,0,0,0,0,635,634
106183,524,0,0,0,0,1,0,0,0,0,0,0,0,0,0,0,519,518
106184,676,0,0,0,0,0,0,0,0,0,1,1,1,1,0,0,671,670
106185,543,0,1,0,0,1,0,0,0,0,0,0,0,0,0,0,537,536
106186,511,0,0,0,0,1,0,0,0,0,2,2,2,2,0,0,505,504
106187,390,0,0,0,0,1,0,0,0,0,1,1,1,1,0,0,385,384
106188,266,0,0,0,0,2,0,0,0,0,0,0,0,0,0,0,260,259
106189,434,0,0,0,0,0,0,0,0,0,0,0,0,0,0,0,429,428
106190,468,0,0,0,0,1,0,0,0,0,0,0,0,0,0,0,462,461
106191,280,0,1,0,0,0,0,0,0,0,0,0,0,0,0,0,274,273
106192,360,0,0,0,0,1,0,0,0,0,0,0,0,0,0,0,355,354
106193,322,0,1,0,0,0,0,0,0,0,0,0,0,0,0,0,316,315
106194,439,0,1,0,0,1,0,0,0,0,0,0,0,0,0,0,433,432
106195,730,0,4,0,0,2,0,0,0,0,1,1,1,1,0,0,719,718
106196,503,0,0,0,0,1,0,0,0,0,3,3,3,3,0,0,498,497
106197,416,0,1,0,0,1,0,0,0,0,1,1,1,1,0,0,410,409
106198,423,0,0,0,0,0,0,0,0,0,0,0,0,0,0,0,418,417
106199,457,0,0,0,0,0,0,0,0,0,0,0,0,0,0,0,452,451
106200,394,0,0,0,0,0,0,0,0,0,0,0,0,0,0,0,389,388
106201,533,0,0,0,0,2,0,0,0,0,0,0,0,0,0,0,526,525
106202,610,0,2,0,0,5,0,0,0,0,0,0,0,0,0,0,598,597
106203,350,0,0,0,0,0,0,0,0,0,0,0,0,0,0,0,345,344
106204,471,0,0,0,0,0,0,0,0,0,1,1,1,1,0,0,466,465
106205,370,0,0,0,0,3,0,0,0,0,0,0,0,0,0,0,363,362
106206,262,0,0,0,0,0,0,0,0,0,0,0,0,0,0,0,257,256
106207,712,0,5,0,0,0,0,0,0,0,2,2,2,2,0,0,702,701
106208,405,0,0,0,0,1,0,0,0,0,0,0,0,0,0,0,400,399
106209,811,0,0,0,0,0,0,0,0,0,0,0,0,0,0,0,806,805
106210,456,0,0,0,0,0,0,0,0,0,1,1,1,1,0,0,451,450
106211,409,0,0,0,0,2,0,0,0,0,0,0,0,0,0,0,403,402
106212,505,0,5,0,0,0,0,0,0,0,1,1,1,1,0,0,495,494
106213,381,0,0,0,0,0,0,0,0,0,0,0,0,0,0,0,376,375
106214,656,0,0,0,0,0,0,0,0,0,0,0,0,0,0,0,651,650
106215,393,0,0,0,0,0,0,0,0,0,2,2,2,2,0,0,388,387
106216,563,0,0,0,0,1,0,0,0,0,1,1,1,1,0,0,558,557
106217,350,0,0,0,0,2,0,0,0,0,0,0,0,0,0,0,344,343
106218,519,0,0,0,0,18,0,0,0,0,0,0,0,0,0,0,496,495
106219,400,0,0,0,0,1,0,0,0,0,0,0,0,0,0,0,395,394
106221,323,0,0,0,0,0,0,0,0,0,0,0,0,0,0,0,318,317
106222,657,0,0,0,0,0,0,0,0,0,0,0,0,0,0,0,652,651
106223,577,0,0,0,0,3,0,0,0,0,0,0,0,0,0,0,570,569
106224,338,0,1,0,0,1,0,0,0,0,0,0,0,0,0,0,332,331
106225,307,0,1,0,0,0,0,0,0,0,1,1,1,1,0,0,301,300
106226,263,0,0,0,0,3,0,0,0,0,0,0,0,0,0,0,256,255
106227,324,0,0,0,0,1,0,0,0,0,0,0,0,0,0,0,319,318
106228,449,0,0,0,0,1,0,0,0,0,0,0,0,0,0,0,444,443
106229,384,0,0,0,0,0,0,4,0,0,0,0,0,0,0,0,379,378
106230,583,0,0,0,0,1,0,0,0,0,0,0,0,0,0,0,578,577
106231,494,0,0,0,0,1,0,0,0,0,1,1,1,1,0,0,488,487
106232,650,0,0,0,0,0,0,0,0,0,0,0,0,0,0,0,645,644
106233,562,0,0,0,0,0,0,0,0,0,20,20,20,20,0,0,557,556
106234,531,0,0,0,0,1,0,0,0,0,0,0,0,0,0,0,526,525
106235,512,0,1,0,0,2,0,0,0,0,1,1,1,1,0,0,504,503
106236,473,0,0,0,0,1,0,0,0,0,0,0,0,0,0,0,468,467
106237,317,0,0,0,0,2,0,0,0,0,0,0,0,0,0,0,311,311
106238,390,0,0,0,0,0,0,0,0,0,0,0,0,0,0,0,385,384
106239,346,0,0,0,0,2,0,0,0,0,0,0,0,0,0,0,339,338
106240,574,0,0,0,0,1,0,0,0,0,0,0,0,0,0,0,569,568
106241,316,0,0,0,0,1,0,0,0,0,0,0,0,0,0,0,311,310
106242,373,0,0,0,0,0,0,0,0,0,0,0,0,0,0,0,368,367
106243,648,0,1,0,0,0,0,0,0,0,10,10,10,10,0,0,642,641
106244,366,0,0,0,0,0,0,0,0,0,0,0,0,0,0,0,361,360
106245,430,0,0,0,0,1,0,0,0,0,0,0,0,0,0,0,425,424
106246,434,0,0,0,0,0,0,0,0,0,2,2,2,2,0,0,429,428
106247,270,0,0,0,0,3,0,0,0,0,0,0,0,0,0,0,263,262
106248,423,0,0,0,0,1,0,8,0,0,0,0,0,0,0,0,418,417
106249,503,0,0,0,0,0,0,0,0,0,0,0,0,0,0,0,498,497
106250,478,0,0,0,0,1,0,0,0,0,0,0,0,0,0,0,473,472
106251,348,0,0,0,0,0,0,0,0,0,0,0,0,0,0,0,343,342
106252,560,0,0,0,0,6,0,0,0,0,1,1,1,1,0,0,549,548
106253,528,0,0,0,0,1,0,0,0,0,0,0,0,0,0,0,523,522
106254,586,0,0,0,0,2,0,0,0,0,1,1,1,1,0,0,580,580
106255,295,0,0,0,0,2,0,0,0,0,0,0,0,0,0,0,289,289
106256,580,0,0,0,0,1,0,0,0,0,3,3,3,3,0,0,574,573
106257,479,0,0,0,0,1,0,0,0,0,0,0,0,0,0,0,474,473
106258,555,0,0,0,0,0,0,0,0,0,1,1,1,1,0,0,550,549
106259,655,0,0,0,0,0,0,0,0,0,0,0,0,0,0,0,650,649
106260,430,0,0,0,0,1,0,0,0,0,0,0,0,0,0,0,425,424
106261,378,0,0,0,0,1,0,0,0,0,0,0,0,0,0,0,373,372
106262,502,0,0,0,0,0,0,0,0,0,0,0,0,0,0,0,497,496
106263,332,0,1,0,0,1,0,0,0,0,0,0,0,0,0,0,325,324
106264,412,0,2,0,0,1,0,0,0,0,0,0,0,0,0,0,405,404
106265,305,0,0,0,0,0,0,0,0,0,0,0,0,0,0,0,300,299
106266,395,0,0,0,0,0,0,0,0,0,2,2,2,2,0,0,390,389
106267,707,0,0,0,0,0,0,0,0,0,0,0,0,0,0,0,702,701
106268,588,0,4,0,0,1,0,0,0,0,1,1,1,1,1,0,579,577
106269,311,0,0,0,0,1,0,0,0,0,0,0,0,0,0,0,306,305
106270,346,0,0,0,0,0,0,0,0,0,0,0,0,0,0,0,341,340
106271,446,0,1,0,0,2,0,0,0,0,0,0,0,0,0,0,439,438
106272,548,0,0,0,0,1,0,0,0,0,0,0,0,0,0,0,543,542
106273,574,0,0,0,0,0,0,0,0,0,0,0,0,0,0,0,569,568
106274,327,0,0,0,0,2,0,0,0,0,0,0,0,0,0,0,321,321
106275,420,0,0,0,0,0,0,0,0,0,0,0,0,0,0,0,415,414
106276,481,0,0,0,0,0,0,0,0,0,0,0,0,0,0,0,476,475
106277,398,0,0,0,0,1,0,0,0,0,0,0,0,0,0,0,393,392
106278,290,0,0,0,0,2,0,0,0,0,0,0,0,0,0,0,284,283
106279,378,0,0,0,0,1,0,0,0,0,0,0,0,0,0,0,373,372
106280,260,0,1,0,0,2,0,0,0,0,0,0,0,0,0,0,253,253
106281,480,0,0,0,0,4,0,0,0,0,0,0,0,0,0,0,472,471
106282,297,0,0,0,0,2,0,0,0,0,0,0,0,0,0,0,291,291
106283,427,0,0,0,0,0,0,0,0,0,0,0,0,0,0,0,422,421
106284,346,0,0,0,0,1,0,0,0,0,0,0,0,0,0,0,341,340
106285,537,0,0,0,0,0,0,0,0,0,1,1,1,1,0,0,532,531
106286,451,0,0,0,0,4,0,0,0,0,0,0,0,0,0,0,443,442
106287,508,0,0,0,0,1,0,0,0,0,0,0,0,0,0,0,503,502
106288,328,0,0,0,0,2,0,0,0,0,0,0,0,0,0,0,322,322
106289,552,0,1,0,0,0,0,0,0,0,1,1,1,1,0,0,546,545
106290,483,0,0,0,0,0,0,0,0,0,0,0,0,0,0,0,478,477
106291,390,0,0,0,0,2,0,0,0,0,0,0,0,0,0,0,384,384
106292,313,0,0,0,0,0,0,0,0,0,0,0,0,0,0,0,308,307
106293,351,0,0,0,0,0,0,0,0,0,0,0,0,0,0,0,346,345
106294,255,0,0,0,0,1,0,0,0,0,0,0,0,0,0,0,250,249
106295,537,0,0,0,0,0,0,0,0,0,1,1,1,1,0,0,532,531
106296,707,0,0,0,0,3,0,7,0,0,1,1,1,1,0,0,700,699
106297,368,0,0,0,0,1,0,0,0,0,0,0,0,0,0,0,363,362
106298,471,0,0,0,0,0,0,0,0,0,1,1,1,1,0,0,466,465
106299,844,0,0,0,0,2,0,0,0,0,0,0,0,0,0,0,838,837
106300,437,0,0,0,0,0,0,0,0,0,2,2,2,2,0,0,432,431
106301,262,0,0,0,0,0,0,0,0,0,1,1,1,1,0,0,257,256
106302,416,0,0,0,0,1,0,0,0,0,0,0,0,0,0,0,411,410
106303,740,0,0,0,0,0,0,0,0,0,0,0,0,0,0,0,735,734
106304,351,0,0,0,0,1,0,0,0,0,0,0,0,0,0,0,346,345
106305,685,0,0,0,0,3,0,0,0,0,0,0,0,0,0,0,677,676
106306,273,0,0,0,0,1,0,0,0,0,0,0,0,0,0,0,268,267
106307,452,0,1,0,0,1,0,0,0,0,0,0,0,0,0,0,445,444
106308,660,0,0,0,0,1,0,0,0,0,6,6,6,6,0,0,654,653
106309,429,0,1,0,0,0,0,0,0,0,2,2,2,2,0,0,423,422
106310,458,0,0,0,0,0,0,0,0,0,24,24,24,24,0,0,453,452
106311,395,0,0,0,0,0,0,0,0,0,0,0,0,0,0,0,390,389
106312,363,0,0,0,0,1,0,0,0,0,0,0,0,0,0,0,358,357
106313,349,0,0,0,0,2,0,0,0,0,0,0,0,0,0,0,343,342
106314,363,0,0,0,0,0,0,0,0,0,2,2,2,2,0,0,358,357
106315,490,0,0,0,0,0,0,0,0,0,17,17,17,17,0,0,485,484
106316,355,0,0,0,0,0,0,0,0,0,0,0,0,0,0,0,350,349
106317,363,0,0,0,0,0,0,0,0,0,0,0,0,0,0,0,358,357
106318,394,0,0,0,0,1,0,0,0,0,0,0,0,0,0,0,389,388
106319,221,0,0,0,0,1,0,0,0,0,0,0,0,0,0,0,216,215
106320,403,0,2,0,0,1,0,0,0,0,0,0,0,0,0,0,396,395
106321,417,0,0,0,0,1,0,0,0,0,0,0,0,0,0,0,411,410
106322,599,0,0,0,0,4,0,0,0,0,2,3,2,3,0,0,590,589
106323,372,0,0,0,0,0,0,0,0,0,1,1,1,1,0,0,367,366
106324,459,0,0,0,0,0,0,0,0,0,0,0,0,0,0,0,454,453
106325,339,0,0,0,0,0,0,0,0,0,0,0,0,0,0,0,334,333
106326,386,0,0,0,0,1,0,0,0,0,1,1,1,1,0,0,380,379
106327,450,0,0,0,0,0,0,0,0,0,1,1,1,1,0,0,445,444
106328,479,0,2,0,0,0,0,0,0,0,0,0,0,0,0,0,472,471
106329,566,0,0,0,0,0,0,0,0,0,32,32,32,32,0,0,561,560
106330,343,0,0,0,0,1,0,0,0,0,0,0,0,0,0,0,338,337
106331,340,0,0,0,0,1,0,0,0,0,0,0,0,0,0,0,335,334
106332,596,0,0,0,0,0,0,0,0,0,2,2,2,2,0,0,591,590
106333,365,0,0,0,0,2,0,0,0,0,0,0,0,0,0,0,359,359
106334,422,0,0,0,0,6,0,0,0,0,1,1,1,1,0,0,411,410
106335,335,0,0,0,0,0,0,0,0,0,0,0,0,0,0,0,330,329
106336,375,0,0,0,0,0,0,0,0,0,0,0,0,0,0,0,370,369
106337,479,0,0,0,0,0,0,0,0,0,1,1,1,1,0,0,474,473
106338,379,0,0,0,0,1,0,0,0,0,1,1,1,1,0,0,374,373
106339,581,0,0,0,0,4,0,0,0,0,0,0,0,0,0,0,573,572
106340,359,0,0,0,0,0,0,0,0,0,0,0,0,0,0,0,354,353
106341,585,0,0,0,0,1,0,0,0,0,2,2,2,2,0,0,580,579
106342,509,0,0,0,0,0,0,0,0,0,0,0,0,0,0,0,504,503
106343,306,0,0,0,0,2,0,0,0,0,0,0,0,0,0,0,301,300
106344,454,0,0,0,0,2,0,0,0,0,2,2,2,2,0,0,447,446
106345,427,0,0,0,0,1,0,0,0,0,0,0,0,0,0,0,422,421
106346,348,0,0,0,0,2,0,0,0,0,0,0,0,0,0,0,342,342
106347,264,0,0,0,0,3,0,0,0,0,0,0,0,0,0,0,257,257
106348,437,0,1,0,0,0,0,0,0,0,0,0,0,0,0,0,431,430
106349,394,0,1,0,0,1,0,0,0,0,0,0,0,0,0,0,388,387
106350,317,0,0,0,0,1,0,0,0,0,0,0,0,0,0,0,312,311
106351,394,0,0,0,0,1,0,0,0,0,2,2,2,2,0,0,389,388
106352,451,0,0,0,0,4,0,0,0,0,1,1,1,1,0,0,442,441
106353,448,0,0,0,0,0,0,0,0,0,0,0,0,0,0,0,443,442
106354,340,0,0,0,0,1,0,0,0,0,0,0,0,0,0,0,335,334
106355,609,0,0,0,0,1,0,0,0,0,0,0,0,0,0,0,604,603
106356,308,0,0,0,0,0,0,0,0,0,0,0,0,0,0,0,303,302
106357,644,0,0,0,0,0,0,0,0,0,2,2,2,2,0,0,639,638
106358,262,0,0,0,0,3,0,0,0,0,1,1,1,1,0,0,255,255
106359,26,0,0,0,0,2,0,0,0,0,0,0,0,0,0,0,20,20
106360,564,0,0,0,0,0,0,0,0,0,3,3,3,3,0,0,559,558
106361,277,0,0,0,0,1,0,0,0,0,0,0,0,0,0,0,272,271
106362,393,0,0,0,0,0,0,0,0,0,0,0,0,0,0,0,388,387
106363,395,0,0,0,0,1,0,0,0,0,0,0,0,0,0,0,390,389
106364,346,0,0,0,0,2,0,0,0,0,0,0,0,0,0,0,340,339
106365,548,0,0,0,0,0,0,0,0,0,0,0,0,0,0,0,543,542
106366,587,0,0,0,0,5,0,0,0,0,15,15,15,15,0,0,577,576
106367,413,0,0,0,0,0,0,0,0,0,0,0,0,0,0,0,408,407
106368,629,0,0,0,0,0,0,0,0,0,2,2,2,2,0,0,624,623
106369,279,0,0,0,0,5,0,0,0,0,0,0,0,0,0,0,270,270
106370,426,0,0,0,0,0,0,0,0,0,0,0,0,0,0,0,421,420
106371,488,0,0,0,0,0,0,0,0,0,0,0,0,0,0,0,483,482
106372,396,0,0,0,0,0,0,6,0,0,1,1,1,1,0,0,391,390
106373,475,0,0,0,0,0,0,0,0,0,0,0,0,0,0,0,470,469
106374,413,0,0,0,0,0,0,0,0,0,0,0,0,0,0,0,408,407
106375,417,0,0,0,0,0,0,0,0,0,0,0,0,0,0,0,412,411
106376,548,0,0,0,0,0,0,0,0,0,1,1,1,1,0,0,543,542
106377,304,0,0,0,0,0,0,0,0,0,0,0,0,0,0,0,299,298
106378,433,0,0,0,0,0,0,0,0,0,0,0,0,0,0,0,428,427
106379,535,0,0,0,0,0,0,0,0,0,2,2,2,2,0,0,530,529
106380,414,0,0,0,0,0,0,0,0,0,1,1,1,1,0,0,409,408
106381,424,0,1,0,0,0,0,0,0,0,0,0,0,0,0,0,418,417
106382,378,0,0,0,0,0,0,0,0,0,0,0,0,0,0,0,373,372
106383,484,0,0,0,0,0,0,0,0,0,2,2,2,2,0,0,479,478
106384,379,0,0,0,0,1,0,0,0,0,0,0,0,0,0,0,374,373
106385,545,0,1,0,0,1,0,0,0,0,0,0,0,0,0,0,539,538
106386,765,0,2,0,0,0,0,0,0,0,1,1,1,1,0,0,758,757
106387,372,0,0,0,0,0,0,0,0,0,0,0,0,0,0,0,367,366
106388,528,0,0,0,0,0,0,0,0,0,2,2,2,2,0,0,523,522
106389,535,0,0,0,0,0,0,0,0,0,2,2,2,2,0,0,530,529
106390,457,0,1,0,0,1,0,0,0,0,0,0,0,0,0,0,451,450
106391,618,0,0,0,0,0,0,0,0,0,0,0,0,0,0,0,613,612
106392,548,0,0,0,0,1,0,0,0,0,0,0,0,0,0,0,543,542
106393,421,0,0,0,0,1,0,0,0,0,0,0,0,0,0,0,416,415
106394,501,0,1,0,0,0,0,0,0,0,1,1,1,1,0,0,495,494
106395,482,0,0,0,0,1,0,0,0,0,0,0,0,0,0,0,476,475
106396,392,0,0,0,0,0,0,0,0,0,0,0,0,0,0,0,387,386
106397,324,0,0,0,0,2,0,0,0,0,0,0,0,0,0,0,318,318
106398,333,0,0,0,0,0,0,0,0,0,0,0,0,0,0,0,328,327
106399,697,0,3,0,0,4,0,0,0,0,0,0,0,0,0,0,685,684
106400,380,0,0,0,0,1,0,0,0,0,1,1,1,1,0,0,375,374
106401,49,0,0,0,0,2,0,0,0,0,0,0,0,0,0,0,43,43
106402,328,0,0,0,0,1,0,7,0,0,0,0,0,0,0,0,323,322
106403,670,0,4,0,0,4,0,0,0,0,0,0,0,0,0,0,658,657
106404,455,0,0,0,0,0,0,0,0,0,1,1,1,1,0,0,450,449
106405,734,0,0,0,0,0,0,0,0,0,1,1,1,1,0,0,729,728
106406,53,0,0,0,0,2,0,0,0,0,0,0,0,0,0,0,47,47
106407,525,0,0,0,0,0,0,0,0,0,1,1,1,1,0,0,520,519
106408,495,0,0,0,0,2,0,0,0,0,0,0,0,0,0,0,488,487
106409,344,0,0,0,0,1,0,0,0,0,0,0,0,0,0,0,339,338
106410,523,0,1,0,0,4,0,0,0,0,1,1,1,1,0,0,513,512
106411,512,0,0,0,0,1,0,0,0,0,0,0,0,0,0,0,507,506
106412,406,0,0,0,0,0,0,0,0,0,1,1,1,1,0,0,401,400
106413,499,0,0,0,0,1,0,0,0,0,15,15,15,15,0,0,494,493
106414,550,0,0,0,0,0,0,0,0,0,0,0,0,0,0,0,545,544
106415,599,0,0,0,0,0,0,0,0,0,1,1,1,1,0,0,594,593
106416,440,0,1,0,0,0,0,0,0,0,0,0,0,0,0,0,434,433
106417,485,0,0,0,0,5,0,0,0,0,0,0,0,0,0,0,476,475
106418,514,0,0,0,0,1,0,0,0,0,0,0,0,0,0,0,508,507
106419,398,0,1,0,0,1,0,0,0,0,0,0,0,0,0,0,392,391
106420,459,0,0,0,0,2,0,0,0,0,0,0,0,0,0,0,453,452
106421,407,0,0,0,0,1,0,0,0,0,0,0,0,0,0,0,402,401
106422,549,0,0,0,0,0,0,0,0,0,1,1,1,1,0,0,544,543
106423,265,0,0,0,0,1,0,0,0,0,0,0,0,0,0,0,260,259
106424,401,0,2,0,0,1,0,0,0,0,0,0,0,0,0,0,394,393
106425,543,0,0,0,0,0,0,0,0,0,1,1,1,1,0,0,538,537
106426,454,0,1,0,0,24,0,0,0,0,1,1,1,1,0,0,425,424
106427,540,0,0,0,0,1,0,0,0,0,0,0,0,0,0,0,534,533
106428,555,0,0,0,0,1,0,8,0,0,36,36,35,35,0,0,550,549
106429,323,0,0,0,0,0,0,0,0,0,0,0,0,0,0,0,318,317
106430,523,0,0,0,0,0,0,0,0,0,0,0,0,0,0,0,518,517
106431,442,0,0,0,0,1,0,0,0,0,0,0,0,0,0,0,437,436
106432,424,0,0,0,0,3,0,0,0,0,0,0,0,0,0,0,417,416
106433,397,0,1,0,0,0,0,0,0,0,0,0,0,0,0,0,391,390
106434,409,0,0,0,0,0,0,0,0,0,0,0,0,0,0,0,404,403
106435,350,0,0,0,0,2,0,0,0,0,0,0,0,0,0,0,344,344
106436,434,0,0,0,0,0,0,5,0,0,1,1,1,1,0,0,429,428
106437,253,0,0,0,0,0,0,0,0,0,0,0,0,0,0,0,248,247
106438,568,0,0,0,0,0,0,0,0,0,1,1,1,1,0,0,563,562
106440,454,0,0,0,0,1,0,0,0,0,0,0,0,0,0,0,449,448
106441,464,0,0,0,0,0,0,0,0,0,0,0,0,0,0,0,459,458
106442,383,0,0,0,0,5,0,0,0,0,0,0,0,0,0,0,374,373
106444,462,0,0,0,0,1,0,0,0,0,0,0,0,0,0,0,457,456
106445,303,0,0,0,0,2,0,0,0,0,0,0,0,0,0,0,297,297
106446,442,0,0,0,0,0,0,0,0,0,0,0,0,0,0,0,437,436
106447,493,0,2,0,0,1,0,0,0,0,3,3,3,3,0,0,485,484
106448,449,0,0,0,0,1,0,0,0,0,0,0,0,0,0,0,444,443
106449,465,0,0,0,0,1,0,0,0,0,0,0,0,0,0,0,460,459
106450,361,0,0,0,0,1,0,0,0,0,0,0,0,0,0,0,356,355
106451,352,0,0,0,0,1,0,0,0,0,0,0,0,0,0,0,347,346
106452,776,0,0,0,0,1,0,0,0,0,0,0,0,0,0,0,770,769
106453,486,0,2,0,0,0,0,0,0,0,0,0,0,0,0,0,479,478
106454,363,0,0,0,0,0,0,0,0,0,0,0,0,0,0,0,358,357
106455,593,0,4,0,0,7,0,0,0,0,0,0,0,0,0,0,578,577
106456,500,0,0,0,0,0,0,0,0,0,1,1,1,1,0,0,495,494
106457,406,0,0,0,0,1,0,0,0,0,0,0,0,0,0,0,401,400
106458,397,0,0,0,0,0,0,0,0,0,1,1,1,1,0,0,392,391
106459,371,0,0,0,0,1,0,0,0,0,0,0,0,0,0,0,366,365
106460,337,0,1,0,0,1,0,0,0,0,0,0,0,0,0,0,331,330
106461,492,0,3,0,0,11,0,0,0,0,0,0,0,0,0,0,474,473
106462,434,0,0,0,0,1,0,0,0,0,0,0,0,0,0,0,429,428
106463,393,0,0,0,0,0,0,0,0,0,0,0,0,0,0,0,388,387
106464,471,0,1,0,0,0,0,0,0,0,2,2,2,2,0,0,465,464
106465,314,0,0,0,0,1,0,0,0,0,0,0,0,0,0,0,309,308
106466,333,0,0,0,0,1,0,0,0,0,0,0,0,0,0,0,328,327
106467,524,0,0,0,0,0,0,0,0,0,0,0,0,0,0,0,519,518
106468,741,0,0,0,0,0,0,0,0,0,67,67,67,67,0,0,736,735
106469,376,0,0,0,0,1,0,0,0,0,0,0,0,0,0,0,371,370
106470,503,0,0,0,0,2,0,0,0,0,3,3,3,3,0,0,496,495
106471,530,0,0,0,0,0,0,0,0,0,1,1,1,1,0,0,525,524
106472,386,0,0,0,0,6,0,0,0,0,0,0,0,0,0,0,376,375
106473,63,0,0,0,0,2,0,0,0,0,0,0,0,0,0,0,57,57
106474,665,0,0,0,0,3,0,0,0,0,2,2,2,2,0,0,657,656
106475,513,0,0,0,0,1,0,0,0,0,1,1,1,1,0,0,508,507
106476,403,0,0,0,0,0,0,0,0,0,0,0,0,0,0,0,398,397
106477,338,0,0,0,0,0,0,0,0,0,0,0,0,0,0,0,333,332
106478,26,0,0,0,0,2,0,0,0,0,0,0,0,0,0,0,20,20
106479,473,0,0,0,0,0,0,0,0,0,1,1,1,1,0,0,468,467
106480,491,0,0,0,0,0,0,0,0,0,0,0,0,0,0,0,486,485
106481,367,0,0,0,0,0,0,0,0,0,1,1,1,1,0,0,362,361
106482,376,0,0,0,0,0,0,0,0,0,0,0,0,0,0,0,371,370
106483,245,0,0,0,0,2,0,5,0,0,1,1,1,1,0,0,239,239
106484,441,0,0,0,0,0,0,0,0,0,2,2,2,2,0,0,436,435
106485,472,0,0,0,0,0,0,0,0,0,0,0,0,0,0,0,467,466
106486,364,0,0,0,0,1,0,0,0,0,0,0,0,0,0,0,359,358
106487,354,0,1,0,0,0,0,0,0,0,1,1,1,1,0,0,348,347
106488,429,0,0,0,0,1,0,0,0,0,0,0,0,0,0,0,424,423
106489,334,0,0,0,0,0,0,0,0,0,0,0,0,0,0,0,329,328
106490,377,0,0,0,0,1,0,0,0,0,0,0,0,0,0,0,372,371
106491,460,0,0,0,0,1,0,0,0,0,0,0,0,0,0,0,455,454
106492,514,0,0,0,0,0,0,0,0,0,2,2,2,2,0,0,509,508
106493,499,0,0,0,0,0,0,0,0,0,0,0,0,0,0,0,494,493
106494,224,0,0,0,0,2,0,0,0,0,0,0,0,0,0,0,218,218
106495,413,0,0,0,0,1,0,0,0,0,0,0,0,0,0,0,407,406
106496,450,0,0,0,0,0,0,7,0,0,18,18,18,18,0,0,445,444
106497,536,0,0,0,0,0,0,0,0,0,2,2,2,2,0,0,531,530
106498,405,0,0,0,0,2,0,0,0,0,1,1,1,1,0,0,399,398
106499,433,0,1,0,0,0,0,0,0,0,1,1,1,1,0,0,427,426
106500,418,0,0,0,0,0,0,0,0,0,0,0,0,0,0,0,413,412
106501,308,0,2,0,0,3,0,0,0,0,0,0,0,0,0,0,299,299
106502,396,0,0,0,0,1,0,0,0,0,0,0,0,0,0,0,391,390
106503,808,0,0,0,0,5,0,0,0,0,0,0,0,0,0,0,799,798
106504,456,0,0,0,0,1,0,0,0,0,0,0,0,0,0,0,451,450
106505,619,0,0,0,0,3,0,0,0,0,0,0,0,0,0,0,612,611
106506,618,0,0,0,0,2,0,0,0,0,20,20,20,20,0,0,611,610
106507,422,0,0,0,0,0,0,0,0,0,0,0,0,0,0,0,417,416
106508,391,0,0,0,0,0,0,0,0,0,0,0,0,0,0,0,386,385
106509,445,0,0,0,0,0,0,0,0,0,1,1,1,1,0,0,440,439
106510,565,0,0,0,0,2,0,0,0,0,0,0,0,0,0,0,559,558
106511,442,0,0,0,0,2,0,0,0,0,0,0,0,0,0,0,435,434
106512,374,0,0,0,0,1,0,0,0,0,0,0,0,0,0,0,369,368
106513,336,0,0,0,0,1,0,0,0,0,0,0,0,0,0,0,330,329
106514,426,0,0,0,0,4,0,0,0,0,6,6,6,6,0,0,418,417
106515,347,0,0,0,0,0,0,6,0,0,0,0,0,0,0,0,342,341
106516,285,0,1,0,0,1,0,0,0,0,0,0,0,0,0,0,279,278
106517,502,0,0,0,0,0,0,0,0,0,1,1,1,1,0,0,497,496
106518,575,0,0,0,0,1,0,0,0,0,0,0,0,0,0,0,569,568
106519,440,0,0,0,0,1,0,0,0,0,0,0,0,0,0,0,434,433
106520,358,0,1,0,0,1,0,0,0,0,0,0,0,0,0,0,351,350
106521,432,0,1,0,0,1,0,0,0,0,0,0,0,0,0,0,426,425
106522,508,0,0,0,0,0,0,0,0,0,0,0,0,0,0,0,503,502
106523,376,0,0,0,0,0,0,0,0,0,1,1,1,1,0,0,371,370
106524,280,0,0,0,0,3,0,0,0,0,0,0,0,0,0,0,273,272
106525,460,0,0,0,0,1,0,0,0,0,21,21,21,21,0,0,455,454
106526,427,0,0,0,0,2,0,0,0,0,1,1,1,1,0,0,420,419
106527,649,0,0,0,0,0,0,0,0,0,2,2,2,2,0,0,644,643
106528,402,0,1,0,0,0,0,0,0,0,0,0,0,0,0,0,396,395
106529,442,0,0,0,0,1,0,0,0,0,1,1,1,1,0,0,437,436
106530,429,0,0,0,0,0,0,0,0,0,0,0,0,0,0,0,424,423
106531,634,0,0,0,0,0,0,0,0,0,2,2,2,2,0,0,629,628
106532,665,0,0,0,0,1,0,0,0,0,63,63,63,63,0,0,659,658
106533,572,0,0,0,0,1,0,0,0,0,0,0,0,0,0,0,567,566
106534,454,0,0,0,0,1,0,0,0,0,1,1,1,1,0,0,449,448
106535,771,0,0,0,0,0,0,0,0,0,1,1,1,1,0,0,766,765
106536,479,0,0,0,0,1,0,0,0,0,0,0,0,0,0,0,474,473
106537,445,0,0,0,0,1,0,0,0,0,0,0,0,0,0,0,440,439
106538,418,0,0,0,0,7,0,0,0,0,0,0,0,0,0,0,407,406
106539,341,0,0,0,0,0,0,0,0,0,2,2,2,2,0,0,336,335
106540,505,0,0,0,0,1,0,0,0,0,1,1,1,1,0,0,499,498
106541,708,0,0,0,0,0,0,0,0,0,1,1,1,1,0,0,703,702
106542,528,0,0,0,0,1,0,0,0,0,0,0,0,0,0,0,522,521
106543,415,0,0,0,0,0,0,0,0,0,0,0,0,0,0,0,410,409
106544,340,0,0,0,0,1,0,0,0,0,0,0,0,0,0,0,335,334
106545,344,0,0,0,0,3,0,0,0,0,0,0,0,0,0,0,336,335
106546,396,0,1,0,0,0,0,0,0,0,0,0,0,0,0,0,390,389
106547,782,0,0,0,0,3,0,0,0,0,17,17,17,17,0,0,774,773
106548,555,0,0,0,0,0,0,0,0,0,1,1,1,1,0,0,550,549
106549,627,0,0,0,0,0,0,0,0,0,0,0,0,0,0,0,622,621
106550,468,0,1,0,0,1,0,0,0,0,0,0,0,0,0,0,462,461
106551,445,0,0,0,0,1,0,0,0,0,0,0,0,0,0,0,440,439
106552,355,0,0,0,0,2,0,0,0,0,0,0,0,0,0,0,349,348
106553,412,0,0,0,0,1,0,0,0,0,0,0,0,0,0,0,407,406
106554,641,0,2,0,0,2,0,0,0,0,0,0,0,0,0,0,632,631
106555,474,0,0,0,0,1,0,0,0,0,0,0,0,0,0,0,469,468
106556,269,0,0,0,0,1,0,0,0,0,0,0,0,0,0,0,264,263
106557,330,0,0,0,0,2,0,0,0,0,0,0,0,0,0,0,324,324
106558,367,0,0,0,0,0,0,0,0,0,0,0,0,0,0,0,362,361
106559,314,0,0,0,0,2,0,0,0,0,0,0,0,0,0,0,308,308
106560,379,0,0,0,0,0,0,0,0,0,2,2,2,2,0,0,374,373
106561,337,0,0,0,0,8,0,0,0,0,1,1,1,1,0,0,324,323
106562,526,0,0,0,0,0,0,0,0,0,2,2,2,2,0,0,521,520
106563,554,0,0,0,0,0,0,0,0,0,1,1,1,1,0,0,549,548
106564,447,0,0,0,0,1,0,0,0,0,0,0,0,0,0,0,442,441
106565,524,0,0,0,0,0,0,0,0,0,2,2,2,2,0,0,519,518
106567,361,0,0,0,0,3,0,0,0,0,0,0,0,0,0,0,354,353
106568,304,0,0,0,0,1,0,0,0,0,0,0,0,0,0,0,299,298
106569,543,0,0,0,0,0,0,0,0,0,0,0,0,0,0,0,538,537
106570,444,0,0,0,0,0,0,0,0,0,0,0,0,0,0,0,439,438
106571,404,0,0,0,0,0,0,0,0,0,0,0,0,0,0,0,399,398
106572,509,0,0,0,0,3,0,0,0,0,0,0,0,0,0,0,502,501
106573,42,0,0,0,0,2,0,0,0,0,0,0,0,0,0,0,36,36
106574,410,0,0,0,0,1,0,0,0,0,0,0,0,0,0,0,405,404
106575,362,0,0,0,0,0,0,0,0,0,0,0,0,0,0,0,357,356
106576,393,0,0,0,0,1,0,0,0,0,0,0,0,0,0,0,388,387
106577,362,0,0,0,0,0,0,0,0,0,0,0,0,0,0,0,357,356
106578,963,0,0,0,0,2,0,0,0,0,1,1,1,1,0,0,956,955
106579,395,0,0,0,0,1,0,0,0,0,0,0,0,0,0,0,390,389
106580,319,0,0,0,0,0,0,0,0,0,0,0,0,0,0,0,314,313
106581,268,0,0,0,0,2,0,0,0,0,0,0,0,0,0,0,262,262
106582,407,0,0,0,0,0,0,0,0,0,1,1,1,1,0,0,402,401
106583,343,0,1,0,0,0,0,0,0,0,0,0,0,0,0,0,337,336
106584,431,0,0,0,0,0,0,0,0,0,0,0,0,0,0,0,426,425
106585,467,0,0,0,0,1,0,0,0,0,1,1,1,1,0,0,461,460
106586,625,0,0,0,0,0,0,0,0,0,0,0,0,0,0,0,620,619
106587,55,0,0,0,0,2,0,0,0,0,0,0,0,0,0,0,49,49
106588,489,0,0,0,0,1,0,0,0,0,0,0,0,0,0,0,484,483
106589,614,0,1,0,0,1,0,0,0,0,0,0,0,0,0,0,608,607
106590,318,0,0,0,0,1,0,0,0,0,0,0,0,0,0,0,313,312
106591,583,0,0,0,0,1,0,0,0,0,0,0,0,0,0,0,578,577
106592,305,0,0,0,0,2,0,0,0,0,0,0,0,0,0,0,299,298
106593,312,0,0,0,0,0,0,0,0,0,1,1,1,1,0,0,307,306
106594,443,0,0,0,0,0,0,0,0,0,0,0,0,0,0,0,438,437
106595,429,0,0,0,0,0,0,0,0,0,0,0,0,0,0,0,424,423
106596,399,0,0,0,0,0,0,0,0,0,2,2,2,2,0,0,394,393
106597,499,0,0,0,0,1,0,0,0,0,2,2,2,2,0,0,493,492
106598,393,0,0,0,0,0,0,0,0,0,0,0,0,0,0,0,388,387
106599,679,0,0,0,0,0,0,0,0,0,0,0,0,0,0,0,674,673
106600,353,0,0,0,0,0,0,0,0,0,0,0,0,0,0,0,348,347
106601,264,0,0,0,0,2,0,0,0,0,0,0,0,0,0,0,258,258
106602,292,0,0,0,0,0,0,0,0,0,0,0,0,0,0,0,287,286
106603,596,0,0,0,0,2,0,0,0,0,1,1,1,1,0,0,589,588
106604,519,0,0,0,0,0,0,0,0,0,1,1,1,1,0,0,514,513
106605,51,0,0,0,0,2,0,0,0,0,0,0,0,0,0,0,45,45
106606,317,0,0,0,0,1,0,0,0,0,0,0,0,0,0,0,312,311
106607,456,0,1,0,0,0,0,0,0,0,0,0,0,0,0,0,450,449
106608,357,0,0,0,0,1,0,0,0,0,2,2,2,2,0,0,352,351
106609,612,0,0,0,0,1,0,0,0,0,1,1,1,1,0,0,606,605
106610,329,0,0,0,0,1,0,0,0,0,0,0,0,0,0,0,324,323
106611,543,0,0,0,0,3,0,0,0,0,0,0,0,0,0,0,536,535
106612,494,0,0,0,0,0,0,0,0,0,0,0,0,0,0,0,489,488
106613,449,0,0,0,0,0,0,0,0,0,0,0,0,0,0,0,444,443
106614,754,0,0,0,0,0,0,0,0,0,2,2,2,2,0,0,749,748
106615,935,0,0,0,0,1,0,0,0,0,0,0,0,0,0,0,930,929
106616,288,0,0,0,0,0,0,0,0,0,1,1,1,1,0,0,283,282
106617,405,0,0,0,0,0,0,0,0,0,0,0,0,0,0,0,400,399
106618,383,0,0,0,0,0,0,0,0,0,0,0,0,0,0,0,378,377
106619,408,0,1,0,0,1,0,0,0,0,0,0,0,0,0,0,402,401
106620,350,0,0,0,0,0,0,0,0,0,0,0,0,0,0,0,345,344
106621,402,0,1,0,0,1,0,0,0,0,0,0,0,0,0,0,395,394
106622,332,0,0,0,0,0,0,0,0,0,0,0,0,0,0,0,327,326
106623,70,0,0,0,0,2,0,0,0,0,0,0,0,0,0,0,64,64
106625,529,0,0,0,0,0,0,0,0,0,1,2,1,2,0,0,524,523
106626,326,0,0,0,0,2,0,0,0,0,0,0,0,0,0,0,320,320
106627,443,0,0,0,0,0,0,0,0,0,0,0,0,0,0,0,438,437
106628,368,0,1,0,0,1,0,0,0,0,0,0,0,0,0,0,362,361
106629,432,0,0,0,0,2,0,0,0,0,0,0,0,0,0,0,426,426
106630,381,0,0,0,0,3,0,0,0,0,0,0,0,0,0,0,374,373
106631,834,0,1,0,0,4,0,0,0,0,0,0,0,0,0,0,824,823
106632,490,0,0,0,0,0,0,0,0,0,1,1,1,1,0,0,485,484
106633,1160,0,0,0,0,5,0,0,0,0,3,3,3,3,0,0,1150,1149
106634,348,0,0,0,0,0,0,0,0,0,1,1,1,1,0,0,343,342
106635,539,0,0,0,0,0,0,0,0,0,1,1,1,1,0,0,534,533
106636,315,0,0,0,0,1,0,0,0,0,0,0,0,0,0,0,310,309
106637,349,0,0,0,0,0,0,0,0,0,0,0,0,0,0,0,344,343
106638,352,0,0,0,0,0,0,0,0,0,0,0,0,0,0,0,347,346
106639,262,0,0,0,0,2,0,0,0,0,0,0,0,0,0,0,256,256
106640,488,0,0,0,0,1,0,0,0,0,0,0,0,0,0,0,483,482
106641,486,0,0,0,0,1,0,0,0,0,0,0,0,0,0,0,481,480
106642,331,0,0,0,0,0,0,0,0,0,0,0,0,0,0,0,326,325
106643,251,0,0,0,0,1,0,0,0,0,0,0,0,0,0,0,246,245
106644,472,0,0,0,0,0,0,0,0,0,1,1,1,1,0,0,467,466
106645,700,0,0,0,0,0,0,0,0,0,1,1,1,1,0,0,695,694
106646,341,0,0,0,0,1,0,0,0,0,0,0,0,0,0,0,336,335
106647,447,0,1,0,0,0,0,0,0,0,0,0,0,0,0,0,441,440
106648,394,0,1,0,0,0,0,0,0,0,0,0,0,0,0,0,388,387
106649,463,0,0,0,0,2,0,0,0,0,1,1,1,1,0,0,456,455
106650,465,0,2,0,0,0,0,0,0,0,0,0,0,0,0,0,458,457
106651,568,0,0,0,0,11,0,5,0,0,0,0,0,0,0,0,553,552
106652,601,0,0,0,0,12,0,0,0,0,2,2,2,2,0,0,584,583
106653,353,0,0,0,0,1,0,0,0,0,0,0,0,0,0,0,348,347
106654,380,0,0,0,0,0,0,0,0,0,0,0,0,0,0,0,375,374
106655,618,0,0,0,0,6,0,0,0,0,1,1,1,1,0,0,608,607
106656,614,0,2,0,0,0,0,0,0,0,0,0,0,0,0,0,607,606
106657,631,0,0,0,0,1,0,0,0,0,1,1,1,1,0,0,625,624
106658,500,0,0,0,0,9,0,0,0,0,0,0,0,0,0,0,486,485
106659,599,0,0,0,0,1,0,0,0,0,1,1,1,1,0,0,594,593
106660,353,0,0,0,0,1,0,0,0,0,0,0,0,0,0,0,348,347
106661,286,0,0,0,0,1,0,0,0,0,0,0,0,0,0,0,281,280
106662,503,0,0,0,0,1,0,0,0,0,0,0,0,0,0,0,498,497
106663,324,0,0,0,0,0,0,0,0,0,0,0,0,0,0,0,319,318
106664,300,0,0,0,0,0,0,0,0,0,0,0,0,0,0,0,295,294
106665,306,0,0,0,0,0,0,0,0,0,1,1,1,1,0,0,301,300
106666,563,0,0,0,0,0,0,0,0,0,0,0,0,0,0,0,558,557
106667,179,0,0,0,0,1,0,0,0,0,0,0,0,0,0,0,174,173
106668,336,0,0,0,0,1,0,0,0,0,0,0,0,0,0,0,331,330
106669,427,0,0,0,0,0,0,0,0,0,0,0,0,0,0,0,422,421
106670,386,0,0,0,0,1,0,0,0,0,0,0,0,0,0,0,381,380
106671,457,0,0,0,0,0,0,0,0,0,1,1,1,1,0,0,452,451
106672,522,0,0,0,0,0,0,0,0,0,1,1,1,1,0,0,517,516
106673,742,0,3,0,0,1,0,0,0,0,0,0,0,0,0,0,734,733
106674,336,0,0,0,0,1,0,0,0,0,0,0,0,0,0,0,331,330
106675,475,0,0,0,0,5,0,0,0,0,0,0,0,0,0,0,466,465
106676,344,0,0,0,0,1,0,0,0,0,0,0,0,0,0,0,339,338
106677,534,0,0,0,0,1,0,0,0,0,22,23,22,23,0,0,529,528
106678,515,0,0,0,0,1,0,0,0,0,0,0,0,0,0,0,510,509
106679,414,0,0,0,0,1,0,0,0,0,0,0,0,0,0,0,409,408
106680,584,0,1,0,0,2,0,0,0,0,0,0,0,0,0,0,576,575
106681,480,0,1,0,0,0,0,0,0,0,0,0,0,0,0,0,474,473
106682,506,0,2,0,0,1,0,5,0,0,0,0,0,0,0,0,498,497
106683,529,0,0,0,0,1,0,0,0,0,0,0,0,0,0,0,524,523
106684,305,0,0,0,0,0,0,0,0,0,0,0,0,0,0,0,300,299
106685,271,0,0,0,0,1,0,0,0,0,0,0,0,0,0,0,266,265
106686,329,0,0,0,0,1,0,0,0,0,0,0,0,0,0,0,324,323
106687,521,0,0,0,0,2,0,0,0,0,0,0,0,0,0,0,514,513
106688,226,0,0,0,0,2,0,0,0,0,0,0,0,0,0,0,220,220
106689,439,0,0,0,0,0,0,0,0,0,3,3,3,3,0,0,434,433
106690,411,0,2,0,0,0,0,0,0,0,0,0,0,0,0,0,404,403
106691,388,0,0,0,0,1,0,0,0,0,0,0,0,0,0,0,383,382
106692,495,0,0,0,0,0,0,0,0,0,1,1,1,1,0,0,490,489
106693,809,0,0,0,0,0,0,0,0,0,2,2,2,2,0,0,804,803
106694,399,0,0,0,0,1,0,0,0,0,0,0,0,0,0,0,394,393
106695,387,0,0,0,0,1,0,0,0,0,1,1,1,1,0,0,382,381
106696,278,0,0,0,0,1,0,0,0,0,0,0,0,0,0,0,273,272
106697,274,0,1,0,0,1,0,0,0,0,0,0,0,0,0,0,268,267
106698,371,0,0,0,0,0,0,0,0,0,1,1,1,1,0,0,366,365
106699,416,0,0,0,0,1,0,0,0,0,0,0,0,0,0,0,410,409
106700,360,0,0,0,0,2,0,0,0,0,0,0,0,0,0,0,354,354
106701,367,0,0,0,0,1,0,0,0,0,0,0,0,0,0,0,362,361
106702,424,0,2,0,0,1,0,0,0,0,0,0,0,0,0,0,417,416
106703,341,0,0,0,0,2,0,0,0,0,0,0,0,0,0,0,335,335
106704,487,0,0,0,0,0,0,0,0,0,1,1,1,1,0,0,482,481
106705,617,0,0,0,0,0,0,0,0,0,1,1,1,1,0,0,612,611
106706,517,0,0,0,0,1,0,0,0,0,1,1,1,1,0,0,511,510
106707,474,0,0,0,0,4,0,0,0,0,0,0,0,0,0,0,465,464
106708,337,0,1,0,0,1,0,0,0,0,0,0,0,0,0,0,331,330
106709,342,0,0,0,0,0,0,0,0,0,0,0,0,0,0,0,337,336
106710,573,0,0,0,0,0,0,0,0,0,0,0,0,0,0,0,568,567
106711,32,0,0,0,0,2,0,0,0,0,0,0,0,0,0,0,26,26
106712,461,0,0,0,0,2,0,0,0,0,1,1,1,1,0,0,454,453
106713,333,0,0,0,0,0,0,0,0,0,0,0,0,0,0,0,328,327
106714,713,0,1,0,0,0,0,0,0,0,2,2,2,2,0,0,707,706
106715,431,0,0,0,0,0,0,0,0,0,0,0,0,0,0,0,426,425
106716,486,0,0,0,0,0,0,0,0,0,0,0,0,0,0,0,481,480
106717,361,0,0,0,0,0,0,0,0,0,0,0,0,0,0,0,356,355
106718,465,0,0,0,0,1,0,0,0,0,1,1,1,1,0,0,460,459
106719,441,0,0,0,0,1,0,0,0,0,0,0,0,0,0,0,436,435
106720,422,0,0,0,0,0,0,0,0,0,0,0,0,0,0,0,417,416
106721,625,0,0,0,0,1,0,0,0,0,0,0,0,0,0,0,620,619
106722,385,0,0,0,0,1,0,0,0,0,0,0,0,0,0,0,380,379
106723,380,0,0,0,0,1,0,0,0,0,0,0,0,0,0,0,375,374
106724,586,0,0,0,0,0,0,0,0,0,1,1,1,1,0,0,581,580
106725,354,0,0,0,0,1,0,0,0,0,0,0,0,0,0,0,349,348
106726,409,0,0,0,0,5,0,0,0,0,0,0,0,0,0,0,400,399
106727,448,0,1,0,0,0,0,0,0,0,0,0,0,0,0,0,442,441
106728,349,0,0,0,0,2,0,0,0,0,1,1,1,1,0,0,343,343
106729,370,0,0,0,0,1,0,0,0,0,0,0,0,0,0,0,365,364
106730,369,0,0,0,0,1,0,0,0,0,0,0,0,0,0,0,364,363
106731,526,0,0,0,0,5,0,0,0,0,0,0,0,0,0,0,517,516
106732,572,0,0,0,0,0,0,0,0,0,1,1,1,1,0,0,567,566
106733,502,0,0,0,0,1,0,0,0,0,1,1,1,1,0,0,497,496
106734,334,0,3,0,0,1,0,0,0,0,10,11,10,11,0,0,326,325
106735,451,0,0,0,0,0,0,0,0,0,0,0,0,0,0,0,446,445
106736,343,0,0,0,0,0,0,0,0,0,0,0,0,0,0,0,338,337
106737,670,0,0,0,0,0,0,0,0,0,2,2,2,2,0,0,665,664
106738,87,0,2,0,0,2,0,0,0,0,0,0,0,0,0,0,79,79
106739,403,0,0,0,0,0,0,0,0,0,0,0,0,0,0,0,398,397
106740,342,0,0,0,0,2,0,0,0,0,0,0,0,0,0,0,336,335
106741,436,0,1,0,0,2,0,0,0,0,0,0,0,0,0,0,429,429
106742,273,0,0,0,0,0,0,0,0,0,0,0,0,0,0,0,268,267
106743,510,0,0,0,0,0,0,0,0,0,1,1,1,1,0,0,505,504
106744,406,0,0,0,0,0,0,0,0,0,0,0,0,0,0,0,401,400
106745,502,0,0,0,0,1,0,0,0,0,1,1,1,1,0,0,496,495
106746,365,0,0,0,0,1,0,0,0,0,0,0,0,0,0,0,360,359
106747,626,0,1,0,0,3,0,0,0,0,0,0,0,0,0,0,618,617
106748,278,0,0,0,0,1,0,0,0,0,0,0,0,0,0,0,273,272
106749,413,0,0,0,0,1,0,0,0,0,0,0,0,0,0,0,408,407
106750,500,0,0,0,0,0,0,0,0,0,0,0,0,0,0,0,495,494
106751,681,0,0,0,0,1,0,0,0,0,0,0,0,0,0,0,675,674
106752,472,0,0,0,0,1,0,0,0,0,2,2,2,2,0,0,466,465
106753,685,0,0,0,0,1,0,0,0,0,0,0,0,0,0,0,679,678
106754,460,0,0,0,0,1,0,0,0,0,0,0,0,0,0,0,455,454
106755,284,0,0,0,0,0,0,0,0,0,0,0,0,0,0,0,279,278
106756,524,0,0,0,0,1,0,0,0,0,1,1,1,1,0,0,518,517
106757,404,0,0,0,0,0,0,0,0,0,1,1,1,1,0,0,399,398
106758,356,0,0,0,0,0,0,0,0,0,0,0,0,0,0,0,351,350
106759,491,0,0,0,0,1,0,0,0,0,0,0,0,0,0,0,485,484
106760,434,0,0,0,0,1,0,0,0,0,0,0,0,0,0,0,429,428
106761,310,0,0,0,0,1,0,0,0,0,0,0,0,0,0,0,305,304
106762,633,0,0,0,0,0,0,0,0,0,7,7,7,7,0,0,628,627
106763,440,0,0,0,0,0,0,0,0,0,0,0,0,0,0,0,435,434
106764,344,0,0,0,0,2,0,0,0,0,0,0,0,0,0,0,338,338
106765,404,0,0,0,0,2,0,0,0,0,0,0,0,0,0,0,398,397
106766,317,0,0,0,0,0,0,0,0,0,0,0,0,0,0,0,312,311
106767,400,0,0,0,0,0,0,6,0,0,0,0,0,0,0,0,395,394
106768,410,0,1,0,0,1,0,0,0,0,0,0,0,0,0,0,404,403
106769,502,0,0,0,0,0,0,0,0,0,0,0,0,0,0,0,497,496
106770,440,0,0,0,0,0,0,0,0,0,2,2,2,2,0,0,435,434
106771,579,0,0,0,0,0,0,0,0,0,1,1,1,1,0,0,574,573
106772,258,0,1,0,0,2,0,0,0,0,0,0,0,0,0,0,251,251
106773,339,0,0,0,0,0,0,0,0,0,0,0,0,0,0,0,334,333
106774,359,0,0,0,0,1,0,0,0,0,0,0,0,0,0,0,354,353
106775,478,0,0,0,0,0,0,0,0,0,1,1,1,1,0,0,473,472
106776,550,0,0,0,0,0,0,0,0,0,1,1,1,1,0,0,545,544
106777,476,0,0,0,0,1,0,0,0,0,0,0,0,0,0,0,470,469
106779,440,0,1,0,0,0,0,0,0,0,0,0,0,0,0,0,434,433
106780,693,0,0,0,0,0,0,0,0,0,2,2,2,2,0,0,688,687
106781,403,0,0,0,0,1,0,0,0,0,0,0,0,0,0,0,398,397
106782,483,0,0,0,0,2,0,0,0,0,0,0,0,0,0,0,477,476
106783,441,0,0,0,0,4,0,0,0,0,1,1,1,1,0,0,433,432
106784,361,0,0,0,0,1,0,0,0,0,0,0,0,0,0,0,356,355
106785,373,0,0,0,0,3,0,0,0,0,0,0,0,0,0,0,366,365
106786,468,0,0,0,0,0,0,0,0,0,0,0,0,0,0,0,463,462
106787,317,0,0,0,0,0,0,0,0,0,0,0,0,0,0,0,312,311
106788,383,0,0,0,0,1,0,0,0,0,0,0,0,0,0,0,378,377
106789,457,0,0,0,0,1,0,0,0,0,0,0,0,0,0,0,452,451
106790,306,0,0,0,0,1,0,0,0,0,1,1,1,1,0,0,301,300
106791,385,0,1,0,0,1,0,0,0,0,0,0,0,0,0,0,379,378
106792,342,0,0,0,0,0,0,7,0,0,0,0,0,0,0,0,337,336
106793,301,0,0,0,0,2,0,0,0,0,0,0,0,0,0,0,295,295
106794,399,0,0,0,0,1,0,0,0,0,0,0,0,0,0,0,394,393
106795,320,0,0,0,0,0,0,0,0,0,1,1,1,1,0,0,315,314
106796,403,0,2,0,0,0,0,0,0,0,0,0,0,0,0,0,396,395
106797,462,0,0,0,0,1,0,0,0,0,0,0,0,0,0,0,457,456
106798,757,0,1,0,0,1,0,0,0,0,0,0,0,0,0,0,751,750
106799,170,0,0,0,0,1,0,0,0,0,0,0,0,0,0,0,165,164
106800,561,0,0,0,0,1,0,0,0,0,0,0,0,0,0,0,555,554
106801,440,0,0,0,0,0,0,0,0,0,0,0,0,0,0,0,435,434
106802,333,0,0,0,0,0,0,0,0,0,0,0,0,0,0,0,328,327
106803,387,0,0,0,0,3,0,0,0,0,0,0,0,0,0,0,380,380
106804,462,0,0,0,0,1,0,0,0,0,0,0,0,0,0,0,456,455
106805,419,0,0,0,0,1,0,0,0,0,1,1,1,1,0,0,414,413
106806,299,0,0,0,0,0,0,0,0,0,0,0,0,0,0,0,294,293
106807,276,0,0,0,0,1,0,0,0,0,0,0,0,0,0,0,270,269
106808,500,0,1,0,0,1,0,0,0,0,0,0,0,0,0,0,494,493
106809,496,0,1,0,0,0,0,0,0,0,2,2,2,2,0,0,490,489
106810,688,0,0,0,0,1,0,0,0,0,0,0,0,0,0,0,682,681
106811,484,0,2,0,0,3,0,0,0,0,0,0,0,0,0,0,475,474
106812,318,0,0,0,0,1,0,0,0,0,0,0,0,0,0,0,313,312
106813,488,0,1,0,0,2,0,0,0,0,0,0,0,0,0,0,481,480
106814,331,0,0,0,0,1,0,0,0,0,0,0,0,0,0,0,326,325
106815,544,0,0,0,0,0,0,0,0,0,2,2,2,2,0,0,539,538
106816,343,0,1,0,0,2,0,0,0,0,0,0,0,0,0,0,336,335
106817,425,0,0,0,0,2,0,0,0,0,0,0,0,0,0,0,418,417
106818,394,0,0,0,0,0,0,0,0,0,1,1,1,1,0,0,389,388
106819,445,0,0,0,0,0,0,0,0,0,2,2,2,2,0,0,440,439
106820,388,0,0,0,0,1,0,0,0,0,2,2,2,2,0,0,383,382
106821,393,0,0,0,0,1,0,0,0,0,0,0,0,0,0,0,388,387
106822,386,0,1,0,0,1,0,0,0,0,0,0,0,0,0,0,380,379
106823,397,0,0,0,0,0,0,0,0,0,1,1,1,1,0,0,392,391
106824,692,0,0,0,0,0,0,0,0,0,1,1,1,1,0,0,687,686
106825,455,0,0,0,0,1,0,0,0,0,0,0,0,0,0,0,450,449
106826,310,0,0,0,0,1,0,0,0,0,0,0,0,0,0,0,305,304
106827,392,0,0,0,0,2,0,0,0,0,1,1,1,1,0,0,386,385
106828,491,0,1,0,0,0,0,0,0,0,0,0,0,0,0,0,485,484
106829,433,0,1,0,0,0,0,0,0,0,0,0,0,0,0,0,427,426
106830,457,0,0,0,0,0,0,0,0,0,0,0,0,0,0,0,452,451
106831,412,0,0,0,0,0,0,0,0,0,0,0,0,0,0,0,407,406
106832,341,0,0,0,0,0,0,0,0,0,0,0,0,0,0,0,336,335
106833,349,0,0,0,0,3,0,0,0,0,0,0,0,0,0,0,342,341
106834,453,0,1,0,0,0,0,0,0,0,0,0,0,0,0,0,447,446
106835,363,0,0,0,0,2,0,0,0,0,1,1,1,1,0,0,357,357
106836,526,0,0,0,0,0,0,0,0,0,1,1,1,1,0,0,521,520
106837,416,0,0,0,0,1,0,0,0,0,0,0,0,0,0,0,411,410
106838,567,0,0,0,0,0,0,0,0,0,0,0,0,0,0,0,562,561
106839,334,0,0,0,0,0,0,0,0,0,1,1,1,1,0,0,329,328
106840,513,0,0,0,0,0,0,0,0,0,0,0,0,0,0,0,508,507
106841,285,0,0,0,0,1,0,0,0,0,0,0,0,0,0,0,280,279
106842,412,0,2,0,0,6,0,0,0,0,0,0,0,0,0,0,400,399
106843,537,0,0,0,0,0,0,0,0,0,1,1,1,1,0,0,532,531
106844,308,0,2,0,0,0,0,0,0,0,0,0,0,0,0,0,301,300
106845,363,0,0,0,0,1,0,0,0,0,0,0,0,0,0,0,358,357
106846,493,0,0,0,0,1,0,0,0,0,0,0,0,0,0,0,488,487
106847,558,0,0,0,0,0,0,0,0,0,0,0,0,0,0,0,553,552
106848,412,0,0,0,0,1,0,0,0,0,0,0,0,0,0,0,407,406
106849,425,0,0,0,0,3,0,0,0,0,0,0,0,0,0,0,417,416
106850,112,0,0,0,0,2,0,0,0,0,0,0,0,0,0,0,106,106
106851,511,0,0,0,0,1,0,0,0,0,0,0,0,0,0,0,505,504
106852,406,0,0,0,0,1,0,0,0,0,0,0,0,0,0,0,401,400
106853,515,0,0,0,0,3,0,0,0,0,0,0,0,0,0,0,508,508
106854,351,0,2,0,0,1,0,0,0,0,0,0,0,0,0,0,344,343
106855,349,0,0,0,0,1,0,0,0,0,0,0,0,0,0,0,344,343
106856,399,0,0,0,0,1,0,0,0,0,0,0,0,0,0,0,394,393
106857,360,0,0,0,0,0,0,0,0,0,1,1,1,1,0,0,355,354
106858,324,0,0,0,0,1,0,0,0,0,0,0,0,0,0,0,319,318
106859,364,0,0,0,0,1,0,0,0,0,2,2,2,2,0,0,359,358
106860,321,0,0,0,0,2,0,0,0,0,0,0,0,0,0,0,315,315
106861,493,0,0,0,0,0,0,0,0,0,0,0,0,0,0,0,488,487
106862,407,0,0,0,0,0,0,0,0,0,1,1,1,1,0,0,402,401
106864,964,0,0,0,0,0,0,0,0,0,58,59,58,59,0,0,959,958
106865,431,0,0,0,0,1,0,0,0,0,1,1,1,1,0,0,426,425
106866,267,0,1,0,0,2,0,0,0,0,0,0,0,0,0,0,260,260
106867,765,0,0,0,0,2,0,0,0,0,1,1,1,1,0,0,758,757
106868,443,0,0,0,0,0,0,0,0,0,2,2,2,2,0,0,438,437
106869,578,0,1,0,0,3,0,0,0,0,0,0,0,0,0,0,570,569
106870,461,0,0,0,0,2,0,0,0,0,0,0,0,0,0,0,455,455
106871,651,0,0,0,0,1,0,0,0,0,1,1,1,1,0,0,645,644
106872,357,0,0,0,0,1,0,0,0,0,0,0,0,0,0,0,352,351
106873,882,0,0,0,0,4,0,0,0,0,0,0,0,0,0,0,873,872
106874,509,0,0,0,0,0,0,0,0,0,0,0,0,0,0,0,504,503
106875,628,0,2,0,0,5,0,0,0,0,0,0,0,0,0,0,617,616
106876,497,0,0,0,0,0,0,0,0,0,1,1,1,1,0,0,492,491
106877,699,0,0,0,0,2,0,0,0,0,0,0,0,0,0,0,693,692
106878,627,0,2,0,0,0,0,0,0,0,2,2,2,2,0,0,620,619
106879,522,0,0,0,0,1,0,0,0,0,2,2,2,2,0,0,516,515
106880,348,0,0,0,0,0,0,0,0,0,0,0,0,0,0,0,343,342
106881,420,0,0,0,0,6,0,0,0,0,0,0,0,0,0,0,410,409
106882,386,0,0,0,0,1,0,0,0,0,0,0,0,0,0,0,381,380
106883,605,0,0,0,0,0,0,0,0,0,0,0,0,0,0,0,600,599
106884,344,0,0,0,0,1,0,0,0,0,0,0,0,0,0,0,339,338
106885,372,0,0,0,0,1,0,0,0,0,0,0,0,0,0,0,367,366
106886,344,0,0,0,0,2,0,0,0,0,0,0,0,0,0,0,338,338
106887,461,0,0,0,0,5,0,0,0,0,0,0,0,0,0,0,452,451
106888,360,0,0,0,0,1,0,0,0,0,0,0,0,0,0,0,355,354
106889,429,0,0,0,0,2,0,0,0,0,1,1,1,1,0,0,422,421
106890,777,0,0,0,0,1,0,0,0,0,0,0,0,0,0,0,772,771
106891,498,0,0,0,0,0,0,0,0,0,2,2,2,2,0,0,493,492
106892,497,0,0,0,0,0,0,0,0,0,1,1,1,1,0,0,492,491
106893,489,0,0,0,0,0,0,0,0,0,2,2,2,2,0,0,484,483
106894,327,0,0,0,0,0,0,0,0,0,0,0,0,0,0,0,322,321
106895,382,0,0,0,0,0,0,0,0,0,0,0,0,0,0,0,377,376
106896,739,0,0,0,0,4,0,0,0,0,2,2,2,2,0,0,730,729
106897,466,0,0,0,0,12,0,0,0,0,0,0,0,0,0,0,450,449
106898,442,0,1,0,0,2,0,0,0,0,0,0,0,0,0,0,435,434
106899,528,0,0,0,0,1,0,0,0,0,0,0,0,0,0,0,523,522
106900,440,0,0,0,0,4,0,0,0,0,0,0,0,0,0,0,432,432
106901,369,0,1,0,0,0,0,5,0,0,0,0,0,0,0,0,363,362
106902,367,0,0,0,0,1,0,0,0,0,0,0,0,0,0,0,361,360
106903,358,0,0,0,0,2,0,0,0,0,0,0,0,0,0,0,352,352
106904,535,0,0,0,0,1,0,0,0,0,2,2,2,2,0,0,530,529
106905,334,0,0,0,0,2,0,0,0,0,0,0,0,0,0,0,328,328
106906,456,0,0,0,0,0,0,0,0,0,0,0,0,0,0,0,451,450
106907,503,0,0,0,0,4,0,0,0,0,0,0,0,0,0,0,494,493
106908,1015,0,0,0,0,3,0,0,0,0,0,0,0,0,0,0,1007,1006
106909,608,0,0,0,0,1,0,0,0,0,0,0,0,0,0,0,603,602
106910,431,0,0,0,0,1,0,0,0,0,0,0,0,0,0,0,425,424
106911,424,0,1,0,0,0,0,0,0,0,0,0,0,0,0,0,418,417
106912,294,0,0,0,0,0,0,0,0,0,0,0,0,0,0,0,289,288
106913,397,0,0,0,0,2,0,0,0,0,0,0,0,0,0,0,391,391
106914,304,0,1,0,0,0,0,0,0,0,0,0,0,0,0,0,298,297
106915,418,0,0,0,0,1,0,0,0,0,0,0,0,0,0,0,413,412
106916,425,0,0,0,0,0,0,0,0,0,0,0,0,0,0,0,420,419
106917,500,0,0,0,0,0,0,0,0,0,1,1,1,1,0,0,495,494
106918,348,0,0,0,0,1,0,6,0,0,2,2,2,2,0,0,343,342
106919,290,0,0,0,0,1,0,0,0,0,0,0,0,0,0,0,285,284
106920,446,0,0,0,0,0,0,0,0,0,1,1,1,1,0,0,441,440
106921,509,0,0,0,0,0,0,0,0,0,1,1,1,1,0,0,504,503
106922,389,0,0,0,0,0,0,0,0,0,1,1,1,1,0,0,384,383
106923,231,0,0,0,0,2,0,0,0,0,0,0,0,0,0,0,225,225
106924,497,0,1,0,0,2,0,0,0,0,0,0,0,0,0,0,489,488
106925,292,0,0,0,0,0,0,0,0,0,0,0,0,0,0,0,287,286
106926,291,0,2,0,0,1,0,0,0,0,0,0,0,0,0,0,284,283
106927,510,0,1,0,0,0,0,0,0,0,1,1,1,1,0,0,504,503
106928,444,0,0,0,0,1,0,0,0,0,0,0,0,0,0,0,439,438
106929,314,0,0,0,0,2,0,0,0,0,0,0,0,0,0,0,308,308
106930,424,0,2,0,0,1,0,0,0,0,0,0,0,0,0,0,417,416
106931,415,0,0,0,0,0,0,0,0,0,0,0,0,0,0,0,410,409
106932,660,0,0,0,0,1,0,0,0,0,0,0,0,0,0,0,655,654
106933,378,0,0,0,0,1,0,0,0,0,0,0,0,0,0,0,373,372
106934,356,0,0,0,0,0,0,0,0,0,0,0,0,0,0,0,351,350
106935,460,0,0,0,0,2,0,0,0,0,1,1,1,1,0,0,454,453
106936,515,0,0,0,0,0,0,0,0,0,5,5,5,5,0,0,510,509
106937,540,0,0,0,0,1,0,0,0,0,2,2,2,2,0,0,534,533
106938,626,0,1,0,0,0,0,0,0,0,1,1,1,1,0,0,620,619
106939,487,0,0,0,0,0,0,0,0,0,21,21,21,21,0,0,482,481
106940,376,0,1,0,0,0,0,0,0,0,0,0,0,0,0,0,370,369
106941,361,0,0,0,0,0,0,0,0,0,1,1,1,1,0,0,356,355
106942,386,0,0,0,0,0,0,0,0,0,1,1,1,1,0,0,381,380
106943,465,0,2,0,0,1,0,0,0,0,0,0,0,0,0,0,458,457
106944,435,0,0,0,0,1,0,0,0,0,0,0,0,0,0,0,430,429
106945,558,0,0,0,0,0,0,0,0,0,0,0,0,0,0,0,553,552
106946,555,0,0,0,0,1,0,0,0,0,2,2,2,2,0,0,550,549
106947,455,0,0,0,0,0,0,0,0,0,0,0,0,0,0,0,450,449
106948,430,0,0,0,0,0,0,0,0,0,0,0,0,0,0,0,425,424
106949,313,0,0,0,0,2,0,0,0,0,0,0,0,0,0,0,307,307
106950,582,0,0,0,0,0,0,0,0,0,1,1,1,1,0,0,577,576
106951,269,0,0,0,0,1,0,0,0,0,0,0,0,0,0,0,264,263
106952,751,0,0,0,0,6,0,0,0,0,0,0,0,0,0,0,741,740
106953,663,0,0,0,0,2,0,0,0,0,0,0,0,0,0,0,656,655
106954,559,0,0,0,0,0,0,0,0,0,2,2,2,2,0,0,554,553
106955,560,0,1,0,0,4,0,0,0,0,0,0,0,0,0,0,551,550
106956,407,0,0,0,0,5,0,0,0,0,0,0,0,0,0,0,398,398
106957,417,0,0,0,0,1,0,0,0,0,0,0,0,0,0,0,412,411
106958,368,0,0,0,0,1,0,0,0,0,0,0,0,0,0,0,363,362
106959,532,0,0,0,0,1,0,0,0,0,1,1,1,1,0,0,526,525
106960,582,0,0,0,0,1,0,0,0,0,0,0,0,0,0,0,576,575
106961,349,0,0,0,0,1,0,0,0,0,0,0,0,0,0,0,343,342
106962,601,0,0,0,0,0,0,0,0,0,0,0,0,0,0,0,596,595
106963,483,0,0,0,0,1,0,0,0,0,0,0,0,0,0,0,477,476
106964,508,0,0,0,0,0,0,0,0,0,0,0,0,0,0,0,503,502
106965,562,0,0,0,0,0,0,5,0,0,2,2,2,2,0,0,557,556
106966,465,0,0,0,0,1,0,0,0,0,0,0,0,0,0,0,460,459
106967,487,0,0,0,0,0,0,0,0,0,0,0,0,0,0,0,482,481
106968,271,0,0,0,0,2,0,0,0,0,0,0,0,0,0,0,265,265
106969,553,0,0,0,0,0,0,0,0,0,1,1,1,1,0,0,548,547
106970,527,0,0,0,0,0,0,0,0,0,1,1,1,1,0,0,522,521
106971,346,0,3,0,0,0,0,0,0,0,0,0,0,0,0,0,338,337
106972,460,0,0,0,0,3,0,0,0,0,1,1,1,1,0,0,452,451
106973,206,0,0,0,0,0,0,0,0,0,1,1,1,1,0,0,201,200
106974,510,0,0,0,0,3,0,0,0,0,0,0,0,0,0,0,503,502
106975,631,0,0,0,0,0,0,0,0,0,71,71,71,71,0,0,626,625
106976,319,0,0,0,0,1,0,0,0,0,0,0,0,0,0,0,314,313
106977,491,0,0,0,0,0,0,0,0,0,0,0,0,0,0,0,486,485
106978,589,0,0,0,0,0,0,0,0,0,1,1,1,1,0,0,584,583
106979,338,0,0,0,0,1,0,0,0,0,0,0,0,0,0,0,333,332
106980,602,0,0,0,0,0,0,0,0,0,0,0,0,0,0,0,597,596
106981,601,0,0,0,0,5,0,0,0,0,1,1,1,1,0,0,591,590
106982,658,0,1,0,0,0,0,0,0,0,0,0,0,0,0,0,652,651
106983,504,0,2,0,0,1,0,0,0,0,0,0,0,0,0,0,497,496
106984,335,0,0,0,0,2,0,0,0,0,0,0,0,0,0,0,329,329
106985,460,0,0,0,0,1,0,0,0,0,0,0,0,0,0,0,455,454
106986,397,0,0,0,0,0,0,0,0,0,1,1,1,1,0,0,392,391
106987,314,0,1,0,0,3,0,0,0,0,0,0,0,0,0,0,306,306
106988,403,0,0,0,0,1,0,0,0,0,0,0,0,0,0,0,398,397
106989,460,0,0,0,0,0,0,0,0,0,0,0,0,0,0,0,455,454
106990,353,0,0,0,0,1,0,0,0,0,0,0,0,0,0,0,348,347
106991,573,0,0,0,0,4,0,0,0,0,2,2,2,2,0,0,564,563
106992,366,0,0,0,0,0,0,0,0,0,2,2,2,2,0,0,361,360
106993,503,0,0,0,0,2,0,0,0,0,9,9,9,9,0,0,496,495
106994,371,0,0,0,0,1,0,0,0,0,0,0,0,0,0,0,366,365
106995,303,0,0,0,0,0,0,0,0,0,0,0,0,0,0,0,298,297
106996,564,0,0,0,0,1,0,0,0,0,0,0,0,0,0,0,558,557
106997,430,0,0,0,0,1,0,0,0,0,0,0,0,0,0,0,425,424
106998,396,0,0,0,0,0,0,0,0,0,0,0,0,0,0,0,391,390
106999,240,0,0,0,0,1,0,0,0,0,0,0,0,0,0,0,235,234
107000,520,0,1,0,0,10,0,0,0,0,0,0,0,0,0,0,505,504
107001,405,0,0,0,0,1,0,0,0,0,0,0,0,0,0,0,400,399
107002,245,0,0,0,0,1,0,0,0,0,0,0,0,0,0,0,240,239
107003,538,0,0,0,0,1,0,0,0,0,0,0,0,0,0,0,532,531
107004,417,0,0,0,0,1,0,0,0,0,1,1,1,1,0,0,411,410
107005,388,0,0,0,0,0,0,0,0,0,0,0,0,0,0,0,383,382
107006,540,0,0,0,0,1,0,0,0,0,0,0,0,0,0,0,535,534
107007,575,0,0,0,0,0,0,8,0,0,0,0,0,0,0,0,570,569
107008,422,0,0,0,0,1,0,0,0,0,0,0,0,0,0,0,417,416
107009,459,0,0,0,0,0,0,0,0,0,2,2,2,2,0,0,454,453
107010,578,0,0,0,0,1,0,0,0,0,1,1,1,1,0,0,572,571
107011,383,0,0,0,0,1,0,0,0,0,1,1,1,1,0,0,378,377
107012,304,0,0,0,0,1,0,0,0,0,0,0,0,0,0,0,299,298
107013,252,0,0,0,0,1,0,0,0,0,0,0,0,0,0,0,246,245
107014,782,0,0,0,0,5,0,0,0,0,0,0,0,0,0,0,772,771
107015,516,0,0,0,0,0,0,0,0,0,0,0,0,0,0,0,511,510
107016,618,0,2,0,0,1,0,0,0,0,2,2,2,2,0,0,610,609
107017,477,0,1,0,0,2,0,0,0,0,0,0,0,0,0,0,470,469
107018,424,0,0,0,0,1,0,0,0,0,3,4,3,4,0,0,418,417
107019,329,0,0,0,0,2,0,0,0,0,0,0,0,0,0,0,323,322
107021,462,0,0,0,0,0,0,0,0,0,0,0,0,0,0,0,457,456
107022,667,0,0,0,0,0,0,0,0,0,1,1,1,1,0,0,662,661
107023,386,0,0,0,0,0,0,0,0,0,0,0,0,0,0,0,381,380
107024,467,0,0,0,0,0,0,0,0,0,1,1,1,1,0,0,462,461
107025,487,0,0,0,0,0,0,0,0,0,1,1,1,1,0,0,482,481
107026,475,0,0,0,0,0,0,0,0,0,0,0,0,0,0,0,470,469
107027,736,0,0,0,0,0,0,0,0,0,2,2,2,2,0,0,731,730
107028,519,0,0,0,0,2,0,0,0,0,1,1,1,1,0,0,513,512
107029,571,0,0,0,0,1,0,0,0,0,21,21,21,21,0,0,565,564
107030,480,0,1,0,0,1,0,0,0,0,0,0,0,0,0,0,474,473
107031,584,0,0,0,0,0,0,0,0,0,1,1,1,1,0,0,579,578
107032,442,0,0,0,0,12,0,0,0,0,0,0,0,0,0,0,425,424
107033,462,0,0,0,0,3,0,0,0,0,0,0,0,0,0,0,454,453
107034,506,0,1,0,0,2,0,0,0,0,0,0,0,0,0,0,499,498
107035,485,0,0,0,0,2,0,0,0,0,0,0,0,0,0,0,479,478
107036,674,0,0,0,0,3,0,0,0,0,0,0,0,0,0,0,667,666
107037,315,0,0,0,0,0,0,0,0,0,0,0,0,0,0,0,310,309
107038,406,0,0,0,0,2,0,0,0,0,0,0,0,0,0,0,399,398
107039,461,0,0,0,0,0,0,0,0,0,0,0,0,0,0,0,456,455
107040,271,0,0,0,0,1,0,0,0,0,0,0,0,0,0,0,266,265
107041,445,0,3,0,0,1,0,0,0,0,0,0,0,0,0,0,437,436
107042,359,0,1,0,0,3,0,0,0,0,0,0,0,0,0,0,351,351
107043,529,0,0,0,0,1,0,0,0,0,0,0,0,0,0,0,524,523
107044,497,0,0,0,0,26,0,0,0,0,0,0,0,0,0,0,467,466
107045,358,0,0,0,0,8,0,0,0,0,0,0,0,0,0,0,346,345
107046,626,0,0,0,0,0,0,0,0,0,1,1,1,1,0,0,621,620
107047,485,0,0,0,0,1,0,0,0,0,1,1,1,1,0,0,480,479
107048,387,0,0,0,0,11,0,0,0,0,0,0,0,0,0,0,372,371
107049,384,0,0,0,0,3,0,0,0,0,7,7,7,7,0,0,377,376
107050,464,0,0,0,0,1,0,0,0,0,0,0,0,0,0,0,459,458
107051,387,0,0,0,0,0,0,0,0,0,0,0,0,0,0,0,382,381
107052,266,0,0,0,0,0,0,0,0,0,0,0,0,0,0,0,261,260
107053,339,0,1,0,0,1,0,0,0,0,0,0,0,0,0,0,333,332
107054,383,0,0,0,0,1,0,0,0,0,0,0,0,0,0,0,378,377
107055,458,0,0,0,0,1,0,0,0,0,0,0,0,0,0,0,453,452
107056,257,0,1,0,0,1,0,0,0,0,0,0,0,0,0,0,251,250
107057,496,0,0,0,0,1,0,0,0,0,2,2,2,2,0,0,490,489
107058,398,0,0,0,0,0,0,0,0,0,1,1,1,1,0,0,393,392
107059,378,0,0,0,0,0,0,8,0,0,0,0,0,0,0,0,373,372
107060,519,0,0,0,0,0,0,0,0,0,0,0,0,0,0,0,514,513
107061,348,0,0,0,0,1,0,0,0,0,0,0,0,0,0,0,343,342
107062,428,0,0,0,0,0,0,0,0,0,0,0,0,0,0,0,423,422
107063,355,0,0,0,0,1,0,0,0,0,0,0,0,0,0,0,350,349
107064,420,0,0,0,0,1,0,0,0,0,0,0,0,0,0,0,414,413
107065,424,0,0,0,0,2,0,0,0,0,0,0,0,0,0,0,418,418
107066,415,0,0,0,0,1,0,6,0,0,0,0,0,0,0,0,410,409
107067,56,0,0,0,0,2,0,0,0,0,0,0,0,0,0,0,50,50
107068,494,0,0,0,0,1,0,0,0,0,0,0,0,0,0,0,489,488
107069,416,0,0,0,0,0,0,0,0,0,2,2,2,2,0,0,411,410
107070,387,0,0,0,0,1,0,4,0,0,0,0,0,0,0,0,382,381
107071,328,0,0,0,0,0,0,0,0,0,0,0,0,0,0,0,323,322
107072,358,0,0,0,0,3,0,0,0,0,0,0,0,0,0,0,351,351
107073,406,0,0,0,0,2,0,0,0,0,0,0,0,0,0,0,400,399
107074,569,0,0,0,0,0,0,0,0,0,0,0,0,0,0,0,564,563
107075,494,0,0,0,0,2,0,0,0,0,0,0,0,0,0,0,488,487
107076,336,0,0,0,0,0,0,0,0,0,1,1,1,1,0,0,331,330
107077,395,0,0,0,0,1,0,0,0,0,2,2,2,2,0,0,390,389
107078,493,0,0,0,0,0,0,0,0,0,0,0,0,0,0,0,488,487
107079,379,0,0,0,0,0,0,0,0,0,0,0,0,0,0,0,374,373
107080,947,0,2,0,0,0,0,0,0,0,0,0,0,0,0,0,940,939
107081,374,0,1,0,0,0,0,0,0,0,2,2,2,2,0,0,368,367
107082,523,0,1,0,0,2,0,0,0,0,0,0,0,0,0,0,516,516
107083,524,0,0,0,0,0,0,0,0,0,2,2,2,2,0,0,519,518
107084,283,0,1,0,0,2,0,0,0,0,0,0,0,0,0,0,276,275
107085,447,0,0,0,0,0,0,0,0,0,0,0,0,0,0,0,442,441
107086,393,0,0,0,0,1,0,0,0,0,0,0,0,0,0,0,388,387
107087,551,0,0,0,0,0,0,0,0,0,0,0,0,0,0,0,546,545
107088,365,0,0,0,0,1,0,0,0,0,2,2,2,2,0,0,359,358
107089,404,0,0,0,0,0,0,0,0,0,0,0,0,0,0,0,399,398
107090,480,0,0,0,0,1,0,0,0,0,1,1,1,1,0,0,474,473
107091,547,0,0,0,0,0,0,0,0,0,2,2,2,2,0,0,542,541
107092,698,0,0,0,0,14,0,0,0,0,3,3,3,3,0,0,679,678
107093,551,0,0,0,0,0,0,0,0,0,0,0,0,0,0,0,546,545
107094,422,0,0,0,0,0,0,0,0,0,2,2,2,2,0,0,417,416
107095,360,0,0,0,0,1,0,0,0,0,0,0,0,0,0,0,355,354
107096,326,0,1,0,0,2,0,0,0,0,0,0,0,0,0,0,319,319
107097,580,0,0,0,0,0,0,0,0,0,2,2,2,2,0,0,575,574
107098,374,0,0,0,0,1,0,0,0,0,0,0,0,0,0,0,369,368
107099,240,0,0,0,0,3,0,0,0,0,0,0,0,0,0,0,233,233
107100,390,0,0,0,0,1,0,0,0,0,0,0,0,0,0,0,385,384
107101,423,0,0,0,0,2,0,0,0,0,0,0,0,0,0,0,417,417
107102,340,0,0,0,0,1,0,0,0,0,0,0,0,0,0,0,335,334
107103,630,0,1,0,0,1,0,0,0,0,0,0,0,0,0,0,623,622
107104,403,0,0,0,0,2,0,0,0,0,0,0,0,0,0,0,397,397
107105,436,0,2,0,0,15,0,0,0,0,0,0,0,0,0,0,414,413
107106,364,0,1,0,0,1,0,0,0,0,0,0,0,0,0,0,358,357
107107,352,0,0,0,0,0,0,0,0,0,1,1,1,1,0,0,347,346
107108,361,0,1,0,0,2,0,0,0,0,0,0,0,0,0,0,354,354
107109,418,0,0,0,0,1,0,0,0,0,0,0,0,0,0,0,413,412
107110,389,0,2,0,0,0,0,0,0,0,0,0,0,0,0,0,382,381
107111,418,0,0,0,0,1,0,0,0,0,1,1,1,1,0,0,413,412
107112,627,0,1,0,0,1,0,0,0,0,0,0,0,0,0,0,621,620
107113,402,0,0,0,0,1,0,0,0,0,0,0,0,0,0,0,397,396
107114,386,0,1,0,0,1,0,0,0,0,0,0,0,0,0,0,380,379
107115,455,0,0,0,0,1,0,0,0,0,1,1,1,1,0,0,450,449
107116,387,0,0,0,0,1,0,0,0,0,0,0,0,0,0,0,382,381
107117,316,0,0,0,0,2,0,0,0,0,0,0,0,0,0,0,310,309
107118,319,0,0,0,0,0,0,0,0,0,0,0,0,0,0,0,314,313
107119,747,0,0,0,0,1,0,0,0,0,2,2,2,2,0,0,741,740
107120,479,0,0,0,0,1,0,0,0,0,1,1,1,1,0,0,474,473
107121,543,0,0,0,0,1,0,0,0,0,0,0,0,0,0,0,538,537
107122,552,0,0,0,0,1,0,0,0,0,0,0,0,0,0,0,547,546
107123,75,0,1,0,0,2,0,0,0,0,0,0,0,0,0,0,68,68
107124,357,0,0,0,0,1,0,0,0,0,0,0,0,0,0,0,352,351
107125,697,0,0,0,0,0,0,0,0,0,1,1,1,1,0,0,692,691
107126,522,0,0,0,0,0,0,0,0,0,1,1,1,1,0,0,517,516
107127,399,0,0,0,0,2,0,0,0,0,0,0,0,0,0,0,393,392
107128,312,0,0,0,0,1,0,0,0,0,0,0,0,0,0,0,307,306
107129,477,0,0,0,0,0,0,0,0,0,0,0,0,0,0,0,472,471
107130,456,0,0,0,0,1,0,0,0,0,0,0,0,0,0,0,451,450
107131,384,0,0,0,0,1,0,0,0,0,0,0,0,0,0,0,379,378
107132,338,0,0,0,0,0,0,0,0,0,0,0,0,0,0,0,333,332
107133,351,0,0,0,0,2,0,0,0,0,0,0,0,0,0,0,345,344
107134,33,0,0,0,0,2,0,0,0,0,0,0,0,0,0,0,27,27
107135,564,0,0,0,0,0,0,0,0,0,0,0,0,0,0,0,559,558
107136,438,0,0,0,0,0,0,0,0,0,0,0,0,0,0,0,433,432
107137,590,0,0,0,0,1,0,0,0,0,0,0,0,0,0,0,585,584
107138,387,0,0,0,0,1,0,0,0,0,1,1,1,1,0,0,382,381
107139,551,0,0,0,0,0,0,0,0,0,1,1,1,1,0,0,546,545
107140,516,0,0,0,0,1,0,0,0,0,2,2,2,2,0,0,510,509
107141,710,0,0,0,0,0,0,0,0,0,1,1,1,1,0,0,705,704
107142,393,0,0,0,0,1,0,0,0,0,0,0,0,0,0,0,388,387
107143,472,0,0,0,0,0,0,0,0,0,1,1,1,1,0,0,467,466
107144,492,0,0,0,0,0,0,0,0,0,0,0,0,0,0,0,487,486
107145,522,0,3,0,0,6,0,0,0,0,0,0,0,0,0,0,508,507
107146,406,0,0,0,0,1,0,0,0,0,0,0,0,0,0,0,401,400
107147,594,0,0,0,0,4,0,0,0,0,2,2,2,2,0,0,586,585
107148,369,0,0,0,0,1,0,0,0,0,0,0,0,0,0,0,364,363
107149,344,0,0,0,0,1,0,0,0,0,0,0,0,0,0,0,339,338
107150,465,0,1,0,0,1,0,0,0,0,0,0,0,0,0,0,459,458
107151,478,0,0,0,0,1,0,0,0,0,0,0,0,0,0,0,473,472
107152,351,0,0,0,0,2,0,0,0,0,2,2,2,2,0,0,345,345
107153,319,0,0,0,0,0,0,0,0,0,2,2,2,2,0,0,314,313
107154,526,0,0,0,0,0,0,0,0,0,0,0,0,0,0,0,521,520
107155,619,0,0,0,0,1,0,0,0,0,0,0,0,0,0,0,614,613
107156,530,0,0,0,0,3,0,0,0,0,0,0,0,0,0,0,523,522
107157,455,0,0,0,0,0,0,0,0,0,0,0,0,0,0,0,450,449
107158,453,0,0,0,0,7,0,0,0,0,0,0,0,0,0,0,442,441
107159,662,0,0,0,0,4,0,0,0,0,0,0,0,0,0,0,653,652
107161,396,0,0,0,0,0,0,0,0,0,2,2,2,2,0,0,391,390
107162,401,0,1,0,0,0,0,0,0,0,1,1,1,1,0,0,395,394
107163,361,0,0,0,0,0,0,0,0,0,1,1,1,1,0,0,356,355
107164,361,0,0,0,0,1,0,0,0,0,0,0,0,0,0,0,356,355
107165,383,0,0,0,0,1,0,0,0,0,0,0,0,0,0,0,378,377
107166,480,0,0,0,0,1,0,0,0,0,0,0,0,0,0,0,475,474
107167,285,0,0,0,0,0,0,0,0,0,0,0,0,0,0,0,280,279
107168,435,0,2,0,0,2,0,0,0,0,0,0,0,0,0,0,427,426
107169,809,0,0,0,0,1,0,0,0,0,0,0,0,0,0,0,803,802
107170,666,0,0,0,0,0,0,0,0,0,2,2,2,2,0,0,661,660
107171,306,0,0,0,0,2,0,0,0,0,0,0,0,0,0,0,300,299
107172,434,0,0,0,0,0,0,0,0,0,3,3,3,3,0,0,429,428
107173,57,0,0,0,0,2,0,0,0,0,0,0,0,0,0,0,51,51
107174,360,0,0,0,0,6,0,0,0,0,0,0,0,0,0,0,351,351
107175,378,0,1,0,0,0,0,0,0,0,2,2,2,2,0,0,372,371
107176,437,0,0,0,0,0,0,0,0,0,0,0,0,0,0,0,432,431
107177,438,0,0,0,0,0,0,0,0,0,1,1,1,1,0,0,433,432
107178,298,0,0,0,0,0,0,0,0,0,0,0,0,0,0,0,293,292
107179,453,0,0,0,0,0,0,0,0,0,0,0,0,0,0,0,448,447
107180,550,0,0,0,0,0,0,0,0,0,2,2,2,2,0,0,545,544
107181,651,0,0,0,0,0,0,0,0,0,36,36,36,36,0,0,646,645
107182,392,0,0,0,0,0,0,0,0,0,0,0,0,0,0,0,387,386
107183,323,0,0,0,0,2,0,0,0,0,0,0,0,0,0,0,317,317
107184,535,0,0,0,0,0,0,0,0,0,0,0,0,0,0,0,530,529
107185,428,0,0,0,0,1,0,0,0,0,1,1,1,1,0,0,422,421
107186,374,0,0,0,0,0,0,0,0,0,0,0,0,0,0,0,369,368
107187,453,0,0,0,0,0,0,0,0,0,0,0,0,0,0,0,448,447
107188,492,0,0,0,0,0,0,0,0,0,0,0,0,0,0,0,487,486
107189,733,0,0,0,0,1,0,0,0,0,0,0,0,0,0,0,728,727
107190,326,0,0,0,0,1,0,0,0,0,1,1,1,1,0,0,321,320
107191,549,0,0,0,0,0,0,0,0,0,2,2,2,2,0,0,544,543
107192,308,0,0,0,0,2,0,0,0,0,1,1,1,1,0,0,302,302
107193,343,0,0,0,0,2,0,0,0,0,0,0,0,0,0,0,336,335
107194,203,0,0,0,0,2,0,0,0,0,0,0,0,0,0,0,197,197
107196,276,0,0,0,0,0,0,0,0,0,0,0,0,0,0,0,271,270
107197,487,0,0,0,0,0,0,0,0,0,0,0,0,0,0,0,482,481
107198,734,0,0,0,0,0,0,0,0,0,2,2,2,2,0,0,729,728
107199,605,0,0,0,0,1,0,0,0,0,0,0,0,0,0,0,600,599
107200,383,0,0,0,0,1,0,0,0,0,0,0,0,0,0,0,378,377
107201,256,0,0,0,0,0,0,0,0,0,0,0,0,0,0,0,251,250
107202,548,0,0,0,0,0,0,0,0,0,0,0,0,0,0,0,543,542
107203,310,0,0,0,0,1,0,0,0,0,0,0,0,0,0,0,305,304
107204,392,0,0,0,0,1,0,0,0,0,0,0,0,0,0,0,387,386
107205,400,0,0,0,0,1,0,0,0,0,0,0,0,0,0,0,395,394
107206,348,0,0,0,0,2,0,0,0,0,0,0,0,0,0,0,342,342
107207,512,0,0,0,0,3,0,0,0,0,0,0,0,0,0,0,505,504
107208,347,0,0,0,0,2,0,0,0,0,0,0,0,0,0,0,341,341
107209,300,0,0,0,0,0,0,0,0,0,0,0,0,0,0,0,295,294
107210,361,0,0,0,0,1,0,0,0,0,0,0,0,0,0,0,356,355
107211,469,0,0,0,0,1,0,0,0,0,1,1,1,1,0,0,464,463
107212,418,0,0,0,0,2,0,0,0,0,1,1,1,1,0,0,412,411
107213,579,0,1,0,0,1,0,0,0,0,0,0,0,0,0,0,572,571
107214,474,0,0,0,0,0,0,0,0,0,1,1,1,1,0,0,469,468
107215,331,0,0,0,0,0,0,0,0,0,0,0,0,0,0,0,326,325
107216,319,0,0,0,0,1,0,0,0,0,0,0,0,0,0,0,313,312
107217,724,0,0,0,0,0,0,0,0,0,2,2,2,2,0,0,719,718
107218,415,0,0,0,0,0,0,0,0,0,0,0,0,0,0,0,410,409
107219,480,0,1,0,0,0,0,0,0,0,0,0,0,0,0,0,474,473
107220,449,0,1,0,0,1,0,0,0,0,0,0,0,0,0,0,443,442
107221,363,0,0,0,0,2,0,0,0,0,0,0,0,0,0,0,357,356
107222,352,0,0,0,0,1,0,0,0,0,1,1,1,1,0,0,347,346
107223,493,0,1,0,0,1,0,0,0,0,1,1,1,1,0,0,487,486
107224,300,0,0,0,0,3,0,0,0,0,0,0,0,0,0,0,293,292
107225,235,0,0,0,0,2,0,0,0,0,0,0,0,0,0,0,229,229
107226,406,0,0,0,0,1,0,0,0,0,0,0,0,0,0,0,401,400
107227,518,0,0,0,0,0,0,0,0,0,2,2,2,2,0,0,513,512
107228,390,0,0,0,0,1,0,0,0,0,1,1,1,1,0,0,385,384
107229,432,0,0,0,0,0,0,0,0,0,1,1,1,1,0,0,427,426
107230,411,0,0,0,0,0,0,0,0,0,19,19,19,19,0,0,406,405
107231,539,0,1,0,0,4,0,0,0,0,1,1,1,1,0,0,530,529
107232,347,0,0,0,0,3,0,0,0,0,0,0,0,0,0,0,340,340
107233,675,0,0,0,0,5,0,9,0,0,1,1,1,1,0,0,665,664
107234,338,0,0,0,0,4,0,0,0,0,0,0,0,0,0,0,330,330
107235,340,0,0,0,0,1,0,0,0,0,0,0,0,0,0,0,335,334
107236,90,0,0,0,0,2,0,0,0,0,0,0,0,0,0,0,84,84
107237,408,0,0,0,0,1,0,0,0,0,0,0,0,0,0,0,403,402
107238,335,0,1,0,0,9,0,0,0,0,0,0,0,0,0,0,321,320
107239,269,0,0,0,0,0,0,0,0,0,1,1,1,1,0,0,264,263
107240,603,0,1,0,0,3,0,0,0,0,0,0,0,0,0,0,595,594
107241,505,0,0,0,0,1,0,0,0,0,31,31,31,31,0,0,500,499
107242,559,0,0,0,0,1,0,0,0,0,1,1,1,1,0,0,554,553
107243,448,0,0,0,0,1,0,0,0,0,0,0,0,0,0,0,443,442
107244,541,0,2,0,0,0,0,0,0,0,1,1,1,1,0,0,534,533
107245,607,0,0,0,0,0,0,0,0,0,1,1,1,1,0,0,602,601
107246,378,0,0,0,0,0,0,0,0,0,0,0,0,0,0,0,373,372
107247,433,0,0,0,0,1,0,0,0,0,0,0,0,0,0,0,428,427
107248,453,0,0,0,0,1,0,5,0,0,0,0,0,0,0,0,447,446
107249,298,0,0,0,0,1,0,0,0,0,0,0,0,0,0,0,292,291
107250,331,0,0,0,0,1,0,0,0,0,0,0,0,0,0,0,326,325
107251,351,0,0,0,0,1,0,0,0,0,0,0,0,0,0,0,346,345
107252,412,0,0,0,0,1,0,0,0,0,0,0,0,0,0,0,407,406
107253,724,0,0,0,0,1,0,0,0,0,0,0,0,0,0,0,719,718
107254,404,0,0,0,0,0,0,0,0,0,0,0,0,0,0,0,399,398
107255,356,0,1,0,0,2,0,0,0,0,0,0,0,0,0,0,349,349
107256,505,0,0,0,0,0,0,0,0,0,0,0,0,0,0,0,500,499
107257,689,0,0,0,0,0,0,0,0,0,2,2,2,2,0,0,684,683
107258,342,0,0,0,0,1,0,0,0,0,0,0,0,0,0,0,337,336
107259,465,0,0,0,0,0,0,0,0,0,0,0,0,0,0,0,460,459
107260,318,0,0,0,0,2,0,0,0,0,0,0,0,0,0,0,312,312
107261,631,0,0,0,0,3,0,0,0,0,0,0,0,0,0,0,623,622
107262,434,0,0,0,0,1,0,0,0,0,0,0,0,0,0,0,428,427
107263,566,0,0,0,0,1,0,0,0,0,0,0,0,0,0,0,560,559
107264,583,0,0,0,0,0,0,0,0,0,0,0,0,0,0,0,578,577
107265,377,0,0,0,0,1,0,0,0,0,0,0,0,0,0,0,372,371
107266,342,0,0,0,0,2,0,0,0,0,0,0,0,0,0,0,336,335
107267,563,0,0,0,0,54,0,0,0,0,0,0,0,0,0,0,505,504
107268,489,0,0,0,0,10,0,0,0,0,0,0,0,0,0,0,475,474
107269,307,0,0,0,0,1,0,0,0,0,0,0,0,0,0,0,301,300
107270,399,0,0,0,0,13,0,0,0,0,0,0,0,0,0,0,382,381
107271,347,0,0,0,0,0,0,0,0,0,0,0,0,0,0,0,342,341
107272,466,0,3,0,0,1,0,0,0,0,2,2,2,2,0,0,458,457
107273,451,0,0,0,0,3,0,0,0,0,1,1,1,1,0,0,444,443
107274,411,0,0,0,0,1,0,0,0,0,4,4,4,4,0,0,405,404
107275,341,0,0,0,0,1,0,0,0,0,0,0,0,0,0,0,336,335
107276,485,0,0,0,0,0,0,0,0,0,0,0,0,0,0,0,480,479
107277,331,0,0,0,0,2,0,0,0,0,0,0,0,0,0,0,325,325
107278,448,0,0,0,0,0,0,0,0,0,0,0,0,0,0,0,443,442
107279,296,0,0,0,0,1,0,0,0,0,0,0,0,0,0,0,291,290
107280,341,0,0,0,0,0,0,0,0,0,0,0,0,0,0,0,336,335
107281,430,0,0,0,0,0,0,0,0,0,2,2,2,2,0,0,425,424
107282,535,0,0,0,0,0,0,0,0,0,22,22,22,22,0,0,530,529
107283,332,0,0,0,0,1,0,0,0,0,0,0,0,0,0,0,327,326
107285,309,0,0,0,0,2,0,0,0,0,0,0,0,0,0,0,303,303
107286,523,0,0,0,0,1,0,0,0,0,1,1,1,1,0,0,517,516
107287,521,0,0,0,0,1,0,9,0,0,0,0,0,0,0,0,516,515
107288,378,0,0,0,0,1,0,0,0,0,0,0,0,0,0,0,373,372
107289,382,0,0,0,0,1,0,0,0,0,0,0,0,0,0,0,377,376
107290,376,0,0,0,0,0,0,0,0,0,1,1,1,1,0,0,371,370
107291,386,0,0,0,0,2,0,0,0,0,0,0,0,0,0,0,379,378
107292,342,0,0,0,0,2,0,0,0,0,1,1,1,1,0,0,336,336
107293,385,0,0,0,0,1,0,0,0,0,2,2,2,2,0,0,380,379
107294,383,0,0,0,0,0,0,0,0,0,0,0,0,0,0,0,378,377
107295,475,0,0,0,0,0,0,0,0,0,0,0,0,0,0,0,470,469
107296,507,0,0,0,0,0,0,0,0,0,0,0,0,0,0,0,502,501
107297,606,0,0,0,0,0,0,0,0,0,2,2,2,2,0,0,601,600
107298,431,0,1,0,0,1,0,9,0,0,0,0,0,0,0,0,425,424
107299,470,0,0,0,0,0,0,0,0,0,0,0,0,0,0,0,465,464
107300,37,0,0,0,0,2,0,0,0,0,0,0,0,0,0,0,31,31
107301,458,0,0,0,0,1,0,0,0,0,24,24,24,24,0,0,453,452
107302,562,0,0,0,0,1,0,0,0,0,37,37,37,37,0,0,557,556
107303,432,0,0,0,0,1,0,0,0,0,1,1,1,1,0,0,427,426
107304,509,0,0,0,0,1,0,0,0,0,0,0,0,0,0,0,504,503
107305,590,0,0,0,0,20,0,0,0,0,0,0,0,0,0,0,566,565
107306,335,0,0,0,0,1,0,0,0,0,0,0,0,0,0,0,330,329
107307,405,0,0,0,0,3,0,0,0,0,5,5,5,5,0,0,398,397
107308,409,0,0,0,0,4,0,0,0,0,0,0,0,0,0,0,401,400
107309,29,0,0,0,0,2,0,0,0,0,0,0,0,0,0,0,23,23
107310,327,0,0,0,0,0,0,0,0,0,0,0,0,0,0,0,322,321
107311,524,0,0,0,0,0,0,0,0,0,6,6,6,6,0,0,519,518
107312,371,0,0,0,0,1,0,0,0,0,0,0,0,0,0,0,366,365
107313,372,0,0,0,0,0,0,0,0,0,0,0,0,0,0,0,367,366
107314,365,0,0,0,0,1,0,0,0,0,0,0,0,0,0,0,360,359
107315,423,0,0,0,0,0,0,0,0,0,0,0,0,0,0,0,418,417
107316,496,0,0,0,0,1,0,0,0,0,0,0,0,0,0,0,491,490
107317,285,0,1,0,0,1,0,0,0,0,0,0,0,0,0,0,278,277
107318,426,0,1,0,0,0,0,0,0,0,0,0,0,0,0,0,420,419
107319,256,0,0,0,0,3,0,0,0,0,0,0,0,0,0,0,249,248
107320,394,0,0,0,0,1,0,0,0,0,0,0,0,0,0,0,389,388
107321,234,0,0,0,0,2,0,0,0,0,0,0,0,0,0,0,228,228
107322,597,0,2,0,0,2,0,0,0,0,0,0,0,0,0,0,588,587
107323,410,0,0,0,0,0,0,0,0,0,2,2,2,2,0,0,405,404
107324,413,0,0,0,0,0,0,0,0,0,0,0,0,0,0,0,408,407
107325,343,0,0,0,0,1,0,0,0,0,0,0,0,0,0,0,338,337
107326,535,0,0,0,0,3,0,0,0,0,0,0,0,0,0,0,528,527
107327,332,0,0,0,0,1,0,0,0,0,0,0,0,0,0,0,327,326
107328,331,0,0,0,0,1,0,0,0,0,0,0,0,0,0,0,326,325
107329,318,0,0,0,0,1,0,0,0,0,0,0,0,0,0,0,313,312
107330,407,0,0,0,0,1,0,0,0,0,0,0,0,0,0,0,402,401
107331,340,0,0,0,0,0,0,0,0,0,0,0,0,0,0,0,335,334
107332,433,0,0,0,0,1,0,0,0,0,0,0,0,0,0,0,428,427
107333,386,0,0,0,0,4,0,0,0,0,0,0,0,0,0,0,378,378
107334,447,0,0,0,0,0,0,0,0,0,1,1,1,1,0,0,442,441
107335,379,0,0,0,0,1,0,0,0,0,0,0,0,0,0,0,374,373
107336,695,0,0,0,0,0,0,0,0,0,0,0,0,0,0,0,690,689
107337,555,0,0,0,0,0,0,0,0,0,1,1,1,1,0,0,550,549
107338,399,0,0,0,0,2,0,0,0,0,0,0,0,0,0,0,393,392
107339,449,0,0,0,0,1,0,0,0,0,0,0,0,0,0,0,444,443
107340,64,0,0,0,0,2,0,0,0,0,0,0,0,0,0,0,58,58
107341,675,0,10,0,0,1,0,0,0,0,1,1,1,1,0,0,659,658
107342,808,0,0,0,0,0,0,0,0,0,2,2,2,2,0,0,803,802
107343,445,0,0,0,0,1,0,0,0,0,0,0,0,0,0,0,439,438
107344,348,0,0,0,0,2,0,0,0,0,0,0,0,0,0,0,342,341
107345,314,0,0,0,0,1,0,0,0,0,0,0,0,0,0,0,308,307
107346,466,0,0,0,0,0,0,0,0,0,1,1,1,1,0,0,461,460
107347,357,0,0,0,0,1,0,0,0,0,0,0,0,0,0,0,352,351
107348,637,0,0,0,0,1,0,0,0,0,1,1,1,1,0,0,631,630
107350,373,0,0,0,0,1,0,0,0,0,0,0,0,0,0,0,368,367
107351,361,0,0,0,0,2,0,0,0,0,0,0,0,0,0,0,355,355
107352,392,0,0,0,0,0,0,0,0,0,0,0,0,0,0,0,387,386
107353,326,0,0,0,0,2,0,0,0,0,0,0,0,0,0,0,320,320
107354,740,0,0,0,0,0,0,0,0,0,1,1,1,1,0,0,735,734
107355,571,0,0,0,0,17,0,0,0,0,0,0,0,0,0,0,549,548
107356,481,0,0,0,0,0,0,0,0,0,1,1,1,1,0,0,476,475
107357,466,0,0,0,0,1,0,0,0,0,0,0,0,0,0,0,461,460
107358,446,0,0,0,0,1,0,0,0,0,0,0,0,0,0,0,441,440
107359,467,0,0,0,0,1,0,0,0,0,0,0,0,0,0,0,461,460
107360,445,0,0,0,0,1,0,0,0,0,0,0,0,0,0,0,440,439
107361,425,0,0,0,0,0,0,0,0,0,0,0,0,0,0,0,420,419
107362,432,0,0,0,0,1,0,0,0,0,0,0,0,0,0,0,427,426
107363,499,0,0,0,0,0,0,0,0,0,2,2,2,2,0,0,494,493
107364,257,0,0,0,0,2,0,0,0,0,0,0,0,0,0,0,251,251
107365,413,0,0,0,0,0,0,0,0,0,1,1,1,1,0,0,408,407
107366,486,0,0,0,0,0,0,0,0,0,0,0,0,0,0,0,481,480
107367,516,0,0,0,0,0,0,0,0,0,1,1,1,1,0,0,511,510
107368,350,0,0,0,0,1,0,0,0,0,1,1,1,1,0,0,345,344
107369,392,0,0,0,0,1,0,0,0,0,0,0,0,0,0,0,387,386
107370,320,0,0,0,0,3,0,0,0,0,0,0,0,0,0,0,313,312
107371,552,0,1,0,0,0,0,0,0,0,1,1,1,1,0,0,546,545
107372,464,0,0,0,0,0,0,0,0,0,0,0,0,0,0,0,459,458
107373,461,0,0,0,0,1,0,0,0,0,1,1,1,1,0,0,455,454
107374,380,0,0,0,0,1,0,0,0,0,2,2,2,2,0,0,375,374
107375,349,0,0,0,0,1,0,0,0,0,0,0,0,0,0,0,344,343
107376,539,0,0,0,0,12,0,0,0,0,0,0,0,0,0,0,522,521
107377,262,0,0,0,0,2,0,0,0,0,0,0,0,0,0,0,256,256
107378,416,0,1,0,0,0,0,0,0,0,2,2,2,2,0,0,410,409
107379,429,0,1,0,0,0,0,0,0,0,0,0,0,0,0,0,423,422
107380,460,0,0,0,0,0,0,0,0,0,1,1,1,1,0,0,455,454
107381,382,0,0,0,0,2,0,0,0,0,2,2,2,2,0,0,376,376
107382,439,0,0,0,0,0,0,0,0,0,1,1,1,1,0,0,434,433
107383,265,0,0,0,0,2,0,0,0,0,0,0,0,0,0,0,259,259
107384,533,0,0,0,0,0,0,0,0,0,0,0,0,0,0,0,528,527
107385,406,0,0,0,0,1,0,0,0,0,0,0,0,0,0,0,401,400
107386,636,0,0,0,0,6,0,0,0,0,1,1,1,1,0,0,626,625
107387,530,0,1,0,0,2,0,0,0,0,1,1,1,1,0,0,523,522
107388,398,0,2,0,0,1,0,0,0,0,0,0,0,0,0,0,391,390
107389,497,0,0,0,0,2,0,0,0,0,0,0,0,0,0,0,491,490
107390,623,0,0,0,0,3,0,0,0,0,0,0,0,0,0,0,615,614
107391,491,0,1,0,0,1,0,0,0,0,0,0,0,0,0,0,485,484
107392,452,0,0,0,0,0,0,0,0,0,2,2,2,2,0,0,447,446
107393,355,0,0,0,0,1,0,0,0,0,0,0,0,0,0,0,349,348
107394,511,0,0,0,0,0,0,0,0,0,1,1,1,1,0,0,506,505
107395,370,0,0,0,0,0,0,0,0,0,0,0,0,0,0,0,365,364
107396,358,0,0,0,0,1,0,0,0,0,0,0,0,0,0,0,353,352
107397,334,0,0,0,0,0,0,0,0,0,0,0,0,0,0,0,329,328
107398,481,0,0,0,0,5,0,0,0,0,0,0,0,0,0,0,472,471
107399,339,0,0,0,0,0,0,0,0,0,0,0,0,0,0,0,334,333
107400,344,0,0,0,0,1,0,0,0,0,0,0,0,0,0,0,339,338
107402,336,0,0,0,0,1,0,0,0,0,0,0,0,0,0,0,331,330
107403,553,0,0,0,0,0,0,0,0,0,2,2,2,2,0,0,548,547
107404,379,0,1,0,0,1,0,0,0,0,0,0,0,0,0,0,373,372
107405,418,0,0,0,0,1,0,0,0,0,2,2,2,2,0,0,413,412
107406,398,0,0,0,0,1,0,0,0,0,0,0,0,0,0,0,393,392
107407,483,0,0,0,0,0,0,0,0,0,0,0,0,0,0,0,478,477
107408,573,0,0,0,0,0,0,0,0,0,18,18,18,18,0,0,568,567
107409,645,0,0,0,0,3,0,0,0,0,1,1,1,1,0,0,637,636
107410,498,0,0,0,0,1,0,0,0,0,0,0,0,0,0,0,493,492
107411,395,0,0,0,0,3,0,0,0,0,0,0,0,0,0,0,388,387
107412,345,0,0,0,0,3,0,0,0,0,0,0,0,0,0,0,338,337
107413,572,0,3,0,0,0,0,0,0,0,0,0,0,0,0,0,564,563
107414,521,0,0,0,0,2,0,0,0,0,0,0,0,0,0,0,515,514
107415,480,0,0,0,0,2,0,0,0,0,0,0,0,0,0,0,473,472
107416,490,0,0,0,0,0,0,0,0,0,0,0,0,0,0,0,485,484
107417,341,0,0,0,0,1,0,0,0,0,0,0,0,0,0,0,336,335
107418,398,0,0,0,0,0,0,0,0,0,0,0,0,0,0,0,393,392
107419,470,0,0,0,0,1,0,0,0,0,0,0,0,0,0,0,465,464
107420,351,0,0,0,0,1,0,0,0,0,0,0,0,0,0,0,346,345
107421,587,0,1,0,0,0,0,0,0,0,0,0,0,0,0,0,581,580
107422,603,0,0,0,0,0,0,0,0,0,2,2,2,2,0,0,598,597
107423,345,0,2,0,0,1,0,0,0,0,0,0,0,0,0,0,338,337
107424,427,0,1,0,0,1,0,0,0,0,0,0,0,0,0,0,421,420
107425,438,0,0,0,0,0,0,0,0,0,1,1,1,1,0,0,433,432
107426,500,0,0,0,0,2,0,0,0,0,1,1,1,1,0,0,494,493
107427,483,0,0,0,0,0,0,0,0,0,38,38,38,38,0,0,478,477
107428,398,0,0,0,0,0,0,0,0,0,0,0,0,0,0,0,393,392
107429,391,0,0,0,0,0,0,0,0,0,0,0,0,0,0,0,386,385
107430,256,0,0,0,0,1,0,0,0,0,0,0,0,0,0,0,251,250
107431,480,0,0,0,0,2,0,0,0,0,0,0,0,0,0,0,474,473
107432,373,0,0,0,0,10,0,0,0,0,0,0,0,0,0,0,359,358
107433,448,0,1,0,0,3,0,0,0,0,0,0,0,0,0,0,440,439
107434,547,0,0,0,0,3,0,0,0,0,0,0,0,0,0,0,539,538
107435,611,0,1,0,0,0,0,0,0,0,0,0,0,0,0,0,605,604
107436,460,0,0,0,0,0,0,0,0,0,0,0,0,0,0,0,455,454
107437,339,0,0,0,0,3,0,0,0,0,0,0,0,0,0,0,331,330
107438,365,0,0,0,0,0,0,0,0,0,0,0,0,0,0,0,360,359
107439,543,0,0,0,0,1,0,0,0,0,2,2,2,2,0,0,538,537
107440,485,0,0,0,0,0,0,0,0,0,1,1,1,1,0,0,480,479
107441,84,0,2,0,0,2,0,0,0,0,0,0,0,0,0,0,76,76
107442,517,0,0,0,0,8,0,0,0,0,0,0,0,0,0,0,504,503
107443,591,0,0,0,0,1,0,0,0,0,0,0,0,0,0,0,586,585
107444,226,0,0,0,0,2,0,0,0,0,0,0,0,0,0,0,220,220
107445,441,0,0,0,0,1,0,0,0,0,1,1,1,1,0,0,436,435
107446,411,0,1,0,0,0,0,0,0,0,0,0,0,0,0,0,405,404
107447,412,0,0,0,0,6,0,0,0,0,0,0,0,0,0,0,402,402
107448,345,0,0,0,0,1,0,0,0,0,0,0,0,0,0,0,340,339
107449,470,0,0,0,0,1,0,0,0,0,0,0,0,0,0,0,465,464
107450,492,0,0,0,0,1,0,0,0,0,13,13,13,13,0,0,487,486
107451,434,0,0,0,0,0,0,0,0,0,2,2,2,2,0,0,429,428
107452,487,0,0,0,0,1,0,0,0,0,0,0,0,0,0,0,482,481
107453,460,0,0,0,0,0,0,0,0,0,0,0,0,0,0,0,455,454
107454,557,0,0,0,0,2,0,0,0,0,2,2,2,2,0,0,550,549
107455,465,0,0,0,0,1,0,0,0,0,0,0,0,0,0,0,460,459
107456,509,0,0,0,0,14,0,0,0,0,1,1,1,1,0,0,490,489
107457,491,0,0,0,0,1,0,0,0,0,1,1,1,1,0,0,485,484
107458,463,0,1,0,0,2,0,0,0,0,0,0,0,0,0,0,456,456
107459,436,0,0,0,0,2,0,0,0,0,0,0,0,0,0,0,430,429
107460,444,0,0,0,0,0,0,0,0,0,1,1,1,1,0,0,439,438
107461,401,0,0,0,0,1,0,0,0,0,0,0,0,0,0,0,396,395
107462,392,0,0,0,0,2,0,0,0,0,0,0,0,0,0,0,386,385
107463,458,0,0,0,0,1,0,0,0,0,0,0,0,0,0,0,453,452
107464,300,0,0,0,0,0,0,0,0,0,1,1,1,1,0,0,295,294
107465,649,0,0,0,0,29,0,0,0,0,0,0,0,0,0,0,616,615
107466,246,0,0,0,0,1,0,0,0,0,0,0,0,0,0,0,241,240
107467,454,0,0,0,0,0,0,0,0,0,1,1,1,1,0,0,449,448
107469,372,0,0,0,0,2,0,0,0,0,0,0,0,0,0,0,366,366
107470,733,0,1,0,0,0,0,0,0,0,1,1,1,1,0,0,727,726
107471,466,0,1,0,0,1,0,0,0,0,0,0,0,0,0,0,459,458
107472,507,0,0,0,0,0,0,0,0,0,1,1,1,1,0,0,502,501
107473,802,0,0,0,0,3,0,0,0,0,0,0,0,0,0,0,794,793
107474,323,0,0,0,0,3,0,0,0,0,0,0,0,0,0,0,316,316
107475,528,0,0,0,0,0,0,0,0,0,1,1,1,1,0,0,523,522
107476,447,0,0,0,0,1,0,0,0,0,1,1,1,1,0,0,442,441
107477,438,0,0,0,0,1,0,0,0,0,23,23,23,23,0,0,433,432
107478,673,0,0,0,0,0,0,0,0,0,2,2,2,2,0,0,668,667
107479,413,0,0,0,0,1,0,0,0,0,0,0,0,0,0,0,408,407
107480,474,0,0,0,0,1,0,0,0,0,1,1,1,1,0,0,469,468
107481,298,0,0,0,0,1,0,0,0,0,0,0,0,0,0,0,293,292
107482,552,0,0,0,0,0,0,0,0,0,0,0,0,0,0,0,547,546
107483,432,0,0,0,0,0,0,0,0,0,1,1,1,1,0,0,427,426
107484,359,0,0,0,0,0,0,0,0,0,0,0,0,0,0,0,354,353
107485,608,0,0,0,0,0,0,0,0,0,2,2,2,2,0,0,603,602
107486,726,0,0,0,0,0,0,0,0,0,2,2,2,2,0,0,721,720
107487,487,0,0,0,0,3,0,0,0,0,0,0,0,0,0,0,479,478
107488,376,0,0,0,0,3,0,0,0,0,1,1,1,1,0,0,368,367
107489,351,0,0,0,0,1,0,0,0,0,0,0,0,0,0,0,346,345
107490,405,0,0,0,0,2,0,0,0,0,0,0,0,0,0,0,399,399
107491,376,0,1,0,0,0,0,0,0,0,0,0,0,0,0,0,370,369
107492,436,0,0,0,0,0,0,0,0,0,1,1,1,1,0,0,431,430
107493,387,0,0,0,0,0,0,0,0,0,0,0,0,0,0,0,382,381
107494,368,0,1,0,0,1,0,0,0,0,0,0,0,0,0,0,362,361
107495,450,0,0,0,0,0,0,0,0,0,0,0,0,0,0,0,445,444
107496,393,0,1,0,0,1,0,7,0,0,1,1,1,1,0,0,387,386
107497,212,0,0,0,0,2,0,0,0,0,0,0,0,0,0,0,206,206
107498,409,0,0,0,0,2,0,0,0,0,0,0,0,0,0,0,402,401
107499,559,0,0,0,0,3,0,0,0,0,0,0,0,0,0,0,551,550
107500,398,0,0,0,0,0,0,0,0,0,1,1,1,1,0,0,393,392
107501,442,0,0,0,0,0,0,0,0,0,0,0,0,0,0,0,437,436
107502,331,0,0,0,0,1,0,0,0,0,0,0,0,0,0,0,326,325
107504,528,0,0,0,0,0,0,0,0,0,2,2,2,2,0,0,523,522
107505,372,0,2,0,0,1,0,0,0,0,0,0,0,0,0,0,365,364
107506,504,0,0,0,0,0,0,0,0,0,0,0,0,0,0,0,499,498
107507,513,0,2,0,0,0,0,0,0,0,0,0,0,0,0,0,506,505
107508,422,0,0,0,0,0,0,0,0,0,0,0,0,0,0,0,417,416
107509,426,0,0,0,0,1,0,0,0,0,0,0,0,0,0,0,421,420
107510,671,0,3,0,0,3,0,0,0,0,0,0,0,0,0,0,661,660
107511,435,0,0,0,0,1,0,0,0,0,0,0,0,0,0,0,430,429
107512,450,0,0,0,0,0,0,0,0,0,0,0,0,0,0,0,445,444
107513,316,0,1,0,0,0,0,0,0,0,0,0,0,0,0,0,310,309
107514,556,0,0,0,0,1,0,0,0,0,3,3,3,3,0,0,551,550
107515,685,0,1,0,0,0,0,0,0,0,19,19,19,19,0,0,679,678
107516,480,0,0,0,0,0,0,0,0,0,0,0,0,0,0,0,475,474
107517,398,0,0,0,0,1,0,0,0,0,0,0,0,0,0,0,393,392
107518,436,0,0,0,0,0,0,0,0,0,0,0,0,0,0,0,431,430
107519,502,0,2,0,0,0,0,0,0,0,1,1,1,1,0,0,495,494
107520,347,0,2,0,0,2,0,0,0,0,0,0,0,0,0,0,338,337
107521,257,0,0,0,0,0,0,0,0,0,2,2,2,2,0,0,252,251
107522,440,0,0,0,0,0,0,0,0,0,0,0,0,0,0,0,435,434
107523,310,0,0,0,0,5,0,0,0,0,0,0,0,0,0,0,301,301
107524,527,0,0,0,0,0,0,0,0,0,0,0,0,0,0,0,522,521
107525,259,0,0,0,0,0,0,0,0,0,0,0,0,0,0,0,254,253
107526,651,0,0,0,0,47,0,0,0,0,0,0,0,0,0,0,600,599
107527,515,0,0,0,0,0,0,0,0,0,2,2,2,2,0,0,510,509
107528,339,0,0,0,0,1,0,0,0,0,0,0,0,0,0,0,334,333
107529,243,0,0,0,0,2,0,0,0,0,0,0,0,0,0,0,237,236
107530,170,0,0,0,0,1,0,0,0,0,0,0,0,0,0,0,165,164
107531,491,0,0,0,0,1,0,0,0,0,0,0,0,0,0,0,485,484
107532,565,0,0,0,0,0,0,0,0,0,1,1,1,1,0,0,560,559
107533,432,0,0,0,0,0,0,0,0,0,0,0,0,0,0,0,427,426
107534,327,0,0,0,0,0,0,0,0,0,0,0,0,0,0,0,322,321
107535,688,0,0,0,0,40,0,0,0,0,0,0,0,0,0,0,643,642
107536,599,0,0,0,0,0,0,0,0,0,0,0,0,0,0,0,594,593
107537,338,0,0,0,0,1,0,0,0,0,0,0,0,0,0,0,332,331
107538,403,0,0,0,0,1,0,0,0,0,0,0,0,0,0,0,398,397
107539,360,0,0,0,0,1,0,0,0,0,0,0,0,0,0,0,355,354
107540,52,0,2,0,0,2,0,0,0,0,0,0,0,0,0,0,44,44
107541,374,0,0,0,0,2,0,0,0,0,0,0,0,0,0,0,368,367
107542,562,0,0,0,0,0,0,10,0,0,0,0,0,0,0,0,557,556
107543,412,0,0,0,0,1,0,0,0,0,0,0,0,0,0,0,407,406
107544,269,0,0,0,0,0,0,0,0,0,0,0,0,0,0,0,264,263
107545,409,0,1,0,0,0,0,0,0,0,0,0,0,0,0,0,403,402
107546,452,0,1,0,0,0,0,0,0,0,2,2,2,2,0,0,446,445
107547,474,0,0,0,0,1,0,0,0,0,0,0,0,0,0,0,469,468
107548,404,0,0,0,0,1,0,0,0,0,0,0,0,0,0,0,399,398
107549,404,0,0,0,0,1,0,0,0,0,0,0,0,0,0,0,399,398
107550,403,0,0,0,0,0,0,0,0,0,0,0,0,0,0,0,398,397
107551,618,0,3,0,0,1,0,0,0,0,0,0,0,0,0,0,610,609
107552,418,0,0,0,0,1,0,6,0,0,0,0,0,0,0,0,413,412
107553,67,0,0,0,0,2,0,0,0,0,0,0,0,0,0,0,61,61
107554,416,0,0,0,0,4,0,0,0,0,0,0,0,0,0,0,407,406
107555,309,0,0,0,0,2,0,0,0,0,0,0,0,0,0,0,303,303
107556,500,0,0,0,0,3,0,0,0,0,0,0,0,0,0,0,493,492
107557,119,0,0,0,0,0,0,0,0,0,0,0,0,0,0,0,114,113
107558,704,0,0,0,0,1,0,0,0,0,2,2,2,2,0,0,698,697
107559,495,0,0,0,0,5,0,0,0,0,0,0,0,0,0,0,486,485
107560,528,0,0,0,0,2,0,0,0,0,0,0,0,0,0,0,522,521
107561,381,0,0,0,0,1,0,0,0,0,0,0,0,0,0,0,376,375
107562,406,0,0,0,0,0,0,0,0,0,1,1,1,1,0,0,401,400
107563,340,0,0,0,0,2,0,0,0,0,0,0,0,0,0,0,334,333
107564,587,0,3,0,0,0,0,0,0,0,0,0,0,0,0,0,579,578
107565,431,0,0,0,0,1,0,0,0,0,1,1,1,1,0,0,426,425
107566,353,0,0,0,0,0,0,0,0,0,0,0,0,0,0,0,348,347
107567,435,0,0,0,0,0,0,0,0,0,0,0,0,0,0,0,430,429
107568,428,0,0,0,0,1,0,0,0,0,1,1,1,1,0,0,423,422
107569,369,0,0,0,0,1,0,0,0,0,0,0,0,0,0,0,364,363
107570,300,0,1,0,0,8,0,0,0,0,0,0,0,0,0,0,287,286
107571,427,0,0,0,0,1,0,0,0,0,0,0,0,0,0,0,422,421
107572,335,0,0,0,0,1,0,0,0,0,0,0,0,0,0,0,330,329
107573,411,0,1,0,0,4,0,0,0,0,0,0,0,0,0,0,402,401
107574,433,0,1,0,0,1,0,0,0,0,0,0,0,0,0,0,427,426
107575,443,0,0,0,0,0,0,0,0,0,2,2,2,2,0,0,438,437
107576,557,0,0,0,0,0,0,0,0,0,2,2,2,2,0,0,552,551
107577,617,0,0,0,0,0,0,0,0,0,33,33,33,33,0,0,612,611
107578,293,0,0,0,0,0,0,0,0,0,0,0,0,0,0,0,288,287
107579,454,0,0,0,0,0,0,0,0,0,1,1,1,1,0,0,449,448
107580,526,0,2,0,0,5,0,0,0,0,2,3,2,3,0,0,515,514
107581,425,0,1,0,0,1,0,0,0,0,1,1,1,1,0,0,419,418
107583,433,0,0,0,0,1,0,0,0,0,0,0,0,0,0,0,428,427
107584,306,0,0,0,0,2,0,0,0,0,0,0,0,0,0,0,299,298
107585,314,0,0,0,0,0,0,0,0,0,0,0,0,0,0,0,309,308
107586,481,0,0,0,0,1,0,6,0,0,1,1,1,1,0,0,475,474
107587,453,0,0,0,0,1,0,0,0,0,0,0,0,0,0,0,448,447
107588,293,0,0,0,0,3,0,0,0,0,0,0,0,0,0,0,285,284
107589,440,0,0,0,0,2,0,0,0,0,0,0,0,0,0,0,433,432
107590,568,0,0,0,0,0,0,0,0,0,38,38,38,38,0,0,563,562
107591,444,0,2,0,0,2,0,5,0,0,0,0,0,0,0,0,436,436
107592,373,0,0,0,0,1,0,0,0,0,0,0,0,0,0,0,368,367
107593,439,0,0,0,0,2,0,0,0,0,0,0,0,0,0,0,433,432
107594,422,0,0,0,0,1,0,0,0,0,0,0,0,0,0,0,417,416
107595,385,0,0,0,0,2,0,0,0,0,0,0,0,0,0,0,379,378
107596,367,0,0,0,0,1,0,0,0,0,0,0,0,0,0,0,362,361
107597,464,0,0,0,0,0,0,0,0,0,0,0,0,0,0,0,459,458
107598,857,0,1,0,0,0,0,0,0,0,0,0,0,0,0,0,851,850
107599,387,0,0,0,0,1,0,0,0,0,0,0,0,0,0,0,382,381
107600,580,0,0,0,0,0,0,0,0,0,2,2,2,2,0,0,575,574
107601,300,0,0,0,0,2,0,0,0,0,0,0,0,0,0,0,294,294
107602,374,0,0,0,0,0,0,0,0,0,0,0,0,0,0,0,369,368
107603,497,0,0,0,0,0,0,0,0,0,2,2,2,2,0,0,492,491
107604,413,0,0,0,0,1,0,0,0,0,0,0,0,0,0,0,408,407
107605,375,0,0,0,0,0,0,0,0,0,0,0,0,0,0,0,370,369
107606,493,0,0,0,0,0,0,0,0,0,0,0,0,0,0,0,488,487
107607,414,0,0,0,0,1,0,0,0,0,1,1,1,1,0,0,409,408
107608,410,0,0,0,0,1,0,0,0,0,0,0,0,0,0,0,405,404
107609,373,0,0,0,0,0,0,0,0,0,0,0,0,0,0,0,368,367
107610,289,0,0,0,0,0,0,0,0,0,0,0,0,0,0,0,284,283
107611,485,0,0,0,0,1,0,8,0,0,0,0,0,0,0,0,480,479
107612,758,0,0,0,0,0,0,0,0,0,0,0,0,0,0,0,753,752
107613,342,0,0,0,0,1,0,0,0,0,0,0,0,0,0,0,337,336
107614,395,0,2,0,0,1,0,0,0,0,0,0,0,0,0,0,388,387
107615,358,0,0,0,0,2,0,0,0,0,1,1,1,1,0,0,352,351
107616,468,0,0,0,0,0,0,0,0,0,0,0,0,0,0,0,463,462
107617,446,0,2,0,0,2,0,0,0,0,1,1,1,1,0,0,438,437
107618,436,0,0,0,0,16,0,0,0,0,0,0,0,0,0,0,416,415
107619,398,0,0,0,0,1,0,0,0,0,0,0,0,0,0,0,393,392
107620,376,0,0,0,0,0,0,0,0,0,0,0,0,0,0,0,371,370
107621,322,0,0,0,0,2,0,0,0,0,0,0,0,0,0,0,316,316
107622,431,0,0,0,0,0,0,0,0,0,0,0,0,0,0,0,426,425
107623,421,0,0,0,0,1,0,0,0,0,0,0,0,0,0,0,416,415
107624,438,0,1,0,0,0,0,0,0,0,0,0,0,0,0,0,432,431
107625,365,0,0,0,0,1,0,0,0,0,0,0,0,0,0,0,360,359
107626,272,0,0,0,0,0,0,0,0,0,0,0,0,0,0,0,267,266
107627,324,0,0,0,0,0,0,0,0,0,0,0,0,0,0,0,319,318
107628,537,0,0,0,0,2,0,0,0,0,9,9,9,9,0,0,530,529
107629,348,0,0,0,0,0,0,0,0,0,0,0,0,0,0,0,343,342
107630,492,0,0,0,0,2,0,0,0,0,0,0,0,0,0,0,486,485
107631,506,0,0,0,0,1,0,0,0,0,1,1,1,1,0,0,501,500
107632,624,0,0,0,0,1,0,0,0,0,0,0,0,0,0,0,619,618
107633,317,0,0,0,0,3,0,5,0,0,0,0,0,0,0,0,310,310
107634,434,0,0,0,0,0,0,0,0,0,0,0,0,0,0,0,429,428
107635,710,0,0,0,0,1,0,0,0,0,2,2,2,2,0,0,704,703
107636,430,0,0,0,0,1,0,0,0,0,0,0,0,0,0,0,425,424
107637,427,0,0,0,0,1,0,0,0,0,0,0,0,0,0,0,421,420
107638,309,0,0,0,0,1,0,0,0,0,0,0,0,0,0,0,304,303
107639,414,0,0,0,0,0,0,0,0,0,0,0,0,0,0,0,409,408
107640,334,0,0,0,0,2,0,0,0,0,1,1,1,1,0,0,328,328
107641,358,0,0,0,0,0,0,0,0,0,0,0,0,0,0,0,353,352
107642,391,0,0,0,0,1,0,0,0,0,1,1,1,1,0,0,386,385
107643,556,0,0,0,0,6,0,0,0,0,0,0,0,0,0,0,545,544
107644,831,0,0,0,0,0,0,0,0,0,2,2,2,2,0,0,826,825
107645,481,0,0,0,0,0,0,0,0,0,0,0,0,0,0,0,476,475
107646,288,0,0,0,0,0,0,0,0,0,0,0,0,0,0,0,283,282
107647,317,0,0,0,0,1,0,0,0,0,0,0,0,0,0,0,312,311
107648,382,0,0,0,0,0,0,0,0,0,0,0,0,0,0,0,377,376
107649,308,0,0,0,0,0,0,0,0,0,37,37,37,37,0,0,303,302
107650,409,0,0,0,0,4,0,0,0,0,0,0,0,0,0,0,401,400
107651,493,0,0,0,0,18,0,0,0,0,2,2,2,2,0,0,470,469
107652,456,0,0,0,0,0,0,0,0,0,0,0,0,0,0,0,451,450
107653,531,0,0,0,0,0,0,0,0,0,2,2,2,2,0,0,526,525
107654,374,0,0,0,0,1,0,0,0,0,0,0,0,0,0,0,369,368
107655,572,0,0,0,0,1,0,0,0,0,1,1,1,1,0,0,566,565
107656,361,0,0,0,0,1,0,0,0,0,0,0,0,0,0,0,356,355
107657,363,0,2,0,0,2,0,0,0,0,0,0,0,0,0,0,355,354
107658,358,0,0,0,0,0,0,0,0,0,0,0,0,0,0,0,353,352
107659,459,0,1,0,0,4,0,0,0,0,0,0,0,0,0,0,450,449
107660,603,0,0,0,0,0,0,0,0,0,2,2,2,2,0,0,598,597
107661,345,0,0,0,0,0,0,0,0,0,0,0,0,0,0,0,340,339
107662,385,0,0,0,0,0,0,0,0,0,0,0,0,0,0,0,380,379
107663,545,0,0,0,0,0,0,0,0,0,1,1,1,1,0,0,540,539
107664,525,0,3,0,0,0,0,0,0,0,1,1,1,1,0,0,517,516
107665,311,0,0,0,0,1,0,0,0,0,0,0,0,0,0,0,306,305
107666,381,0,0,0,0,1,0,0,0,0,0,0,0,0,0,0,376,375
107667,584,0,0,0,0,1,0,0,0,0,0,0,0,0,0,0,579,578
107668,364,0,0,0,0,0,0,0,0,0,0,0,0,0,0,0,359,358
107669,453,0,0,0,0,0,0,0,0,0,1,1,1,1,0,0,448,447
107670,612,0,0,0,0,0,0,0,0,0,0,0,0,0,0,0,607,606
107671,1162,0,1,0,0,11,0,0,0,0,0,0,0,0,0,0,1145,1144
107672,578,0,1,0,0,0,0,0,0,0,1,1,1,1,0,0,572,571
107673,471,0,0,0,0,0,0,0,0,0,2,2,2,2,0,0,466,465
107674,338,0,1,0,0,3,0,0,0,0,3,3,3,3,0,0,330,330
107675,362,0,0,0,0,1,0,0,0,0,0,0,0,0,0,0,357,356
107676,371,0,0,0,0,1,0,0,0,0,0,0,0,0,0,0,366,365
107677,520,0,0,0,0,0,0,0,0,0,1,1,1,1,0,0,515,514
107678,324,0,0,0,0,1,0,0,0,0,0,0,0,0,0,0,318,317
107679,457,0,0,0,0,1,0,0,0,0,0,0,0,0,0,0,452,451
107680,347,0,0,0,0,0,0,0,0,0,0,0,0,0,0,0,342,341
107682,532,0,0,0,0,0,0,0,0,0,0,0,0,0,0,0,527,526
107683,327,0,0,0,0,0,0,0,0,0,0,0,0,0,0,0,322,321
107684,305,0,0,0,0,0,0,0,0,0,0,0,0,0,0,0,300,299
107685,468,0,0,0,0,0,0,0,0,0,2,2,2,2,0,0,463,462
107686,229,0,0,0,0,1,0,0,0,0,1,1,1,1,0,0,224,223
107687,505,0,0,0,0,1,0,0,0,0,1,1,1,1,0,0,499,498
107688,526,0,0,0,0,1,0,0,0,0,1,1,1,1,0,0,520,519
107689,781,0,0,0,0,2,0,0,0,0,0,0,0,0,0,0,774,773
107690,366,0,0,0,0,4,0,0,0,0,0,0,0,0,0,0,358,357
107691,343,0,0,0,0,1,0,0,0,0,0,0,0,0,0,0,338,337
107692,747,0,0,0,0,1,0,0,0,0,0,0,0,0,0,0,742,741
107693,468,0,0,0,0,0,0,0,0,0,0,0,0,0,0,0,463,462
107694,399,0,0,0,0,0,0,0,0,0,0,0,0,0,0,0,394,393
107695,446,0,0,0,0,1,0,0,0,0,2,2,2,2,0,0,441,440
107696,554,0,0,0,0,6,0,0,0,0,2,2,2,2,0,0,543,542
107697,646,0,0,0,0,0,0,0,0,0,31,31,31,31,0,0,641,640
107698,517,0,0,0,0,0,0,0,0,0,0,0,0,0,0,0,512,511
107699,395,0,0,0,0,2,0,0,0,0,0,0,0,0,0,0,389,389
107700,728,0,0,0,0,0,0,0,0,0,0,0,0,0,0,0,723,722
107701,498,0,0,0,0,0,0,0,0,0,0,0,0,0,0,0,493,492
107702,537,0,0,0,0,1,0,0,0,0,0,0,0,0,0,0,532,531
107703,506,0,0,0,0,2,0,0,0,0,2,2,2,2,0,0,499,498
107704,366,0,0,0,0,2,0,0,0,0,0,0,0,0,0,0,360,360
107705,480,0,0,0,0,0,0,0,0,0,0,0,0,0,0,0,475,474
107706,716,0,0,0,0,0,0,0,0,0,0,0,0,0,0,0,711,710
107707,436,0,0,0,0,1,0,0,0,0,0,0,0,0,0,0,431,430
107708,458,0,0,0,0,1,0,0,0,0,0,0,0,0,0,0,453,452
107709,689,0,0,0,0,1,0,0,0,0,0,0,0,0,0,0,684,683
107710,592,0,7,0,0,3,0,0,0,0,0,0,0,0,0,0,578,577
107711,494,0,0,0,0,0,0,0,0,0,2,2,2,2,0,0,489,488
107712,414,0,0,0,0,5,0,0,0,0,0,0,0,0,0,0,405,404
107713,390,0,0,0,0,0,0,0,0,0,1,1,1,1,0,0,385,384
107714,383,0,0,0,0,1,0,0,0,0,0,0,0,0,0,0,378,377
107715,380,0,0,0,0,0,0,0,0,0,2,2,2,2,0,0,375,374
107716,423,0,0,0,0,1,0,0,0,0,0,0,0,0,0,0,418,417
107717,463,0,0,0,0,1,0,0,0,0,0,0,0,0,0,0,458,457
107718,396,0,0,0,0,1,0,0,0,0,0,0,0,0,0,0,391,390
107719,407,0,0,0,0,1,0,0,0,0,0,0,0,0,0,0,402,401
107720,742,0,0,0,0,0,0,0,0,0,1,1,1,1,0,0,737,736
107721,399,0,0,0,0,0,0,0,0,0,0,0,0,0,0,0,394,393
107722,656,0,0,0,0,0,0,0,0,0,0,0,0,0,0,0,651,650
107723,353,0,0,0,0,0,0,0,0,0,0,0,0,0,0,0,348,347
107724,410,0,0,0,0,0,0,0,0,0,0,0,0,0,0,0,405,404
107725,506,0,0,0,0,0,0,0,0,0,0,0,0,0,0,0,501,500
107726,425,0,2,0,0,0,0,0,0,0,0,0,0,0,0,0,418,417
107727,781,0,0,0,0,1,0,0,0,0,33,33,33,33,0,0,776,775
107728,455,0,0,0,0,1,0,0,0,0,0,0,0,0,0,0,450,449
107729,304,0,0,0,0,1,0,0,0,0,0,0,0,0,0,0,299,298
107730,350,0,0,0,0,1,0,0,0,0,0,0,0,0,0,0,345,344
107731,549,0,1,0,0,0,0,0,0,0,0,0,0,0,0,0,543,542
107732,432,0,0,0,0,0,0,0,0,0,0,0,0,0,0,0,427,426
107733,441,0,1,0,0,1,0,0,0,0,0,0,0,0,0,0,435,434
107734,248,0,0,0,0,1,0,0,0,0,0,0,0,0,0,0,243,242
107735,360,0,0,0,0,1,0,0,0,0,0,0,0,0,0,0,355,354
107736,551,0,0,0,0,2,0,0,0,0,0,0,0,0,0,0,545,544
107737,503,0,0,0,0,0,0,0,0,0,0,0,0,0,0,0,498,497
107738,477,0,0,0,0,0,0,0,0,0,1,1,1,1,0,0,472,471
107739,44,0,0,0,0,2,0,0,0,0,0,0,0,0,0,0,38,38
107740,322,0,0,0,0,0,0,0,0,0,0,0,0,0,0,0,317,316
107741,199,0,1,0,0,2,0,0,0,0,1,1,1,1,0,0,192,192
107742,340,0,1,0,0,1,0,0,0,0,0,0,0,0,0,0,334,333
107743,280,0,0,0,0,1,0,0,0,0,0,0,0,0,0,0,275,274
107744,486,0,0,0,0,0,0,0,0,0,0,0,0,0,0,0,481,480
107745,598,0,0,0,0,0,0,0,0,0,0,0,0,0,0,0,593,592
107746,429,0,0,0,0,1,0,0,0,0,0,0,0,0,0,0,424,423
107747,326,0,0,0,0,0,0,0,0,0,0,0,0,0,0,0,321,320
107748,486,0,1,0,0,0,0,0,0,0,0,0,0,0,0,0,480,479
107749,299,0,0,0,0,0,0,0,0,0,0,0,0,0,0,0,294,293
107750,702,0,0,0,0,3,0,0,0,0,1,1,1,1,0,0,694,693
107751,486,0,0,0,0,1,0,0,0,0,0,0,0,0,0,0,481,480
107753,336,0,0,0,0,2,0,0,0,0,0,0,0,0,0,0,329,328
107754,530,0,0,0,0,4,0,0,0,0,0,0,0,0,0,0,521,520
107755,552,0,0,0,0,0,0,0,0,0,2,2,2,2,0,0,547,546
107756,593,0,0,0,0,0,0,0,0,0,4,4,4,4,0,0,588,587
107757,539,0,1,0,0,1,0,4,0,0,0,0,0,0,0,0,533,532
107758,316,0,0,0,0,2,0,0,0,0,0,0,0,0,0,0,309,308
107759,420,0,0,0,0,2,0,0,0,0,0,0,0,0,0,0,414,413
107760,578,0,0,0,0,1,0,0,0,0,0,0,0,0,0,0,573,572
107761,308,0,1,0,0,2,0,0,0,0,0,0,0,0,0,0,301,301
107762,423,0,0,0,0,1,0,0,0,0,0,0,0,0,0,0,418,417
107763,379,0,0,0,0,3,0,0,0,0,0,0,0,0,0,0,371,370
107764,402,0,0,0,0,1,0,0,0,0,0,0,0,0,0,0,397,396
107765,378,0,0,0,0,1,0,0,0,0,0,0,0,0,0,0,373,372
107766,329,0,0,0,0,1,0,0,0,0,0,0,0,0,0,0,324,323
107767,547,0,1,0,0,1,0,0,0,0,3,3,3,3,0,0,540,539
107768,542,0,3,0,0,2,0,0,0,0,0,0,0,0,0,0,533,533
107769,511,0,0,0,0,0,0,0,0,0,9,9,9,9,0,0,506,505
107770,465,0,0,0,0,1,0,0,0,0,0,0,0,0,0,0,460,459
107771,394,0,0,0,0,3,0,0,0,0,0,0,0,0,0,0,387,386
107772,603,0,0,0,0,0,0,0,0,0,0,0,0,0,0,0,598,597
107773,521,0,0,0,0,2,0,0,0,0,2,2,2,2,0,0,514,513
107774,375,0,0,0,0,2,0,0,0,0,0,0,0,0,0,0,369,369
107775,281,0,0,0,0,0,0,0,0,0,1,1,1,1,0,0,276,275
107776,330,0,0,0,0,0,0,0,0,0,2,2,2,2,0,0,325,324
107777,476,0,0,0,0,0,0,0,0,0,2,2,2,2,0,0,471,470
107778,520,0,0,0,0,0,0,0,0,0,2,2,2,2,0,0,515,514
107779,241,0,0,0,0,2,0,0,0,0,0,0,0,0,0,0,235,235
107780,546,0,0,0,0,1,0,0,0,0,2,2,2,2,0,0,540,539
107781,464,0,0,0,0,0,0,0,0,0,0,0,0,0,0,0,459,458
107782,470,0,0,0,0,2,0,0,0,0,0,0,0,0,0,0,464,464
107783,308,0,1,0,0,3,0,0,0,0,0,0,0,0,0,0,300,300
107784,640,0,0,0,0,2,0,0,0,0,1,1,1,1,0,0,633,632
107785,414,0,0,0,0,0,0,0,0,0,1,1,1,1,0,0,409,408
107786,414,0,0,0,0,0,0,0,0,0,1,1,1,1,0,0,409,408
107787,598,0,0,0,0,0,0,0,0,0,1,1,1,1,0,0,593,592
107788,257,0,0,0,0,0,0,0,0,0,0,0,0,0,0,0,252,251
107789,538,0,0,0,0,2,0,0,0,0,0,0,0,0,0,0,531,530
107790,692,0,0,0,0,0,0,0,0,0,19,19,19,19,0,0,687,686
107791,354,0,0,0,0,2,0,0,0,0,0,0,0,0,0,0,348,347
107792,409,0,0,0,0,0,0,0,0,0,1,1,1,1,0,0,404,403
107793,325,0,0,0,0,0,0,0,0,0,2,2,2,2,0,0,320,319
107794,480,0,0,0,0,1,0,0,0,0,0,0,0,0,0,0,475,474
107795,347,0,0,0,0,1,0,0,0,0,1,1,1,1,0,0,342,341
107796,415,0,0,0,0,0,0,0,0,0,0,0,0,0,0,0,410,409
107797,641,0,0,0,0,0,0,0,0,0,0,0,0,0,0,0,636,635
107798,387,0,0,0,0,0,0,0,0,0,0,0,0,0,0,0,382,381
107799,268,0,0,0,0,1,0,0,0,0,0,0,0,0,0,0,263,262
107800,536,0,3,0,0,0,0,0,0,0,1,1,1,1,0,0,528,527
107801,505,0,0,0,0,0,0,0,0,0,2,2,2,2,0,0,500,499
107802,840,0,0,0,0,5,0,0,0,0,0,0,0,0,0,0,830,829
107803,439,0,0,0,0,2,0,0,0,0,0,0,0,0,0,0,432,431
107804,470,0,0,0,0,0,0,0,0,0,0,0,0,0,0,0,465,464
107805,526,0,0,0,0,0,0,0,0,0,0,0,0,0,0,0,521,520
107806,484,0,0,0,0,1,0,4,0,0,0,0,0,0,0,0,479,478
107807,512,0,0,0,0,0,0,0,0,0,2,2,2,2,0,0,507,506
107808,350,0,0,0,0,1,0,0,0,0,0,0,0,0,0,0,345,344
107809,438,0,0,0,0,1,0,0,0,0,0,0,0,0,0,0,433,432
107810,551,0,0,0,0,0,0,0,0,0,1,1,1,1,0,0,546,545
107811,559,0,0,0,0,0,0,0,0,0,0,0,0,0,0,0,554,553
107812,411,0,0,0,0,1,0,0,0,0,0,0,0,0,0,0,406,405
107813,599,0,0,0,0,3,0,0,0,0,2,2,2,2,0,0,591,590
107814,405,0,0,0,0,0,0,0,0,0,0,0,0,0,0,0,400,399
107815,504,0,0,0,0,1,0,0,0,0,0,0,0,0,0,0,499,498
107816,655,0,0,0,0,2,0,0,0,0,1,1,1,1,0,0,648,647
107817,272,0,0,0,0,1,0,0,0,0,0,0,0,0,0,0,267,266
107818,381,0,0,0,0,0,0,0,0,0,0,0,0,0,0,0,376,375
107819,309,0,0,0,0,0,0,0,0,0,1,1,1,1,0,0,304,303
107820,448,0,0,0,0,2,0,0,0,0,0,0,0,0,0,0,442,441
107821,582,0,0,0,0,0,0,0,0,0,1,1,1,1,0,0,577,576
107822,425,0,2,0,0,1,0,0,0,0,0,0,0,0,0,0,418,417
107823,731,0,0,0,0,0,0,0,0,0,1,1,1,1,0,0,726,725
107824,33,0,0,0,0,2,0,0,0,0,0,0,0,0,0,0,27,27
107825,481,0,0,0,0,1,0,0,0,0,1,1,1,1,0,0,476,475
107826,448,0,1,0,0,0,0,0,0,0,0,0,0,0,0,0,442,441
107827,348,0,0,0,0,1,0,0,0,0,0,0,0,0,0,0,343,342
107828,296,0,0,0,0,1,0,0,0,0,0,0,0,0,0,0,291,290
107829,439,0,0,0,0,0,0,0,0,0,0,0,0,0,0,0,434,433
107830,443,0,0,0,0,0,0,0,0,0,1,1,1,1,0,0,438,437
107831,438,0,0,0,0,1,0,0,0,0,2,2,2,2,0,0,433,432
107832,497,0,0,0,0,0,0,0,0,0,1,1,1,1,0,0,492,491
107833,471,0,0,0,0,2,0,0,0,0,0,0,0,0,0,0,464,463
107834,374,0,0,0,0,2,0,0,0,0,0,0,0,0,0,0,368,367
107835,466,0,0,0,0,1,0,0,0,0,0,0,0,0,0,0,461,460
107836,601,0,0,0,0,1,0,0,0,0,0,0,0,0,0,0,596,595
107837,248,0,0,0,0,3,0,0,0,0,0,0,0,0,0,0,241,241
107838,226,0,0,0,0,2,0,0,0,0,0,0,0,0,0,0,220,219
107839,313,0,2,0,0,4,0,0,0,0,0,0,0,0,0,0,303,302
107840,503,0,0,0,0,1,0,0,0,0,0,0,0,0,0,0,497,496
107841,573,0,0,0,0,2,0,0,0,0,1,1,1,1,0,0,566,565
107842,514,0,0,0,0,0,0,0,0,0,0,0,0,0,0,0,509,508
107843,313,0,0,0,0,1,0,0,0,0,0,0,0,0,0,0,308,307
107844,312,0,0,0,0,0,0,0,0,0,0,0,0,0,0,0,307,306
107845,469,0,0,0,0,0,0,0,0,0,0,0,0,0,0,0,464,463
107846,500,0,1,0,0,0,0,0,0,0,0,0,0,0,0,0,494,493
107847,376,0,0,0,0,3,0,0,0,0,0,0,0,0,0,0,369,368
107848,375,0,0,0,0,0,0,0,0,0,2,2,2,2,0,0,370,369
107849,420,0,0,0,0,1,0,0,0,0,0,0,0,0,0,0,415,414
107850,296,0,0,0,0,0,0,0,0,0,0,0,0,0,0,0,291,290
107851,340,0,2,0,0,3,0,0,0,0,0,0,0,0,0,0,331,331
107852,422,0,0,0,0,3,0,0,0,0,0,0,0,0,0,0,414,413
107853,411,0,0,0,0,1,0,0,0,0,1,1,1,1,0,0,406,405
107854,540,0,0,0,0,2,0,0,0,0,0,0,0,0,0,0,533,532
107855,518,0,0,0,0,0,0,0,0,0,0,0,0,0,0,0,513,512
107856,660,0,2,0,0,0,0,0,0,0,0,0,0,0,0,0,653,652
107857,512,0,1,0,0,0,0,0,0,0,2,2,2,2,0,0,506,505
107858,401,0,0,0,0,0,0,0,0,0,1,1,1,1,0,0,396,395
107859,298,0,0,0,0,2,0,0,0,0,0,0,0,0,0,0,292,292
107860,445,0,0,0,0,0,0,0,0,0,0,0,0,0,0,0,440,439
107861,520,0,0,0,0,3,0,0,0,0,0,0,0,0,0,0,513,512
107862,255,0,0,0,0,1,0,0,0,0,0,0,0,0,0,0,250,249
107863,357,0,0,0,0,0,0,0,0,0,0,0,0,0,0,0,352,351
107864,436,0,0,0,0,1,0,0,0,0,0,0,0,0,0,0,431,430
107865,447,0,0,0,0,0,0,0,0,0,0,0,0,0,0,0,442,441
107866,377,0,1,0,0,2,0,0,0,0,1,1,1,1,0,0,370,369
107867,326,0,1,0,0,1,0,0,0,0,0,0,0,0,0,0,320,319
107868,448,0,0,0,0,1,0,0,0,0,0,0,0,0,0,0,443,442
107869,604,0,0,0,0,0,0,0,0,0,1,1,1,1,0,0,599,598
107870,371,0,0,0,0,1,0,0,0,0,0,0,0,0,0,0,366,365
107871,341,0,0,0,0,0,0,0,0,0,2,2,2,2,0,0,336,335
107872,426,0,0,0,0,7,0,0,0,0,0,0,0,0,0,0,415,414
107873,407,0,0,0,0,0,0,0,0,0,1,1,1,1,0,0,402,401
107874,685,0,0,0,0,0,0,0,0,0,0,0,0,0,0,0,680,679
107875,567,0,0,0,0,0,0,0,0,0,1,1,1,1,0,0,562,561
107876,497,0,0,0,0,12,0,0,0,0,0,0,0,0,0,0,480,479
107877,560,0,1,0,0,2,0,0,0,0,0,0,0,0,0,0,552,551
107878,421,0,0,0,0,0,0,0,0,0,1,1,1,1,0,0,416,415
107879,504,0,0,0,0,0,0,0,0,0,2,2,2,2,0,0,499,498
107880,429,0,0,0,0,1,0,0,0,0,0,0,0,0,0,0,423,422
107881,521,0,0,0,0,0,0,0,0,0,32,32,32,32,0,0,516,515
107882,498,0,0,0,0,0,0,0,0,0,0,0,0,0,0,0,493,492
107883,386,0,1,0,0,2,0,0,0,0,0,0,0,0,0,0,379,378
107884,615,0,0,0,0,1,0,0,0,0,0,0,0,0,0,0,609,608
107885,328,0,0,0,0,0,0,0,0,0,1,1,1,1,0,0,323,322
107886,581,0,0,0,0,0,0,0,0,0,1,1,1,1,0,0,576,575
107887,544,0,4,0,0,0,0,0,0,0,0,0,0,0,0,0,535,534
107888,565,0,0,0,0,0,0,0,0,0,1,1,1,1,0,0,560,559
107889,391,0,1,0,0,3,0,0,0,0,1,1,1,1,0,0,383,383
107890,398,0,0,0,0,9,0,0,0,0,0,0,0,0,0,0,384,383
107891,27,0,0,0,0,2,0,0,0,0,0,0,0,0,0,0,21,21
107892,417,0,1,0,0,0,0,0,0,0,0,0,0,0,0,0,411,410
107893,540,0,0,0,0,0,0,0,0,0,2,2,2,2,0,0,535,534
107894,494,0,0,0,0,0,0,0,0,0,0,0,0,0,0,0,489,488
107895,289,0,0,0,0,1,0,0,0,0,0,0,0,0,0,0,284,283
107896,547,0,0,0,0,2,0,0,0,0,2,2,2,2,0,0,541,540
107897,484,0,0,0,0,0,0,0,0,0,0,0,0,0,0,0,479,478
107898,418,0,0,0,0,1,0,0,0,0,1,1,1,1,0,0,413,412
107899,410,0,0,0,0,8,0,0,0,0,0,0,0,0,0,0,398,398
107900,516,0,0,0,0,1,0,0,0,0,0,0,0,0,0,0,511,510
107901,504,0,0,0,0,0,0,0,0,0,2,2,2,2,0,0,499,498
107902,773,0,0,0,0,1,0,0,0,0,0,0,0,0,0,0,767,766
107903,298,0,1,0,0,1,0,0,0,0,0,0,0,0,0,0,292,291
107904,392,0,2,0,0,2,0,0,0,0,0,0,0,0,0,0,384,384
107905,540,0,0,0,0,0,0,0,0,0,1,1,1,1,0,0,535,534
107906,479,0,0,0,0,0,0,0,0,0,34,34,34,34,0,0,474,473
107907,345,0,2,0,0,1,0,0,0,0,0,0,0,0,0,0,338,337
107908,620,0,0,0,0,0,0,0,0,0,0,0,0,0,0,0,615,614
107909,393,0,0,0,0,1,0,0,0,0,0,0,0,0,0,0,388,387
107911,546,0,0,0,0,1,0,0,0,0,0,0,0,0,0,0,541,540
107912,343,0,0,0,0,0,0,0,0,0,0,0,0,0,0,0,338,337
107913,410,0,0,0,0,6,0,0,0,0,0,0,0,0,0,0,400,399
107914,320,0,0,0,0,4,0,0,0,0,0,0,0,0,0,0,312,311
107915,436,0,0,0,0,1,0,0,0,0,0,0,0,0,0,0,431,430
107916,367,0,0,0,0,1,0,0,0,0,0,0,0,0,0,0,362,361
107917,470,0,0,0,0,1,0,0,0,0,0,0,0,0,0,0,465,464
107918,416,0,0,0,0,6,0,0,0,0,0,0,0,0,0,0,405,404
107919,415,0,0,0,0,1,0,0,0,0,0,0,0,0,0,0,410,409
107920,763,0,0,0,0,0,0,8,0,0,0,0,0,0,0,0,758,757
107921,735,0,0,0,0,1,0,0,0,0,0,0,0,0,0,0,730,729
107922,606,0,0,0,0,4,0,0,0,0,0,0,0,0,0,0,598,597
107923,632,0,0,0,0,2,0,0,0,0,0,0,0,0,0,0,626,626
107924,465,0,1,0,0,2,0,0,0,0,0,0,0,0,0,0,458,458
107925,441,0,0,0,0,0,0,0,0,0,0,0,0,0,0,0,436,435
107926,323,0,0,0,0,1,0,0,0,0,0,0,0,0,0,0,318,317
107927,285,0,0,0,0,2,0,0,0,0,0,0,0,0,0,0,279,279
107928,549,0,0,0,0,0,0,0,0,0,2,2,2,2,0,0,544,543
107929,541,0,0,0,0,1,0,0,0,0,0,0,0,0,0,0,536,535
107930,262,0,0,0,0,0,0,0,0,0,0,0,0,0,0,0,257,256
107931,312,0,0,0,0,1,0,9,0,0,0,0,0,0,0,0,307,306
107932,325,0,1,0,0,1,0,0,0,0,0,0,0,0,0,0,319,318
107933,503,0,0,0,0,1,0,0,0,0,0,0,0,0,0,0,497,496
107934,647,0,0,0,0,0,0,0,0,0,2,2,2,2,0,0,642,641
107935,388,0,0,0,0,0,0,0,0,0,0,0,0,0,0,0,383,382
107936,580,0,1,0,0,1,0,0,0,0,0,0,0,0,0,0,573,572
107937,413,0,0,0,0,2,0,0,0,0,2,2,2,2,0,0,407,406
107938,513,0,0,0,0,23,0,0,0,0,1,1,1,1,0,0,486,485
107939,313,0,0,0,0,0,0,0,0,0,0,0,0,0,0,0,308,307
107940,552,0,1,0,0,0,0,0,0,0,2,2,2,2,0,0,546,545
107941,436,0,0,0,0,0,0,10,0,0,0,0,0,0,0,0,431,430
107942,331,0,0,0,0,2,0,0,0,0,0,0,0,0,0,0,325,324
107944,364,0,0,0,0,1,0,0,0,0,0,0,0,0,0,0,359,358
107945,591,0,0,0,0,0,0,0,0,0,0,0,0,0,0,0,586,585
107946,674,0,0,0,0,0,0,0,0,0,0,0,0,0,0,0,669,668
107947,575,0,0,0,0,0,0,0,0,0,0,0,0,0,0,0,570,569
107948,359,0,0,0,0,0,0,0,0,0,0,0,0,0,0,0,354,353
107949,302,0,1,0,0,1,0,0,0,0,0,0,0,0,0,0,296,295
107950,396,0,0,0,0,2,0,0,0,0,0,0,0,0,0,0,390,390
107951,562,0,1,0,0,0,0,0,0,0,1,1,1,1,0,0,556,555
107952,480,0,1,0,0,1,0,0,0,0,1,1,1,1,0,0,474,473
107953,323,0,0,0,0,3,0,0,0,0,0,0,0,0,0,0,315,314
107954,409,0,0,0,0,2,0,0,0,0,0,0,0,0,0,0,403,402
107955,420,0,3,0,0,1,0,0,0,0,1,1,1,1,0,0,412,411
107956,502,0,0,0,0,1,0,0,0,0,0,0,0,0,0,0,497,496
107957,505,0,0,0,0,0,0,0,0,0,2,2,2,2,0,0,500,499
107958,441,0,0,0,0,1,0,0,0,0,0,0,0,0,0,0,436,435
107959,359,0,0,0,0,0,0,0,0,0,2,2,2,2,0,0,354,353
107960,338,0,0,0,0,1,0,0,0,0,0,0,0,0,0,0,333,332
107961,385,0,0,0,0,2,0,0,0,0,0,0,0,0,0,0,379,378
107962,447,0,0,0,0,1,0,0,0,0,0,0,0,0,0,0,441,440
107963,402,0,0,0,0,0,0,0,0,0,1,1,1,1,0,0,397,396
107964,323,0,0,0,0,1,0,0,0,0,0,0,0,0,0,0,318,317
107965,451,0,0,0,0,2,0,0,0,0,1,1,1,1,0,0,444,443
107966,309,0,2,0,0,5,0,0,0,0,0,0,0,0,0,0,298,298
107967,388,0,0,0,0,0,0,0,0,0,1,1,1,1,0,0,383,382
107968,323,0,0,0,0,1,0,0,0,0,0,0,0,0,0,0,318,317
107969,281,0,0,0,0,2,0,0,0,0,0,0,0,0,0,0,275,275
107970,493,0,0,0,0,0,0,0,0,0,1,1,1,1,0,0,488,487
107971,374,0,0,0,0,1,0,0,0,0,2,3,2,3,0,0,369,368
107972,657,0,0,0,0,2,0,0,0,0,0,0,0,0,0,0,651,650
107973,357,0,2,0,0,1,0,0,0,0,0,0,0,0,0,0,350,349
107974,454,0,1,0,0,0,0,0,0,0,0,0,0,0,0,0,448,447
107975,407,0,0,0,0,0,0,0,0,0,0,0,0,0,0,0,402,401
107976,327,0,0,0,0,1,0,0,0,0,0,0,0,0,0,0,322,321
107977,414,0,0,0,0,2,0,0,0,0,0,0,0,0,0,0,408,407
107978,439,0,0,0,0,2,0,0,0,0,0,0,0,0,0,0,433,433
107979,276,0,0,0,0,1,0,0,0,0,0,0,0,0,0,0,271,270
107980,312,0,0,0,0,1,0,0,0,0,0,0,0,0,0,0,307,306
107981,381,0,3,0,0,3,0,0,0,0,0,0,0,0,0,0,370,369
107982,652,0,0,0,0,0,0,0,0,0,3,3,3,3,0,0,647,646
107983,185,0,2,0,0,3,0,0,0,0,0,0,0,0,0,0,176,176
107984,457,0,0,0,0,2,0,0,0,0,0,0,0,0,0,0,451,451
107985,469,0,0,0,0,0,0,0,0,0,1,1,1,1,0,0,464,463
107986,227,0,0,0,0,1,0,0,0,0,0,0,0,0,0,0,222,221
107987,682,0,0,0,0,1,0,0,0,0,58,58,58,58,0,0,677,676
107988,204,0,0,0,0,1,0,0,0,0,0,0,0,0,0,0,199,198
107989,340,0,0,0,0,1,0,0,0,0,0,0,0,0,0,0,335,334
107990,386,0,0,0,0,1,0,0,0,0,0,0,0,0,0,0,381,380
107991,338,0,0,0,0,1,0,0,0,0,0,0,0,0,0,0,333,332
107992,529,0,0,0,0,4,0,0,0,0,0,0,0,0,0,0,520,519
107993,388,0,0,0,0,1,0,0,0,0,0,0,0,0,0,0,383,382
107994,380,0,0,0,0,1,0,0,0,0,0,0,0,0,0,0,375,374
107996,641,0,0,0,0,0,0,0,0,0,30,30,30,30,0,0,636,635
107997,399,0,0,0,0,0,0,0,0,0,0,0,0,0,0,0,394,393
107998,378,0,0,0,0,1,0,0,0,0,0,0,0,0,0,0,373,372
107999,343,0,0,0,0,1,0,0,0,0,0,0,0,0,0,0,338,337
108000,422,0,0,0,0,1,0,0,0,0,0,0,0,0,0,0,417,416
108001,392,0,0,0,0,0,0,0,0,0,0,0,0,0,0,0,387,386
108002,311,0,0,0,0,0,0,0,0,0,0,0,0,0,0,0,306,305
108003,58,0,0,0,0,2,0,0,0,0,0,0,0,0,0,0,52,52
108004,431,0,0,0,0,0,0,0,0,0,2,2,2,2,0,0,426,425
108005,520,0,0,0,0,0,0,0,0,0,1,1,1,1,0,0,515,514
108006,563,0,1,0,0,5,0,0,0,0,1,1,1,1,0,0,553,552
108007,268,0,0,0,0,2,0,0,0,0,0,0,0,0,0,0,262,262
108008,511,0,0,0,0,0,0,0,0,0,1,1,1,1,0,0,506,505
108009,635,0,0,0,0,1,0,0,0,0,0,0,0,0,0,0,630,629
108010,334,0,0,0,0,0,0,0,0,0,0,0,0,0,0,0,329,328
108011,258,0,0,0,0,2,0,0,0,0,0,0,0,0,0,0,252,252
108012,427,0,0,0,0,0,0,0,0,0,0,0,0,0,0,0,422,421
108013,304,0,0,0,0,3,0,0,0,0,0,0,0,0,0,0,297,297
108014,426,0,0,0,0,0,0,0,0,0,1,1,1,1,0,0,421,420
108015,433,0,0,0,0,4,0,0,0,0,0,0,0,0,0,0,424,423
108016,538,0,0,0,0,0,0,0,0,0,0,0,0,0,0,0,533,532
108017,348,0,2,0,0,1,0,0,0,0,0,0,0,0,0,0,341,340
108018,383,0,0,0,0,1,0,0,0,0,0,0,0,0,0,0,378,377
108019,571,0,0,0,0,1,0,0,0,0,0,0,0,0,0,0,566,565
108020,565,0,0,0,0,0,0,0,0,0,1,1,1,1,0,0,560,559
108021,337,0,0,0,0,0,0,0,0,0,0,0,0,0,0,0,332,331
108022,359,0,0,0,0,1,0,0,0,0,0,0,0,0,0,0,354,353
108023,360,0,0,0,0,0,0,0,0,0,1,1,1,1,0,0,355,354
108024,288,0,0,0,0,2,0,0,0,0,0,0,0,0,0,0,282,282
108025,315,0,0,0,0,2,0,0,0,0,0,0,0,0,0,0,308,307
108026,277,0,0,0,0,2,0,0,0,0,0,0,0,0,0,0,271,271
108027,358,0,0,0,0,1,0,0,0,0,0,0,0,0,0,0,353,352
108028,716,0,0,0,0,0,0,0,0,0,3,3,3,3,0,0,711,710
108029,432,0,1,0,0,1,0,0,0,0,0,0,0,0,0,0,426,425
108030,605,0,0,0,0,0,0,0,0,0,0,0,0,0,0,0,600,599
108031,370,0,0,0,0,1,0,0,0,0,2,2,2,2,0,0,365,364
108032,627,0,0,0,0,0,0,0,0,0,2,2,2,2,0,0,622,621
108033,443,0,1,0,0,0,0,0,0,0,1,1,1,1,0,0,437,436
108034,328,0,0,0,0,1,0,0,0,0,0,0,0,0,0,0,323,322
108035,422,0,0,0,0,0,0,0,0,0,0,0,0,0,0,0,417,416
108036,352,0,1,0,0,0,0,0,0,0,0,0,0,0,0,0,346,345
108037,556,0,0,0,0,0,0,0,0,0,0,0,0,0,0,0,551,550
108038,527,0,0,0,0,0,0,0,0,0,0,0,0,0,0,0,522,521
108039,417,0,0,0,0,1,0,0,0,0,2,2,2,2,0,0,411,410
108040,328,0,0,0,0,1,0,0,0,0,0,0,0,0,0,0,323,322
108041,462,0,0,0,0,0,0,0,0,0,1,1,1,1,0,0,457,456
108042,412,0,0,0,0,1,0,0,0,0,0,0,0,0,0,0,407,406
108043,508,0,0,0,0,0,0,0,0,0,1,1,1,1,0,0,503,502
108044,442,0,0,0,0,0,0,0,0,0,0,0,0,0,0,0,437,436
108045,362,0,0,0,0,1,0,0,0,0,0,0,0,0,0,0,357,356
108046,484,0,0,0,0,1,0,0,0,0,0,0,0,0,0,0,479,478
108047,549,0,2,0,0,0,0,0,0,0,1,1,1,1,0,0,542,541
108048,489,0,0,0,0,0,0,0,0,0,1,1,1,1,0,0,484,483
108049,501,0,0,0,0,0,0,0,0,0,31,31,31,31,0,0,496,495
108050,416,0,0,0,0,0,0,0,0,0,0,0,0,0,0,0,411,410
108051,405,0,0,0,0,0,0,0,0,0,0,0,0,0,0,0,400,399
108052,200,0,0,0,0,2,0,0,0,0,1,1,1,1,0,0,194,194
108053,481,0,0,0,0,0,0,0,0,0,0,0,0,0,0,0,476,475
108054,363,0,0,0,0,1,0,0,0,0,0,0,0,0,0,0,358,357
108055,344,0,0,0,0,1,0,0,0,0,1,1,1,1,0,0,338,337
108056,426,0,0,0,0,3,0,0,0,0,0,0,0,0,0,0,419,418
108057,83,0,0,0,0,2,0,0,0,0,0,0,0,0,0,0,77,77
108058,397,0,0,0,0,1,0,0,0,0,0,0,0,0,0,0,392,391
108059,547,0,0,0,0,2,0,0,0,0,0,0,0,0,0,0,540,539
108060,652,0,0,0,0,0,0,0,0,0,0,0,0,0,0,0,647,646
108061,468,0,0,0,0,0,0,0,0,0,1,1,1,1,0,0,463,462
108062,307,0,0,0,0,2,0,0,0,0,0,0,0,0,0,0,301,301
108063,588,0,0,0,0,0,0,0,0,0,0,0,0,0,0,0,583,582
108064,462,0,0,0,0,0,0,0,0,0,0,0,0,0,0,0,457,456
108065,352,0,0,0,0,1,0,0,0,0,0,0,0,0,0,0,347,346
108066,394,0,0,0,0,1,0,0,0,0,0,0,0,0,0,0,389,388
108067,298,0,0,0,0,1,0,0,0,0,0,0,0,0,0,0,292,291
108068,447,0,0,0,0,1,0,0,0,0,2,2,2,2,0,0,442,441
108069,461,0,2,0,0,1,0,0,0,0,0,0,0,0,0,0,454,453
108070,449,0,0,0,0,1,0,0,0,0,0,0,0,0,0,0,444,443
108071,316,0,0,0,0,0,0,0,0,0,1,1,1,1,0,0,311,310
108072,408,0,0,0,0,1,0,0,0,0,0,0,0,0,0,0,403,402
108073,574,0,0,0,0,1,0,0,0,0,1,1,1,1,0,0,569,568
108074,425,0,1,0,0,1,0,0,0,0,0,0,0,0,0,0,419,418
108075,287,0,1,0,0,1,0,0,0,0,0,0,0,0,0,0,281,280
108076,699,0,0,0,0,1,0,0,0,0,1,1,1,1,0,0,693,692
108077,282,0,0,0,0,1,0,0,0,0,0,0,0,0,0,0,277,276
108078,314,0,0,0,0,0,0,0,0,0,1,1,1,1,0,0,309,308
108079,340,0,0,0,0,2,0,0,0,0,1,1,1,1,0,0,334,334
108080,621,0,0,0,0,0,0,0,0,0,2,2,2,2,0,0,616,615
108081,611,0,0,0,0,0,0,0,0,0,0,0,0,0,0,0,606,605
108082,390,0,1,0,0,0,0,0,0,0,0,0,0,0,0,0,384,383
108083,261,0,0,0,0,0,0,0,0,0,0,0,0,0,0,0,256,255
108084,406,0,0,0,0,2,0,0,0,0,0,0,0,0,0,0,400,400
108085,510,0,0,0,0,0,0,0,0,0,0,0,0,0,0,0,505,504
108086,352,0,0,0,0,5,0,0,0,0,0,0,0,0,0,0,343,343
108087,427,0,0,0,0,0,0,0,0,0,2,2,2,2,0,0,422,421
108088,317,0,0,0,0,18,0,0,0,0,0,0,0,0,0,0,295,294
108089,585,0,0,0,0,0,0,0,0,0,2,2,2,2,0,0,580,579
108090,380,0,0,0,0,2,0,0,0,0,1,1,1,1,0,0,374,373
108091,516,0,0,0,0,1,0,0,0,0,0,0,0,0,0,0,511,510
108092,483,0,0,0,0,1,0,0,0,0,0,0,0,0,0,0,478,477
108093,437,0,0,0,0,0,0,0,0,0,1,1,1,1,0,0,432,431
108094,345,0,0,0,0,1,0,0,0,0,0,0,0,0,0,0,340,339
108095,480,0,1,0,0,0,0,0,0,0,0,0,0,0,0,0,474,473
108096,626,0,0,0,0,1,0,0,0,0,21,21,21,21,0,0,621,620
108097,654,0,0,0,0,0,0,0,0,0,1,1,1,1,0,0,649,648
108098,601,0,0,0,0,3,0,0,0,0,0,0,0,0,0,0,594,593
108099,519,0,0,0,0,1,0,0,0,0,1,1,1,1,0,0,513,512
108100,185,0,0,0,0,1,0,0,0,0,0,0,0,0,0,0,180,179
108101,453,0,0,0,0,0,0,0,0,0,0,0,0,0,0,0,448,447
108102,464,0,0,0,0,1,0,0,0,0,0,0,0,0,0,0,459,458
108103,387,0,0,0,0,0,0,0,0,0,2,2,2,2,0,0,382,381
108104,663,0,0,0,0,0,0,0,0,0,0,0,0,0,0,0,658,657
108105,359,0,0,0,0,2,0,0,0,0,0,0,0,0,0,0,353,353
108106,462,0,0,0,0,0,0,0,0,0,2,2,2,2,0,0,457,456
108108,532,0,2,0,0,1,0,0,0,0,0,0,0,0,0,0,524,523
108109,242,0,0,0,0,2,0,0,0,0,0,0,0,0,0,0,236,236
108110,425,0,0,0,0,0,0,0,0,0,0,0,0,0,0,0,420,419
108111,307,0,0,0,0,0,0,0,0,0,0,0,0,0,0,0,302,301
108112,455,0,0,0,0,2,0,9,0,0,1,1,1,1,0,0,449,448
108113,330,0,0,0,0,0,0,0,0,0,0,0,0,0,0,0,325,324
108114,708,0,0,0,0,0,0,0,0,0,2,2,2,2,0,0,703,702
108115,492,0,0,0,0,2,0,0,0,0,0,0,0,0,0,0,485,484
108116,319,0,0,0,0,1,0,0,0,0,0,0,0,0,0,0,314,313
108117,249,0,0,0,0,1,0,0,0,0,0,0,0,0,0,0,244,243
108118,421,0,0,0,0,3,0,0,0,0,0,0,0,0,0,0,414,413
108119,489,0,0,0,0,0,0,0,0,0,0,0,0,0,0,0,484,483
108120,505,0,0,0,0,0,0,0,0,0,0,0,0,0,0,0,500,499
108121,480,0,1,0,0,2,0,0,0,0,0,0,0,0,0,0,473,473
108122,404,0,0,0,0,8,0,0,0,0,0,0,0,0,0,0,392,391
108123,500,0,0,0,0,1,0,0,0,0,0,0,0,0,0,0,495,494
108124,371,0,0,0,0,2,0,0,0,0,0,0,0,0,0,0,365,365
108125,371,0,0,0,0,2,0,0,0,0,0,0,0,0,0,0,365,365
108126,431,0,0,0,0,8,0,0,0,0,0,0,0,0,0,0,419,418
108127,506,0,0,0,0,3,0,0,0,0,0,0,0,0,0,0,499,498
108128,777,0,1,0,0,6,0,0,0,0,0,0,0,0,0,0,766,765
108129,483,0,0,0,0,4,0,0,0,0,0,0,0,0,0,0,475,474
108130,487,0,0,0,0,0,0,0,0,0,2,3,2,3,0,0,482,481
108131,503,0,0,0,0,7,0,0,0,0,0,0,0,0,0,0,491,490
108132,311,0,2,0,0,1,0,0,0,0,0,0,0,0,0,0,304,303
108133,415,0,0,0,0,1,0,0,0,0,0,0,0,0,0,0,410,409
108134,317,0,0,0,0,1,0,0,0,0,0,0,0,0,0,0,312,311
108135,439,0,1,0,0,1,0,0,0,0,0,0,0,0,0,0,433,432
108136,637,0,0,0,0,1,0,0,0,0,1,1,1,1,0,0,632,631
108137,342,0,1,0,0,0,0,0,0,0,2,2,2,2,0,0,336,335
108138,460,0,0,0,0,1,0,0,0,0,0,0,0,0,0,0,455,454
108139,518,0,1,0,0,1,0,0,0,0,0,0,0,0,0,0,512,511
108140,451,0,0,0,0,0,0,0,0,0,0,0,0,0,0,0,446,445
108141,362,0,0,0,0,0,0,0,0,0,5,5,5,5,0,0,357,356
108142,419,0,0,0,0,0,0,0,0,0,2,2,2,2,0,0,414,413
108143,383,0,0,0,0,2,0,0,0,0,0,0,0,0,0,0,377,377
108144,424,0,0,0,0,0,0,0,0,0,0,0,0,0,0,0,419,418
108145,412,0,0,0,0,1,0,0,0,0,0,0,0,0,0,0,407,406
108146,526,0,0,0,0,1,0,0,0,0,1,2,1,2,0,0,521,520
108147,434,0,0,0,0,1,0,0,0,0,0,0,0,0,0,0,429,428
108148,385,0,0,0,0,1,0,0,0,0,1,1,1,1,0,0,380,379
108149,436,0,0,0,0,1,0,0,0,0,0,0,0,0,0,0,431,430
108150,307,0,1,0,0,1,0,0,0,0,0,0,0,0,0,0,301,300
108151,388,0,0,0,0,0,0,0,0,0,0,0,0,0,0,0,383,382
108152,640,0,1,0,0,0,0,0,0,0,1,1,1,1,0,0,634,633
108154,370,0,0,0,0,1,0,0,0,0,0,0,0,0,0,0,365,364
108155,356,0,0,0,0,5,0,0,0,0,0,0,0,0,0,0,347,347
108156,460,0,2,0,0,0,0,0,0,0,2,2,2,2,0,0,453,452
108157,347,0,0,0,0,1,0,0,0,0,0,0,0,0,0,0,341,340
108158,317,0,0,0,0,1,0,0,0,0,0,0,0,0,0,0,311,310
108159,336,0,0,0,0,1,0,0,0,0,0,0,0,0,0,0,331,330
108160,754,0,0,0,0,0,0,0,0,0,2,2,2,2,0,0,749,748
108161,428,0,0,0,0,0,0,0,0,0,0,0,0,0,0,0,423,422
108162,422,0,0,0,0,0,0,0,0,0,0,0,0,0,0,0,417,416
108163,464,0,0,0,0,1,0,0,0,0,0,0,0,0,0,0,459,458
108165,600,0,0,0,0,0,0,0,0,0,0,0,0,0,0,0,595,594
108166,212,0,1,0,0,0,0,0,0,0,0,0,0,0,0,0,206,205
108167,403,0,0,0,0,0,0,0,0,0,0,0,0,0,0,0,398,397
108168,586,0,0,0,0,1,0,0,0,0,0,0,0,0,0,0,581,580
108169,313,0,0,0,0,0,0,0,0,0,0,0,0,0,0,0,308,307
108170,349,0,0,0,0,0,0,0,0,0,0,0,0,0,0,0,344,343
108171,552,0,0,0,0,0,0,0,0,0,0,0,0,0,0,0,547,546
108172,381,0,1,0,0,1,0,0,0,0,0,0,0,0,0,0,375,374
108173,333,0,0,0,0,1,0,0,0,0,0,0,0,0,0,0,328,327
108174,426,0,1,0,0,1,0,0,0,0,0,0,0,0,0,0,420,419
108175,445,0,3,0,0,5,0,0,0,0,0,0,0,0,0,0,433,432
108176,514,0,0,0,0,0,0,0,0,0,0,0,0,0,0,0,509,508
108177,509,0,0,0,0,0,0,0,0,0,0,0,0,0,0,0,504,503
108178,501,0,0,0,0,1,0,0,0,0,0,0,0,0,0,0,496,495
108179,324,0,0,0,0,1,0,0,0,0,2,2,2,2,0,0,319,318
108180,344,0,0,0,0,2,0,0,0,0,0,0,0,0,0,0,338,338
108181,215,0,0,0,0,2,0,0,0,0,0,0,0,0,0,0,209,209
108182,385,0,3,0,0,1,0,0,0,0,0,0,0,0,0,0,377,376
108183,401,0,0,0,0,1,0,0,0,0,0,0,0,0,0,0,396,395
108184,322,0,0,0,0,0,0,0,0,0,0,0,0,0,0,0,317,316
108185,500,0,1,0,0,0,0,0,0,0,0,0,0,0,0,0,494,493
108186,360,0,1,0,0,2,0,0,0,0,0,0,0,0,0,0,353,352
108187,641,0,0,0,0,1,0,0,0,0,0,0,0,0,0,0,636,635
108188,408,0,0,0,0,0,0,0,0,0,1,1,1,1,0,0,403,402
108189,299,0,0,0,0,0,0,0,0,0,0,0,0,0,0,0,294,293
108190,660,0,0,0,0,1,0,0,0,0,0,0,0,0,0,0,654,653
108191,375,0,0,0,0,1,0,0,0,0,1,1,1,1,0,0,370,369
108192,512,0,0,0,0,0,0,0,0,0,1,1,1,1,0,0,507,506
108193,166,0,0,0,0,0,0,0,0,0,0,0,0,0,0,0,161,160
108194,456,0,0,0,0,1,0,0,0,0,0,0,0,0,0,0,451,450
108195,191,0,0,0,0,2,0,0,0,0,0,0,0,0,0,0,185,185
108196,483,0,0,0,0,1,0,0,0,0,2,2,2,2,0,0,478,477
108197,374,0,1,0,0,1,0,0,0,0,0,0,0,0,0,0,368,367
108198,285,0,1,0,0,2,0,0,0,0,0,0,0,0,0,0,278,278
108199,390,0,0,0,0,1,0,0,0,0,0,0,0,0,0,0,385,384
108200,426,0,0,0,0,1,0,0,0,0,0,0,0,0,0,0,421,420
108201,269,0,1,0,0,2,0,0,0,0,0,0,0,0,0,0,262,262
108202,399,0,0,0,0,0,0,0,0,0,0,0,0,0,0,0,394,393
108203,321,0,0,0,0,0,0,0,0,0,0,0,0,0,0,0,316,315
108204,445,0,0,0,0,0,0,0,0,0,1,1,1,1,0,0,440,439
108205,464,0,0,0,0,0,0,0,0,0,0,0,0,0,0,0,459,458
108206,565,0,0,0,0,4,0,0,0,0,1,1,1,1,0,0,556,555
108207,708,0,0,0,0,1,0,5,0,0,1,1,1,1,0,0,702,701
108208,462,0,1,0,0,1,0,0,0,0,1,1,1,1,0,0,456,455
108209,428,0,0,0,0,0,0,0,0,0,0,0,0,0,0,0,423,422
108210,376,0,0,0,0,1,0,0,0,0,0,0,0,0,0,0,371,370
108211,441,0,0,0,0,1,0,0,0,0,5,5,5,5,0,0,436,435
108212,314,0,1,0,0,1,0,0,0,0,0,0,0,0,0,0,308,307
108213,383,0,1,0,0,1,0,0,0,0,0,0,0,0,0,0,377,376
108214,448,0,0,0,0,1,0,0,0,0,0,0,0,0,0,0,443,442
108215,386,0,0,0,0,1,0,6,0,0,0,0,0,0,0,0,381,380
108216,512,0,0,0,0,0,0,0,0,0,0,0,0,0,0,0,507,506
108217,376,0,0,0,0,1,0,0,0,0,0,0,0,0,0,0,371,370
108218,451,0,0,0,0,2,0,0,0,0,0,0,0,0,0,0,445,444
108219,477,0,1,0,0,2,0,0,0,0,1,1,1,1,0,0,470,469
108220,392,0,0,0,0,1,0,0,0,0,0,0,0,0,0,0,387,386
108221,307,0,0,0,0,0,0,0,0,0,0,0,0,0,0,0,302,301
108222,436,0,0,0,0,1,0,0,0,0,0,0,0,0,0,0,431,430
108223,282,0,0,0,0,1,0,0,0,0,0,0,0,0,0,0,277,276
108224,400,0,0,0,0,1,0,0,0,0,0,0,0,0,0,0,395,394
108225,366,0,1,0,0,1,0,0,0,0,1,1,1,1,0,0,360,359
108226,449,0,0,0,0,1,0,0,0,0,1,1,1,1,0,0,444,443
108227,379,0,0,0,0,1,0,0,0,0,0,0,0,0,0,0,374,373
108228,412,0,1,0,0,1,0,0,0,0,0,0,0,0,0,0,406,405
108230,565,0,0,0,0,2,0,0,0,0,0,0,0,0,0,0,559,558
108231,343,0,0,0,0,1,0,0,0,0,0,0,0,0,0,0,338,337
108232,404,0,0,0,0,0,0,0,0,0,2,2,2,2,0,0,399,398
108233,354,0,0,0,0,2,0,0,0,0,0,0,0,0,0,0,348,348
108234,253,0,0,0,0,3,0,0,0,0,0,0,0,0,0,0,246,246
108235,611,0,0,0,0,0,0,0,0,0,0,0,0,0,0,0,606,605
108236,505,0,0,0,0,2,0,0,0,0,0,0,0,0,0,0,499,498
108237,377,0,1,0,0,1,0,0,0,0,1,1,1,1,0,0,371,370
108238,304,0,0,0,0,0,0,0,0,0,0,0,0,0,0,0,299,298
108239,325,0,0,0,0,1,0,0,0,0,0,0,0,0,0,0,320,319
108240,460,0,0,0,0,0,0,0,0,0,1,1,1,1,0,0,455,454
108241,451,0,0,0,0,3,0,0,0,0,0,0,0,0,0,0,444,443
108242,354,0,0,0,0,1,0,0,0,0,0,0,0,0,0,0,349,348
108243,514,0,0,0,0,1,0,0,0,0,0,0,0,0,0,0,509,508
108244,348,0,0,0,0,1,0,0,0,0,0,0,0,0,0,0,342,341
108245,389,0,0,0,0,1,0,0,0,0,0,0,0,0,0,0,384,383
108246,510,0,0,0,0,0,0,0,0,0,1,1,1,1,0,0,505,504
108247,580,0,0,0,0,0,0,0,0,0,0,0,0,0,0,0,575,574
108248,468,0,0,0,0,1,0,0,0,0,0,0,0,0,0,0,463,462
108249,453,0,0,0,0,0,0,0,0,0,1,1,1,1,0,0,448,447
108250,638,0,0,0,0,1,0,0,0,0,1,1,1,1,0,0,633,632
108251,482,0,0,0,0,0,0,0,0,0,2,2,2,2,0,0,477,476
108252,452,0,0,0,0,0,0,0,0,0,1,1,1,1,0,0,447,446
108253,519,0,0,0,0,0,0,0,0,0,2,2,2,2,0,0,514,513
108254,248,0,0,0,0,0,0,0,0,0,0,0,0,0,0,0,243,242
108255,548,0,0,0,0,0,0,0,0,0,1,1,1,1,0,0,543,542
108256,411,0,0,0,0,1,0,0,0,0,0,0,0,0,0,0,406,405
108257,349,0,0,0,0,1,0,0,0,0,0,0,0,0,0,0,344,343
108258,618,0,0,0,0,0,0,0,0,0,2,2,2,2,0,0,613,612
108259,345,0,0,0,0,0,0,0,0,0,0,0,0,0,0,0,340,339
108260,407,0,0,0,0,1,0,0,0,0,1,1,1,1,0,0,402,401
108261,504,0,0,0,0,0,0,0,0,0,1,1,1,1,0,0,499,498
108262,582,0,0,0,0,0,0,0,0,0,0,0,0,0,0,0,577,576
108263,544,0,0,0,0,0,0,0,0,0,2,2,2,2,0,0,539,538
108264,492,0,0,0,0,1,0,0,0,0,0,0,0,0,0,0,487,486
108265,523,0,0,0,0,5,0,10,0,0,0,0,0,0,0,0,514,513
108266,367,0,0,0,0,2,0,0,0,0,0,0,0,0,0,0,361,361
108267,480,0,0,0,0,0,0,0,0,0,0,0,0,0,0,0,475,474
108268,476,0,0,0,0,2,0,0,0,0,0,0,0,0,0,0,470,469
108269,515,0,1,0,0,2,0,0,0,0,1,1,1,1,0,0,508,507
108270,763,0,0,0,0,1,0,0,0,0,0,0,0,0,0,0,758,757
108271,534,0,0,0,0,0,0,0,0,0,0,0,0,0,0,0,529,528
108272,411,0,1,0,0,1,0,0,0,0,0,0,0,0,0,0,405,404
108273,403,0,0,0,0,0,0,0,0,0,1,1,1,1,0,0,398,397
108274,395,0,0,0,0,1,0,0,0,0,0,0,0,0,0,0,390,389
108275,520,0,0,0,0,1,0,0,0,0,0,0,0,0,0,0,515,514
108276,455,0,0,0,0,0,0,0,0,0,3,3,3,3,0,0,450,449
108277,373,0,0,0,0,1,0,0,0,0,0,0,0,0,0,0,368,367
108278,408,0,0,0,0,1,0,0,0,0,0,0,0,0,0,0,403,402
108279,543,0,0,0,0,3,0,0,0,0,1,1,1,1,0,0,536,535
108280,354,0,0,0,0,1,0,0,0,0,0,0,0,0,0,0,349,348
108281,400,0,0,0,0,0,0,0,0,0,0,0,0,0,0,0,395,394
108282,376,0,1,0,0,1,0,0,0,0,0,0,0,0,0,0,370,369
108283,394,0,1,0,0,0,0,0,0,0,0,0,0,0,0,0,388,387
108284,731,0,0,0,0,3,0,0,0,0,0,0,0,0,0,0,724,723
108285,237,0,0,0,0,1,0,0,0,0,0,0,0,0,0,0,231,230
108286,79,0,2,0,0,2,0,0,0,0,0,0,0,0,0,0,71,71
108287,481,0,1,0,0,2,0,0,0,0,0,0,0,0,0,0,474,473
108288,335,0,0,0,0,0,0,0,0,0,0,0,0,0,0,0,330,329
108289,321,0,0,0,0,1,0,0,0,0,0,0,0,0,0,0,316,315
108290,441,0,0,0,0,0,0,0,0,0,1,1,1,1,0,0,436,435
108291,432,0,0,0,0,1,0,0,0,0,0,0,0,0,0,0,427,426
108292,465,0,0,0,0,8,0,0,0,0,0,0,0,0,0,0,452,451
108293,490,0,2,0,0,1,0,0,0,0,0,0,0,0,0,0,483,482
108294,482,0,0,0,0,1,0,0,0,0,0,0,0,0,0,0,477,476
108295,363,0,0,0,0,0,0,0,0,0,0,0,0,0,0,0,358,357
108296,395,0,0,0,0,0,0,0,0,0,0,0,0,0,0,0,390,389
108297,389,0,0,0,0,1,0,0,0,0,0,0,0,0,0,0,384,383
108298,404,0,0,0,0,0,0,0,0,0,0,0,0,0,0,0,399,398
108300,352,0,0,0,0,3,0,0,0,0,0,0,0,0,0,0,344,343
108301,441,0,0,0,0,0,0,0,0,0,0,0,0,0,0,0,436,435
108302,432,0,0,0,0,2,0,0,0,0,4,4,4,4,0,0,425,424
108303,471,0,0,0,0,1,0,0,0,0,0,0,0,0,0,0,465,464
108304,657,0,2,0,0,16,0,0,0,0,0,0,0,0,0,0,634,633
108305,572,0,0,0,0,0,0,0,0,0,2,2,2,2,0,0,567,566
108306,503,0,2,0,0,2,0,0,0,0,0,0,0,0,0,0,494,493
108307,517,0,0,0,0,2,0,0,0,0,0,0,0,0,0,0,510,509
108308,340,0,0,0,0,1,0,0,0,0,2,2,2,2,0,0,334,333
108309,388,0,0,0,0,1,0,0,0,0,0,0,0,0,0,0,383,382
108310,467,0,0,0,0,0,0,0,0,0,0,0,0,0,0,0,462,461
108311,409,0,0,0,0,0,0,0,0,0,0,0,0,0,0,0,404,403
108312,444,0,0,0,0,0,0,0,0,0,2,2,2,2,0,0,439,438
108313,480,0,0,0,0,0,0,0,0,0,2,2,2,2,0,0,475,474
108314,512,0,0,0,0,0,0,0,0,0,1,1,1,1,0,0,507,506
108315,376,0,0,0,0,1,0,0,0,0,0,0,0,0,0,0,371,370
108316,567,0,2,0,0,1,0,0,0,0,1,1,1,1,0,0,559,558
108317,355,0,0,0,0,1,0,6,0,0,0,0,0,0,0,0,350,349
108318,308,0,0,0,0,1,0,0,0,0,0,0,0,0,0,0,303,302
108319,220,0,0,0,0,2,0,0,0,0,0,0,0,0,0,0,214,214
108320,53,0,0,0,0,2,0,0,0,0,0,0,0,0,0,0,47,47
108321,416,0,1,0,0,2,0,0,0,0,0,0,0,0,0,0,409,408
108322,382,0,0,0,0,1,0,0,0,0,0,0,0,0,0,0,377,376
108323,626,0,0,0,0,0,0,0,0,0,0,0,0,0,0,0,621,620
108324,345,0,2,0,0,1,0,0,0,0,0,0,0,0,0,0,338,337
108325,487,0,0,0,0,1,0,0,0,0,0,0,0,0,0,0,482,481
108326,381,0,0,0,0,1,0,0,0,0,1,1,1,1,0,0,376,375
108327,453,0,0,0,0,0,0,0,0,0,1,1,1,1,0,0,448,447
108328,365,0,0,0,0,1,0,0,0,0,0,0,0,0,0,0,360,359
108329,325,0,0,0,0,0,0,0,0,0,0,0,0,0,0,0,320,319
108330,452,0,0,0,0,5,0,0,0,0,0,0,0,0,0,0,443,442
108331,334,0,0,0,0,1,0,0,0,0,0,0,0,0,0,0,329,328
108332,420,0,0,0,0,1,0,0,0,0,0,0,0,0,0,0,415,414
108333,450,0,0,0,0,0,0,0,0,0,0,0,0,0,0,0,445,444
108334,671,0,0,0,0,2,0,0,0,0,2,2,2,2,0,0,664,663
108335,372,0,0,0,0,0,0,0,0,0,0,0,0,0,0,0,367,366
108336,431,0,0,0,0,1,0,0,0,0,0,0,0,0,0,0,426,425
108337,320,0,0,0,0,1,0,0,0,0,0,0,0,0,0,0,315,314
108338,273,0,0,0,0,1,0,0,0,0,0,0,0,0,0,0,268,267
108339,452,0,0,0,0,0,0,0,0,0,2,2,2,2,0,0,447,446
108340,364,0,0,0,0,1,0,0,0,0,3,3,3,3,0,0,358,357
108341,430,0,0,0,0,1,0,0,0,0,0,0,0,0,0,0,425,424
108342,403,0,0,0,0,0,0,0,0,0,0,0,0,0,0,0,398,397
108343,512,0,0,0,0,1,0,0,0,0,1,1,1,1,0,0,506,505
108344,402,0,0,0,0,0,0,0,0,0,1,1,1,1,0,0,397,396
108345,414,0,0,0,0,1,0,0,0,0,0,0,0,0,0,0,409,408
108346,459,0,2,0,0,1,0,0,0,0,0,0,0,0,0,0,452,451
108347,386,0,0,0,0,5,0,0,0,0,0,0,0,0,0,0,376,375
108348,454,0,0,0,0,1,0,0,0,0,0,0,0,0,0,0,449,448
108349,312,0,0,0,0,2,0,0,0,0,0,0,0,0,0,0,306,305
108350,432,0,0,0,0,0,0,0,0,0,0,0,0,0,0,0,427,426
108351,354,0,0,0,0,1,0,0,0,0,0,0,0,0,0,0,349,348
108352,358,0,0,0,0,1,0,0,0,0,0,0,0,0,0,0,353,352
108353,299,0,0,0,0,0,0,0,0,0,0,0,0,0,0,0,294,293
108354,335,0,0,0,0,0,0,0,0,0,0,0,0,0,0,0,330,329
108355,49,0,0,0,0,2,0,0,0,0,0,0,0,0,0,0,43,43
108356,446,0,2,0,0,1,0,0,0,0,0,0,0,0,0,0,439,438
108357,603,0,0,0,0,0,0,0,0,0,1,1,1,1,0,0,598,597
108358,645,0,0,0,0,0,0,0,0,0,0,0,0,0,0,0,640,639
108359,428,0,0,0,0,2,0,0,0,0,1,1,1,1,0,0,422,421
108360,381,0,0,0,0,1,0,0,0,0,1,1,1,1,0,0,376,375
108361,366,0,0,0,0,0,0,0,0,0,1,1,1,1,0,0,361,360
108362,650,0,0,0,0,1,0,0,0,0,0,0,0,0,0,0,645,644
108363,425,0,0,0,0,4,0,6,0,0,0,0,0,0,0,0,417,416
108364,481,0,0,0,0,1,0,0,0,0,0,0,0,0,0,0,476,475
108365,539,0,0,0,0,0,0,0,0,0,0,0,0,0,0,0,534,533
108366,370,0,0,0,0,1,0,0,0,0,0,0,0,0,0,0,365,364
108367,508,0,0,0,0,0,0,0,0,0,12,12,12,12,0,0,503,502
108368,716,0,2,0,0,1,0,0,0,0,0,0,0,0,0,0,708,707
108369,385,0,0,0,0,1,0,0,0,0,0,0,0,0,0,0,380,379
108370,694,0,0,0,0,0,0,0,0,0,1,1,1,1,0,0,689,688
108371,390,0,0,0,0,0,0,0,0,0,0,0,0,0,0,0,385,384
108372,492,0,0,0,0,1,0,0,0,0,3,3,3,3,0,0,486,485
108373,511,0,0,0,0,0,0,7,0,0,2,2,2,2,0,0,506,505
108374,471,0,0,0,0,0,0,0,0,0,0,0,0,0,0,0,466,465
108375,367,0,0,0,0,0,0,0,0,0,0,0,0,0,0,0,362,361
108376,583,0,0,0,0,0,0,0,0,0,1,1,1,1,0,0,578,577
108377,413,0,1,0,0,0,0,0,0,0,0,0,0,0,0,0,407,406
108378,334,0,0,0,0,0,0,0,0,0,0,0,0,0,0,0,329,328
108379,360,0,0,0,0,1,0,0,0,0,0,0,0,0,0,0,354,353
108380,359,0,0,0,0,1,0,0,0,0,0,0,0,0,0,0,354,353
108381,443,0,0,0,0,0,0,0,0,0,2,2,2,2,0,0,438,437
108382,391,0,0,0,0,1,0,0,0,0,0,0,0,0,0,0,386,385
108383,327,0,0,0,0,2,0,0,0,0,0,0,0,0,0,0,320,319
108384,782,0,0,0,0,2,0,0,0,0,1,1,1,1,0,0,775,774
108385,662,0,0,0,0,0,0,0,0,0,0,0,0,0,0,0,657,656
108386,264,0,0,0,0,1,0,0,0,0,0,0,0,0,0,0,259,258
108387,273,0,0,0,0,1,0,0,0,0,0,0,0,0,0,0,267,266
108388,613,0,0,0,0,0,0,0,0,0,1,1,1,1,0,0,608,607
108389,374,0,0,0,0,2,0,0,0,0,0,0,0,0,0,0,368,368
108390,521,0,1,0,0,1,0,0,0,0,0,0,0,0,0,0,515,514
108391,357,0,1,0,0,1,0,0,0,0,2,3,2,3,0,0,351,350
108392,399,0,0,0,0,0,0,0,0,0,0,0,0,0,0,0,394,393
108393,429,0,0,0,0,2,0,0,0,0,0,0,0,0,0,0,423,423
108394,509,0,1,0,0,1,0,0,0,0,0,0,0,0,0,0,503,502
108395,310,0,0,0,0,1,0,0,0,0,0,0,0,0,0,0,305,304
108396,487,0,0,0,0,0,0,0,0,0,1,1,1,1,0,0,482,481
108397,553,0,0,0,0,1,0,0,0,0,1,1,1,1,0,0,547,546
108398,489,0,0,0,0,2,0,0,0,0,1,1,1,1,0,0,482,481
108399,630,0,0,0,0,0,0,0,0,0,27,27,27,27,0,0,625,624
108400,403,0,0,0,0,2,0,0,0,0,0,0,0,0,0,0,397,397
108401,496,0,0,0,0,0,0,0,0,0,0,0,0,0,0,0,491,490
108402,340,0,0,0,0,1,0,0,0,0,0,0,0,0,0,0,335,334
108403,364,0,0,0,0,2,0,0,0,0,0,0,0,0,0,0,358,358
108404,553,0,0,0,0,0,0,0,0,0,0,0,0,0,0,0,548,547
108405,372,0,0,0,0,0,0,0,0,0,0,0,0,0,0,0,367,366
108406,573,0,1,0,0,2,0,0,0,0,0,0,0,0,0,0,566,565
108407,455,0,0,0,0,1,0,0,0,0,0,0,0,0,0,0,449,448
108408,494,0,0,0,0,0,0,0,0,0,0,0,0,0,0,0,489,488
108409,465,0,0,0,0,0,0,0,0,0,0,0,0,0,0,0,460,459
108410,431,0,0,0,0,0,0,0,0,0,2,2,2,2,0,0,426,425
108411,268,0,0,0,0,1,0,0,0,0,1,1,1,1,0,0,263,262
108412,837,0,0,0,0,3,0,0,0,0,3,3,3,3,0,0,829,828
108413,438,0,0,0,0,1,0,0,0,0,0,0,0,0,0,0,433,432
108414,479,0,0,0,0,1,0,0,0,0,0,0,0,0,0,0,473,472
108415,362,0,0,0,0,1,0,0,0,0,0,0,0,0,0,0,357,356
108416,535,0,0,0,0,0,0,0,0,0,0,0,0,0,0,0,530,529
108417,449,0,0,0,0,0,0,0,0,0,1,1,1,1,0,0,444,443
108418,468,0,0,0,0,5,0,0,0,0,0,0,0,0,0,0,458,457
108419,40,0,0,0,0,2,0,0,0,0,0,0,0,0,0,0,34,34
108420,354,0,0,0,0,0,0,0,0,0,0,0,0,0,0,0,349,348
108421,491,0,0,0,0,0,0,0,0,0,2,2,2,2,0,0,486,485
108422,456,0,0,0,0,1,0,0,0,0,0,0,0,0,0,0,451,450
108423,419,0,0,0,0,0,0,0,0,0,1,1,1,1,0,0,414,413
108424,462,0,0,0,0,1,0,0,0,0,0,0,0,0,0,0,457,456
108425,513,0,0,0,0,2,0,0,0,0,0,0,0,0,0,0,506,505
108426,35,0,0,0,0,2,0,0,0,0,0,0,0,0,0,0,29,29
108427,403,0,1,0,0,1,0,0,0,0,0,0,0,0,0,0,397,396
108428,388,0,0,0,0,0,0,0,0,0,0,0,0,0,0,0,383,382
108429,513,0,0,0,0,1,0,0,0,0,1,1,1,1,0,0,507,506
108430,407,0,0,0,0,1,0,0,0,0,0,0,0,0,0,0,402,401
108431,568,0,0,0,0,2,0,0,0,0,1,1,1,1,0,0,562,561
108432,377,0,0,0,0,1,0,0,0,0,0,0,0,0,0,0,372,371
108433,465,0,0,0,0,2,0,0,0,0,0,0,0,0,0,0,459,458
108434,380,0,0,0,0,0,0,0,0,0,0,0,0,0,0,0,375,374
108435,441,0,0,0,0,1,0,0,0,0,0,0,0,0,0,0,436,435
108436,470,0,0,0,0,1,0,0,0,0,0,0,0,0,0,0,465,464
108437,612,0,0,0,0,0,0,0,0,0,2,2,2,2,0,0,607,606
108438,599,0,0,0,0,0,0,0,0,0,0,0,0,0,0,0,594,593
108439,565,0,0,0,0,3,0,0,0,0,0,0,0,0,0,0,557,556
108440,525,0,0,0,0,1,0,0,0,0,0,0,0,0,0,0,519,518
108441,430,0,0,0,0,0,0,0,0,0,1,1,1,1,0,0,425,424
108442,544,0,4,0,0,0,0,0,0,0,1,1,1,1,0,0,535,534
108443,445,0,0,0,0,1,0,0,0,0,0,0,0,0,0,0,440,439
108444,402,0,0,0,0,2,0,0,0,0,0,0,0,0,0,0,396,395
108445,476,0,0,0,0,2,0,0,0,0,21,21,21,21,0,0,470,470
108446,268,0,0,0,0,1,0,0,0,0,0,0,0,0,0,0,263,262
108447,599,0,0,0,0,0,0,0,0,0,2,2,2,2,0,0,594,593
108448,437,0,0,0,0,1,0,0,0,0,0,0,0,0,0,0,432,431
108449,426,0,0,0,0,1,0,0,0,0,0,0,0,0,0,0,421,420
108450,493,0,0,0,0,0,0,0,0,0,1,1,1,1,0,0,488,487
108451,560,0,0,0,0,0,0,5,0,0,1,1,1,1,0,0,555,554
108452,399,0,0,0,0,2,0,0,0,0,0,0,0,0,0,0,393,393
108453,520,0,0,0,0,1,0,0,0,0,0,0,0,0,0,0,515,514
108454,419,0,0,0,0,0,0,0,0,0,0,0,0,0,0,0,414,413
108455,429,0,0,0,0,1,0,0,0,0,0,0,0,0,0,0,424,423
108456,413,0,0,0,0,0,0,0,0,0,0,0,0,0,0,0,408,407
108457,614,0,0,0,0,0,0,0,0,0,2,2,2,2,0,0,609,608
108458,477,0,0,0,0,1,0,0,0,0,0,0,0,0,0,0,472,471
108459,488,0,1,0,0,1,0,0,0,0,0,0,0,0,0,0,482,481
108460,562,0,0,0,0,0,0,0,0,0,4,4,4,4,0,0,557,556
108461,358,0,0,0,0,0,0,0,0,0,0,0,0,0,0,0,353,352
108462,536,0,0,0,0,0,0,0,0,0,0,0,0,0,0,0,531,530
108463,223,0,1,0,0,0,0,0,0,0,0,0,0,0,0,0,217,216
108464,422,0,0,0,0,1,0,0,0,0,0,0,0,0,0,0,417,416
108465,634,0,0,0,0,0,0,0,0,0,26,26,26,26,0,0,629,628
108466,585,0,0,0,0,0,0,0,0,0,0,0,0,0,0,0,580,579
108467,616,0,1,0,0,2,0,0,0,0,0,0,0,0,0,0,609,608
108468,654,0,1,0,0,0,0,0,0,0,0,0,0,0,0,0,648,647
108469,401,0,0,0,0,1,0,0,0,0,1,1,1,1,0,0,395,394
108470,404,0,0,0,0,0,0,0,0,0,0,0,0,0,0,0,399,398
108471,451,0,2,0,0,1,0,0,0,0,0,0,0,0,0,0,444,443
108472,356,0,0,0,0,0,0,0,0,0,0,0,0,0,0,0,351,350
108473,258,0,0,0,0,0,0,0,0,0,0,0,0,0,0,0,253,252
108474,340,0,0,0,0,2,0,0,0,0,1,1,1,1,0,0,334,334
108475,618,0,0,0,0,2,0,0,0,0,0,0,0,0,0,0,612,611
108476,485,0,0,0,0,1,0,0,0,0,0,0,0,0,0,0,480,479
108477,342,0,0,0,0,5,0,0,0,0,0,0,0,0,0,0,333,333
108478,434,0,0,0,0,1,0,0,0,0,0,0,0,0,0,0,429,428
108479,273,0,0,0,0,1,0,0,0,0,0,0,0,0,0,0,268,267
108480,410,0,0,0,0,1,0,0,0,0,0,0,0,0,0,0,405,404
108481,370,0,0,0,0,0,0,0,0,0,0,0,0,0,0,0,365,364
108482,533,0,0,0,0,0,0,0,0,0,0,0,0,0,0,0,528,527
108483,555,0,0,0,0,0,0,0,0,0,1,1,1,1,0,0,550,549
108484,666,0,0,0,0,3,0,0,0,0,0,0,0,0,0,0,658,657
108485,550,0,0,0,0,0,0,0,0,0,2,2,2,2,0,0,545,544
108486,360,0,0,0,0,1,0,0,0,0,0,0,0,0,0,0,355,354
108487,393,0,0,0,0,1,0,0,0,0,0,0,0,0,0,0,387,386
108488,487,0,0,0,0,2,0,0,0,0,0,0,0,0,0,0,481,480
108489,315,0,1,0,0,4,0,0,0,0,0,0,0,0,0,0,306,305
108490,394,0,0,0,0,3,0,0,0,0,0,0,0,0,0,0,387,386
108491,413,0,0,0,0,0,0,0,0,0,0,0,0,0,0,0,408,407
108492,616,0,0,0,0,0,0,0,0,0,1,1,1,1,0,0,611,610
108493,585,0,0,0,0,1,0,0,0,0,1,1,1,1,0,0,579,578
108494,405,0,0,0,0,0,0,0,0,0,0,0,0,0,0,0,400,399
108495,564,0,0,0,0,7,0,0,0,0,0,0,0,0,0,0,553,552
108496,883,0,0,0,0,3,0,0,0,0,0,0,0,0,0,0,875,874
108497,370,0,0,0,0,1,0,0,0,0,0,0,0,0,0,0,365,364
108498,325,0,0,0,0,1,0,0,0,0,0,0,0,0,0,0,320,319
108499,337,0,0,0,0,2,0,0,0,0,0,0,0,0,0,0,331,330
108500,425,0,3,0,0,0,0,0,0,0,0,0,0,0,0,0,417,416
108501,545,0,0,0,0,4,0,0,0,0,0,0,0,0,0,0,537,536
108502,265,0,0,0,0,2,0,0,0,0,0,0,0,0,0,0,259,259
108503,437,0,0,0,0,3,0,0,0,0,0,0,0,0,0,0,430,429
108504,295,0,1,0,0,1,0,0,0,0,0,0,0,0,0,0,289,288
108505,428,0,0,0,0,0,0,0,0,0,0,0,0,0,0,0,423,422
108506,367,0,0,0,0,1,0,0,0,0,0,0,0,0,0,0,362,361
108507,403,0,0,0,0,3,0,0,0,0,0,0,0,0,0,0,396,395
108508,362,0,0,0,0,1,0,0,0,0,0,0,0,0,0,0,357,356
108509,331,0,0,0,0,1,0,0,0,0,1,1,1,1,0,0,326,325
108510,692,0,2,0,0,2,0,0,0,0,2,2,2,2,0,0,683,682
108511,572,0,0,0,0,9,0,0,0,0,1,1,1,1,0,0,558,557
108512,476,0,0,0,0,1,0,0,0,0,0,0,0,0,0,0,471,470
108513,318,0,0,0,0,5,0,0,0,0,0,0,0,0,0,0,309,308
108514,483,0,0,0,0,1,0,0,0,0,0,0,0,0,0,0,477,476
108515,309,0,0,0,0,2,0,0,0,0,0,0,0,0,0,0,303,303
108516,374,0,0,0,0,0,0,0,0,0,1,1,1,1,0,0,369,368
108517,583,0,0,0,0,0,0,0,0,0,0,0,0,0,0,0,578,577
108518,299,0,0,0,0,1,0,0,0,0,0,0,0,0,0,0,294,293
108519,502,0,0,0,0,1,0,0,0,0,1,1,1,1,0,0,496,495
108520,375,0,0,0,0,1,0,0,0,0,0,0,0,0,0,0,370,369
108521,344,0,0,0,0,1,0,0,0,0,0,0,0,0,0,0,339,338
108522,727,0,0,0,0,0,0,0,0,0,0,0,0,0,0,0,722,721
108523,394,0,0,0,0,1,0,0,0,0,0,0,0,0,0,0,389,388
108524,448,0,0,0,0,0,0,0,0,0,1,1,1,1,0,0,443,442
108525,479,0,0,0,0,0,0,0,0,0,1,1,1,1,0,0,474,473
108526,611,0,0,0,0,1,0,0,0,0,1,1,1,1,0,0,605,604
108527,353,0,0,0,0,1,0,0,0,0,0,0,0,0,0,0,348,347
108528,719,0,0,0,0,1,0,0,0,0,1,1,1,1,0,0,713,712
108529,521,0,2,0,0,0,0,0,0,0,0,0,0,0,0,0,514,513
108530,418,0,0,0,0,1,0,0,0,0,0,0,0,0,0,0,413,412
108531,280,0,1,0,0,1,0,0,0,0,0,0,0,0,0,0,274,273
108532,347,0,0,0,0,0,0,0,0,0,1,1,1,1,0,0,342,341
108533,460,0,0,0,0,0,0,0,0,0,0,0,0,0,0,0,455,454
108534,470,0,0,0,0,0,0,0,0,0,1,1,1,1,0,0,465,464
108535,348,0,0,0,0,0,0,0,0,0,0,0,0,0,0,0,343,342
108536,620,0,0,0,0,1,0,0,0,0,0,0,0,0,0,0,615,614
108537,497,0,0,0,0,1,0,0,0,0,0,0,0,0,0,0,492,491
108538,314,0,0,0,0,1,0,0,0,0,0,0,0,0,0,0,309,308
108539,434,0,0,0,0,2,0,0,0,0,0,0,0,0,0,0,428,427
108540,486,0,0,0,0,0,0,0,0,0,0,0,0,0,0,0,481,480
108541,618,0,2,0,0,5,0,0,0,0,0,0,0,0,0,0,606,605
108542,372,0,0,0,0,0,0,0,0,0,0,0,0,0,0,0,367,366
108543,364,0,0,0,0,1,0,0,0,0,1,1,1,1,0,0,359,358
108544,438,0,0,0,0,1,0,0,0,0,0,0,0,0,0,0,433,432
108545,551,0,0,0,0,6,0,0,0,0,0,0,0,0,0,0,540,539
108546,330,0,0,0,0,1,0,0,0,0,0,0,0,0,0,0,325,324
108547,443,0,0,0,0,1,0,0,0,0,0,0,0,0,0,0,438,437
108548,749,0,0,0,0,1,0,0,0,0,0,0,0,0,0,0,744,743
108549,535,0,0,0,0,1,0,0,0,0,2,2,2,2,0,0,529,528
108550,356,0,0,0,0,1,0,0,0,0,2,2,2,2,0,0,351,350
108551,368,0,0,0,0,1,0,0,0,0,0,0,0,0,0,0,363,362
108552,516,0,0,0,0,2,0,0,0,0,5,5,5,5,0,0,509,508
108553,298,0,0,0,0,0,0,0,0,0,0,0,0,0,0,0,293,292
108554,358,0,0,0,0,1,0,0,0,0,0,0,0,0,0,0,353,352
108555,317,0,0,0,0,2,0,0,0,0,0,0,0,0,0,0,311,311
108556,412,0,0,0,0,0,0,0,0,0,0,0,0,0,0,0,407,406
108557,482,0,0,0,0,0,0,0,0,0,0,0,0,0,0,0,477,476
108558,623,0,0,0,0,2,0,0,0,0,0,0,0,0,0,0,616,615
108559,418,0,0,0,0,0,0,0,0,0,1,1,1,1,0,0,413,412
108560,825,0,0,0,0,1,0,0,0,0,0,0,0,0,0,0,820,819
108561,403,0,0,0,0,0,0,0,0,0,1,1,1,1,0,0,398,397
108562,463,0,1,0,0,3,0,0,0,0,0,0,0,0,0,0,455,454
108563,341,0,0,0,0,1,0,0,0,0,3,3,3,3,0,0,336,335
108564,51,0,2,0,0,2,0,0,0,0,0,0,0,0,0,0,43,43
108565,421,0,0,0,0,0,0,0,0,0,0,0,0,0,0,0,416,415
108566,480,0,0,0,0,0,0,0,0,0,1,1,1,1,0,0,475,474
108567,359,0,1,0,0,0,0,0,0,0,0,0,0,0,0,0,353,352
108568,565,0,0,0,0,0,0,0,0,0,0,0,0,0,0,0,560,559
108569,241,0,0,0,0,2,0,0,0,0,0,0,0,0,0,0,235,235
108570,76,0,0,0,0,2,0,0,0,0,0,0,0,0,0,0,70,70
108571,338,0,0,0,0,3,0,0,0,0,0,0,0,0,0,0,331,330
108572,509,0,0,0,0,0,0,0,0,0,0,0,0,0,0,0,504,503
108573,338,0,0,0,0,6,0,0,0,0,2,2,2,2,0,0,327,326
108574,580,0,0,0,0,0,0,0,0,0,0,0,0,0,0,0,575,574
108575,353,0,0,0,0,1,0,0,0,0,0,0,0,0,0,0,348,347
108576,501,0,0,0,0,0,0,0,0,0,1,1,1,1,0,0,496,495
108577,902,0,3,0,0,2,0,0,0,0,0,0,0,0,0,0,892,891
108578,522,0,0,0,0,1,0,0,0,0,0,0,0,0,0,0,517,516
108579,424,0,0,0,0,0,0,0,0,0,1,1,1,1,0,0,419,418
108580,419,0,0,0,0,1,0,0,0,0,2,2,2,2,0,0,414,413
108581,582,0,0,0,0,0,0,0,0,0,2,2,2,2,0,0,577,576
108582,377,0,0,0,0,1,0,0,0,0,0,0,0,0,0,0,372,371
108583,348,0,0,0,0,1,0,0,0,0,2,2,2,2,0,0,343,342
108584,511,0,0,0,0,0,0,0,0,0,1,1,1,1,0,0,506,505
108585,412,0,0,0,0,2,0,6,0,0,0,0,0,0,0,0,406,406
108586,804,0,0,0,0,1,0,0,0,0,0,0,0,0,0,0,798,797
108587,340,0,1,0,0,0,0,0,0,0,1,1,1,1,0,0,334,333
108588,363,0,0,0,0,1,0,0,0,0,0,0,0,0,0,0,358,357
108589,346,0,0,0,0,0,0,0,0,0,0,0,0,0,0,0,341,340
108590,470,0,0,0,0,1,0,0,0,0,0,0,0,0,0,0,465,464
108591,466,0,1,0,0,2,0,0,0,0,0,0,0,0,0,0,458,457
108592,430,0,0,0,0,0,0,0,0,0,2,2,2,2,0,0,425,424
108593,448,0,0,0,0,4,0,0,0,0,0,0,0,0,0,0,440,439
108594,666,0,0,0,0,0,0,0,0,0,0,0,0,0,0,0,661,660
108595,314,0,0,0,0,1,0,0,0,0,0,0,0,0,0,0,309,308
108596,564,0,0,0,0,0,0,0,0,0,0,0,0,0,0,0,559,558
108597,563,0,0,0,0,0,0,0,0,0,36,36,36,36,0,0,558,557
108598,538,0,0,0,0,0,0,0,0,0,2,2,2,2,0,0,533,532
108599,336,0,0,0,0,1,0,0,0,0,0,0,0,0,0,0,331,330
108600,431,0,0,0,0,0,0,0,0,0,0,0,0,0,0,0,426,425
108601,31,0,0,0,0,2,0,0,0,0,0,0,0,0,0,0,25,25
108602,518,0,0,0,0,1,0,0,0,0,0,0,0,0,0,0,513,512
108603,413,0,2,0,0,0,0,0,0,0,0,0,0,0,0,0,406,405
108604,480,0,0,0,0,1,0,0,0,0,0,0,0,0,0,0,475,474
108605,49,0,0,0,0,2,0,0,0,0,0,0,0,0,0,0,43,43
108606,538,0,0,0,0,0,0,0,0,0,0,0,0,0,0,0,533,532
108607,434,0,0,0,0,3,0,0,0,0,0,0,0,0,0,0,426,425
108608,539,0,0,0,0,0,0,0,0,0,1,1,1,1,0,0,534,533
108609,532,0,0,0,0,0,0,0,0,0,0,0,0,0,0,0,527,526
108610,377,0,1,0,0,0,0,0,0,0,0,0,0,0,0,0,371,370
108611,384,0,0,0,0,1,0,0,0,0,0,0,0,0,0,0,379,378
108612,442,0,0,0,0,1,0,0,0,0,0,0,0,0,0,0,436,435
108613,554,0,0,0,0,1,0,0,0,0,0,0,0,0,0,0,548,547
108614,452,0,1,0,0,4,0,0,0,0,0,0,0,0,0,0,443,442
108615,630,0,2,0,0,1,0,0,0,0,0,0,0,0,0,0,623,622
108616,375,0,0,0,0,0,0,0,0,0,0,0,0,0,0,0,370,369
108617,435,0,0,0,0,1,0,0,0,0,0,0,0,0,0,0,430,429
108618,525,0,0,0,0,1,0,0,0,0,0,0,0,0,0,0,519,518
108619,460,0,0,0,0,1,0,5,0,0,0,0,0,0,0,0,455,454
108620,359,0,0,0,0,0,0,0,0,0,0,0,0,0,0,0,354,353
108621,590,0,1,0,0,0,0,0,0,0,0,0,0,0,0,0,584,583
108622,276,0,0,0,0,0,0,0,0,0,5,5,5,5,0,0,271,270
108623,341,0,0,0,0,1,0,0,0,0,0,0,0,0,0,0,336,335
108624,765,0,0,0,0,0,0,0,0,0,2,2,2,2,0,0,760,759
108625,599,0,0,0,0,0,0,0,0,0,0,0,0,0,0,0,594,593
108626,545,0,0,0,0,0,0,0,0,0,0,0,0,0,0,0,540,539
108627,227,0,0,0,0,0,0,0,0,0,0,0,0,0,0,0,222,221
108628,413,0,0,0,0,0,0,0,0,0,0,0,0,0,0,0,408,407
108629,464,0,0,0,0,0,0,0,0,0,0,0,0,0,0,0,459,458
108630,374,0,0,0,0,3,0,0,0,0,0,0,0,0,0,0,367,366
108631,541,0,1,0,0,0,0,0,0,0,0,0,0,0,0,0,535,534
108632,104,0,0,0,0,1,0,0,0,0,0,0,0,0,0,0,99,98
108633,364,0,0,0,0,1,0,0,0,0,0,0,0,0,0,0,359,358
108634,461,0,0,0,0,1,0,0,0,0,1,1,1,1,0,0,455,454
108635,417,0,0,0,0,0,0,0,0,0,3,3,3,3,0,0,412,411
108636,407,0,0,0,0,6,0,0,0,0,0,0,0,0,0,0,397,396
108638,447,0,0,0,0,1,0,0,0,0,0,0,0,0,0,0,441,440
108640,717,0,0,0,0,0,0,0,0,0,0,0,0,0,0,0,712,711
108641,527,0,1,0,0,12,0,0,0,0,0,0,0,0,0,0,510,509
108642,280,0,0,0,0,0,0,0,0,0,1,1,1,1,0,0,275,274
108643,237,0,0,0,0,1,0,0,0,0,0,0,0,0,0,0,232,231
108644,477,0,0,0,0,4,0,0,0,0,0,0,0,0,0,0,469,468
108645,391,0,0,0,0,1,0,0,0,0,0,0,0,0,0,0,385,384
108646,368,0,0,0,0,1,0,0,0,0,0,0,0,0,0,0,363,362
108647,389,0,0,0,0,1,0,0,0,0,1,1,1,1,0,0,383,382
108648,834,0,0,0,0,4,0,0,0,0,0,0,0,0,0,0,825,824
108649,388,0,0,0,0,0,0,0,0,0,0,0,0,0,0,0,383,382
108650,518,0,0,0,0,1,0,0,0,0,1,1,1,1,0,0,512,511
108651,562,0,0,0,0,1,0,0,0,0,1,1,1,1,0,0,556,555
108652,404,0,0,0,0,1,0,0,0,0,0,0,0,0,0,0,399,398
108653,589,0,0,0,0,1,0,0,0,0,1,1,1,1,0,0,583,582
108654,461,0,0,0,0,0,0,0,0,0,0,0,0,0,0,0,456,455
108655,654,0,0,0,0,0,0,0,0,0,0,0,0,0,0,0,649,648
108656,748,0,0,0,0,0,0,0,0,0,2,2,2,2,0,0,743,742
108657,530,0,0,0,0,1,0,8,0,0,0,0,0,0,0,0,524,523
108658,314,0,0,0,0,0,0,0,0,0,0,0,0,0,0,0,309,308
108659,473,0,0,0,0,1,0,0,0,0,0,0,0,0,0,0,467,466
108661,471,0,0,0,0,1,0,0,0,0,1,1,1,1,0,0,466,465
108662,365,0,0,0,0,0,0,0,0,0,0,0,0,0,0,0,360,359
108663,516,0,0,0,0,1,0,0,0,0,0,0,0,0,0,0,510,509
108664,658,0,0,0,0,0,0,0,0,0,0,0,0,0,0,0,653,652
108665,353,0,0,0,0,1,0,0,0,0,0,0,0,0,0,0,348,347
108666,354,0,0,0,0,2,0,0,0,0,0,0,0,0,0,0,348,347
108667,687,0,5,0,0,0,0,0,0,0,1,1,1,1,0,0,677,676
108668,343,0,0,0,0,1,0,0,0,0,0,0,0,0,0,0,338,337
108669,345,0,0,0,0,1,0,0,0,0,0,0,0,0,0,0,339,338
108670,665,0,0,0,0,6,0,0,0,0,0,0,0,0,0,0,654,653
108671,323,0,0,0,0,1,0,0,0,0,0,0,0,0,0,0,318,317
108672,458,0,0,0,0,1,0,0,0,0,4,4,4,4,0,0,453,452
108673,299,0,0,0,0,1,0,0,0,0,1,1,1,1,0,0,294,293
108674,416,0,1,0,0,1,0,0,0,0,0,0,0,0,0,0,410,409
108675,473,0,0,0,0,0,0,0,0,0,0,0,0,0,0,0,468,467
108676,405,0,0,0,0,1,0,0,0,0,1,1,1,1,0,0,400,399
108677,338,0,0,0,0,1,0,0,0,0,0,0,0,0,0,0,333,332
108678,670,0,0,0,0,0,0,0,0,0,0,0,0,0,0,0,665,664
108679,425,0,0,0,0,3,0,0,0,0,0,0,0,0,0,0,417,416
108680,558,0,0,0,0,0,0,0,0,0,0,0,0,0,0,0,553,552
108681,488,0,0,0,0,1,0,0,0,0,0,0,0,0,0,0,483,482
108682,629,0,0,0,0,0,0,0,0,0,1,1,1,1,0,0,624,623
108683,398,0,0,0,0,1,0,0,0,0,1,1,1,1,0,0,393,392
108684,433,0,0,0,0,1,0,0,0,0,1,1,1,1,0,0,428,427
108685,408,0,0,0,0,3,0,0,0,0,1,1,1,1,0,0,401,400
108686,422,0,0,0,0,2,0,0,0,0,0,0,0,0,0,0,415,414
108687,365,0,1,0,0,0,0,0,0,0,0,0,0,0,0,0,359,358
108688,390,0,0,0,0,2,0,0,0,0,0,0,0,0,0,0,384,383
108689,270,0,0,0,0,0,0,0,0,0,0,0,0,0,0,0,265,264
108690,467,0,0,0,0,15,0,0,0,0,0,0,0,0,0,0,448,447
108691,642,0,0,0,0,0,0,0,0,0,0,0,0,0,0,0,637,636
108692,604,0,0,0,0,0,0,0,0,0,1,1,1,1,0,0,599,598
108693,445,0,1,0,0,1,0,0,0,0,0,0,0,0,0,0,439,438
108694,521,0,0,0,0,1,0,0,0,0,0,0,0,0,0,0,516,515
108695,246,0,0,0,0,1,0,0,0,0,0,0,0,0,0,0,241,240
108696,257,0,0,0,0,2,0,0,0,0,0,0,0,0,0,0,251,251
108697,336,0,0,0,0,2,0,0,0,0,0,0,0,0,0,0,330,330
108698,442,0,0,0,0,1,0,0,0,0,0,0,0,0,0,0,437,436
108699,332,0,0,0,0,1,0,0,0,0,0,0,0,0,0,0,327,326
108700,518,0,3,0,0,0,0,0,0,0,0,0,0,0,0,0,510,509
108701,414,0,1,0,0,1,0,0,0,0,0,0,0,0,0,0,408,407
108702,392,0,0,0,0,2,0,0,0,0,0,0,0,0,0,0,386,385
108703,716,0,0,0,0,7,0,0,0,0,0,0,0,0,0,0,705,704
108704,499,0,1,0,0,0,0,0,0,0,0,0,0,0,0,0,493,492
108705,318,0,0,0,0,2,0,0,0,0,0,0,0,0,0,0,312,312
108706,499,0,0,0,0,0,0,0,0,0,1,1,1,1,0,0,494,493
108707,358,0,2,0,0,1,0,0,0,0,0,0,0,0,0,0,351,350
108708,454,0,0,0,0,0,0,0,0,0,0,0,0,0,0,0,449,448
108709,584,0,0,0,0,13,0,0,0,0,0,0,0,0,0,0,567,566
108710,366,0,0,0,0,0,0,0,0,0,0,0,0,0,0,0,361,360
108711,427,0,0,0,0,1,0,0,0,0,0,0,0,0,0,0,422,421
108712,748,0,0,0,0,0,0,8,0,0,1,1,1,1,0,0,743,742
108713,398,0,0,0,0,1,0,0,0,0,0,0,0,0,0,0,393,392
108714,670,0,2,0,0,7,0,0,0,0,47,47,47,47,0,0,656,655
108715,766,0,1,0,0,0,0,0,0,0,0,0,0,0,0,0,760,759
108716,376,0,0,0,0,2,0,0,0,0,0,0,0,0,0,0,370,369
108718,393,0,0,0,0,0,0,0,0,0,0,0,0,0,0,0,388,387
108719,472,0,0,0,0,0,0,0,0,0,0,0,0,0,0,0,467,466
108720,280,0,0,0,0,1,0,0,0,0,0,0,0,0,0,0,275,274
108721,489,0,0,0,0,5,0,0,0,0,0,0,0,0,0,0,479,478
108722,553,0,0,0,0,0,0,0,0,0,3,3,3,3,0,0,548,547
108723,671,0,0,0,0,0,0,0,0,0,1,1,1,1,0,0,666,665
108724,496,0,0,0,0,0,0,0,0,0,0,0,0,0,0,0,491,490
108725,438,0,0,0,0,0,0,0,0,0,1,1,1,1,0,0,433,432
108726,401,0,1,0,0,1,0,0,0,0,0,0,0,0,0,0,395,394
108727,504,0,0,0,0,1,0,0,0,0,0,0,0,0,0,0,498,497
108728,465,0,0,0,0,0,0,0,0,0,1,1,1,1,0,0,460,459
108729,571,0,0,0,0,0,0,0,0,0,32,32,32,32,0,0,566,565
108730,428,0,2,0,0,7,0,0,0,0,0,0,0,0,0,0,414,413
108731,454,0,0,0,0,0,0,0,0,0,2,2,2,2,0,0,449,448
108732,302,0,0,0,0,0,0,0,0,0,3,3,3,3,0,0,297,296
108733,491,0,0,0,0,2,0,0,0,0,0,0,0,0,0,0,484,483
108734,409,0,0,0,0,0,0,0,0,0,0,0,0,0,0,0,404,403
108735,518,0,0,0,0,0,0,0,0,0,0,0,0,0,0,0,513,512
108736,327,0,0,0,0,1,0,0,0,0,0,0,0,0,0,0,322,321
108737,298,0,1,0,0,0,0,0,0,0,0,0,0,0,0,0,292,291
108738,405,0,0,0,0,1,0,0,0,0,0,0,0,0,0,0,400,399
108739,465,0,0,0,0,0,0,0,0,0,0,0,0,0,0,0,460,459
108740,548,0,0,0,0,2,0,0,0,0,1,1,1,1,0,0,541,540
108741,431,0,1,0,0,0,0,0,0,0,0,0,0,0,0,0,425,424
108742,663,0,0,0,0,0,0,0,0,0,2,2,2,2,0,0,658,657
108743,382,0,0,0,0,0,0,0,0,0,0,0,0,0,0,0,377,376
108744,375,0,0,0,0,0,0,0,0,0,0,0,0,0,0,0,370,369
108745,431,0,0,0,0,0,0,0,0,0,0,0,0,0,0,0,426,425
108746,136,0,0,0,0,2,0,0,0,0,0,0,0,0,0,0,130,130
108747,555,0,2,0,0,0,0,0,0,0,34,34,34,34,0,0,548,547
108748,517,0,0,0,0,0,0,0,0,0,18,18,18,18,0,0,512,511
108749,406,0,0,0,0,1,0,0,0,0,0,0,0,0,0,0,401,400
108750,560,0,0,0,0,0,0,0,0,0,0,0,0,0,0,0,555,554
108751,591,0,0,0,0,0,0,0,0,0,0,0,0,0,0,0,586,585
108752,410,0,0,0,0,1,0,0,0,0,0,0,0,0,0,0,405,404
108753,423,0,0,0,0,1,0,0,0,0,1,1,1,1,0,0,418,417
108754,426,0,0,0,0,1,0,0,0,0,0,0,0,0,0,0,421,420
108755,444,0,0,0,0,0,0,0,0,0,1,1,1,1,0,0,439,438
108756,430,0,0,0,0,0,0,0,0,0,0,0,0,0,0,0,425,424
108757,562,0,0,0,0,1,0,0,0,0,0,0,0,0,0,0,557,556
108758,773,0,0,0,0,0,0,0,0,0,3,3,3,3,0,0,768,767
108759,544,0,0,0,0,0,0,0,0,0,1,1,1,1,0,0,539,538
108760,457,0,0,0,0,3,0,0,0,0,0,0,0,0,0,0,450,449
108761,412,0,0,0,0,0,0,0,0,0,0,0,0,0,0,0,407,406
108762,415,0,0,0,0,2,0,0,0,0,0,0,0,0,0,0,409,408
108763,362,0,0,0,0,2,0,0,0,0,1,1,1,1,0,0,355,354
108764,666,0,0,0,0,0,0,0,0,0,0,0,0,0,0,0,661,660
108765,385,0,1,0,0,0,0,0,0,0,1,1,1,1,0,0,379,378
108766,493,0,0,0,0,0,0,0,0,0,1,1,1,1,0,0,488,487
108767,43,0,0,0,0,2,0,0,0,0,0,0,0,0,0,0,37,37
108768,383,0,2,0,0,1,0,0,0,0,0,0,0,0,0,0,376,375
108769,415,0,0,0,0,5,0,0,0,0,0,0,0,0,0,0,406,405
108770,694,0,1,0,0,0,0,0,0,0,0,0,0,0,0,0,688,687
108771,466,0,0,0,0,0,0,0,0,0,0,0,0,0,0,0,461,460
108772,393,0,0,0,0,0,0,0,0,0,1,1,1,1,0,0,388,387
108773,302,0,0,0,0,1,0,0,0,0,1,2,1,2,0,0,297,296
108774,385,0,0,0,0,0,0,0,0,0,0,0,0,0,0,0,380,379
108775,454,0,0,0,0,1,0,0,0,0,0,0,0,0,0,0,449,448
108776,520,0,0,0,0,0,0,0,0,0,2,2,2,2,0,0,515,514
108777,456,0,1,0,0,0,0,0,0,0,0,0,0,0,0,0,450,449
108778,304,0,1,0,0,1,0,0,0,0,0,0,0,0,0,0,298,297
108779,311,0,0,0,0,1,0,0,0,0,0,0,0,0,0,0,306,305
108780,417,0,0,0,0,10,0,0,0,0,0,0,0,0,0,0,403,403
108781,378,0,1,0,0,1,0,0,0,0,0,0,0,0,0,0,372,371
108782,694,0,0,0,0,24,0,0,0,0,1,1,1,1,0,0,665,664
108783,534,0,0,0,0,0,0,0,0,0,2,2,2,2,0,0,529,528
108784,354,0,0,0,0,0,0,0,0,0,1,1,1,1,0,0,349,348
108785,471,0,3,0,0,1,0,0,0,0,0,0,0,0,0,0,463,462
108786,381,0,0,0,0,1,0,0,0,0,1,1,1,1,0,0,376,375
108787,561,0,0,0,0,1,0,0,0,0,1,1,1,1,0,0,556,555
108788,408,0,0,0,0,0,0,0,0,0,2,2,2,2,0,0,403,402
108789,342,0,0,0,0,0,0,0,0,0,0,0,0,0,0,0,337,336
108790,309,0,0,0,0,4,0,0,0,0,0,0,0,0,0,0,301,300
108791,549,0,0,0,0,1,0,10,0,0,0,0,0,0,0,0,543,542
108792,585,0,0,0,0,1,0,0,0,0,1,1,1,1,0,0,580,579
108793,406,0,0,0,0,1,0,0,0,0,0,0,0,0,0,0,401,400
108794,431,0,1,0,0,1,0,0,0,0,0,0,0,0,0,0,425,424
108795,379,0,0,0,0,0,0,0,0,0,1,1,1,1,0,0,374,373
108796,576,0,0,0,0,0,0,0,0,0,0,0,0,0,0,0,571,570
108797,479,0,0,0,0,0,0,0,0,0,1,1,1,1,0,0,474,473
108798,412,0,1,0,0,1,0,0,0,0,0,0,0,0,0,0,406,405
108799,542,0,0,0,0,1,0,0,0,0,0,0,0,0,0,0,537,536
108800,713,0,0,0,0,0,0,0,0,0,1,1,1,1,0,0,708,707
108801,457,0,0,0,0,0,0,0,0,0,0,0,0,0,0,0,452,451
108802,349,0,0,0,0,1,0,0,0,0,0,0,0,0,0,0,343,342
108803,268,0,0,0,0,1,0,0,0,0,0,0,0,0,0,0,263,262
108804,598,0,0,0,0,2,0,0,0,0,1,1,1,1,0,0,591,590
108805,389,0,1,0,0,0,0,0,0,0,0,0,0,0,0,0,383,382
108806,392,0,0,0,0,0,0,0,0,0,0,0,0,0,0,0,387,386
108807,306,0,1,0,0,2,0,0,0,0,0,0,0,0,0,0,299,299
108808,348,0,3,0,0,1,0,0,0,0,0,0,0,0,0,0,340,339
108809,468,0,0,0,0,1,0,0,0,0,2,2,2,2,0,0,462,461
108810,345,0,1,0,0,1,0,0,0,0,0,0,0,0,0,0,339,338
108811,399,0,2,0,0,0,0,0,0,0,0,0,0,0,0,0,392,391
108812,538,0,1,0,0,1,0,0,0,0,0,0,0,0,0,0,532,531
108813,370,0,0,0,0,0,0,0,0,0,1,1,1,1,0,0,365,364
108814,453,0,0,0,0,0,0,0,0,0,0,0,0,0,0,0,448,447
108815,487,0,0,0,0,1,0,0,0,0,1,1,1,1,0,0,481,480
108816,462,0,0,0,0,3,0,0,0,0,0,0,0,0,0,0,454,453
108817,345,0,0,0,0,0,0,0,0,0,0,0,0,0,0,0,340,339
108818,673,0,0,0,0,5,0,0,0,0,2,2,2,2,0,0,663,662
108819,455,0,0,0,0,0,0,0,0,0,0,0,0,0,0,0,450,449
108820,370,0,0,0,0,1,0,0,0,0,0,0,0,0,0,0,364,363
108821,240,0,0,0,0,0,0,0,0,0,0,0,0,0,0,0,235,234
108822,408,0,0,0,0,0,0,0,0,0,0,0,0,0,0,0,403,402
108823,370,0,0,0,0,1,0,0,0,0,2,2,2,2,0,0,365,364
108824,540,0,0,0,0,0,0,0,0,0,0,0,0,0,0,0,535,534
108825,408,0,0,0,0,13,0,0,0,0,0,0,0,0,0,0,391,390
108826,332,0,0,0,0,1,0,0,0,0,0,0,0,0,0,0,327,326
108827,439,0,0,0,0,1,0,0,0,0,0,0,0,0,0,0,434,433
108828,316,0,0,0,0,4,0,0,0,0,0,0,0,0,0,0,307,306
108829,444,0,0,0,0,0,0,0,0,0,0,0,0,0,0,0,439,438
108830,339,0,1,0,0,3,0,0,0,0,0,0,0,0,0,0,330,329
108831,360,0,0,0,0,1,0,0,0,0,0,0,0,0,0,0,355,354
108832,583,0,0,0,0,0,0,0,0,0,1,1,1,1,0,0,578,577
108833,85,0,0,0,0,2,0,0,0,0,0,0,0,0,0,0,79,79
108834,377,0,0,0,0,1,0,0,0,0,1,1,1,1,0,0,372,371
108835,393,0,0,0,0,11,0,0,0,0,0,0,0,0,0,0,378,378
108836,667,0,0,0,0,0,0,0,0,0,1,1,1,1,0,0,662,661
108837,531,0,0,0,0,0,0,0,0,0,1,1,1,1,0,0,526,525
108838,496,0,0,0,0,1,0,0,0,0,0,0,0,0,0,0,490,489
108839,331,0,0,0,0,2,0,0,0,0,0,0,0,0,0,0,325,325
108840,421,0,0,0,0,0,0,7,0,0,0,0,0,0,0,0,416,415
108841,347,0,0,0,0,0,0,0,0,0,0,0,0,0,0,0,342,341
108842,641,0,0,0,0,0,0,0,0,0,1,1,1,1,0,0,636,635
108843,398,0,0,0,0,0,0,0,0,0,0,0,0,0,0,0,393,392
108844,494,0,0,0,0,1,0,0,0,0,2,2,2,2,0,0,489,488
108845,450,0,0,0,0,1,0,0,0,0,0,0,0,0,0,0,445,444
108846,395,0,0,0,0,1,0,0,0,0,0,0,0,0,0,0,390,389
108847,563,0,0,0,0,1,0,0,0,0,0,0,0,0,0,0,558,557
108848,376,0,0,0,0,3,0,0,0,0,0,0,0,0,0,0,369,368
108849,442,0,0,0,0,1,0,0,0,0,0,0,0,0,0,0,437,436
108850,440,0,0,0,0,0,0,0,0,0,2,2,2,2,0,0,435,434
108851,484,0,0,0,0,1,0,0,0,0,0,0,0,0,0,0,479,478
108852,584,0,0,0,0,0,0,0,0,0,1,1,1,1,0,0,579,578
108853,335,0,0,0,0,1,0,0,0,0,0,0,0,0,0,0,330,329
108854,385,0,0,0,0,2,0,0,0,0,2,2,2,2,0,0,379,378
108855,351,0,0,0,0,0,0,0,0,0,0,0,0,0,0,0,346,345
108856,409,0,0,0,0,0,0,0,0,0,1,1,1,1,0,0,404,403
108857,508,0,0,0,0,0,0,0,0,0,0,0,0,0,0,0,503,502
108858,460,0,0,0,0,1,0,0,0,0,0,0,0,0,0,0,455,454
108859,488,0,0,0,0,3,0,0,0,0,0,0,0,0,0,0,480,479
108860,579,0,0,0,0,0,0,0,0,0,0,0,0,0,0,0,574,573
108861,19,0,0,0,0,2,0,0,0,0,0,0,0,0,0,0,13,13
108862,523,0,0,0,0,4,0,0,0,0,0,0,0,0,0,0,515,514
108863,438,0,0,0,0,0,0,0,0,0,1,1,1,1,0,0,433,432
108864,422,0,1,0,0,0,0,0,0,0,1,1,1,1,0,0,416,415
108865,462,0,0,0,0,0,0,0,0,0,2,2,2,2,0,0,457,456
108866,289,0,0,0,0,9,0,0,0,0,1,1,1,1,0,0,276,276
108867,304,0,0,0,0,1,0,0,0,0,0,0,0,0,0,0,299,298
108868,458,0,0,0,0,0,0,0,0,0,0,0,0,0,0,0,453,452
108869,364,0,0,0,0,2,0,0,0,0,0,0,0,0,0,0,358,358
108870,431,0,0,0,0,2,0,0,0,0,1,1,1,1,0,0,424,423
108871,442,0,0,0,0,1,0,0,0,0,0,0,0,0,0,0,437,436
108872,393,0,0,0,0,0,0,0,0,0,0,0,0,0,0,0,388,387
108873,360,0,0,0,0,2,0,0,0,0,0,0,0,0,0,0,354,354
108874,231,0,0,0,0,2,0,0,0,0,0,0,0,0,0,0,225,225
108875,588,0,0,0,0,1,0,0,0,0,0,0,0,0,0,0,583,582
108876,348,0,0,0,0,1,0,0,0,0,2,2,2,2,0,0,343,342
108877,467,0,0,0,0,1,0,0,0,0,0,0,0,0,0,0,462,461
108878,337,0,0,0,0,7,0,0,0,0,0,0,0,0,0,0,326,325
108879,259,0,1,0,0,2,0,0,0,0,0,0,0,0,0,0,252,252
108880,281,0,0,0,0,0,0,0,0,0,0,0,0,0,0,0,276,275
108881,257,0,0,0,0,2,0,0,0,0,0,0,0,0,0,0,251,251
108882,613,0,0,0,0,1,0,0,0,0,1,1,1,1,0,0,607,606
108883,796,0,0,0,0,1,0,0,0,0,0,0,0,0,0,0,790,789
108884,46,0,1,0,0,2,0,0,0,0,0,0,0,0,0,0,39,39
108885,481,0,1,0,0,1,0,0,0,0,1,1,1,1,0,0,475,474
108886,386,0,0,0,0,2,0,0,0,0,2,2,2,2,0,0,380,380
108887,468,0,0,0,0,0,0,0,0,0,0,0,0,0,0,0,463,462
108888,437,0,0,0,0,1,0,8,0,0,0,0,0,0,0,0,432,431
108889,437,0,0,0,0,1,0,0,0,0,0,0,0,0,0,0,432,431
108890,510,0,0,0,0,0,0,8,0,0,1,1,1,1,0,0,505,504
108891,472,0,0,0,0,0,0,0,0,0,1,1,1,1,0,0,467,466
108892,550,0,0,0,0,0,0,0,0,0,0,0,0,0,0,0,545,544
108893,441,0,0,0,0,0,0,0,0,0,0,0,0,0,0,0,436,435
108894,277,0,0,0,0,0,0,0,0,0,0,0,0,0,0,0,272,271
108895,454,0,0,0,0,1,0,0,0,0,1,1,1,1,0,0,448,447
108896,396,0,0,0,0,0,0,0,0,0,0,0,0,0,0,0,391,390
108897,611,0,0,0,0,0,0,0,0,0,2,2,2,2,0,0,606,605
108898,667,0,0,0,0,4,0,0,0,0,0,0,0,0,0,0,659,658
108899,503,0,0,0,0,2,0,0,0,0,0,0,0,0,0,0,497,496
108900,264,0,0,0,0,0,0,0,0,0,0,0,0,0,0,0,259,258
108901,390,0,0,0,0,1,0,0,0,0,2,2,2,2,0,0,384,383
108902,428,0,0,0,0,2,0,0,0,0,0,0,0,0,0,0,422,421
108903,704,0,0,0,0,0,0,0,0,0,0,0,0,0,0,0,699,698
108904,498,0,0,0,0,2,0,0,0,0,2,2,2,2,0,0,491,490
108905,397,0,0,0,0,1,0,0,0,0,0,0,0,0,0,0,392,391
108906,355,0,0,0,0,2,0,0,0,0,0,0,0,0,0,0,349,349
108907,407,0,0,0,0,3,0,0,0,0,4,4,4,4,0,0,399,398
108908,321,0,0,0,0,1,0,0,0,0,0,0,0,0,0,0,316,315
108909,223,0,0,0,0,0,0,0,0,0,0,0,0,0,0,0,218,217
108910,362,0,0,0,0,1,0,0,0,0,0,0,0,0,0,0,357,356
108911,402,0,0,0,0,4,0,0,0,0,0,0,0,0,0,0,393,392
108912,359,0,0,0,0,0,0,0,0,0,0,0,0,0,0,0,354,353
108913,445,0,2,0,0,1,0,0,0,0,3,3,3,3,0,0,437,436
108914,575,0,0,0,0,1,0,0,0,0,2,2,2,2,0,0,570,569
108916,519,0,0,0,0,0,0,0,0,0,0,0,0,0,0,0,514,513
108917,542,0,0,0,0,1,0,0,0,0,0,0,0,0,0,0,536,535
108918,360,0,0,0,0,2,0,0,0,0,0,0,0,0,0,0,354,354
108919,427,0,0,0,0,0,0,0,0,0,1,1,1,1,0,0,422,421
108920,532,0,0,0,0,0,0,0,0,0,1,1,1,1,0,0,527,526
108921,453,0,0,0,0,1,0,0,0,0,2,2,2,2,0,0,447,446
108922,541,0,0,0,0,3,0,0,0,0,22,22,22,22,0,0,533,532
108923,366,0,0,0,0,1,0,0,0,0,0,0,0,0,0,0,361,360
108924,316,0,0,0,0,0,0,0,0,0,0,0,0,0,0,0,311,310
108925,417,0,0,0,0,0,0,0,0,0,2,2,2,2,0,0,412,411
108926,448,0,1,0,0,4,0,0,0,0,0,0,0,0,0,0,439,438
108927,444,0,1,0,0,0,0,0,0,0,0,0,0,0,0,0,438,437
108928,374,0,0,0,0,1,0,0,0,0,0,0,0,0,0,0,369,368
108929,401,0,0,0,0,1,0,0,0,0,0,0,0,0,0,0,396,395
108930,479,0,0,0,0,2,0,0,0,0,0,0,0,0,0,0,473,472
108931,410,0,0,0,0,1,0,0,0,0,0,0,0,0,0,0,405,404
108932,369,0,0,0,0,1,0,0,0,0,0,0,0,0,0,0,364,363
108933,368,0,0,0,0,0,0,0,0,0,0,0,0,0,0,0,363,362
108934,396,0,1,0,0,4,0,0,0,0,0,0,0,0,0,0,386,385
108935,484,0,0,0,0,1,0,0,0,0,2,2,2,2,0,0,479,478
108936,726,0,0,0,0,2,0,0,0,0,53,53,53,53,0,0,719,718
108937,418,0,0,0,0,0,0,0,0,0,0,0,0,0,0,0,413,412
108938,486,0,0,0,0,1,0,0,0,0,0,0,0,0,0,0,481,480
108939,418,0,1,0,0,1,0,0,0,0,0,0,0,0,0,0,412,411
108940,634,0,0,0,0,1,0,0,0,0,0,0,0,0,0,0,628,627
108941,436,0,0,0,0,0,0,0,0,0,0,0,0,0,0,0,431,430
108942,737,0,1,0,0,0,0,0,0,0,1,1,1,1,0,0,731,730
108943,515,0,0,0,0,4,0,0,0,0,0,0,0,0,0,0,507,506
108944,303,0,0,0,0,2,0,0,0,0,0,0,0,0,0,0,297,297
108945,436,0,2,0,0,0,0,10,0,0,0,0,0,0,0,0,429,428
108946,318,0,1,0,0,1,0,0,0,0,0,0,0,0,0,0,311,310
108947,514,0,0,0,0,0,0,0,0,0,1,1,1,1,0,0,509,508
108948,371,0,0,0,0,1,0,0,0,0,0,0,0,0,0,0,366,365
108949,376,0,0,0,0,1,0,0,0,0,0,0,0,0,0,0,371,370
108950,395,0,0,0,0,0,0,0,0,0,0,0,0,0,0,0,390,389
108951,115,0,0,0,0,1,0,0,0,0,0,0,0,0,0,0,110,109
108952,769,0,0,0,0,0,0,0,0,0,1,1,1,1,0,0,764,763
108953,333,0,0,0,0,1,0,0,0,0,0,0,0,0,0,0,328,327
108954,490,0,2,0,0,1,0,0,0,0,0,0,0,0,0,0,483,482
108955,374,0,0,0,0,2,0,0,0,0,0,0,0,0,0,0,367,366
108956,468,0,0,0,0,0,0,0,0,0,0,0,0,0,0,0,463,462
108957,524,0,0,0,0,0,0,0,0,0,0,0,0,0,0,0,519,518
108958,690,0,0,0,0,0,0,0,0,0,0,0,0,0,0,0,685,684
108959,287,0,0,0,0,1,0,6,0,0,0,0,0,0,0,0,282,281
108960,264,0,0,0,0,1,0,0,0,0,0,0,0,0,0,0,259,258
108961,274,0,0,0,0,2,0,0,0,0,0,0,0,0,0,0,268,268
108962,547,0,0,0,0,1,0,0,0,0,0,0,0,0,0,0,542,541
108963,442,0,0,0,0,0,0,0,0,0,0,0,0,0,0,0,437,436
108964,488,0,0,0,0,0,0,0,0,0,1,1,1,1,0,0,483,482
108965,424,0,0,0,0,1,0,0,0,0,0,0,0,0,0,0,419,418
108966,446,0,0,0,0,0,0,0,0,0,0,0,0,0,0,0,441,440
108967,527,0,0,0,0,1,0,0,0,0,0,0,0,0,0,0,522,521
108968,218,0,0,0,0,1,0,0,0,0,1,1,1,1,0,0,212,211
108969,286,0,0,0,0,0,0,0,0,0,0,0,0,0,0,0,281,280
108970,551,0,0,0,0,2,0,0,0,0,0,0,0,0,0,0,544,543
108971,413,0,1,0,0,1,0,0,0,0,0,0,0,0,0,0,407,406
108972,408,0,0,0,0,1,0,0,0,0,0,0,0,0,0,0,403,402
108973,365,0,0,0,0,2,0,0,0,0,0,0,0,0,0,0,359,359
108974,545,0,0,0,0,5,0,0,0,0,0,0,0,0,0,0,536,535
108975,261,0,0,0,0,1,0,0,0,0,0,0,0,0,0,0,256,255
108976,650,0,0,0,0,1,0,0,0,0,2,2,2,2,0,0,645,644
108977,336,0,0,0,0,0,0,0,0,0,0,0,0,0,0,0,331,330
108978,411,0,0,0,0,1,0,0,0,0,0,0,0,0,0,0,406,405
108979,547,0,0,0,0,0,0,0,0,0,0,0,0,0,0,0,542,541
108980,507,0,0,0,0,1,0,0,0,0,0,0,0,0,0,0,502,501
108981,505,0,0,0,0,0,0,0,0,0,0,0,0,0,0,0,500,499
108982,849,0,1,0,0,2,0,0,0,0,3,3,3,3,0,0,841,840
108983,471,0,0,0,0,0,0,0,0,0,1,1,1,1,0,0,466,465
108984,387,0,0,0,0,0,0,0,0,0,0,0,0,0,0,0,382,381
108985,345,0,1,0,0,0,0,0,0,0,0,0,0,0,0,0,339,338
108986,377,0,0,0,0,1,0,0,0,0,2,2,2,2,0,0,372,371
108987,406,0,1,0,0,1,0,0,0,0,0,0,0,0,0,0,400,399
108988,399,0,0,0,0,1,0,0,0,0,0,0,0,0,0,0,394,393
108989,500,0,1,0,0,0,0,0,0,0,0,0,0,0,0,0,494,493
108990,532,0,0,0,0,5,0,0,0,0,0,0,0,0,0,0,523,522
108991,363,0,0,0,0,0,0,0,0,0,0,0,0,0,0,0,358,357
108992,338,0,0,0,0,0,0,0,0,0,0,0,0,0,0,0,333,332
108993,295,0,2,0,0,0,0,0,0,0,0,0,0,0,0,0,288,287
108994,639,0,0,0,0,0,0,0,0,0,0,0,0,0,0,0,634,633
108995,430,0,0,0,0,2,0,0,0,0,0,0,0,0,0,0,424,424
108996,432,0,2,0,0,1,0,0,0,0,0,0,0,0,0,0,425,424
108997,395,0,0,0,0,1,0,0,0,0,5,5,5,5,0,0,390,389
108998,634,0,0,0,0,3,0,3,0,0,2,2,2,2,0,0,626,625
108999,382,0,0,0,0,1,0,0,0,0,0,0,0,0,0,0,377,376
109000,447,0,0,0,0,2,0,0,0,0,0,0,0,0,0,0,441,440
109001,306,0,0,0,0,2,0,0,0,0,0,0,0,0,0,0,300,300
109002,47,0,0,0,0,2,0,0,0,0,0,0,0,0,0,0,41,41
109003,398,0,0,0,0,1,0,0,0,0,0,0,0,0,0,0,393,392
109004,317,0,0,0,0,1,0,0,0,0,0,0,0,0,0,0,312,311
109005,387,0,0,0,0,0,0,6,0,0,0,0,0,0,0,0,382,381
109006,520,0,0,0,0,0,0,0,0,0,0,0,0,0,0,0,515,514
109008,322,0,0,0,0,1,0,0,0,0,0,0,0,0,0,0,317,316
109009,431,0,0,0,0,1,0,0,0,0,0,0,0,0,0,0,426,425
109010,510,0,0,0,0,1,0,0,0,0,0,0,0,0,0,0,505,504
109011,323,0,0,0,0,1,0,0,0,0,1,1,1,1,0,0,318,317
109012,475,0,0,0,0,0,0,0,0,0,0,0,0,0,0,0,470,469
109013,370,0,0,0,0,1,0,0,0,0,1,1,1,1,0,0,365,364
109014,444,0,0,0,0,0,0,0,0,0,2,2,2,2,0,0,439,438
109015,396,0,0,0,0,6,0,0,0,0,1,1,1,1,0,0,386,386
109016,441,0,0,0,0,0,0,0,0,0,0,0,0,0,0,0,436,435
109017,436,0,1,0,0,3,0,0,0,0,0,0,0,0,0,0,428,427
109018,324,0,0,0,0,1,0,0,0,0,0,0,0,0,0,0,318,317
109019,231,0,1,0,0,0,0,0,0,0,0,0,0,0,0,0,225,224
109020,456,0,0,0,0,1,0,0,0,0,2,2,2,2,0,0,450,449
109021,578,0,0,0,0,0,0,0,0,0,0,0,0,0,0,0,573,572
109022,420,0,0,0,0,1,0,0,0,0,0,0,0,0,0,0,415,414
109023,559,0,0,0,0,0,0,0,0,0,0,0,0,0,0,0,554,553
109024,379,0,0,0,0,0,0,0,0,0,2,2,2,2,0,0,374,373
109025,674,0,0,0,0,1,0,0,0,0,1,1,1,1,0,0,668,667
109026,434,0,0,0,0,1,0,0,0,0,0,0,0,0,0,0,429,428
109027,391,0,0,0,0,0,0,0,0,0,0,0,0,0,0,0,386,385
109028,351,0,0,0,0,1,0,0,0,0,0,0,0,0,0,0,346,345
109029,372,0,0,0,0,1,0,0,0,0,2,2,2,2,0,0,367,366
109030,524,0,0,0,0,0,0,0,0,0,0,0,0,0,0,0,519,518
109031,387,0,0,0,0,1,0,0,0,0,0,0,0,0,0,0,382,381
109032,290,0,0,0,0,0,0,0,0,0,0,0,0,0,0,0,285,284
109033,400,0,0,0,0,2,0,0,0,0,0,0,0,0,0,0,394,394
109034,464,0,0,0,0,1,0,0,0,0,2,2,2,2,0,0,458,457
109035,396,0,0,0,0,1,0,0,0,0,0,0,0,0,0,0,391,390
109036,427,0,1,0,0,0,0,0,0,0,0,0,0,0,0,0,421,420
109037,455,0,0,0,0,0,0,0,0,0,0,0,0,0,0,0,450,449
109038,523,0,3,0,0,0,0,0,0,0,2,2,2,2,0,0,515,514
109039,543,0,0,0,0,2,0,0,0,0,0,0,0,0,0,0,537,536
109040,378,0,0,0,0,2,0,0,0,0,2,2,2,2,0,0,371,370
109041,369,0,0,0,0,1,0,0,0,0,0,0,0,0,0,0,363,362
109042,62,0,0,0,0,2,0,0,0,0,1,1,1,1,0,0,56,56
109043,576,0,0,0,0,0,0,0,0,0,1,1,1,1,0,0,571,570
109044,620,0,0,0,0,1,0,0,0,0,0,0,0,0,0,0,615,614
109045,375,0,1,0,0,1,0,0,0,0,0,0,0,0,0,0,369,368
109046,387,0,0,0,0,2,0,0,0,0,0,0,0,0,0,0,380,379
109047,369,0,0,0,0,1,0,0,0,0,0,0,0,0,0,0,364,363
109048,395,0,0,0,0,5,0,0,0,0,0,0,0,0,0,0,386,385
109049,381,0,0,0,0,1,0,0,0,0,0,0,0,0,0,0,376,375
109050,535,0,0,0,0,0,0,0,0,0,0,0,0,0,0,0,530,529
109051,367,0,1,0,0,1,0,0,0,0,0,0,0,0,0,0,361,360
109052,331,0,0,0,0,0,0,0,0,0,0,0,0,0,0,0,326,325
109053,380,0,0,0,0,1,0,0,0,0,2,2,2,2,0,0,375,374
109054,231,0,0,0,0,2,0,0,0,0,0,0,0,0,0,0,225,224
109055,337,0,0,0,0,1,0,0,0,0,0,0,0,0,0,0,332,331
109056,372,0,0,0,0,0,0,0,0,0,0,0,0,0,0,0,367,366
109057,471,0,0,0,0,0,0,0,0,0,0,0,0,0,0,0,466,465
109058,540,0,0,0,0,2,0,0,0,0,0,0,0,0,0,0,534,533
109059,268,0,0,0,0,2,0,0,0,0,1,1,1,1,0,0,262,262
109060,328,0,1,0,0,0,0,0,0,0,0,0,0,0,0,0,322,321
109061,456,0,0,0,0,1,0,0,0,0,0,0,0,0,0,0,451,450
109062,324,0,0,0,0,1,0,0,0,0,0,0,0,0,0,0,319,318
109063,393,0,0,0,0,1,0,0,0,0,0,0,0,0,0,0,387,386
109064,446,0,1,0,0,1,0,0,0,0,0,0,0,0,0,0,440,439
109065,537,0,0,0,0,1,0,0,0,0,0,0,0,0,0,0,531,530
109066,425,0,0,0,0,1,0,0,0,0,0,0,0,0,0,0,420,419
109067,398,0,0,0,0,5,0,0,0,0,0,0,0,0,0,0,388,387
109068,480,0,0,0,0,0,0,0,0,0,2,2,2,2,0,0,475,474
109069,398,0,0,0,0,1,0,0,0,0,0,0,0,0,0,0,393,392
109070,438,0,0,0,0,0,0,0,0,0,0,0,0,0,0,0,433,432
109071,432,0,0,0,0,3,0,0,0,0,1,1,1,1,0,0,424,423
109073,536,0,0,0,0,0,0,0,0,0,1,1,1,1,0,0,531,530
109074,256,0,0,0,0,1,0,0,0,0,0,0,0,0,0,0,251,250
109075,607,0,0,0,0,3,0,0,0,0,0,0,0,0,0,0,599,598
109076,377,0,1,0,0,1,0,0,0,0,0,0,0,0,0,0,371,370
109077,417,0,0,0,0,2,0,0,0,0,0,0,0,0,0,0,411,410
109078,562,0,0,0,0,0,0,0,0,0,0,0,0,0,0,0,557,556
109079,576,0,0,0,0,3,0,0,0,0,0,0,0,0,0,0,569,568
109080,546,0,0,0,0,0,0,0,0,0,1,1,1,1,0,0,541,540
109081,194,0,0,0,0,0,0,0,0,0,0,0,0,0,0,0,189,188
109082,452,0,1,0,0,0,0,0,0,0,1,1,1,1,0,0,446,445
109083,387,0,0,0,0,7,0,0,0,0,0,0,0,0,0,0,376,375
109084,301,0,0,0,0,1,0,0,0,0,0,0,0,0,0,0,296,295
109085,461,0,0,0,0,2,0,0,0,0,2,2,2,2,0,0,455,454
109086,414,0,2,0,0,4,0,0,0,0,0,0,0,0,0,0,403,402
109087,394,0,0,0,0,0,0,0,0,0,0,0,0,0,0,0,389,388
109088,450,0,0,0,0,0,0,0,0,0,1,1,1,1,0,0,445,444
109089,630,0,0,0,0,1,0,0,0,0,0,0,0,0,0,0,625,624
109090,291,0,0,0,0,2,0,3,0,0,0,0,0,0,0,0,285,284
109091,788,0,0,0,0,17,0,0,0,0,2,3,2,3,0,0,766,765
109092,621,0,0,0,0,0,0,0,0,0,2,2,2,2,0,0,616,615
109093,611,0,0,0,0,0,0,0,0,0,0,0,0,0,0,0,606,605
109094,374,0,0,0,0,1,0,0,0,0,0,0,0,0,0,0,369,368
109095,643,0,0,0,0,0,0,0,0,0,1,1,1,1,0,0,638,637
109096,409,0,1,0,0,0,0,0,0,0,0,0,0,0,0,0,403,402
109097,544,0,0,0,0,47,0,0,0,0,0,0,0,0,0,0,492,491
109098,399,0,0,0,0,1,0,0,0,0,0,0,0,0,0,0,394,393
109099,201,0,0,0,0,1,0,0,0,0,0,0,0,0,0,0,196,195
109100,439,0,0,0,0,0,0,0,0,0,0,0,0,0,0,0,434,433
109101,417,0,0,0,0,1,0,0,0,0,0,0,0,0,0,0,412,411
109102,488,0,0,0,0,1,0,0,0,0,0,0,0,0,0,0,483,482
109103,666,0,0,0,0,0,0,0,0,0,2,2,2,2,0,0,661,660
109104,580,0,0,0,0,0,0,0,0,0,1,1,1,1,0,0,575,574
109105,495,0,0,0,0,1,0,0,0,0,0,0,0,0,0,0,490,489
109106,783,0,0,0,0,0,0,7,0,0,1,1,1,1,0,0,778,777
109107,458,0,0,0,0,3,0,0,0,0,0,0,0,0,0,0,450,449
109108,296,0,0,0,0,1,0,0,0,0,0,0,0,0,0,0,291,290
109109,507,0,0,0,0,0,0,0,0,0,1,1,1,1,0,0,502,501
109110,455,0,0,0,0,0,0,0,0,0,1,1,1,1,0,0,450,449
109111,333,0,1,0,0,1,0,0,0,0,1,1,1,1,0,0,327,326
109112,438,0,0,0,0,1,0,0,0,0,0,0,0,0,0,0,433,432
109113,319,0,0,0,0,2,0,0,0,0,0,0,0,0,0,0,313,313
109114,596,0,0,0,0,0,0,0,0,0,2,2,2,2,0,0,591,590
109115,444,0,0,0,0,2,0,0,0,0,0,0,0,0,0,0,437,436
109116,589,0,0,0,0,14,0,0,0,0,0,0,0,0,0,0,570,569
109117,373,0,1,0,0,1,0,0,0,0,0,0,0,0,0,0,367,366
109118,328,0,1,0,0,6,0,0,0,0,0,0,0,0,0,0,317,317
109119,435,0,0,0,0,1,0,0,0,0,1,1,1,1,0,0,429,428
109120,523,0,0,0,0,4,0,0,0,0,0,0,0,0,0,0,514,513
109121,578,0,0,0,0,0,0,0,0,0,1,1,1,1,0,0,573,572
109122,324,0,0,0,0,2,0,0,0,0,0,0,0,0,0,0,318,318
109123,417,0,0,0,0,0,0,0,0,0,0,0,0,0,0,0,412,411
109124,223,0,0,0,0,3,0,0,0,0,0,0,0,0,0,0,216,216
109125,393,0,0,0,0,1,0,0,0,0,0,0,0,0,0,0,388,387
109126,492,0,0,0,0,0,0,0,0,0,0,0,0,0,0,0,487,486
109127,581,0,3,0,0,1,0,0,0,0,0,0,0,0,0,0,573,572
109128,521,0,0,0,0,1,0,0,0,0,0,0,0,0,0,0,516,515
109129,314,0,0,0,0,1,0,0,0,0,1,1,1,1,0,0,308,307
109130,383,0,0,0,0,1,0,0,0,0,1,1,1,1,0,0,378,377
109131,306,0,0,0,0,1,0,0,0,0,0,0,0,0,0,0,301,300
109132,651,0,0,0,0,2,0,0,0,0,0,0,0,0,0,0,644,643
109133,515,0,0,0,0,0,0,0,0,0,0,0,0,0,0,0,510,509
109134,387,0,0,0,0,0,0,0,0,0,0,0,0,0,0,0,382,381
109136,370,0,0,0,0,0,0,0,0,0,0,0,0,0,0,0,365,364
109137,427,0,0,0,0,0,0,0,0,0,3,3,3,3,0,0,422,421
109138,397,0,0,0,0,0,0,0,0,0,0,0,0,0,0,0,392,391
109139,324,0,0,0,0,1,0,0,0,0,0,0,0,0,0,0,319,318
109140,270,0,0,0,0,1,0,0,0,0,1,1,1,1,0,0,265,264
109141,317,0,0,0,0,1,0,0,0,0,1,1,1,1,0,0,312,311
109142,250,0,0,0,0,0,0,0,0,0,0,0,0,0,0,0,245,244
109143,466,0,0,0,0,0,0,0,0,0,2,2,2,2,0,0,461,460
109144,463,0,0,0,0,0,0,0,0,0,0,0,0,0,0,0,458,457
109145,274,0,1,0,0,1,0,0,0,0,0,0,0,0,0,0,268,267
109146,314,0,0,0,0,2,0,0,0,0,0,0,0,0,0,0,308,308
109147,345,0,0,0,0,1,0,0,0,0,1,1,1,1,0,0,339,338
109148,470,0,0,0,0,1,0,0,0,0,0,0,0,0,0,0,465,464
109149,502,0,0,0,0,0,0,0,0,0,2,2,2,2,0,0,497,496
109150,436,0,0,0,0,5,0,0,0,0,0,0,0,0,0,0,426,425
109151,404,0,0,0,0,6,0,0,0,0,0,0,0,0,0,0,394,393
109153,403,0,0,0,0,1,0,0,0,0,0,0,0,0,0,0,398,397
109154,319,0,0,0,0,1,0,0,0,0,0,0,0,0,0,0,313,312
109155,488,0,0,0,0,0,0,0,0,0,2,2,2,2,0,0,483,482
109156,322,0,0,0,0,1,0,0,0,0,0,0,0,0,0,0,317,316
109157,370,0,0,0,0,2,0,0,0,0,0,0,0,0,0,0,364,364
109158,399,0,0,0,0,0,0,0,0,0,1,1,1,1,0,0,394,393
109159,436,0,0,0,0,2,0,0,0,0,0,0,0,0,0,0,430,429
109160,414,0,0,0,0,2,0,0,0,0,0,0,0,0,0,0,408,408
109161,643,0,0,0,0,1,0,0,0,0,0,0,0,0,0,0,638,637
109162,481,0,0,0,0,0,0,3,0,0,0,0,0,0,0,0,476,475
109163,401,0,0,0,0,1,0,0,0,0,0,0,0,0,0,0,396,395
109164,467,0,0,0,0,1,0,0,0,0,0,0,0,0,0,0,462,461
109165,367,0,0,0,0,0,0,0,0,0,2,2,2,2,0,0,362,361
109166,422,0,0,0,0,0,0,0,0,0,1,1,1,1,0,0,417,416
109167,465,0,0,0,0,0,0,0,0,0,0,0,0,0,0,0,460,459
109168,599,0,0,0,0,1,0,0,0,0,0,0,0,0,0,0,594,593
109169,428,0,0,0,0,1,0,0,0,0,0,0,0,0,0,0,423,422
109170,393,0,0,0,0,0,0,0,0,0,0,0,0,0,0,0,388,387
109171,554,0,0,0,0,3,0,0,0,0,1,1,1,1,0,0,547,546
109172,328,0,0,0,0,0,0,0,0,0,8,8,8,8,0,0,323,322
109174,374,0,0,0,0,1,0,0,0,0,0,0,0,0,0,0,368,367
109175,442,0,0,0,0,0,0,0,0,0,0,0,0,0,0,0,437,436
109176,421,0,1,0,0,1,0,0,0,0,0,0,0,0,0,0,415,414
109177,319,0,0,0,0,0,0,0,0,0,0,0,0,0,0,0,314,313
109178,448,0,0,0,0,1,0,0,0,0,1,1,1,1,0,0,442,441
109179,634,0,0,0,0,4,0,0,0,0,0,0,0,0,0,0,625,624
109180,404,0,0,0,0,1,0,0,0,0,0,0,0,0,0,0,399,398
109181,392,0,0,0,0,2,0,0,0,0,0,0,0,0,0,0,385,384
109182,363,0,0,0,0,1,0,0,0,0,2,2,2,2,0,0,358,357
109183,542,0,1,0,0,0,0,0,0,0,0,0,0,0,0,0,536,535
109184,589,0,0,0,0,1,0,0,0,0,1,1,1,1,0,0,583,582
109185,483,0,0,0,0,0,0,0,0,0,0,0,0,0,0,0,478,477
109186,624,0,0,0,0,0,0,0,0,0,1,1,1,1,0,0,619,618
109187,626,0,0,0,0,0,0,0,0,0,1,1,1,1,0,0,621,620
109188,478,0,0,0,0,1,0,0,0,0,0,0,0,0,0,0,473,472
109189,246,0,0,0,0,2,0,0,0,0,0,0,0,0,0,0,240,240
109190,429,0,0,0,0,0,0,0,0,0,0,0,0,0,0,0,424,423
109191,476,0,0,0,0,1,0,0,0,0,1,1,1,1,0,0,470,469
109192,472,0,0,0,0,0,0,0,0,0,0,0,0,0,0,0,467,466
109193,755,0,0,0,0,3,0,0,0,0,5,5,5,5,0,0,747,746
109194,452,0,0,0,0,0,0,0,0,0,1,1,1,1,0,0,447,446
109195,416,0,0,0,0,0,0,0,0,0,0,0,0,0,0,0,411,410
109196,439,0,2,0,0,1,0,0,0,0,0,0,0,0,0,0,432,431
109197,461,0,2,0,0,1,0,0,0,0,0,0,0,0,0,0,454,453
109198,583,0,1,0,0,0,0,0,0,0,0,0,0,0,0,0,577,576
109199,531,0,0,0,0,1,0,0,0,0,0,0,0,0,0,0,526,525
109201,468,0,0,0,0,0,0,0,0,0,1,1,1,1,0,0,463,462
109202,418,0,0,0,0,0,0,0,0,0,0,0,0,0,0,0,413,412
109203,449,0,0,0,0,1,0,0,0,0,2,2,2,2,0,0,444,443
109204,309,0,0,0,0,1,0,0,0,0,0,0,0,0,0,0,304,303
109205,405,0,0,0,0,1,0,0,0,0,0,0,0,0,0,0,400,399
109206,487,0,0,0,0,0,0,0,0,0,1,1,1,1,0,0,482,481
109207,602,0,0,0,0,3,0,0,0,0,0,0,0,0,0,0,594,593
109208,577,0,0,0,0,0,0,0,0,0,0,0,0,0,0,0,572,571
109209,347,0,0,0,0,1,0,0,0,0,0,0,0,0,0,0,342,341
109210,447,0,0,0,0,2,0,0,0,0,0,0,0,0,0,0,441,440
109211,441,0,0,0,0,1,0,0,0,0,0,0,0,0,0,0,436,435
109212,469,0,1,0,0,0,0,0,0,0,0,0,0,0,0,0,463,462
109213,358,0,0,0,0,0,0,0,0,0,0,0,0,0,0,0,353,352
109214,445,0,0,0,0,2,0,0,0,0,0,0,0,0,0,0,439,438
109215,359,0,1,0,0,0,0,0,0,0,0,0,0,0,0,0,353,352
109216,397,0,0,0,0,2,0,0,0,0,0,0,0,0,0,0,391,391
109217,428,0,0,0,0,2,0,0,0,0,0,0,0,0,0,0,422,421
109218,356,0,1,0,0,0,0,4,0,0,1,1,1,1,0,0,350,349
109219,520,0,0,0,0,2,0,0,0,0,0,0,0,0,0,0,514,513
109220,389,0,0,0,0,1,0,0,0,0,0,0,0,0,0,0,384,383
109221,227,0,0,0,0,0,0,0,0,0,2,2,2,2,0,0,222,221
109222,413,0,0,0,0,1,0,0,0,0,0,0,0,0,0,0,408,407
109223,584,0,4,0,0,0,0,0,0,0,2,2,2,2,0,0,575,574
109224,347,0,0,0,0,0,0,0,0,0,0,0,0,0,0,0,342,341
109225,419,0,0,0,0,0,0,0,0,0,0,0,0,0,0,0,414,413
109226,394,0,0,0,0,1,0,0,0,0,0,0,0,0,0,0,389,388
109227,490,0,0,0,0,4,0,0,0,0,0,0,0,0,0,0,482,481
109228,429,0,0,0,0,0,0,0,0,0,0,0,0,0,0,0,424,423
109229,331,0,0,0,0,9,0,0,0,0,0,0,0,0,0,0,318,317
109230,548,0,0,0,0,1,0,0,0,0,0,0,0,0,0,0,543,542
109231,401,0,2,0,0,1,0,0,0,0,0,0,0,0,0,0,394,393
109232,466,0,0,0,0,0,0,0,0,0,3,3,3,3,0,0,461,460
109233,496,0,0,0,0,1,0,0,0,0,0,0,0,0,0,0,491,490
109234,497,0,0,0,0,0,0,3,0,0,0,0,0,0,0,0,492,491
109235,377,0,0,0,0,1,0,0,0,0,0,0,0,0,0,0,372,371
109236,571,0,0,0,0,0,0,0,0,0,0,0,0,0,0,0,566,565
109237,437,0,0,0,0,0,0,0,0,0,1,1,1,1,0,0,432,431
109238,438,0,0,0,0,1,0,0,0,0,0,0,0,0,0,0,433,432
109239,34,0,0,0,0,2,0,0,0,0,0,0,0,0,0,0,28,28
109240,399,0,0,0,0,1,0,0,0,0,0,0,0,0,0,0,394,393
109241,273,0,0,0,0,2,0,0,0,0,0,0,0,0,0,0,267,267
109242,624,0,0,0,0,0,0,0,0,0,2,2,2,2,0,0,619,618
109243,491,0,0,0,0,0,0,0,0,0,0,0,0,0,0,0,486,485
109244,429,0,0,0,0,0,0,0,0,0,2,2,2,2,0,0,424,423
109245,418,0,0,0,0,3,0,0,0,0,0,0,0,0,0,0,410,409
109246,496,0,0,0,0,0,0,0,0,0,0,0,0,0,0,0,491,490
109247,440,0,0,0,0,1,0,0,0,0,0,0,0,0,0,0,435,434
109248,433,0,0,0,0,1,0,0,0,0,0,0,0,0,0,0,428,427
109249,437,0,0,0,0,1,0,0,0,0,0,0,0,0,0,0,432,431
109250,526,0,0,0,0,1,0,0,0,0,1,1,1,1,0,0,520,519
109251,435,0,2,0,0,1,0,0,0,0,0,0,0,0,0,0,428,427
109252,458,0,0,0,0,1,0,0,0,0,3,3,3,3,0,0,453,452
109253,312,0,0,0,0,0,0,0,0,0,0,0,0,0,0,0,307,306
109254,401,0,0,0,0,0,0,0,0,0,0,0,0,0,0,0,396,395
109255,520,0,0,0,0,0,0,0,0,0,0,0,0,0,0,0,515,514
109256,362,0,0,0,0,2,0,0,0,0,0,0,0,0,0,0,356,355
109257,494,0,0,0,0,1,0,0,0,0,1,1,1,1,0,0,489,488
109258,492,0,0,0,0,2,0,0,0,0,0,0,0,0,0,0,485,484
109259,209,0,0,0,0,1,0,0,0,0,0,0,0,0,0,0,204,203
109260,453,0,0,0,0,1,0,0,0,0,0,0,0,0,0,0,448,447
109261,386,0,0,0,0,0,0,0,0,0,0,0,0,0,0,0,381,380
109262,443,0,0,0,0,2,0,0,0,0,0,0,0,0,0,0,437,436
109263,672,0,0,0,0,4,0,0,0,0,0,0,0,0,0,0,664,663
109264,401,0,1,0,0,2,0,0,0,0,0,0,0,0,0,0,394,393
109265,278,0,0,0,0,1,0,0,0,0,0,0,0,0,0,0,273,272
109266,528,0,0,0,0,0,0,0,0,0,0,0,0,0,0,0,523,522
109267,336,0,0,0,0,1,0,0,0,0,0,0,0,0,0,0,331,330
109268,239,0,0,0,0,0,0,0,0,0,0,0,0,0,0,0,234,233
109269,443,0,2,0,0,0,0,0,0,0,0,0,0,0,0,0,436,435
109270,460,0,0,0,0,1,0,0,0,0,0,0,0,0,0,0,455,454
109271,454,0,0,0,0,1,0,0,0,0,0,0,0,0,0,0,449,448
109272,392,0,0,0,0,0,0,0,0,0,4,4,4,4,0,0,387,386
109273,651,0,0,0,0,0,0,0,0,0,2,2,2,2,0,0,646,645
109274,562,0,4,0,0,0,0,0,0,0,0,0,0,0,0,0,553,552
109275,418,0,0,0,0,2,0,0,0,0,0,0,0,0,0,0,412,411
109276,478,0,0,0,0,3,0,0,0,0,0,0,0,0,0,0,471,470
109277,435,0,0,0,0,0,0,0,0,0,1,1,1,1,0,0,430,429
109278,523,0,1,0,0,2,0,0,0,0,0,0,0,0,0,0,516,515
109279,505,0,0,0,0,4,0,0,0,0,0,0,0,0,0,0,497,496
109280,386,0,0,0,0,1,0,0,0,0,0,0,0,0,0,0,380,379
109281,586,0,0,0,0,0,0,0,0,0,6,6,6,6,0,0,581,580
109282,459,0,0,0,0,0,0,0,0,0,0,0,0,0,0,0,454,453
109283,360,0,0,0,0,1,0,0,0,0,0,0,0,0,0,0,355,354
109284,241,0,2,0,0,1,0,0,0,0,0,0,0,0,0,0,234,233
109285,393,0,0,0,0,1,0,0,0,0,0,0,0,0,0,0,387,386
109286,392,0,0,0,0,1,0,0,0,0,0,0,0,0,0,0,387,386
109287,415,0,0,0,0,0,0,0,0,0,0,0,0,0,0,0,410,409
109288,323,0,0,0,0,1,0,0,0,0,0,0,0,0,0,0,318,317
109289,234,0,0,0,0,0,0,0,0,0,0,0,0,0,0,0,229,228
109290,588,0,0,0,0,1,0,0,0,0,1,1,1,1,0,0,582,581
109291,364,0,0,0,0,1,0,0,0,0,0,0,0,0,0,0,359,358
109292,363,0,0,0,0,1,0,0,0,0,0,0,0,0,0,0,357,356
109293,377,0,0,0,0,0,0,0,0,0,1,1,1,1,0,0,372,371
109294,321,0,0,0,0,1,0,0,0,0,0,0,0,0,0,0,316,315
109295,447,0,0,0,0,1,0,0,0,0,0,0,0,0,0,0,442,441
109296,325,0,0,0,0,1,0,0,0,0,0,0,0,0,0,0,320,319
109297,420,0,0,0,0,1,0,0,0,0,0,0,0,0,0,0,415,414
109298,476,0,0,0,0,0,0,0,0,0,1,1,1,1,0,0,471,470
109299,760,0,0,0,0,3,0,0,0,0,2,2,2,2,0,0,752,751
109300,329,0,0,0,0,0,0,0,0,0,0,0,0,0,0,0,324,323
109301,366,0,0,0,0,1,0,0,0,0,0,0,0,0,0,0,361,360
109302,330,0,0,0,0,0,0,0,0,0,0,0,0,0,0,0,325,324
109303,293,0,0,0,0,1,0,0,0,0,0,0,0,0,0,0,288,287
109304,362,0,0,0,0,0,0,0,0,0,0,0,0,0,0,0,357,356
109305,349,0,1,0,0,3,0,0,0,0,0,0,0,0,0,0,341,340
109306,238,0,0,0,0,1,0,0,0,0,0,0,0,0,0,0,233,232
109307,450,0,0,0,0,1,0,0,0,0,2,2,2,2,0,0,444,443
109308,595,0,1,0,0,3,0,0,0,0,1,1,1,1,0,0,586,585
109309,364,0,0,0,0,0,0,0,0,0,0,0,0,0,0,0,359,358
109310,357,0,0,0,0,1,0,0,0,0,0,0,0,0,0,0,352,351
109311,368,0,0,0,0,2,0,0,0,0,0,0,0,0,0,0,362,362
109312,529,0,0,0,0,0,0,0,0,0,0,0,0,0,0,0,524,523
109313,339,0,0,0,0,1,0,0,0,0,0,0,0,0,0,0,334,333
109314,309,0,0,0,0,0,0,0,0,0,0,0,0,0,0,0,304,303
109315,636,0,0,0,0,2,0,0,0,0,0,0,0,0,0,0,629,628
109316,363,0,0,0,0,0,0,0,0,0,0,0,0,0,0,0,358,357
109317,382,0,1,0,0,2,0,0,0,0,0,0,0,0,0,0,375,374
109318,459,0,0,0,0,0,0,0,0,0,0,0,0,0,0,0,454,453
109319,342,0,0,0,0,0,0,0,0,0,0,0,0,0,0,0,337,336
109320,477,0,0,0,0,2,0,0,0,0,0,0,0,0,0,0,471,470
109321,530,0,1,0,0,1,0,0,0,0,0,0,0,0,0,0,524,523
109322,587,0,0,0,0,0,0,0,0,0,0,0,0,0,0,0,582,581
109323,404,0,0,0,0,0,0,0,0,0,0,0,0,0,0,0,399,398
109324,241,0,0,0,0,0,0,0,0,0,0,0,0,0,0,0,236,235
109325,357,0,0,0,0,1,0,0,0,0,0,0,0,0,0,0,351,350
109326,417,0,0,0,0,0,0,0,0,0,0,0,0,0,0,0,412,411
109327,448,0,0,0,0,1,0,0,0,0,0,0,0,0,0,0,443,442
109328,397,0,0,0,0,2,0,0,0,0,0,0,0,0,0,0,391,390
109329,191,0,1,0,0,1,0,0,0,0,0,0,0,0,0,0,185,184
109330,446,0,0,0,0,1,0,0,0,0,0,0,0,0,0,0,441,440
109331,347,0,0,0,0,1,0,0,0,0,0,0,0,0,0,0,342,341
109332,488,0,0,0,0,0,0,0,0,0,1,1,1,1,0,0,483,482
109333,373,0,0,0,0,0,0,0,0,0,1,1,1,1,0,0,368,367
109334,482,0,0,0,0,0,0,0,0,0,2,2,2,2,0,0,477,476
109335,428,0,0,0,0,0,0,0,0,0,0,0,0,0,0,0,423,422
109336,348,0,1,0,0,1,0,0,0,0,0,0,0,0,0,0,342,341
109337,429,0,0,0,0,0,0,0,0,0,0,0,0,0,0,0,424,423
109338,289,0,0,0,0,0,0,0,0,0,0,0,0,0,0,0,284,283
109339,351,0,0,0,0,0,0,0,0,0,0,0,0,0,0,0,346,345
109340,562,0,0,0,0,0,0,0,0,0,0,0,0,0,0,0,557,556
109341,577,0,0,0,0,1,0,0,0,0,13,13,13,13,0,0,572,571
109342,510,0,0,0,0,0,0,0,0,0,0,0,0,0,0,0,505,504
109343,558,0,0,0,0,0,0,0,0,0,0,0,0,0,0,0,553,552
109344,554,0,0,0,0,0,0,0,0,0,1,1,1,1,0,0,549,548
109345,491,0,1,0,0,1,0,8,0,0,0,0,0,0,0,0,485,484
109346,359,0,0,0,0,0,0,0,0,0,0,0,0,0,0,0,354,353
109347,373,0,0,0,0,1,0,0,0,0,0,0,0,0,0,0,368,367
109348,447,0,0,0,0,1,0,0,0,0,0,0,0,0,0,0,442,441
109349,529,0,0,0,0,1,0,0,0,0,3,3,3,3,0,0,523,522
109350,322,0,0,0,0,0,0,0,0,0,0,0,0,0,0,0,317,316
109351,529,0,4,0,0,0,0,0,0,0,0,0,0,0,0,0,520,519
109352,337,0,1,0,0,2,0,0,0,0,2,2,2,2,0,0,330,330
109353,449,0,0,0,0,2,0,11,0,0,0,0,0,0,0,0,442,441
109354,422,0,0,0,0,0,0,0,0,0,0,0,0,0,0,0,417,416
109355,509,0,0,0,0,7,0,0,0,0,0,0,0,0,0,0,498,497
109356,195,0,0,0,0,7,0,0,0,0,0,0,0,0,0,0,184,183
109357,330,0,0,0,0,0,0,0,0,0,0,0,0,0,0,0,325,324
109358,440,0,0,0,0,0,0,0,0,0,0,0,0,0,0,0,435,434
109359,411,0,0,0,0,1,0,0,0,0,0,0,0,0,0,0,406,405
109360,506,0,0,0,0,0,0,0,0,0,1,1,1,1,0,0,501,500
109361,433,0,0,0,0,0,0,0,0,0,1,1,1,1,0,0,428,427
109362,327,0,0,0,0,0,0,0,0,0,0,0,0,0,0,0,322,321
109363,432,0,0,0,0,0,0,0,0,0,0,0,0,0,0,0,427,426
109364,401,0,0,0,0,1,0,0,0,0,0,0,0,0,0,0,396,395
109365,381,0,1,0,0,1,0,0,0,0,0,0,0,0,0,0,375,374
109366,367,0,0,0,0,0,0,0,0,0,1,1,1,1,0,0,362,361
109367,312,0,0,0,0,1,0,0,0,0,0,0,0,0,0,0,307,306
109368,460,0,0,0,0,0,0,0,0,0,1,1,1,1,0,0,455,454
109369,415,0,0,0,0,1,0,0,0,0,0,0,0,0,0,0,410,409
109370,463,0,0,0,0,1,0,0,0,0,1,1,1,1,0,0,457,456
109371,459,0,0,0,0,1,0,0,0,0,0,0,0,0,0,0,454,453
109372,527,0,0,0,0,1,0,0,0,0,0,0,0,0,0,0,521,520
109373,504,0,0,0,0,6,0,0,0,0,0,0,0,0,0,0,493,492
109374,400,0,0,0,0,1,0,0,0,0,1,1,1,1,0,0,394,393
109375,254,0,0,0,0,1,0,0,0,0,1,1,1,1,0,0,249,248
109376,351,0,0,0,0,0,0,5,0,0,0,0,0,0,0,0,346,345
109377,775,0,0,0,0,4,0,0,0,0,0,0,0,0,0,0,766,765
109378,646,0,0,0,0,3,0,0,0,0,0,0,0,0,0,0,638,637
109379,347,0,0,0,0,1,0,0,0,0,0,0,0,0,0,0,342,341
109380,344,0,0,0,0,0,0,0,0,0,0,0,0,0,0,0,339,338
109381,608,0,0,0,0,0,0,0,0,0,0,0,0,0,0,0,603,602
109382,370,0,0,0,0,2,0,0,0,0,0,0,0,0,0,0,364,364
109383,407,0,0,0,0,1,0,0,0,0,0,0,0,0,0,0,402,401
109384,280,0,0,0,0,0,0,0,0,0,0,0,0,0,0,0,275,274
109385,795,0,2,0,0,0,0,0,0,0,3,3,3,3,0,0,788,787
109386,457,0,0,0,0,0,0,0,0,0,0,0,0,0,0,0,452,451
109387,432,0,0,0,0,1,0,0,0,0,1,1,1,1,0,0,426,425
109388,269,0,0,0,0,1,0,0,0,0,0,0,0,0,0,0,264,263
109389,454,0,0,0,0,0,0,0,0,0,1,1,1,1,0,0,449,448
109390,418,0,0,0,0,1,0,0,0,0,2,2,2,2,0,0,413,412
109391,402,0,0,0,0,1,0,0,0,0,0,0,0,0,0,0,397,396
109392,363,0,0,0,0,2,0,0,0,0,6,6,6,6,0,0,357,357
109393,71,0,1,0,0,2,0,0,0,0,0,0,0,0,0,0,64,64
109394,393,0,0,0,0,3,0,0,0,0,0,0,0,0,0,0,386,385
109395,387,0,0,0,0,1,0,0,0,0,2,2,2,2,0,0,382,381
109396,563,0,0,0,0,1,0,0,0,0,0,0,0,0,0,0,558,557
109397,333,0,0,0,0,1,0,0,0,0,0,0,0,0,0,0,328,327
109398,449,0,0,0,0,1,0,0,0,0,0,0,0,0,0,0,444,443
109399,499,0,0,0,0,0,0,0,0,0,1,1,1,1,0,0,494,493
109400,486,0,0,0,0,0,0,0,0,0,1,1,1,1,0,0,481,480
109401,516,0,0,0,0,1,0,0,0,0,0,0,0,0,0,0,510,509
109402,439,0,0,0,0,2,0,0,0,0,0,0,0,0,0,0,433,433
109403,385,0,0,0,0,1,0,0,0,0,0,0,0,0,0,0,380,379
109404,521,0,0,0,0,2,0,0,0,0,0,0,0,0,0,0,515,514
109405,371,0,0,0,0,1,0,0,0,0,0,0,0,0,0,0,366,365
109406,179,0,0,0,0,1,0,0,0,0,0,0,0,0,0,0,174,173
109407,397,0,0,0,0,0,0,0,0,0,0,0,0,0,0,0,392,391
109408,478,0,1,0,0,0,0,0,0,0,5,5,5,5,0,0,472,471
109409,527,0,0,0,0,0,0,0,0,0,0,0,0,0,0,0,522,521
109410,449,0,0,0,0,0,0,0,0,0,0,0,0,0,0,0,444,443
109411,775,0,0,0,0,0,0,0,0,0,1,1,1,1,0,0,770,769
109412,350,0,0,0,0,1,0,0,0,0,0,0,0,0,0,0,345,344
109413,406,0,0,0,0,2,0,0,0,0,1,1,1,1,0,0,399,398
109414,815,0,0,0,0,1,0,0,0,0,2,2,2,2,0,0,810,809
109415,333,0,0,0,0,0,0,0,0,0,0,0,0,0,0,0,328,327
109416,480,0,0,0,0,0,0,0,0,0,0,0,0,0,0,0,475,474
109417,373,0,0,0,0,2,0,0,0,0,1,1,1,1,0,0,366,365
109418,213,0,0,0,0,0,0,0,0,0,0,0,0,0,0,0,208,207
109419,632,0,4,0,0,0,0,0,0,0,1,1,1,1,0,0,623,622
109420,484,0,0,0,0,1,0,0,0,0,0,0,0,0,0,0,478,477
109421,486,0,0,0,0,0,0,0,0,0,1,1,1,1,0,0,481,480
109422,547,0,0,0,0,0,0,0,0,0,0,0,0,0,0,0,542,541
109424,619,0,0,0,0,0,0,0,0,0,0,0,0,0,0,0,614,613
109425,449,0,0,0,0,0,0,0,0,0,0,0,0,0,0,0,444,443
109426,527,0,0,0,0,1,0,0,0,0,0,0,0,0,0,0,522,521
109427,343,0,0,0,0,1,0,0,0,0,0,0,0,0,0,0,338,337
109428,395,0,0,0,0,1,0,0,0,0,0,0,0,0,0,0,390,389
109429,484,0,0,0,0,1,0,0,0,0,21,21,21,21,0,0,479,478
109430,326,0,0,0,0,2,0,0,0,0,0,0,0,0,0,0,320,320
109431,553,0,1,0,0,1,0,0,0,0,0,0,0,0,0,0,547,546
109432,393,0,0,0,0,2,0,0,0,0,1,1,1,1,0,0,386,385
109433,450,0,1,0,0,19,0,0,0,0,0,0,0,0,0,0,425,424
109434,355,0,1,0,0,1,0,0,0,0,0,0,0,0,0,0,349,348
109435,520,0,0,0,0,3,0,0,0,0,0,0,0,0,0,0,513,513
109436,524,0,0,0,0,1,0,0,0,0,0,0,0,0,0,0,519,518
109437,435,0,0,0,0,0,0,0,0,0,0,0,0,0,0,0,430,429
109438,619,0,1,0,0,0,0,0,0,0,1,1,1,1,0,0,613,612
109439,433,0,0,0,0,1,0,0,0,0,0,0,0,0,0,0,428,427
109440,605,0,0,0,0,8,0,0,0,0,2,2,2,2,0,0,592,591
109441,392,0,0,0,0,3,0,0,0,0,1,1,1,1,0,0,385,385
109442,495,0,0,0,0,1,0,0,0,0,0,0,0,0,0,0,490,489
109443,336,0,0,0,0,1,0,0,0,0,0,0,0,0,0,0,331,330
109444,279,0,0,0,0,1,0,0,0,0,0,0,0,0,0,0,274,273
109445,43,0,0,0,0,2,0,0,0,0,0,0,0,0,0,0,37,37
109446,363,0,0,0,0,2,0,0,0,0,0,0,0,0,0,0,357,357
109447,589,0,0,0,0,0,0,0,0,0,1,1,1,1,0,0,584,583
109448,262,0,0,0,0,1,0,0,0,0,0,0,0,0,0,0,257,256
109449,493,0,0,0,0,0,0,0,0,0,0,0,0,0,0,0,488,487
109450,308,0,2,0,0,2,0,0,0,0,0,0,0,0,0,0,300,300
109451,437,0,0,0,0,12,0,0,0,0,0,0,0,0,0,0,421,420
109452,640,0,0,0,0,0,0,0,0,0,0,0,0,0,0,0,635,634
109453,478,0,0,0,0,1,0,0,0,0,0,0,0,0,0,0,473,472
109454,443,0,1,0,0,0,0,0,0,0,0,0,0,0,0,0,437,436
109455,300,0,0,0,0,1,0,0,0,0,1,1,1,1,0,0,295,294
109456,352,0,0,0,0,0,0,0,0,0,0,0,0,0,0,0,347,346
109457,524,0,0,0,0,0,0,0,0,0,1,1,1,1,0,0,519,518
109458,289,0,0,0,0,0,0,0,0,0,1,1,1,1,0,0,284,283
109459,396,0,0,0,0,2,0,0,0,0,0,0,0,0,0,0,390,389
109460,410,0,0,0,0,1,0,0,0,0,0,0,0,0,0,0,405,404
109461,426,0,0,0,0,0,0,0,0,0,1,1,1,1,0,0,421,420
109462,427,0,0,0,0,1,0,0,0,0,2,2,2,2,0,0,422,421
109463,373,0,1,0,0,1,0,0,0,0,0,0,0,0,0,0,367,366
109464,379,0,0,0,0,0,0,0,0,0,0,0,0,0,0,0,374,373
109465,508,0,0,0,0,0,0,0,0,0,1,1,1,1,0,0,503,502
109466,402,0,0,0,0,1,0,0,0,0,0,0,0,0,0,0,397,396
109467,478,0,0,0,0,2,0,0,0,0,0,0,0,0,0,0,472,471
109468,306,0,1,0,0,2,0,0,0,0,0,0,0,0,0,0,299,298
109469,368,0,0,0,0,2,0,0,0,0,0,0,0,0,0,0,362,361
109470,648,0,2,0,0,0,0,0,0,0,0,0,0,0,0,0,641,640
109471,729,0,0,0,0,0,0,0,0,0,1,1,1,1,0,0,724,723
109472,328,0,0,0,0,1,0,0,0,0,0,0,0,0,0,0,323,322
109473,371,0,0,0,0,0,0,0,0,0,0,0,0,0,0,0,366,365
109474,449,0,0,0,0,1,0,0,0,0,0,0,0,0,0,0,444,443
109475,384,0,0,0,0,0,0,0,0,0,1,1,1,1,0,0,379,378
109476,358,0,0,0,0,0,0,0,0,0,1,1,1,1,0,0,353,352
109478,454,0,1,0,0,2,0,0,0,0,1,1,1,1,0,0,447,446
109479,383,0,0,0,0,1,0,0,0,0,0,0,0,0,0,0,378,377
109480,254,0,0,0,0,2,0,0,0,0,0,0,0,0,0,0,248,248
109481,362,0,0,0,0,2,0,0,0,0,0,0,0,0,0,0,356,356
109482,372,0,0,0,0,1,0,7,0,0,0,0,0,0,0,0,367,366
109483,346,0,0,0,0,0,0,0,0,0,0,0,0,0,0,0,341,340
109484,535,0,0,0,0,0,0,0,0,0,0,0,0,0,0,0,530,529
109485,639,0,2,0,0,0,0,0,0,0,0,0,0,0,0,0,632,631
109486,73,0,0,0,0,2,0,0,0,0,0,0,0,0,0,0,67,67
109487,347,0,0,0,0,2,0,0,0,0,0,0,0,0,0,0,341,340
109488,221,0,0,0,0,2,0,0,0,0,0,0,0,0,0,0,215,215
109489,384,0,0,0,0,0,0,0,0,0,0,0,0,0,0,0,379,378
109490,421,0,0,0,0,0,0,0,0,0,2,2,2,2,0,0,416,415
109491,251,0,0,0,0,2,0,0,0,0,0,0,0,0,0,0,245,245
109492,290,0,0,0,0,0,0,0,0,0,2,2,2,2,0,0,285,284
109493,30,0,0,0,0,2,0,0,0,0,0,0,0,0,0,0,24,24
109494,515,0,0,0,0,0,0,0,0,0,0,0,0,0,0,0,510,509
109495,324,0,0,0,0,2,0,0,0,0,0,0,0,0,0,0,318,318
109496,579,0,1,0,0,0,0,0,0,0,0,0,0,0,0,0,573,572
109497,602,0,0,0,0,8,0,7,0,0,0,0,0,0,0,0,590,590
109498,963,0,0,0,0,0,0,0,0,0,1,2,1,2,0,0,958,957
109499,599,0,0,0,0,2,0,0,0,0,0,0,0,0,0,0,592,591
109500,388,0,0,0,0,0,0,0,0,0,0,0,0,0,0,0,383,382
109501,553,0,0,0,0,0,0,0,0,0,0,0,0,0,0,0,548,547
109502,319,0,0,0,0,1,0,0,0,0,0,0,0,0,0,0,314,313
109503,658,0,0,0,0,1,0,0,0,0,0,0,0,0,0,0,653,652
109504,480,0,2,0,0,1,0,0,0,0,0,0,0,0,0,0,473,472
109505,624,0,0,0,0,1,0,0,0,0,0,0,0,0,0,0,618,617
109506,368,0,0,0,0,1,0,0,0,0,0,0,0,0,0,0,363,362
109507,313,0,0,0,0,1,0,0,0,0,0,0,0,0,0,0,308,307
109508,572,0,0,0,0,1,0,0,0,0,0,0,0,0,0,0,567,566
109509,296,0,0,0,0,3,0,0,0,0,0,0,0,0,0,0,289,289
109510,461,0,0,0,0,1,0,0,0,0,0,0,0,0,0,0,456,455
109511,412,0,0,0,0,0,0,0,0,0,0,0,0,0,0,0,407,406
109512,359,0,0,0,0,1,0,0,0,0,0,0,0,0,0,0,354,353
109513,359,0,0,0,0,1,0,0,0,0,0,0,0,0,0,0,354,353
109514,446,0,0,0,0,1,0,0,0,0,0,0,0,0,0,0,441,440
109515,385,0,0,0,0,0,0,0,0,0,0,0,0,0,0,0,380,379
109516,374,0,1,0,0,0,0,0,0,0,1,1,1,1,0,0,368,367
109517,559,0,0,0,0,1,0,0,0,0,2,2,2,2,0,0,554,553
109518,498,0,0,0,0,0,0,0,0,0,1,1,1,1,0,0,493,492
109519,499,0,0,0,0,0,0,0,0,0,17,17,17,17,0,0,494,493
109520,327,0,0,0,0,0,0,0,0,0,0,0,0,0,0,0,322,321
109521,329,0,0,0,0,0,0,0,0,0,0,0,0,0,0,0,324,323
109522,345,0,0,0,0,1,0,0,0,0,0,0,0,0,0,0,340,339
109523,285,0,0,0,0,1,0,0,0,0,0,0,0,0,0,0,280,279
109524,312,0,0,0,0,0,0,0,0,0,0,0,0,0,0,0,307,306
109525,464,0,1,0,0,0,0,0,0,0,0,0,0,0,0,0,458,457
109526,446,0,0,0,0,1,0,0,0,0,0,0,0,0,0,0,441,440
109527,490,0,0,0,0,2,0,0,0,0,0,0,0,0,0,0,484,483
109528,794,0,0,0,0,1,0,0,0,0,2,2,2,2,0,0,788,787
109529,736,0,0,0,0,6,0,0,0,0,0,0,0,0,0,0,725,724
109530,622,0,0,0,0,3,0,0,0,0,2,2,2,2,0,0,614,613
109531,371,0,0,0,0,3,0,0,0,0,0,0,0,0,0,0,364,363
109532,415,0,1,0,0,1,0,0,0,0,0,0,0,0,0,0,409,408
109533,348,0,1,0,0,2,0,0,0,0,0,0,0,0,0,0,341,341
109534,306,0,0,0,0,2,0,0,0,0,0,0,0,0,0,0,300,300
109535,295,0,0,0,0,2,0,0,0,0,2,2,2,2,0,0,289,289
109536,292,0,0,0,0,1,0,0,0,0,0,0,0,0,0,0,287,286
109537,569,0,0,0,0,1,0,0,0,0,1,1,1,1,0,0,563,562
109538,380,0,0,0,0,1,0,0,0,0,1,1,1,1,0,0,375,374
109539,299,0,0,0,0,2,0,0,0,0,1,1,1,1,0,0,293,292
109540,318,0,0,0,0,0,0,0,0,0,0,0,0,0,0,0,313,312
109541,402,0,0,0,0,21,0,0,0,0,0,0,0,0,0,0,377,377
109542,740,0,0,0,0,0,0,0,0,0,43,43,43,43,0,0,735,734
109543,323,0,0,0,0,0,0,0,0,0,0,0,0,0,0,0,318,317
109544,394,0,0,0,0,1,0,0,0,0,2,2,2,2,0,0,389,388
109545,449,0,0,0,0,1,0,0,0,0,0,0,0,0,0,0,444,443
109546,589,0,0,0,0,1,0,0,0,0,0,0,0,0,0,0,584,583
109547,365,0,2,0,0,3,0,0,0,0,0,0,0,0,0,0,356,356
109548,472,0,0,0,0,1,0,0,0,0,1,1,1,1,0,0,466,465
109549,405,0,0,0,0,4,0,0,0,0,0,0,0,0,0,0,397,397
109550,347,0,0,0,0,0,0,0,0,0,0,0,0,0,0,0,342,341
109551,512,0,0,0,0,2,0,0,0,0,0,0,0,0,0,0,505,504
109552,623,0,0,0,0,0,0,0,0,0,2,2,2,2,0,0,618,617
109553,504,0,0,0,0,0,0,0,0,0,0,0,0,0,0,0,499,498
109554,491,0,0,0,0,3,0,0,0,0,0,0,0,0,0,0,484,483
109555,499,0,0,0,0,1,0,0,0,0,0,0,0,0,0,0,494,493
109556,420,0,0,0,0,0,0,0,0,0,1,1,1,1,0,0,415,414
109557,443,0,1,0,0,5,0,0,0,0,0,0,0,0,0,0,433,432
109558,49,0,0,0,0,2,0,0,0,0,0,0,0,0,0,0,43,43
109559,606,0,0,0,0,0,0,0,0,0,1,1,1,1,0,0,601,600
109560,434,0,0,0,0,1,0,0,0,0,0,0,0,0,0,0,429,428
109561,376,0,0,0,0,3,0,0,0,0,0,0,0,0,0,0,369,368
109562,361,0,0,0,0,0,0,0,0,0,0,0,0,0,0,0,356,355
109563,491,0,0,0,0,1,0,0,0,0,0,0,0,0,0,0,486,485
109564,416,0,0,0,0,0,0,0,0,0,1,1,1,1,0,0,411,410
109565,341,0,1,0,0,0,0,0,0,0,0,0,0,0,0,0,335,334
109566,358,0,2,0,0,2,0,0,0,0,0,0,0,0,0,0,350,349
109567,551,0,1,0,0,1,0,0,0,0,0,0,0,0,0,0,544,543
109568,337,0,0,0,0,2,0,0,0,0,0,0,0,0,0,0,331,331
109569,433,0,0,0,0,2,0,0,0,0,0,0,0,0,0,0,426,425
109570,426,0,0,0,0,1,0,0,0,0,0,0,0,0,0,0,421,420
109571,445,0,0,0,0,1,0,0,0,0,0,0,0,0,0,0,440,439
109572,601,0,0,0,0,3,0,0,0,0,0,0,0,0,0,0,594,593
109573,686,0,2,0,0,0,0,0,0,0,1,1,1,1,0,0,679,678
109574,267,0,0,0,0,0,0,0,0,0,0,0,0,0,0,0,262,261
109575,556,0,0,0,0,1,0,0,0,0,0,0,0,0,0,0,551,550
109576,265,0,0,0,0,2,0,0,0,0,0,0,0,0,0,0,259,259
109577,412,0,0,0,0,1,0,0,0,0,0,0,0,0,0,0,407,406
109578,452,0,0,0,0,0,0,0,0,0,13,13,13,13,0,0,447,446
109579,735,0,2,0,0,8,0,0,0,0,0,0,0,0,0,0,720,719
109580,541,0,0,0,0,1,0,0,0,0,2,2,2,2,0,0,535,534
109581,434,0,0,0,0,0,0,0,0,0,0,0,0,0,0,0,429,428
109582,392,0,0,0,0,1,0,0,0,0,0,0,0,0,0,0,387,386
109583,513,0,0,0,0,0,0,0,0,0,1,1,1,1,0,0,508,507
109584,526,0,0,0,0,1,0,0,0,0,0,0,0,0,0,0,521,520
109585,368,0,0,0,0,1,0,0,0,0,1,1,1,1,0,0,363,362
109586,479,0,0,0,0,0,0,7,0,0,0,0,0,0,0,0,474,473
109587,385,0,0,0,0,2,0,0,0,0,0,0,0,0,0,0,378,377
109588,485,0,1,0,0,0,0,0,0,0,0,0,0,0,0,0,479,478
109589,547,0,0,0,0,3,0,0,0,0,0,0,0,0,0,0,540,539
109590,399,0,0,0,0,0,0,0,0,0,1,1,1,1,0,0,394,393
109591,554,0,0,0,0,0,0,0,0,0,0,0,0,0,0,0,549,548
109592,507,0,0,0,0,2,0,0,0,0,0,0,0,0,0,0,500,499
109593,395,0,0,0,0,2,0,0,0,0,2,2,2,2,0,0,388,387
109594,618,0,2,0,0,0,0,0,0,0,0,0,0,0,0,0,611,610
109595,327,0,0,0,0,1,0,0,0,0,0,0,0,0,0,0,322,321
109596,498,0,0,0,0,0,0,0,0,0,0,0,0,0,0,0,493,492
109597,410,0,1,0,0,2,0,0,0,0,0,0,0,0,0,0,403,403
109598,306,0,0,0,0,1,0,0,0,0,0,0,0,0,0,0,301,300
109599,415,0,0,0,0,0,0,0,0,0,0,0,0,0,0,0,410,409
109600,500,0,0,0,0,3,0,0,0,0,0,0,0,0,0,0,493,492
109601,440,0,0,0,0,1,0,0,0,0,2,2,2,2,0,0,435,434
109602,445,0,0,0,0,5,0,0,0,0,0,0,0,0,0,0,436,435
109603,347,0,0,0,0,1,0,0,0,0,0,0,0,0,0,0,342,341
109604,356,0,0,0,0,0,0,0,0,0,0,0,0,0,0,0,351,350
109605,695,0,0,0,0,0,0,0,0,0,55,55,55,55,0,0,690,689
109606,328,0,2,0,0,4,0,0,0,0,0,0,0,0,0,0,318,317
109607,555,0,0,0,0,0,0,0,0,0,0,0,0,0,0,0,550,549
109609,719,0,0,0,0,0,0,0,0,0,3,3,3,3,0,0,714,713
109610,634,0,1,0,0,0,0,0,0,0,0,0,0,0,0,0,628,627
109611,378,0,0,0,0,10,0,0,0,0,0,0,0,0,0,0,364,363
109612,547,0,0,0,0,12,0,0,0,0,2,2,2,2,0,0,531,530
109613,645,0,0,0,0,1,0,0,0,0,1,1,1,1,0,0,639,638
109614,380,0,0,0,0,0,0,0,0,0,0,0,0,0,0,0,375,374
109615,523,0,1,0,0,1,0,0,0,0,0,0,0,0,0,0,517,516
109616,419,0,0,0,0,0,0,0,0,0,0,0,0,0,0,0,414,413
109617,375,0,0,0,0,0,0,0,0,0,0,0,0,0,0,0,370,369
109618,400,0,0,0,0,1,0,0,0,0,0,0,0,0,0,0,395,394
109619,330,0,0,0,0,0,0,0,0,0,0,0,0,0,0,0,325,324
109620,383,0,0,0,0,0,0,0,0,0,2,2,2,2,0,0,378,377
109621,432,0,0,0,0,1,0,0,0,0,0,0,0,0,0,0,427,426
109622,414,0,0,0,0,3,0,5,0,0,0,0,0,0,0,0,407,406
109623,340,0,0,0,0,1,0,0,0,0,0,0,0,0,0,0,335,334
109624,520,0,1,0,0,0,0,0,0,0,2,2,2,2,0,0,514,513
109625,336,0,0,0,0,1,0,0,0,0,0,0,0,0,0,0,331,330
109626,268,0,0,0,0,0,0,0,0,0,0,0,0,0,0,0,263,262
109627,415,0,0,0,0,1,0,0,0,0,2,2,2,2,0,0,410,409
109628,326,0,0,0,0,1,0,0,0,0,0,0,0,0,0,0,321,320
109629,369,0,0,0,0,1,0,0,0,0,0,0,0,0,0,0,364,363
109630,344,0,0,0,0,0,0,0,0,0,0,0,0,0,0,0,339,338
109631,507,0,1,0,0,0,0,0,0,0,0,0,0,0,0,0,501,500
109632,466,0,0,0,0,0,0,0,0,0,0,0,0,0,0,0,461,460
109633,337,0,0,0,0,2,0,0,0,0,0,0,0,0,0,0,331,331
109634,391,0,0,0,0,1,0,0,0,0,0,0,0,0,0,0,386,385
109635,491,0,0,0,0,2,0,0,0,0,0,0,0,0,0,0,485,485
109636,501,0,0,0,0,0,0,0,0,0,9,9,9,9,0,0,496,495
109637,360,0,0,0,0,0,0,0,0,0,0,0,0,0,0,0,355,354
109638,530,0,0,0,0,0,0,0,0,0,9,9,9,9,0,0,525,524
109639,264,0,0,0,0,1,0,0,0,0,0,0,0,0,0,0,259,258
109640,307,0,0,0,0,2,0,0,0,0,0,0,0,0,0,0,301,301
109641,459,0,0,0,0,0,0,0,0,0,0,0,0,0,0,0,454,453
109642,409,0,1,0,0,0,0,0,0,0,0,0,0,0,0,0,403,402
109643,490,0,0,0,0,2,0,0,0,0,2,2,2,2,1,0,484,482
109644,416,0,1,0,0,1,0,0,0,0,0,0,0,0,0,0,410,409
109645,464,0,0,0,0,0,0,0,0,0,0,0,0,0,0,0,459,458
109646,295,0,0,0,0,1,0,0,0,0,0,0,0,0,0,0,290,289
109647,697,0,0,0,0,1,0,0,0,0,0,0,0,0,0,0,692,691
109648,463,0,0,0,0,7,0,0,0,0,1,1,1,1,0,0,452,451
109649,319,0,0,0,0,1,0,0,0,0,0,0,0,0,0,0,314,313
109650,538,0,0,0,0,1,0,0,0,0,1,1,1,1,0,0,533,532
109651,313,0,0,0,0,0,0,0,0,0,1,1,1,1,0,0,308,307
109652,449,0,1,0,0,4,0,0,0,0,0,0,0,0,0,0,440,439
109653,535,0,0,0,0,1,0,0,0,0,0,0,0,0,0,0,530,529
109654,337,0,0,0,0,1,0,0,0,0,0,0,0,0,0,0,332,331
109655,226,0,0,0,0,0,0,0,0,0,1,1,1,1,0,0,221,220
109656,383,0,0,0,0,2,0,0,0,0,0,0,0,0,0,0,377,376
109657,409,0,0,0,0,0,0,8,0,0,0,0,0,0,0,0,404,403
109658,559,0,0,0,0,0,0,0,0,0,0,0,0,0,0,0,554,553
109659,360,0,0,0,0,8,0,0,0,0,0,0,0,0,0,0,348,347
109660,580,0,0,0,0,2,0,0,0,0,1,1,1,1,0,0,573,572
109661,344,0,1,0,0,1,0,0,0,0,0,0,0,0,0,0,338,337
109662,318,0,0,0,0,0,0,0,0,0,0,0,0,0,0,0,313,312
109663,515,0,0,0,0,0,0,0,0,0,2,2,2,2,0,0,510,509
109664,393,0,0,0,0,1,0,0,0,0,0,0,0,0,0,0,388,387
109665,336,0,0,0,0,2,0,0,0,0,0,0,0,0,0,0,330,329
109666,443,0,0,0,0,2,0,0,0,0,0,0,0,0,0,0,436,435
109667,324,0,0,0,0,1,0,0,0,0,0,0,0,0,0,0,319,318
109668,286,0,0,0,0,1,0,0,0,0,0,0,0,0,0,0,281,280
109669,615,0,0,0,0,0,0,0,0,0,2,2,2,2,0,0,610,609
109670,329,0,0,0,0,3,0,0,0,0,0,0,0,0,0,0,322,321
109671,427,0,1,0,0,0,0,0,0,0,0,0,0,0,0,0,421,420
109672,459,0,0,0,0,0,0,0,0,0,0,0,0,0,0,0,454,453
109673,378,0,0,0,0,1,0,0,0,0,1,1,1,1,0,0,373,372
109674,481,0,0,0,0,0,0,0,0,0,0,0,0,0,0,0,476,475
109675,669,0,0,0,0,0,0,0,0,0,1,1,1,1,0,0,664,663
109676,509,0,0,0,0,1,0,0,0,0,0,0,0,0,0,0,504,503
109677,468,0,0,0,0,1,0,0,0,0,1,1,1,1,0,0,463,462
109678,452,0,0,0,0,0,0,0,0,0,0,0,0,0,0,0,447,446
109679,384,0,0,0,0,0,0,0,0,0,1,1,1,1,0,0,379,378
109680,719,0,3,0,0,0,0,0,0,0,0,0,0,0,0,0,711,710
109681,496,0,0,0,0,1,0,0,0,0,1,1,1,1,0,0,490,489
109682,349,0,0,0,0,1,0,0,0,0,0,0,0,0,0,0,344,343
109683,239,0,0,0,0,1,0,0,0,0,0,0,0,0,0,0,234,233
109684,454,0,0,0,0,1,0,0,0,0,0,0,0,0,0,0,448,447
109685,47,0,0,0,0,2,0,0,0,0,0,0,0,0,0,0,41,41
109686,336,0,0,0,0,1,0,0,0,0,0,0,0,0,0,0,331,330
109687,428,0,0,0,0,3,0,0,0,0,0,0,0,0,0,0,421,420
109688,352,0,1,0,0,4,0,0,0,0,0,0,0,0,0,0,343,342
109689,512,0,0,0,0,0,0,0,0,0,1,1,1,1,0,0,507,506
109690,421,0,0,0,0,2,0,0,0,0,0,0,0,0,0,0,415,414
109691,738,0,1,0,0,0,0,0,0,0,65,65,65,65,0,0,732,731
109692,621,0,1,0,0,3,0,0,0,0,2,2,2,2,0,0,612,611
109693,406,0,0,0,0,0,0,0,0,0,0,0,0,0,0,0,401,400
109694,385,0,0,0,0,1,0,0,0,0,0,0,0,0,0,0,380,379
109695,421,0,0,0,0,0,0,0,0,0,0,0,0,0,0,0,416,415
109696,520,0,0,0,0,0,0,0,0,0,0,0,0,0,0,0,515,514
109697,453,0,0,0,0,0,0,0,0,0,2,2,2,2,0,0,448,447
109698,450,0,0,0,0,1,0,0,0,0,0,0,0,0,0,0,444,443
109699,436,0,0,0,0,0,0,0,0,0,0,0,0,0,0,0,431,430
109700,590,0,0,0,0,0,0,0,0,0,1,1,1,1,0,0,585,584
109701,129,0,1,0,0,2,0,0,0,0,0,0,0,0,0,0,122,122
109702,473,0,0,0,0,1,0,0,0,0,1,1,1,1,0,0,468,467
109703,439,0,0,0,0,3,0,0,0,0,1,1,1,1,0,0,432,431
109704,237,0,0,0,0,2,0,0,0,0,0,0,0,0,0,0,231,231
109705,440,0,0,0,0,3,0,0,0,0,0,0,0,0,0,0,432,431
109706,590,0,0,0,0,5,0,0,0,0,1,1,1,1,0,0,581,580
109707,557,0,0,0,0,0,0,0,0,0,0,0,0,0,0,0,552,551
109708,305,0,0,0,0,1,0,0,0,0,0,0,0,0,0,0,300,299
109709,478,0,0,0,0,0,0,0,0,0,0,0,0,0,0,0,473,472
109710,454,0,0,0,0,0,0,0,0,0,0,0,0,0,0,0,449,448
109711,729,0,0,0,0,0,0,0,0,0,2,2,2,2,0,0,724,723
109712,298,0,0,0,0,0,0,0,0,0,0,0,0,0,0,0,293,292
109713,346,0,0,0,0,0,0,0,0,0,0,0,0,0,0,0,341,340
109714,245,0,0,0,0,2,0,0,0,0,0,0,0,0,0,0,239,239
109715,389,0,0,0,0,3,0,0,0,0,0,0,0,0,0,0,382,381
109716,440,0,0,0,0,1,0,0,0,0,0,0,0,0,0,0,435,434
109717,360,0,0,0,0,1,0,0,0,0,0,0,0,0,0,0,355,354
109718,519,0,1,0,0,0,0,0,0,0,0,0,0,0,0,0,513,512
109719,368,0,0,0,0,2,0,0,0,0,0,0,0,0,0,0,362,361
109720,242,0,0,0,0,0,0,0,0,0,0,0,0,0,0,0,237,236
109721,340,0,0,0,0,3,0,0,0,0,0,0,0,0,0,0,333,332
109722,571,0,0,0,0,0,0,0,0,0,1,1,1,1,0,0,566,565
109723,463,0,0,0,0,0,0,0,0,0,2,2,2,2,0,0,458,457
109724,555,0,0,0,0,1,0,0,0,0,0,0,0,0,0,0,550,549
109725,406,0,0,0,0,1,0,0,0,0,0,0,0,0,0,0,401,400
109726,375,0,0,0,0,1,0,0,0,0,1,1,1,1,0,0,369,368
109727,376,0,0,0,0,1,0,0,0,0,1,1,1,1,0,0,370,369
109728,586,0,0,0,0,0,0,0,0,0,3,3,3,3,0,0,581,580
109729,333,0,0,0,0,0,0,0,0,0,0,0,0,0,0,0,328,327
109730,454,0,0,0,0,0,0,0,0,0,0,0,0,0,0,0,449,448
109731,516,0,0,0,0,1,0,0,0,0,0,0,0,0,0,0,511,510
109732,506,0,0,0,0,0,0,0,0,0,0,0,0,0,0,0,501,500
109733,455,0,0,0,0,0,0,0,0,0,0,0,0,0,0,0,450,449
109734,300,0,0,0,0,0,0,0,0,0,0,0,0,0,0,0,295,294
109735,474,0,0,0,0,0,0,0,0,0,1,1,1,1,0,0,469,468
109736,339,0,1,0,0,0,0,0,0,0,0,0,0,0,0,0,333,332
109737,301,0,0,0,0,0,0,0,0,0,0,0,0,0,0,0,296,295
109738,543,0,0,0,0,1,0,0,0,0,0,0,0,0,0,0,538,537
109739,551,0,0,0,0,0,0,0,0,0,0,0,0,0,0,0,546,545
109740,576,0,0,0,0,1,0,0,0,0,0,0,0,0,0,0,571,570
109741,531,0,0,0,0,4,0,0,0,0,0,0,0,0,0,0,523,522
109742,488,0,0,0,0,1,0,9,0,0,1,1,1,1,0,0,483,482
109743,345,0,0,0,0,0,0,0,0,0,0,0,0,0,0,0,340,339
109744,418,0,1,0,0,3,0,0,0,0,0,0,0,0,0,0,410,409
109745,574,0,0,0,0,0,0,0,0,0,2,2,2,2,0,0,569,568
109746,474,0,0,0,0,1,0,0,0,0,5,5,5,5,0,0,469,468
109747,361,0,1,0,0,2,0,0,0,0,0,0,0,0,0,0,354,354
109748,498,0,2,0,0,1,0,0,0,0,1,1,1,1,0,0,491,490
109749,557,0,0,0,0,0,0,0,0,0,1,1,1,1,0,0,552,551
109750,478,0,0,0,0,1,0,0,0,0,0,0,0,0,0,0,473,472
109751,479,0,0,0,0,1,0,0,0,0,0,0,0,0,0,0,474,473
109752,285,0,0,0,0,1,0,0,0,0,0,0,0,0,0,0,280,279
109753,689,0,0,0,0,2,0,0,0,0,3,3,3,3,0,0,682,681
109754,416,0,0,0,0,1,0,0,0,0,0,0,0,0,0,0,411,410
109755,475,0,0,0,0,0,0,0,0,0,2,2,2,2,0,0,470,469
109756,449,0,2,0,0,2,0,0,0,0,1,1,1,1,0,0,441,440
109757,535,0,0,0,0,1,0,0,0,0,1,1,1,1,0,0,529,528
109758,423,0,0,0,0,1,0,0,0,0,0,0,0,0,0,0,418,417
109759,518,0,7,0,0,0,0,0,0,0,2,2,2,2,0,0,506,505
109760,447,0,0,0,0,0,0,0,0,0,0,0,0,0,0,0,442,441
109761,515,0,0,0,0,0,0,0,0,0,0,0,0,0,0,0,510,509
109762,810,0,0,0,0,0,0,0,0,0,0,0,0,0,0,0,805,804
109763,584,0,2,0,0,1,0,0,0,0,0,0,0,0,0,0,577,576
109764,253,0,0,0,0,1,0,0,0,0,1,1,1,1,0,0,247,246
109765,841,0,0,0,0,0,0,0,0,0,0,0,0,0,0,0,836,835
109766,464,0,0,0,0,0,0,0,0,0,0,0,0,0,0,0,459,458
109767,517,0,0,0,0,2,0,0,0,0,0,0,0,0,0,0,511,510
109768,576,0,0,0,0,0,0,0,0,0,0,0,0,0,0,0,571,570
109769,628,0,0,0,0,1,0,0,0,0,1,1,1,1,0,0,622,621
109770,385,0,0,0,0,1,0,0,0,0,0,0,0,0,0,0,380,379
109771,348,0,0,0,0,2,0,0,0,0,0,0,0,0,0,0,342,342
109772,427,0,0,0,0,0,0,6,0,0,0,0,0,0,0,0,422,421
109773,526,0,0,0,0,0,0,0,0,0,2,2,2,2,0,0,521,520
109774,499,0,0,0,0,3,0,0,0,0,0,0,0,0,0,0,492,491
109775,636,0,0,0,0,0,0,0,0,0,1,1,1,1,0,0,631,630
109776,762,0,0,0,0,71,0,0,0,0,0,0,0,0,0,0,686,685
109777,302,0,0,0,0,0,0,0,0,0,0,0,0,0,0,0,297,296
109778,475,0,0,0,0,1,0,0,0,0,0,0,0,0,0,0,470,469
109779,408,0,0,0,0,0,0,0,0,0,2,2,2,2,0,0,403,402
109780,402,0,0,0,0,1,0,0,0,0,0,0,0,0,0,0,397,396
109781,390,0,0,0,0,5,0,0,0,0,0,0,0,0,0,0,381,381
109782,478,0,3,0,0,0,0,0,0,0,1,1,1,1,0,0,470,469
109783,312,0,0,0,0,0,0,0,0,0,0,0,0,0,0,0,307,306
109784,493,0,0,0,0,1,0,0,0,0,1,1,1,1,0,0,487,486
109785,508,0,0,0,0,0,0,0,0,0,0,0,0,0,0,0,503,502
109786,534,0,0,0,0,0,0,0,0,0,0,0,0,0,0,0,529,528
109787,366,0,0,0,0,0,0,0,0,0,0,0,0,0,0,0,361,360
109788,535,0,5,0,0,0,0,0,0,0,3,3,3,3,0,0,525,524
109789,682,0,2,0,0,0,0,0,0,0,0,0,0,0,0,0,675,674
109790,346,0,0,0,0,1,0,0,0,0,0,0,0,0,0,0,341,340
109791,353,0,0,0,0,1,0,0,0,0,0,0,0,0,0,0,348,347
109792,590,0,0,0,0,1,0,0,0,0,0,0,0,0,0,0,585,584
109793,315,0,0,0,0,1,0,0,0,0,0,0,0,0,0,0,310,309
109794,641,0,0,0,0,0,0,0,0,0,0,0,0,0,0,0,636,635
109795,408,0,0,0,0,1,0,0,0,0,0,0,0,0,0,0,403,402
109796,365,0,0,0,0,0,0,0,0,0,0,0,0,0,0,0,360,359
109797,440,0,2,0,0,0,0,0,0,0,0,0,0,0,0,0,433,432
109798,566,0,0,0,0,0,0,0,0,0,2,2,2,2,0,0,561,560
109799,328,0,1,0,0,1,0,0,0,0,0,0,0,0,0,0,322,321
109800,473,0,0,0,0,0,0,0,0,0,0,0,0,0,0,0,468,467
109801,408,0,0,0,0,1,0,0,0,0,3,3,3,3,0,0,402,401
109802,791,0,0,0,0,0,0,0,0,0,2,2,2,2,0,0,786,785
109803,319,0,0,0,0,0,0,0,0,0,0,0,0,0,0,0,314,313
109804,542,0,0,0,0,0,0,0,0,0,0,0,0,0,0,0,537,536
109805,326,0,0,0,0,1,0,0,0,0,1,1,1,1,0,0,321,320
109806,409,0,0,0,0,0,0,0,0,0,0,0,0,0,0,0,404,403
109807,294,0,0,0,0,1,0,0,0,0,0,0,0,0,0,0,289,288
109808,199,0,0,0,0,1,0,0,0,0,0,0,0,0,0,0,194,193
109809,280,0,0,0,0,1,0,0,0,0,0,0,0,0,0,0,275,274
109810,556,0,0,0,0,3,0,0,0,0,0,0,0,0,0,0,548,547
109811,502,0,2,0,0,2,0,0,0,0,2,2,2,2,0,0,494,493
109812,414,0,1,0,0,2,0,0,0,0,0,0,0,0,0,0,407,406
109813,389,0,0,0,0,0,0,0,0,0,0,0,0,0,0,0,384,383
109814,505,0,2,0,0,1,0,0,0,0,0,0,0,0,0,0,498,497
109815,267,0,0,0,0,0,0,0,0,0,0,0,0,0,0,0,262,261
109816,571,0,0,0,0,0,0,0,0,0,0,0,0,0,0,0,566,565
109817,396,0,3,0,0,2,0,0,0,0,0,0,0,0,0,0,387,386
109818,482,0,0,0,0,0,0,0,0,0,1,1,1,1,0,0,477,476
109819,290,0,0,0,0,2,0,0,0,0,0,0,0,0,0,0,284,284
109820,756,0,2,0,0,0,0,0,0,0,2,2,2,2,0,0,749,748
109821,592,0,0,0,0,1,0,0,0,0,0,0,0,0,0,0,586,585
109822,427,0,0,0,0,0,0,0,0,0,0,0,0,0,0,0,422,421
109823,1198,0,2,0,0,11,0,0,0,0,0,0,0,0,0,0,1180,1179
109824,519,0,0,0,0,1,0,0,0,0,2,2,2,2,0,0,514,513
109825,391,0,0,0,0,1,0,0,0,0,0,0,0,0,0,0,386,385
109826,395,0,0,0,0,0,0,0,0,0,10,10,10,10,0,0,390,389
109827,440,0,0,0,0,1,0,0,0,0,0,0,0,0,0,0,435,434
109828,374,0,0,0,0,1,0,0,0,0,0,0,0,0,0,0,369,368
109829,525,0,0,0,0,1,0,0,0,0,0,0,0,0,0,0,519,518
109830,336,0,0,0,0,1,0,0,0,0,0,0,0,0,0,0,331,330
109831,732,0,0,0,0,6,0,0,0,0,0,0,0,0,0,0,722,721
109832,380,0,0,0,0,0,0,0,0,0,0,0,0,0,0,0,375,374
109833,446,0,0,0,0,0,0,0,0,0,0,0,0,0,0,0,441,440
109834,530,0,0,0,0,0,0,0,0,0,0,0,0,0,0,0,525,524
109835,380,0,0,0,0,1,0,0,0,0,0,0,0,0,0,0,374,373
109836,380,0,1,0,0,1,0,0,0,0,0,0,0,0,0,0,374,373
109837,340,0,0,0,0,0,0,0,0,0,0,0,0,0,0,0,335,334
109838,495,0,0,0,0,0,0,0,0,0,1,1,1,1,0,0,490,489
109839,530,0,0,0,0,1,0,0,0,0,2,2,2,2,0,0,525,524
109840,507,0,2,0,0,0,0,0,0,0,1,1,1,1,0,0,500,499
109841,323,0,0,0,0,0,0,0,0,0,0,0,0,0,0,0,318,317
109842,671,0,0,0,0,0,0,0,0,0,2,2,2,2,0,0,666,665
109843,337,0,0,0,0,1,0,0,0,0,0,0,0,0,0,0,332,331
109844,298,0,0,0,0,1,0,0,0,0,0,0,0,0,0,0,293,292
109845,591,0,0,0,0,0,0,0,0,0,0,0,0,0,0,0,586,585
109846,413,0,0,0,0,1,0,0,0,0,0,0,0,0,0,0,408,407
109847,411,0,0,0,0,1,0,0,0,0,2,2,2,2,0,0,405,404
109848,498,0,0,0,0,0,0,0,0,0,0,0,0,0,0,0,493,492
109849,600,0,1,0,0,1,0,0,0,0,0,0,0,0,0,0,594,593
109850,465,0,2,0,0,0,0,0,0,0,1,1,1,1,0,0,458,457
109851,421,0,0,0,0,2,0,0,0,0,1,1,1,1,0,0,415,414
109853,522,0,0,0,0,1,0,0,0,0,2,2,2,2,0,0,516,515
109854,208,0,0,0,0,3,0,0,0,0,0,0,0,0,0,0,201,200
109855,485,0,0,0,0,0,0,0,0,0,1,1,1,1,0,0,480,479
109856,420,0,0,0,0,1,0,0,0,0,2,2,2,2,0,0,415,414
109857,467,0,0,0,0,1,0,0,0,0,1,1,1,1,0,0,462,461
109858,446,0,0,0,0,1,0,0,0,0,1,1,1,1,0,0,441,440
109859,585,0,0,0,0,0,0,0,0,0,1,1,1,1,0,0,580,579
109860,311,0,1,0,0,0,0,0,0,0,2,2,2,2,0,0,305,304
109861,601,0,0,0,0,7,0,0,0,0,0,0,0,0,0,0,589,588
109862,325,0,0,0,0,2,0,0,0,0,0,0,0,0,0,0,319,318
109863,636,0,0,0,0,0,0,0,0,0,2,2,2,2,0,0,631,630
109864,656,0,1,0,0,0,0,0,0,0,0,0,0,0,0,0,650,649
109865,627,0,0,0,0,4,0,0,0,0,1,1,1,1,0,0,618,617
109866,368,0,0,0,0,1,0,0,0,0,0,0,0,0,0,0,363,362
109867,651,0,0,0,0,1,0,0,0,0,0,0,0,0,0,0,646,645
109868,425,0,0,0,0,1,0,0,0,0,0,0,0,0,0,0,420,419
109869,532,0,0,0,0,0,0,0,0,0,0,0,0,0,0,0,527,526
109870,357,0,0,0,0,2,0,0,0,0,1,1,1,1,0,0,351,351
109871,434,0,0,0,0,2,0,0,0,0,0,0,0,0,0,0,428,427
109872,429,0,0,0,0,0,0,0,0,0,2,2,2,2,0,0,424,423
109873,439,0,1,0,0,0,0,0,0,0,0,0,0,0,0,0,433,432
109874,427,0,0,0,0,1,0,0,0,0,0,0,0,0,0,0,422,421
109875,373,0,0,0,0,5,0,0,0,0,0,0,0,0,0,0,364,364
109876,285,0,0,0,0,2,0,0,0,0,0,0,0,0,0,0,279,279
109877,308,0,0,0,0,1,0,0,0,0,0,0,0,0,0,0,303,302
109878,341,0,0,0,0,2,0,0,0,0,0,0,0,0,0,0,335,335
109879,372,0,2,0,0,1,0,0,0,0,0,0,0,0,0,0,365,364
109880,409,0,0,0,0,0,0,0,0,0,0,0,0,0,0,0,404,403
109881,735,0,0,0,0,0,0,0,0,0,1,1,1,1,0,0,730,729
109882,447,0,0,0,0,1,0,0,0,0,0,0,0,0,0,0,442,441
109883,691,0,0,0,0,0,0,0,0,0,2,2,2,2,0,0,686,685
109884,465,0,0,0,0,1,0,8,0,0,0,0,0,0,0,0,460,459
109885,461,0,0,0,0,1,0,0,0,0,0,0,0,0,0,0,456,455
109886,425,0,0,0,0,3,0,0,0,0,0,0,0,0,0,0,418,418
109887,345,0,0,0,0,1,0,0,0,0,0,0,0,0,0,0,340,339
109888,509,0,2,0,0,0,0,0,0,0,0,0,0,0,0,0,502,501
109889,325,0,0,0,0,1,0,0,0,0,0,0,0,0,0,0,320,319
109890,319,0,1,0,0,0,0,0,0,0,0,0,0,0,0,0,313,312
109891,271,0,2,0,0,0,0,0,0,0,0,0,0,0,0,0,264,263
109892,487,0,1,0,0,1,0,0,0,0,0,0,0,0,0,0,481,480
109893,486,0,3,0,0,2,0,0,0,0,1,1,1,1,0,0,477,477
109894,499,0,2,0,0,1,0,0,0,0,0,0,0,0,0,0,492,491
109895,340,0,0,0,0,2,0,0,0,0,0,0,0,0,0,0,334,334
109897,382,0,0,0,0,0,0,0,0,0,3,3,3,3,0,0,377,376
109898,337,0,0,0,0,0,0,0,0,0,0,0,0,0,0,0,332,331
109899,417,0,0,0,0,1,0,0,0,0,2,2,2,2,0,0,412,411
109900,495,0,0,0,0,1,0,0,0,0,0,0,0,0,0,0,490,489
109901,414,0,0,0,0,1,0,0,0,0,0,0,0,0,0,0,409,408
109902,339,0,0,0,0,1,0,0,0,0,0,0,0,0,0,0,334,333
109903,489,0,0,0,0,0,0,0,0,0,1,1,1,1,0,0,484,483
109904,480,0,2,0,0,1,0,0,0,0,0,0,0,0,0,0,473,472
109905,579,0,0,0,0,0,0,0,0,0,2,2,2,2,0,0,574,573
109906,392,0,0,0,0,1,0,0,0,0,0,0,0,0,0,0,387,386
109907,753,0,0,0,0,0,0,0,0,0,4,4,4,4,0,0,748,747
109908,394,0,1,0,0,0,0,0,0,0,0,0,0,0,0,0,388,387
109909,667,0,0,0,0,3,0,0,0,0,0,0,0,0,0,0,659,658
109910,518,0,2,0,0,2,0,0,0,0,1,1,1,1,0,0,510,509
109911,630,0,0,0,0,0,0,0,0,0,1,1,1,1,0,0,625,624
109912,733,0,0,0,0,1,0,0,0,0,81,81,81,81,0,0,727,726
109913,620,0,0,0,0,0,0,0,0,0,0,0,0,0,0,0,615,614
109914,657,0,0,0,0,1,0,0,0,0,13,13,13,13,0,0,651,650
109915,650,0,0,0,0,5,0,0,0,0,0,0,0,0,0,0,640,639
109916,611,0,0,0,0,0,0,0,0,0,0,0,0,0,0,0,606,605
109917,375,0,0,0,0,0,0,0,0,0,0,0,0,0,0,0,370,369
109918,417,0,0,0,0,2,0,0,0,0,0,0,0,0,0,0,411,410
109919,358,0,1,0,0,2,0,0,0,0,0,0,0,0,0,0,351,351
109920,574,0,0,0,0,1,0,0,0,0,0,0,0,0,0,0,568,567
109921,388,0,1,0,0,1,0,0,0,0,0,0,0,0,0,0,382,381
109922,324,0,0,0,0,1,0,0,0,0,1,1,1,1,0,0,319,318
109923,479,0,2,0,0,1,0,0,0,0,1,1,1,1,0,0,472,471
109924,622,0,0,0,0,1,0,0,0,0,0,0,0,0,0,0,616,615
109925,405,0,0,0,0,1,0,0,0,0,0,0,0,0,0,0,400,399
109926,600,0,0,0,0,0,0,0,0,0,0,0,0,0,0,0,595,594
109927,367,0,0,0,0,1,0,0,0,0,0,0,0,0,0,0,362,361
109928,713,0,1,0,0,0,0,0,0,0,0,0,0,0,0,0,707,706
109929,581,0,0,0,0,1,0,0,0,0,0,0,0,0,0,0,576,575
109930,496,0,0,0,0,1,0,0,0,0,0,0,0,0,0,0,491,490
109931,580,0,0,0,0,2,0,0,0,0,0,0,0,0,0,0,574,573
109932,570,0,2,0,0,1,0,0,0,0,1,1,1,1,0,0,563,562
109933,613,0,0,0,0,0,0,0,0,0,1,1,1,1,0,0,608,607
109934,565,0,0,0,0,1,0,0,0,0,1,1,1,1,0,0,560,559
109935,354,0,0,0,0,0,0,0,0,0,0,0,0,0,0,0,349,348
109936,272,0,0,0,0,1,0,0,0,0,0,0,0,0,0,0,267,266
109937,718,0,0,0,0,0,0,0,0,0,2,2,2,2,0,0,713,712
109938,750,0,0,0,0,0,0,0,0,0,1,1,1,1,0,0,745,744
109939,555,0,0,0,0,0,0,0,0,0,0,0,0,0,0,0,550,549
109940,743,0,0,0,0,0,0,0,0,0,1,1,1,1,0,0,738,737
109941,425,0,1,0,0,1,0,0,0,0,1,1,1,1,0,0,419,418
109942,258,0,0,0,0,1,0,0,0,0,0,0,0,0,0,0,253,252
109943,379,0,0,0,0,0,0,0,0,0,1,1,1,1,0,0,374,373
109944,586,0,0,0,0,0,0,0,0,0,2,2,2,2,0,0,581,580
109945,443,0,0,0,0,2,0,0,0,0,0,0,0,0,0,0,437,437
109946,334,0,0,0,0,1,0,0,0,0,0,0,0,0,0,0,329,328
109947,318,0,0,0,0,1,0,0,0,0,14,14,14,14,0,0,313,312
109948,523,0,0,0,0,0,0,0,0,0,2,2,2,2,0,0,518,517
109949,622,0,0,0,0,0,0,0,0,0,0,0,0,0,0,0,617,616
109950,364,0,0,0,0,1,0,0,0,0,1,1,1,1,0,0,359,358
109951,319,0,0,0,0,2,0,0,0,0,0,0,0,0,0,0,313,313
109952,493,0,0,0,0,1,0,0,0,0,1,1,1,1,0,0,487,486
109953,394,0,2,0,0,1,0,0,0,0,0,0,0,0,0,0,387,386
109954,418,0,0,0,0,1,0,0,0,0,0,0,0,0,0,0,412,411
109955,614,0,0,0,0,12,0,0,0,0,1,1,1,1,0,0,597,596
109956,323,0,0,0,0,0,0,0,0,0,0,0,0,0,0,0,318,317
109957,502,0,0,0,0,4,0,0,0,0,0,0,0,0,0,0,494,493
109958,321,0,0,0,0,1,0,0,0,0,0,0,0,0,0,0,316,315
109959,395,0,0,0,0,5,0,0,0,0,0,0,0,0,0,0,386,385
109960,472,0,0,0,0,2,0,0,0,0,1,1,1,1,0,0,466,465
109961,406,0,0,0,0,1,0,0,0,0,0,0,0,0,0,0,401,400
109962,428,0,0,0,0,3,0,0,0,0,0,0,0,0,0,0,421,420
109963,459,0,0,0,0,1,0,0,0,0,0,0,0,0,0,0,454,453
109964,515,0,0,0,0,0,0,0,0,0,0,0,0,0,0,0,510,509
109965,412,0,0,0,0,2,0,0,0,0,0,0,0,0,0,0,406,406
109966,370,0,0,0,0,0,0,0,0,0,1,1,1,1,0,0,365,364
109967,417,0,0,0,0,1,0,0,0,0,0,0,0,0,0,0,412,411
109968,403,0,0,0,0,1,0,0,0,0,1,1,1,1,0,0,398,397
109969,297,0,0,0,0,1,0,0,0,0,0,0,0,0,0,0,292,291
109971,366,0,0,0,0,0,0,0,0,0,2,2,2,2,0,0,361,360
109972,455,0,0,0,0,2,0,0,0,0,0,0,0,0,0,0,449,449
109973,261,0,0,0,0,0,0,0,0,0,0,0,0,0,0,0,256,255
109974,316,0,0,0,0,1,0,0,0,0,0,0,0,0,0,0,310,309
109975,249,0,0,0,0,1,0,0,0,0,0,0,0,0,0,0,244,243
109976,396,0,0,0,0,0,0,0,0,0,0,0,0,0,0,0,391,390
109977,269,0,1,0,0,2,0,0,0,0,0,0,0,0,0,0,262,262
109978,572,0,0,0,0,0,0,0,0,0,0,0,0,0,0,0,567,566
109979,380,0,2,0,0,2,0,0,0,0,0,0,0,0,0,0,372,372
109980,795,0,0,0,0,8,0,0,0,0,1,1,1,1,0,0,783,782
109981,419,0,0,0,0,2,0,0,0,0,0,0,0,0,0,0,413,413
109982,461,0,0,0,0,0,0,0,0,0,0,0,0,0,0,0,456,455
109983,557,0,0,0,0,2,0,0,0,0,42,42,42,42,0,0,550,549
109984,453,0,0,0,0,0,0,0,0,0,0,0,0,0,0,0,448,447
109985,762,0,2,0,0,2,0,0,0,0,0,0,0,0,0,0,753,752
109986,340,0,1,0,0,0,0,0,0,0,0,0,0,0,0,0,334,333
109987,370,0,0,0,0,0,0,0,0,0,1,1,1,1,0,0,365,364
109988,507,0,0,0,0,0,0,0,0,0,0,0,0,0,0,0,502,501
109989,415,0,0,0,0,1,0,0,0,0,0,0,0,0,0,0,410,409
109990,791,0,0,0,0,0,0,0,0,0,0,0,0,0,0,0,786,785
109991,364,0,0,0,0,0,0,0,0,0,0,0,0,0,0,0,359,358
109992,510,0,4,0,0,0,0,7,0,0,2,2,2,2,0,0,501,500
109993,495,0,0,0,0,2,0,0,0,0,0,0,0,0,0,0,489,488
109994,335,0,1,0,0,2,0,0,0,0,0,0,0,0,0,0,328,328
109995,514,0,0,0,0,0,0,0,0,0,1,1,1,1,0,0,509,508
109996,432,0,0,0,0,1,0,0,0,0,0,0,0,0,0,0,427,426
109997,401,0,0,0,0,4,0,0,0,0,0,0,0,0,0,0,393,392
109998,477,0,0,0,0,0,0,0,0,0,0,0,0,0,0,0,472,471
109999,380,0,0,0,0,1,0,0,0,0,1,1,1,1,0,0,374,373
110000,557,0,0,0,0,0,0,0,0,0,0,0,0,0,0,0,552,551
110001,248,0,0,0,0,0,0,0,0,0,0,0,0,0,0,0,243,242
110002,370,0,0,0,0,1,0,0,0,0,0,0,0,0,0,0,365,364
110003,474,0,0,0,0,1,0,0,0,0,0,0,0,0,0,0,469,468
110004,422,0,0,0,0,1,0,0,0,0,0,0,0,0,0,0,416,415
110005,359,0,0,0,0,1,0,0,0,0,0,0,0,0,0,0,354,353
110006,428,0,0,0,0,0,0,0,0,0,1,1,1,1,0,0,423,422
110007,435,0,0,0,0,0,0,8,0,0,1,1,1,1,0,0,430,429
110008,491,0,0,0,0,7,0,0,0,0,0,0,0,0,0,0,480,479
110009,605,0,0,0,0,0,0,0,0,0,19,19,19,19,0,0,600,599
110010,313,0,0,0,0,0,0,0,0,0,0,0,0,0,0,0,308,307
110011,454,0,0,0,0,1,0,0,0,0,0,0,0,0,0,0,449,448
110012,442,0,0,0,0,3,0,0,0,0,0,0,0,0,0,0,435,434
110013,608,0,0,0,0,3,0,0,0,0,0,0,0,0,0,0,601,600
110014,471,0,0,0,0,1,0,0,0,0,0,0,0,0,0,0,466,465
110015,292,0,0,0,0,0,0,0,0,0,0,0,0,0,0,0,287,286
110016,242,0,0,0,0,3,0,0,0,0,0,0,0,0,0,0,235,234
110017,686,0,0,0,0,0,0,0,0,0,0,0,0,0,0,0,681,680
110018,357,0,0,0,0,1,0,0,0,0,0,0,0,0,0,0,352,351
110019,338,0,0,0,0,1,0,0,0,0,0,0,0,0,0,0,333,332
110020,235,0,0,0,0,2,0,0,0,0,0,0,0,0,0,0,228,227
110021,553,0,0,0,0,6,0,0,0,0,0,0,0,0,0,0,543,542
110022,295,0,0,0,0,1,0,0,0,0,0,0,0,0,0,0,290,289
110023,601,0,5,0,0,0,0,7,0,0,3,3,3,3,0,0,591,590
110024,354,0,0,0,0,1,0,0,0,0,0,0,0,0,0,0,349,348
110025,550,0,0,0,0,1,0,0,0,0,0,0,0,0,0,0,545,544
110026,678,0,0,0,0,0,0,5,0,0,2,2,2,2,0,0,673,672
110027,543,0,0,0,0,1,0,0,0,0,2,2,2,2,0,0,538,537
110028,441,0,0,0,0,1,0,0,0,0,0,0,0,0,0,0,436,435
110029,313,0,0,0,0,4,0,0,0,0,0,0,0,0,0,0,305,304
110030,610,0,0,0,0,1,0,0,0,0,1,1,1,1,0,0,605,604
110031,579,0,0,0,0,0,0,0,0,0,1,1,1,1,0,0,574,573
110032,241,0,0,0,0,2,0,0,0,0,0,0,0,0,0,0,235,234
110033,396,0,0,0,0,1,0,0,0,0,0,0,0,0,0,0,391,390
110034,271,0,0,0,0,2,0,0,0,0,0,0,0,0,0,0,265,265
110035,246,0,0,0,0,1,0,0,0,0,0,0,0,0,0,0,241,240
110036,500,0,0,0,0,1,0,0,0,0,0,0,0,0,0,0,495,494
110037,299,0,0,0,0,0,0,0,0,0,1,1,1,1,0,0,294,293
110038,463,0,0,0,0,1,0,0,0,0,0,0,0,0,0,0,457,456
110039,376,0,0,0,0,1,0,0,0,0,2,2,2,2,0,0,371,370
110040,419,0,3,0,0,1,0,0,0,0,0,0,0,0,0,0,411,410
110041,493,0,0,0,0,1,0,0,0,0,0,0,0,0,0,0,488,487
110042,477,0,0,0,0,0,0,0,0,0,0,0,0,0,0,0,472,471
110043,492,0,0,0,0,0,0,0,0,0,0,0,0,0,0,0,487,486
110044,454,0,0,0,0,3,0,0,0,0,0,0,0,0,0,0,447,446
110045,449,0,0,0,0,1,0,0,0,0,0,0,0,0,0,0,444,443
110046,466,0,0,0,0,1,0,0,0,0,0,0,0,0,0,0,461,460
110047,446,0,0,0,0,1,0,0,0,0,1,1,1,1,0,0,441,440
110048,423,0,0,0,0,0,0,0,0,0,1,1,1,1,0,0,418,417
110049,76,0,1,0,0,2,0,0,0,0,0,0,0,0,0,0,69,69
110050,386,0,1,0,0,0,0,0,0,0,0,0,0,0,0,0,380,379
110051,595,0,0,0,0,1,0,0,0,0,1,1,1,1,0,0,589,588
110052,777,0,0,0,0,2,0,0,0,0,0,0,0,0,0,0,770,769
110053,514,0,0,0,0,0,0,0,0,0,0,0,0,0,0,0,509,508
110054,265,0,0,0,0,1,0,0,0,0,0,0,0,0,0,0,260,259
110055,635,0,0,0,0,0,0,5,0,0,0,0,0,0,0,0,630,629
110056,627,0,0,0,0,2,0,0,0,0,0,0,0,0,0,0,621,620
110057,485,0,1,0,0,0,0,0,0,0,11,11,11,11,0,0,479,478
110058,352,0,1,0,0,0,0,0,0,0,0,0,0,0,0,0,346,345
110059,420,0,0,0,0,2,0,0,0,0,0,0,0,0,0,0,414,413
110060,489,0,0,0,0,0,0,0,0,0,2,2,2,2,0,0,484,483
110061,666,0,0,0,0,0,0,0,0,0,2,2,2,2,0,0,661,660
110062,515,0,0,0,0,0,0,0,0,0,0,0,0,0,0,0,510,509
110063,541,0,0,0,0,1,0,0,0,0,1,1,1,1,0,0,536,535
110064,409,0,2,0,0,1,0,0,0,0,0,0,0,0,0,0,402,401
110065,385,0,0,0,0,0,0,0,0,0,3,3,3,3,0,0,380,379
110066,430,0,0,0,0,2,0,0,0,0,0,0,0,0,0,0,424,424
110067,708,0,0,0,0,0,0,0,0,0,0,0,0,0,0,0,703,702
110068,400,0,0,0,0,0,0,0,0,0,1,1,1,1,0,0,395,394
110069,366,0,0,0,0,1,0,0,0,0,0,0,0,0,0,0,361,360
110070,713,0,0,0,0,1,0,0,0,0,0,0,0,0,0,0,708,707
110071,329,0,0,0,0,1,0,0,0,0,0,0,0,0,0,0,324,323
110072,378,0,0,0,0,1,0,0,0,0,0,0,0,0,0,0,373,372
110073,474,0,0,0,0,0,0,0,0,0,0,0,0,0,0,0,469,468
110074,254,0,0,0,0,0,0,0,0,0,0,0,0,0,0,0,249,248
110075,407,0,0,0,0,1,0,0,0,0,0,0,0,0,0,0,402,401
110076,437,0,1,0,0,1,0,0,0,0,0,0,0,0,0,0,430,429
110077,451,0,0,0,0,0,0,0,0,0,1,1,1,1,0,0,446,445
110078,363,0,0,0,0,0,0,0,0,0,0,0,0,0,0,0,358,357
110079,352,0,0,0,0,3,0,0,0,0,0,0,0,0,0,0,345,344
110080,374,0,0,0,0,1,0,0,0,0,0,0,0,0,0,0,369,368
110081,394,0,0,0,0,0,0,0,0,0,0,0,0,0,0,0,389,388
110082,494,0,0,0,0,0,0,0,0,0,0,0,0,0,0,0,489,488
110083,282,0,0,0,0,2,0,0,0,0,0,0,0,0,0,0,277,276
110084,505,0,0,0,0,0,0,0,0,0,0,0,0,0,0,0,500,499
110085,470,0,0,0,0,1,0,0,0,0,0,0,0,0,0,0,465,464
110086,570,0,0,0,0,0,0,0,0,0,1,1,1,1,0,0,565,564
110087,500,0,2,0,0,1,0,0,0,0,0,0,0,0,0,0,493,492
110088,483,0,0,0,0,1,0,0,0,0,7,7,7,7,0,0,477,476
110089,585,0,0,0,0,0,0,0,0,0,1,1,1,1,0,0,580,579
110090,304,0,0,0,0,2,0,0,0,0,0,0,0,0,0,0,298,298
110091,637,0,0,0,0,0,0,0,0,0,0,0,0,0,0,0,632,631
110092,374,0,0,0,0,3,0,0,0,0,0,0,0,0,0,0,367,366
110093,450,0,1,0,0,4,0,0,0,0,0,0,0,0,0,0,441,440
110094,328,0,0,0,0,1,0,0,0,0,0,0,0,0,0,0,323,322
110095,322,0,0,0,0,2,0,0,0,0,1,1,1,1,0,0,316,316
110096,567,0,0,0,0,4,0,0,0,0,2,2,2,2,0,0,558,557
110097,454,0,0,0,0,1,0,0,0,0,0,0,0,0,0,0,449,448
110098,288,0,0,0,0,1,0,0,0,0,0,0,0,0,0,0,283,282
110099,548,0,0,0,0,0,0,0,0,0,2,2,2,2,0,0,543,542
110100,547,0,0,0,0,17,0,0,0,0,0,0,0,0,0,0,525,524
110101,321,0,1,0,0,0,0,0,0,0,0,0,0,0,0,0,315,314
110102,565,0,0,0,0,6,0,0,0,0,0,0,0,0,0,0,555,554
110103,437,0,0,0,0,0,0,0,0,0,0,0,0,0,0,0,432,431
110104,397,0,1,0,0,1,0,0,0,0,8,8,8,8,0,0,391,390
110105,207,0,0,0,0,0,0,0,0,0,0,0,0,0,0,0,202,201
110106,353,0,0,0,0,1,0,0,0,0,1,1,1,1,0,0,347,346
110107,615,0,2,0,0,1,0,0,0,0,0,0,0,0,0,0,608,607
110108,348,0,0,0,0,1,0,0,0,0,2,2,2,2,0,0,342,341
110109,428,0,0,0,0,0,0,0,0,0,0,0,0,0,0,0,423,422
110110,471,0,0,0,0,1,0,0,0,0,0,0,0,0,0,0,466,465
110111,350,0,1,0,0,1,0,0,0,0,0,0,0,0,0,0,344,343
110112,294,0,0,0,0,2,0,0,0,0,0,0,0,0,0,0,288,288
110113,385,0,0,0,0,1,0,0,0,0,0,0,0,0,0,0,380,379
110114,295,0,0,0,0,0,0,0,0,0,0,0,0,0,0,0,290,289
110115,480,0,0,0,0,2,0,0,0,0,1,1,1,1,0,0,473,472
110116,570,0,1,0,0,0,0,0,0,0,1,1,1,1,0,0,564,563
110117,406,0,0,0,0,0,0,0,0,0,0,0,0,0,0,0,401,400
110118,283,0,0,0,0,3,0,0,0,0,0,0,0,0,0,0,276,275
110119,619,0,0,0,0,1,0,0,0,0,0,0,0,0,0,0,613,612
110120,295,0,0,0,0,3,0,0,0,0,0,0,0,0,0,0,288,288
110121,497,0,0,0,0,1,0,0,0,0,0,0,0,0,0,0,492,491
110122,395,0,0,0,0,2,0,0,0,0,0,0,0,0,0,0,389,388
110123,634,0,0,0,0,3,0,0,0,0,0,0,0,0,0,0,626,625
110124,481,0,1,0,0,1,0,0,0,0,0,0,0,0,0,0,474,473
110125,387,0,0,0,0,1,0,0,0,0,0,0,0,0,0,0,382,381
110126,623,0,0,0,0,11,0,0,0,0,3,3,3,3,0,0,607,606
110127,416,0,0,0,0,4,0,0,0,0,0,0,0,0,0,0,408,407
110128,396,0,1,0,0,2,0,0,0,0,0,0,0,0,0,0,389,388
110129,516,0,0,0,0,0,0,0,0,0,0,0,0,0,0,0,511,510
110130,612,0,0,0,0,1,0,0,0,0,1,1,1,1,0,0,606,605
110131,494,0,0,0,0,2,0,0,0,0,0,0,0,0,0,0,488,487
110132,623,0,1,0,0,0,0,0,0,0,0,0,0,0,0,0,617,616
110133,479,0,0,0,0,0,0,0,0,0,0,0,0,0,0,0,474,473
110134,345,0,0,0,0,2,0,0,0,0,3,3,3,3,0,0,339,339
110135,576,0,0,0,0,3,0,0,0,0,0,0,0,0,0,0,569,568
110136,339,0,0,0,0,0,0,0,0,0,0,0,0,0,0,0,334,333
110137,240,0,0,0,0,0,0,0,0,0,0,0,0,0,0,0,235,234
110138,430,0,0,0,0,0,0,0,0,0,2,2,2,2,0,0,425,424
110139,427,0,0,0,0,0,0,0,0,0,0,0,0,0,0,0,422,421
110140,400,0,0,0,0,0,0,0,0,0,1,1,1,1,0,0,395,394
110141,380,0,2,0,0,2,0,0,0,0,1,1,1,1,0,0,372,372
110142,667,0,0,0,0,0,0,0,0,0,2,2,2,2,0,0,662,661
110143,473,0,0,0,0,1,0,0,0,0,0,0,0,0,0,0,468,467
110144,413,0,0,0,0,0,0,0,0,0,0,0,0,0,0,0,408,407
110145,433,0,0,0,0,1,0,0,0,0,0,0,0,0,0,0,427,426
110146,264,0,0,0,0,1,0,0,0,0,0,0,0,0,0,0,258,257
110147,522,0,0,0,0,1,0,0,0,0,1,1,1,1,0,0,516,515
110148,460,0,0,0,0,0,0,0,0,0,0,0,0,0,0,0,455,454
110149,417,0,0,0,0,0,0,0,0,0,0,0,0,0,0,0,412,411
110150,537,0,3,0,0,2,0,0,0,0,3,3,3,3,0,0,527,526
110151,465,0,0,0,0,1,0,0,0,0,1,1,1,1,0,0,459,458
110152,455,0,0,0,0,1,0,0,0,0,0,0,0,0,0,0,450,449
110153,687,0,0,0,0,2,0,0,0,0,0,0,0,0,0,0,681,680
110154,439,0,0,0,0,0,0,0,0,0,2,2,2,2,0,0,434,433
110155,535,0,0,0,0,0,0,0,0,0,3,3,3,3,0,0,530,529
110156,489,0,0,0,0,7,0,0,0,0,32,32,32,32,0,0,477,476
110157,413,0,0,0,0,2,0,0,0,0,1,1,1,1,0,0,407,406
110158,298,0,0,0,0,2,0,0,0,0,0,0,0,0,0,0,292,292
110159,500,0,0,0,0,0,0,0,0,0,0,0,0,0,0,0,495,494
110160,447,0,0,0,0,2,0,0,0,0,2,2,2,2,0,0,440,439
110161,458,0,0,0,0,0,0,0,0,0,2,2,2,2,0,0,453,452
110162,323,0,0,0,0,1,0,0,0,0,1,1,1,1,0,0,318,317
110163,475,0,0,0,0,0,0,0,0,0,0,0,0,0,0,0,470,469
110164,394,0,0,0,0,37,0,0,0,0,0,0,0,0,0,0,353,352
110165,518,0,0,0,0,0,0,0,0,0,0,0,0,0,0,0,513,512
110166,359,0,0,0,0,1,0,0,0,0,0,0,0,0,0,0,354,353
110167,427,0,0,0,0,1,0,0,0,0,0,0,0,0,0,0,422,421
110168,217,0,0,0,0,0,0,0,0,0,0,0,0,0,0,0,212,211
110169,280,0,0,0,0,1,0,0,0,0,0,0,0,0,0,0,275,274
110170,263,0,0,0,0,0,0,1,0,0,1,1,1,1,0,0,258,257
110171,270,0,0,0,0,11,0,0,0,0,0,0,0,0,0,0,255,254
110172,535,0,0,0,0,0,0,0,0,0,0,0,0,0,0,0,530,529
110173,377,0,0,0,0,0,0,0,0,0,0,0,0,0,0,0,372,371
110174,577,0,0,0,0,0,0,0,0,0,1,1,1,1,0,0,572,571
110175,535,0,0,0,0,1,0,0,0,0,3,3,3,3,0,0,530,529
110176,672,0,0,0,0,0,0,0,0,0,0,0,0,0,0,0,667,666
110177,54,0,0,0,0,2,0,0,0,0,0,0,0,0,0,0,48,48
110178,448,0,0,0,0,0,0,0,0,0,0,0,0,0,0,0,443,442
110179,493,0,0,0,0,4,0,0,0,0,0,0,0,0,0,0,485,484
110180,393,0,0,0,0,0,0,0,0,0,0,0,0,0,0,0,388,387
110181,284,0,0,0,0,1,0,0,0,0,0,0,0,0,0,0,279,278
110182,463,0,0,0,0,1,0,6,0,0,2,2,2,2,0,0,458,457
110183,400,0,0,0,0,1,0,0,0,0,1,1,1,1,0,0,395,394
110184,617,0,0,0,0,1,0,0,0,0,0,0,0,0,0,0,612,611
110185,449,0,0,0,0,0,0,0,0,0,2,2,2,2,0,0,444,443
110186,550,0,0,0,0,1,0,0,0,0,0,0,0,0,0,0,545,544
110187,588,0,0,0,0,1,0,0,0,0,5,5,5,5,0,0,583,582
110188,376,0,0,0,0,1,0,0,0,0,0,0,0,0,0,0,371,370
110189,522,0,0,0,0,1,0,0,0,0,16,27,16,27,0,0,517,516
110190,490,0,0,0,0,3,0,0,0,0,1,1,1,1,0,0,483,482
110191,574,0,0,0,0,2,0,0,0,0,1,1,1,1,0,0,567,566
110192,782,0,0,0,0,1,0,0,0,0,1,1,1,1,0,0,776,775
110193,405,0,0,0,0,4,0,0,0,0,0,0,0,0,0,0,396,395
110194,668,0,0,0,0,11,0,0,0,0,0,0,0,0,0,0,652,651
110195,414,0,2,0,0,2,0,0,0,0,0,0,0,0,0,0,405,404
110196,318,0,0,0,0,1,0,0,0,0,0,0,0,0,0,0,313,312
110197,364,0,0,0,0,0,0,0,0,0,0,0,0,0,0,0,359,358
110198,376,0,0,0,0,0,0,0,0,0,0,0,0,0,0,0,371,370
110199,78,0,0,0,0,2,0,0,0,0,0,0,0,0,0,0,72,72
110200,374,0,0,0,0,1,0,0,0,0,0,0,0,0,0,0,369,368
110201,240,0,0,0,0,2,0,0,0,0,0,0,0,0,0,0,234,234
110202,578,0,0,0,0,0,0,0,0,0,0,0,0,0,0,0,573,572
110203,381,0,0,0,0,0,0,0,0,0,1,1,1,1,0,0,376,375
110204,496,0,0,0,0,1,0,0,0,0,0,0,0,0,0,0,491,490
110205,559,0,0,0,0,0,0,0,0,0,1,1,1,1,0,0,554,553
110206,54,0,0,0,0,2,0,0,0,0,0,0,0,0,0,0,48,48
110207,562,0,0,0,0,0,0,0,0,0,2,2,2,2,0,0,557,556
110208,673,0,0,0,0,1,0,0,0,0,1,1,1,1,0,0,667,666
110209,435,0,0,0,0,1,0,0,0,0,0,0,0,0,0,0,430,429
110210,507,0,0,0,0,1,0,0,0,0,0,0,0,0,0,0,502,501
110211,311,0,0,0,0,1,0,0,0,0,0,0,0,0,0,0,306,305
110212,178,0,0,0,0,0,0,0,0,0,0,0,0,0,0,0,173,172
110213,350,0,0,0,0,0,0,0,0,0,0,0,0,0,0,0,345,344
110214,408,0,0,0,0,1,0,0,0,0,0,0,0,0,0,0,403,402
110215,442,0,0,0,0,0,0,0,0,0,2,2,2,2,0,0,437,436
110216,413,0,0,0,0,6,0,0,0,0,0,0,0,0,0,0,403,402
110217,505,0,0,0,0,1,0,0,0,0,0,0,0,0,0,0,500,499
110218,294,0,0,0,0,1,0,0,0,0,0,0,0,0,0,0,289,288
110219,508,0,0,0,0,0,0,0,0,0,0,0,0,0,0,0,503,502
110220,510,0,0,0,0,1,0,0,0,0,0,0,0,0,0,0,505,504
110221,461,0,0,0,0,2,0,0,0,0,0,0,0,0,0,0,454,453
110222,468,0,1,0,0,1,0,0,0,0,0,0,0,0,0,0,462,461
110223,470,0,0,0,0,2,0,0,0,0,0,0,0,0,0,0,464,463
110224,261,0,0,0,0,1,0,0,0,0,0,0,0,0,0,0,256,255
110225,593,0,0,0,0,0,0,0,0,0,0,0,0,0,0,0,588,587
110226,463,0,0,0,0,0,0,0,0,0,2,2,2,2,0,0,458,457
110227,477,0,0,0,0,0,0,0,0,0,0,0,0,0,0,0,472,471
110228,293,0,0,0,0,2,0,0,0,0,0,0,0,0,0,0,287,287
110229,343,0,0,0,0,1,0,0,0,0,0,0,0,0,0,0,338,337
110230,355,0,0,0,0,2,0,0,0,0,0,0,0,0,0,0,348,347
110231,702,0,0,0,0,1,0,0,0,0,1,1,1,1,0,0,697,696
110232,455,0,2,0,0,1,0,0,0,0,0,0,0,0,0,0,448,447
110233,363,0,0,0,0,0,0,0,0,0,1,1,1,1,0,0,358,357
110234,683,0,0,0,0,0,0,0,0,0,0,0,0,0,0,0,678,677
110235,365,0,0,0,0,1,0,0,0,0,1,1,1,1,0,0,359,358
110236,411,0,0,0,0,0,0,0,0,0,0,0,0,0,0,0,406,405
110237,365,0,0,0,0,3,0,0,0,0,1,1,1,1,0,0,358,358
110238,635,0,0,0,0,1,0,0,0,0,1,1,1,1,0,0,630,629
110239,464,0,0,0,0,0,0,0,0,0,0,0,0,0,0,0,459,458
110240,397,0,0,0,0,0,0,0,0,0,0,0,0,0,0,0,392,391
110241,711,0,0,0,0,1,0,0,0,0,14,14,14,14,0,0,705,704
110242,608,0,0,0,0,1,0,0,0,0,0,0,0,0,0,0,603,602
110243,368,0,0,0,0,1,0,0,0,0,0,0,0,0,0,0,363,362
110245,458,0,0,0,0,0,0,0,0,0,1,1,1,1,0,0,453,452
110246,590,0,3,0,0,1,0,0,0,0,0,0,0,0,0,0,581,580
110247,451,0,0,0,0,0,0,0,0,0,0,0,0,0,0,0,446,445
110248,410,0,0,0,0,2,0,0,0,0,0,0,0,0,0,0,404,404
110249,322,0,0,0,0,1,0,0,0,0,0,0,0,0,0,0,317,316
110250,513,0,1,0,0,1,0,0,0,0,0,0,0,0,0,0,506,505
110251,316,0,0,0,0,1,0,0,0,0,0,0,0,0,0,0,311,310
110252,478,0,0,0,0,0,0,0,0,0,0,0,0,0,0,0,473,472
110253,540,0,0,0,0,2,0,0,0,0,0,0,0,0,0,0,534,534
110254,331,0,0,0,0,1,0,0,0,0,1,1,1,1,0,0,326,325
110255,369,0,0,0,0,0,0,0,0,0,1,1,1,1,0,0,364,363
110256,376,0,0,0,0,1,0,0,0,0,0,0,0,0,0,0,371,370
110257,547,0,1,0,0,0,0,0,0,0,3,3,3,3,0,0,541,540
110258,695,0,0,0,0,1,0,0,0,0,2,2,2,2,0,0,689,688
110259,417,0,0,0,0,2,0,0,0,0,2,2,2,2,0,0,410,409
110260,387,0,0,0,0,2,0,0,0,0,1,1,1,1,0,0,381,380
110261,380,0,0,0,0,9,0,0,0,0,0,0,0,0,0,0,366,365
110262,456,0,0,0,0,0,0,0,0,0,1,1,1,1,0,0,451,450
110263,40,0,0,0,0,0,0,0,0,0,0,0,0,0,0,0,35,34
110264,427,0,0,0,0,1,0,0,0,0,0,0,0,0,0,0,422,421
110265,393,0,1,0,0,6,0,0,0,0,0,0,0,0,0,0,382,381
110266,470,0,0,0,0,0,0,0,0,0,2,2,2,2,0,0,465,464
110267,417,0,0,0,0,1,0,0,0,0,0,0,0,0,0,0,412,411
110268,571,0,0,0,0,4,0,0,0,0,2,2,2,2,0,0,562,561
110269,601,0,0,0,0,3,0,0,0,0,0,0,0,0,0,0,594,593
110270,448,0,0,0,0,1,0,0,0,0,0,0,0,0,0,0,443,442
110271,384,0,0,0,0,1,0,0,0,0,0,0,0,0,0,0,379,378
110272,333,0,0,0,0,0,0,0,0,0,0,0,0,0,0,0,328,327
110273,413,0,0,0,0,1,0,0,0,0,0,0,0,0,0,0,408,407
110274,553,0,0,0,0,1,0,0,0,0,0,0,0,0,0,0,548,547
110275,434,0,0,0,0,1,0,0,0,0,0,0,0,0,0,0,429,428
110276,480,0,0,0,0,2,0,0,0,0,0,0,0,0,0,0,473,472
110277,462,0,0,0,0,1,0,0,0,0,0,0,0,0,0,0,457,456
110278,434,0,0,0,0,0,0,0,0,0,0,0,0,0,0,0,429,428
110279,415,0,0,0,0,1,0,0,0,0,0,0,0,0,0,0,410,409
110280,609,0,0,0,0,0,0,0,0,0,2,2,2,2,0,0,604,603
110281,408,0,0,0,0,0,0,0,0,0,1,1,1,1,0,0,403,402
110282,410,0,0,0,0,1,0,0,0,0,0,0,0,0,0,0,405,404
110283,421,0,0,0,0,9,0,0,0,0,1,1,1,1,0,0,408,407
110284,587,0,0,0,0,0,0,0,0,0,0,0,0,0,0,0,582,581
110285,497,0,0,0,0,2,0,0,0,0,0,0,0,0,0,0,491,490
110286,599,0,0,0,0,0,0,0,0,0,2,2,2,2,0,0,594,593
110287,379,0,0,0,0,1,0,0,0,0,0,0,0,0,0,0,374,373
110288,395,0,0,0,0,1,0,0,0,0,0,0,0,0,0,0,390,389
110289,368,0,0,0,0,7,0,0,0,0,1,1,1,1,0,0,356,355
110290,461,0,0,0,0,1,0,0,0,0,0,0,0,0,0,0,456,455
110291,271,0,0,0,0,1,0,0,0,0,0,0,0,0,0,0,266,265
110292,345,0,0,0,0,1,0,0,0,0,0,0,0,0,0,0,340,339
110293,603,0,0,0,0,6,0,0,0,0,0,0,0,0,0,0,592,591
110294,372,0,0,0,0,1,0,0,0,0,0,0,0,0,0,0,367,366
110295,464,0,0,0,0,2,0,0,0,0,1,1,1,1,0,0,458,458
110297,361,0,0,0,0,2,0,0,0,0,1,1,1,1,0,0,355,355
110298,475,0,0,0,0,0,0,0,0,0,0,0,0,0,0,0,470,469
110299,661,0,0,0,0,0,0,0,0,0,0,0,0,0,0,0,656,655
110300,430,0,0,0,0,0,0,0,0,0,2,2,2,2,0,0,425,424
110301,407,0,0,0,0,3,0,0,0,0,0,0,0,0,0,0,400,399
110302,394,0,0,0,0,0,0,0,0,0,0,0,0,0,0,0,389,388
110303,153,0,0,0,0,2,0,0,0,0,0,0,0,0,0,0,147,147
110304,295,0,0,0,0,1,0,0,0,0,0,0,0,0,0,0,290,289
110305,404,0,0,0,0,1,0,0,0,0,0,0,0,0,0,0,399,398
110306,344,0,0,0,0,0,0,0,0,0,0,0,0,0,0,0,339,338
110307,512,0,0,0,0,1,0,0,0,0,0,0,0,0,0,0,506,505
110308,551,0,0,0,0,0,0,0,0,0,40,40,40,40,0,0,546,545
110309,761,0,0,0,0,0,0,0,0,0,2,2,2,2,0,0,756,755
110310,545,0,0,0,0,0,0,0,0,0,0,0,0,0,0,0,540,539
110311,602,0,0,0,0,8,0,0,0,0,0,0,0,0,0,0,590,589
110312,486,0,0,0,0,0,0,0,0,0,1,1,1,1,0,0,481,480
110313,550,0,0,0,0,1,0,0,0,0,0,0,0,0,0,0,544,543
110314,562,0,0,0,0,1,0,0,0,0,0,0,0,0,0,0,557,556
110315,500,0,0,0,0,2,0,0,0,0,0,0,0,0,0,0,493,492
110316,407,0,1,0,0,1,0,0,0,0,0,0,0,0,0,0,401,400
110317,522,0,0,0,0,0,0,0,0,0,1,1,1,1,0,0,517,516
110318,432,0,0,0,0,1,0,0,0,0,0,0,0,0,0,0,426,425
110319,395,0,0,0,0,0,0,0,0,0,1,1,1,1,0,0,390,389
110320,568,0,0,0,0,1,0,0,0,0,1,1,1,1,0,0,562,561
110321,278,0,0,0,0,1,0,0,0,0,0,0,0,0,0,0,273,272
110322,424,0,0,0,0,2,0,0,0,0,0,0,0,0,0,0,418,417
110323,424,0,0,0,0,0,0,0,0,0,0,0,0,0,0,0,419,418
110324,613,0,0,0,0,0,0,0,0,0,40,40,40,40,0,0,608,607
110325,376,0,0,0,0,1,0,0,0,0,0,0,0,0,0,0,371,370
110326,320,0,0,0,0,0,0,0,0,0,0,0,0,0,0,0,315,314
110327,683,0,0,0,0,0,0,0,0,0,2,2,2,2,0,0,678,677
110328,438,0,0,0,0,1,0,0,0,0,0,0,0,0,0,0,433,432
110329,735,0,0,0,0,1,0,0,0,0,0,0,0,0,0,0,730,729
110330,485,0,0,0,0,1,0,0,0,0,0,0,0,0,0,0,479,478
110331,506,0,0,0,0,0,0,0,0,0,2,2,2,2,0,0,501,500
110332,303,0,0,0,0,0,0,0,0,0,0,0,0,0,0,0,298,297
110333,643,0,1,0,0,3,0,0,0,0,0,0,0,0,0,0,634,633
110334,402,0,0,0,0,1,0,0,0,0,0,0,0,0,0,0,397,396
110335,327,0,0,0,0,2,0,0,0,0,0,0,0,0,0,0,321,321
110336,413,0,0,0,0,1,0,0,0,0,0,0,0,0,0,0,408,407
110337,559,0,0,0,0,0,0,0,0,0,1,1,1,1,0,0,554,553
110338,660,0,0,0,0,7,0,0,0,0,0,0,0,0,0,0,648,647
110339,357,0,0,0,0,1,0,0,0,0,0,0,0,0,0,0,352,351
110340,508,0,0,0,0,0,0,8,0,0,1,1,1,1,0,0,503,502
110341,534,0,0,0,0,0,0,0,0,0,0,0,0,0,0,0,529,528
110342,382,0,0,0,0,1,0,0,0,0,0,0,0,0,0,0,377,376
110344,505,0,0,0,0,3,0,0,0,0,2,2,2,2,0,0,497,496
110345,356,0,0,0,0,1,0,0,0,0,0,0,0,0,0,0,351,350
110346,660,0,0,0,0,0,0,0,0,0,0,0,0,0,0,0,655,654
110347,42,0,0,0,0,2,0,0,0,0,0,0,0,0,0,0,36,36
110348,336,0,2,0,0,0,0,0,0,0,0,0,0,0,0,0,329,328
110349,529,0,4,0,0,11,0,0,0,0,0,0,0,0,0,0,509,508
110350,438,0,0,0,0,0,0,0,0,0,1,1,1,1,0,0,433,432
110351,461,0,1,0,0,2,0,0,0,0,0,0,0,0,0,0,454,453
110352,428,0,0,0,0,0,0,0,0,0,0,0,0,0,0,0,423,422
110353,382,0,0,0,0,0,0,0,0,0,0,0,0,0,0,0,377,376
110354,606,0,0,0,0,0,0,0,0,0,1,1,1,1,0,0,601,600
110355,357,0,0,0,0,0,0,0,0,0,0,0,0,0,0,0,352,351
110356,360,0,0,0,0,4,0,7,0,0,0,0,0,0,0,0,352,351
110357,354,0,0,0,0,1,0,0,0,0,0,0,0,0,0,0,349,348
110358,566,0,0,0,0,0,0,0,0,0,2,2,2,2,0,0,561,560
110359,628,0,0,0,0,1,0,0,0,0,0,0,0,0,0,0,623,622
110360,456,0,0,0,0,1,0,0,0,0,1,1,1,1,0,0,450,449
110361,447,0,0,0,0,1,0,0,0,0,0,0,0,0,0,0,442,441
110362,398,0,0,0,0,0,0,0,0,0,0,0,0,0,0,0,393,392
110363,355,0,0,0,0,0,0,0,0,0,0,0,0,0,0,0,350,349
110364,414,0,0,0,0,1,0,0,0,0,0,0,0,0,0,0,409,408
110365,408,0,0,0,0,1,0,0,0,0,2,2,2,2,0,0,403,402
110366,429,0,4,0,0,0,0,0,0,0,0,0,0,0,0,0,420,419
110367,529,0,0,0,0,1,0,0,0,0,0,0,0,0,0,0,524,523
110368,389,0,0,0,0,0,0,0,0,0,0,0,0,0,0,0,384,383
110369,484,0,0,0,0,1,0,0,0,0,1,1,1,1,0,0,478,477
110370,714,0,0,0,0,0,0,0,0,0,0,0,0,0,0,0,709,708
110371,509,0,0,0,0,2,0,0,0,0,0,0,0,0,0,0,502,501
110372,99,0,0,0,0,2,0,0,0,0,0,0,0,0,0,0,93,93
110373,559,0,0,0,0,0,0,0,0,0,54,54,54,54,0,0,554,553
110374,365,0,0,0,0,1,0,0,0,0,0,0,0,0,0,0,360,359
110375,314,0,0,0,0,1,0,0,0,0,0,0,0,0,0,0,309,308
110376,554,0,0,0,0,0,0,0,0,0,3,3,3,3,0,0,549,548
110377,651,0,0,0,0,1,0,0,0,0,0,0,0,0,0,0,645,644
110378,348,0,1,0,0,2,0,0,0,0,0,0,0,0,0,0,341,341
110379,388,0,0,0,0,0,0,0,0,0,2,2,2,2,0,0,383,382
110380,416,0,0,0,0,0,0,0,0,0,2,2,2,2,0,0,411,410
110381,372,0,0,0,0,1,0,0,0,0,0,0,0,0,0,0,366,365
110382,373,0,0,0,0,0,0,0,0,0,1,1,1,1,0,0,368,367
110383,329,0,0,0,0,1,0,0,0,0,0,0,0,0,0,0,324,323
110384,451,0,0,0,0,1,0,0,0,0,0,0,0,0,0,0,446,445
110385,405,0,0,0,0,0,0,0,0,0,0,0,0,0,0,0,400,399
110386,405,0,1,0,0,2,0,0,0,0,0,0,0,0,0,0,398,397
110387,469,0,0,0,0,25,0,0,0,0,0,0,0,0,0,0,440,439
110388,389,0,0,0,0,0,0,0,0,0,0,0,0,0,0,0,384,383
110389,485,0,0,0,0,0,0,0,0,0,2,2,2,2,0,0,480,479
110390,522,0,0,0,0,0,0,6,0,0,1,1,1,1,0,0,517,516
110391,385,0,0,0,0,0,0,0,0,0,0,0,0,0,0,0,380,379
110392,302,0,0,0,0,0,0,0,0,0,0,0,0,0,0,0,297,296
110393,511,0,0,0,0,0,0,0,0,0,1,1,1,1,0,0,506,505
110394,399,0,2,0,0,4,0,0,0,0,0,0,0,0,0,0,389,388
110395,377,0,0,0,0,4,0,0,0,0,0,0,0,0,0,0,369,368
110396,421,0,0,0,0,0,0,0,0,0,0,0,0,0,0,0,416,415
110397,281,0,0,0,0,0,0,0,0,0,0,0,0,0,0,0,276,275
110398,497,0,0,0,0,1,0,0,0,0,0,0,0,0,0,0,491,490
110399,427,0,0,0,0,2,0,0,0,0,0,0,0,0,0,0,421,421
110400,344,0,0,0,0,2,0,0,0,0,2,2,2,2,0,0,338,338
110401,295,0,0,0,0,1,0,0,0,0,0,0,0,0,0,0,290,289
110402,306,0,0,0,0,1,0,0,0,0,0,0,0,0,0,0,301,300
110403,441,0,0,0,0,5,0,0,0,0,0,0,0,0,0,0,432,431
110404,430,0,0,0,0,1,0,0,0,0,0,0,0,0,0,0,425,424
110405,252,0,1,0,0,0,0,0,0,0,0,0,0,0,0,0,246,245
110406,562,0,2,0,0,0,0,0,0,0,0,0,0,0,0,0,555,554
110407,378,0,0,0,0,1,0,0,0,0,0,0,0,0,0,0,373,372
110408,347,0,0,0,0,1,0,0,0,0,0,0,0,0,0,0,342,341
110409,459,0,0,0,0,1,0,0,0,0,1,1,1,1,0,0,453,452
110410,334,0,0,0,0,1,0,0,0,0,0,0,0,0,0,0,329,328
110411,619,0,0,0,0,0,0,5,0,0,1,1,1,1,0,0,614,613
110412,454,0,0,0,0,0,0,0,0,0,0,0,0,0,0,0,449,448
110414,343,0,0,0,0,0,0,0,0,0,0,0,0,0,0,0,338,337
110415,902,0,0,0,0,0,0,0,0,0,0,0,0,0,0,0,897,896
110416,534,0,0,0,0,2,0,0,0,0,0,0,0,0,0,0,528,527
110417,396,0,0,0,0,1,0,0,0,0,0,0,0,0,0,0,391,390
110418,243,0,0,0,0,5,0,0,0,0,0,0,0,0,0,0,233,232
110419,410,0,0,0,0,0,0,0,0,0,1,1,1,1,0,0,405,404
110420,350,0,0,0,0,0,0,0,0,0,0,0,0,0,0,0,345,344
110421,532,0,0,0,0,1,0,0,0,0,2,2,2,2,0,0,526,525
110423,462,0,0,0,0,0,0,0,0,0,2,2,2,2,0,0,457,456
110424,428,0,0,0,0,1,0,0,0,0,0,0,0,0,0,0,423,422
110425,371,0,0,0,0,2,0,0,0,0,0,0,0,0,0,0,365,365
110426,445,0,0,0,0,0,0,0,0,0,1,1,1,1,0,0,440,439
110427,408,0,2,0,0,1,0,0,0,0,0,0,0,0,0,0,401,400
110428,493,0,0,0,0,0,0,0,0,0,0,0,0,0,0,0,488,487
110429,433,0,0,0,0,1,0,0,0,0,0,0,0,0,0,0,428,427
110430,530,0,0,0,0,0,0,0,0,0,0,0,0,0,0,0,525,524
110431,426,0,0,0,0,1,0,0,0,0,1,1,1,1,0,0,421,420
110432,539,0,0,0,0,1,0,0,0,0,0,0,0,0,0,0,534,533
110433,547,0,0,0,0,0,0,0,0,0,2,2,2,2,0,0,542,541
110434,493,0,0,0,0,0,0,0,0,0,2,2,2,2,0,0,488,487
110435,309,0,0,0,0,0,0,0,0,0,0,0,0,0,0,0,304,303
110436,300,0,0,0,0,3,0,0,0,0,0,0,0,0,0,0,293,293
110437,307,0,0,0,0,2,0,0,0,0,0,0,0,0,0,0,301,301
110438,419,0,0,0,0,1,0,0,0,0,0,0,0,0,0,0,414,413
110439,372,0,2,0,0,3,0,0,0,0,0,0,0,0,0,0,363,362
110440,427,0,0,0,0,1,0,0,0,0,1,1,1,1,0,0,422,421
110441,506,0,0,0,0,0,0,0,0,0,0,0,0,0,0,0,501,500
110442,788,0,0,0,0,0,0,0,0,0,2,2,2,2,0,0,783,782
110443,403,0,0,0,0,1,0,0,0,0,8,8,8,8,0,0,398,397
110444,601,0,0,0,0,0,0,0,0,0,1,1,1,1,0,0,596,595
110445,398,0,0,0,0,1,0,0,0,0,0,0,0,0,0,0,393,392
110446,330,0,0,0,0,1,0,0,0,0,0,0,0,0,0,0,325,324
110447,400,0,0,0,0,0,0,0,0,0,2,2,2,2,0,0,395,394
110448,590,0,0,0,0,1,0,0,0,0,2,2,2,2,0,0,584,583
110449,416,0,0,0,0,4,0,0,0,0,0,0,0,0,0,0,408,407
110450,321,0,0,0,0,1,0,0,0,0,0,0,0,0,0,0,316,315
110451,730,0,0,0,0,5,0,0,0,0,1,1,1,1,0,0,721,720
110452,493,0,1,0,0,1,0,0,0,0,0,0,0,0,0,0,487,486
110453,402,0,0,0,0,1,0,0,0,0,1,1,1,1,0,0,397,396
110454,337,0,0,0,0,1,0,0,0,0,0,0,0,0,0,0,331,330
110455,307,0,0,0,0,1,0,0,0,0,0,0,0,0,0,0,302,301
110456,566,0,0,0,0,1,0,0,0,0,0,0,0,0,0,0,561,560
110457,16,0,0,0,0,2,0,0,0,0,0,0,0,0,0,0,10,10
110458,375,0,1,0,0,0,0,0,0,0,0,0,0,0,0,0,369,368
110459,375,0,0,0,0,0,0,0,0,0,0,0,0,0,0,0,370,369
110460,422,0,0,0,0,0,0,0,0,0,1,1,1,1,0,0,417,416
110461,324,0,0,0,0,2,0,0,0,0,0,0,0,0,0,0,317,316
110462,636,0,0,0,0,0,0,0,0,0,0,0,0,0,0,0,631,630
110463,491,0,0,0,0,3,0,0,0,0,0,0,0,0,0,0,484,483
110464,411,0,0,0,0,0,0,0,0,0,1,1,1,1,0,0,406,405
110465,466,0,0,0,0,1,0,0,0,0,0,0,0,0,0,0,461,460
110466,440,0,0,0,0,1,0,0,0,0,0,0,0,0,0,0,435,434
110467,508,0,1,0,0,0,0,0,0,0,0,0,0,0,0,0,502,501
110468,525,0,0,0,0,0,0,0,0,0,0,0,0,0,0,0,520,519
110469,461,0,0,0,0,3,0,0,0,0,0,0,0,0,0,0,454,453
110470,677,0,0,0,0,1,0,0,0,0,1,1,1,1,0,0,671,670
110471,587,0,0,0,0,1,0,0,0,0,0,0,0,0,0,0,581,580
110472,312,0,0,0,0,2,0,0,0,0,0,0,0,0,0,0,306,306
110473,327,0,0,0,0,2,0,0,0,0,0,0,0,0,0,0,321,321
110474,396,0,0,0,0,1,0,0,0,0,0,0,0,0,0,0,391,390
110475,444,0,1,0,0,0,0,0,0,0,1,1,1,1,0,0,438,437
110476,517,0,0,0,0,1,0,0,0,0,0,0,0,0,0,0,511,510
110477,353,0,0,0,0,1,0,0,0,0,0,0,0,0,0,0,348,347
110478,446,0,0,0,0,2,0,0,0,0,0,0,0,0,0,0,440,439
110479,467,0,0,0,0,5,0,0,0,0,0,0,0,0,0,0,458,457
110480,627,0,0,0,0,1,0,0,0,0,0,0,0,0,0,0,622,621
110481,375,0,0,0,0,3,0,0,0,0,0,0,0,0,0,0,368,367
110482,435,0,0,0,0,0,0,0,0,0,0,0,0,0,0,0,430,429
110483,333,0,0,0,0,2,0,0,0,0,0,0,0,0,0,0,327,326
110484,307,0,0,0,0,0,0,0,0,0,0,0,0,0,0,0,302,301
110485,49,0,1,0,0,0,0,0,0,0,0,0,0,0,0,0,43,42
110486,590,0,0,0,0,3,0,0,0,0,0,0,0,0,0,0,583,582
110487,507,0,0,0,0,0,0,0,0,0,2,2,2,2,0,0,502,501
110488,463,0,0,0,0,0,0,0,0,0,0,0,0,0,0,0,458,457
110489,374,0,0,0,0,2,0,0,0,0,0,0,0,0,0,0,368,367
110490,632,0,0,0,0,1,0,0,0,0,0,0,0,0,0,0,626,625
110491,402,0,0,0,0,0,0,0,0,0,0,0,0,0,0,0,397,396
110492,407,0,0,0,0,1,0,0,0,0,0,0,0,0,0,0,402,401
110493,478,0,0,0,0,0,0,0,0,0,1,1,1,1,0,0,473,472
110494,340,0,0,0,0,0,0,0,0,0,0,0,0,0,0,0,335,334
110495,484,0,0,0,0,0,0,0,0,0,0,0,0,0,0,0,479,478
110496,456,0,0,0,0,1,0,0,0,0,0,0,0,0,0,0,450,449
110497,424,0,0,0,0,0,0,0,0,0,0,0,0,0,0,0,419,418
110498,425,0,0,0,0,1,0,0,0,0,0,0,0,0,0,0,420,419
110500,554,0,2,0,0,1,0,0,0,0,0,0,0,0,0,0,547,546
110501,550,0,1,0,0,5,0,0,0,0,1,1,1,1,0,0,540,539
110502,110,0,0,0,0,2,0,0,0,0,0,0,0,0,0,0,104,104
110503,474,0,0,0,0,0,0,0,0,0,1,1,1,1,0,0,469,468
110504,295,0,0,0,0,2,0,0,0,0,0,0,0,0,0,0,289,288
110505,321,0,0,0,0,1,0,0,0,0,0,0,0,0,0,0,316,315
110506,349,0,0,0,0,2,0,6,0,0,1,1,1,1,0,0,343,342
110507,16,0,0,0,0,3,0,0,0,0,0,0,0,0,0,0,10,10
110508,289,0,0,0,0,4,0,0,0,0,0,0,0,0,0,0,281,281
110509,442,0,0,0,0,1,0,0,0,0,0,0,0,0,0,0,437,436
110510,395,0,0,0,0,0,0,0,0,0,0,0,0,0,0,0,390,389
110511,476,0,0,0,0,0,0,0,0,0,0,0,0,0,0,0,471,470
110513,440,0,0,0,0,1,0,0,0,0,0,0,0,0,0,0,434,433
110514,410,0,0,0,0,0,0,0,0,0,0,0,0,0,0,0,405,404
110515,409,0,2,0,0,0,0,0,0,0,2,2,2,2,0,0,402,401
110516,615,0,0,0,0,0,0,0,0,0,2,2,2,2,0,0,610,609
110517,339,0,0,0,0,1,0,0,0,0,0,0,0,0,0,0,334,333
110518,280,0,0,0,0,1,0,0,0,0,0,0,0,0,0,0,275,274
110519,508,0,0,0,0,0,0,0,0,0,1,1,1,1,0,0,503,502
110520,369,0,0,0,0,2,0,0,0,0,0,0,0,0,0,0,363,363
110521,501,0,0,0,0,0,0,0,0,0,0,0,0,0,0,0,496,495
110522,582,0,0,0,0,0,0,0,0,0,2,2,2,2,0,0,577,576
110523,580,0,0,0,0,1,0,0,0,0,0,0,0,0,0,0,575,574
110524,405,0,0,0,0,0,0,0,0,0,1,1,1,1,0,0,400,399
110525,448,0,0,0,0,1,0,0,0,0,0,0,0,0,0,0,443,442
110526,628,0,0,0,0,0,0,0,0,0,0,0,0,0,0,0,623,622
110527,642,0,0,0,0,3,0,0,0,0,2,2,2,2,0,0,635,634
110528,468,0,0,0,0,1,0,0,0,0,0,0,0,0,0,0,462,461
110529,407,0,0,0,0,2,0,0,0,0,0,0,0,0,0,0,400,399
110530,517,0,0,0,0,1,0,0,0,0,0,0,0,0,0,0,512,511
110531,510,0,0,0,0,0,0,0,0,0,2,2,2,2,0,0,505,504
110532,800,0,0,0,0,0,0,0,0,0,61,61,61,61,0,0,795,794
110533,249,0,1,0,0,0,0,0,0,0,0,0,0,0,0,0,243,242
110534,392,0,0,0,0,0,0,0,0,0,0,0,0,0,0,0,387,386
110535,599,0,0,0,0,1,0,0,0,0,2,2,2,2,0,0,593,592
110536,321,0,0,0,0,1,0,0,0,0,1,1,1,1,0,0,316,315
110537,438,0,0,0,0,2,0,0,0,0,0,0,0,0,0,0,432,431
110538,516,0,2,0,0,1,0,0,0,0,0,0,0,0,0,0,508,507
110539,444,0,0,0,0,0,0,0,0,0,0,0,0,0,0,0,439,438
110540,483,0,0,0,0,1,0,0,0,0,0,0,0,0,0,0,478,477
110541,591,0,0,0,0,0,0,0,0,0,2,2,2,2,0,0,586,585
110542,348,0,0,0,0,1,0,0,0,0,0,0,0,0,0,0,343,342
110543,498,0,0,0,0,0,0,6,0,0,0,0,0,0,0,0,493,492
110544,469,0,0,0,0,0,0,0,0,0,0,0,0,0,0,0,464,463
110545,389,0,0,0,0,1,0,0,0,0,0,0,0,0,0,0,384,383
110546,276,0,3,0,0,1,0,0,0,0,1,1,1,1,0,0,268,267
110547,468,0,0,0,0,0,0,0,0,0,0,0,0,0,0,0,463,462
110548,225,0,0,0,0,2,0,0,0,0,1,1,1,1,0,0,219,219
110549,253,0,0,0,0,1,0,0,0,0,0,0,0,0,0,0,248,247
110550,290,0,0,0,0,1,0,0,0,0,0,0,0,0,0,0,284,283
110551,678,0,2,0,0,9,0,0,0,0,0,0,0,0,0,0,662,661
110552,453,0,0,0,0,0,0,0,0,0,2,2,2,2,0,0,448,447
110553,526,0,0,0,0,0,0,0,0,0,1,1,1,1,0,0,521,520
110554,322,0,0,0,0,0,0,0,0,0,2,2,2,2,0,0,317,316
110555,314,0,0,0,0,1,0,6,0,0,0,0,0,0,0,0,309,308
110557,445,0,1,0,0,0,0,0,0,0,1,1,1,1,0,0,439,438
110558,347,0,0,0,0,2,0,0,0,0,0,0,0,0,0,0,341,340
110559,501,0,0,0,0,0,0,0,0,0,0,0,0,0,0,0,496,495
110560,396,0,0,0,0,0,0,0,0,0,0,0,0,0,0,0,391,390
110561,346,0,0,0,0,2,0,0,0,0,0,0,0,0,0,0,340,340
110562,267,0,0,0,0,2,0,0,0,0,0,0,0,0,0,0,261,261
110563,576,0,0,0,0,0,0,0,0,0,0,0,0,0,0,0,571,570
110564,502,0,0,0,0,1,0,0,0,0,0,0,0,0,0,0,497,496
110565,405,0,0,0,0,1,0,0,0,0,0,0,0,0,0,0,400,399
110566,516,0,0,0,0,0,0,0,0,0,0,0,0,0,0,0,511,510
110567,475,0,0,0,0,0,0,0,0,0,2,2,2,2,0,0,470,469
110568,384,0,1,0,0,0,0,0,0,0,0,0,0,0,0,0,378,377
110569,423,0,0,0,0,1,0,0,0,0,0,0,0,0,0,0,418,417
110570,409,0,0,0,0,1,0,0,0,0,0,0,0,0,0,0,404,403
110571,359,0,0,0,0,0,0,0,0,0,0,0,0,0,0,0,354,353
110572,527,0,0,0,0,0,0,0,0,0,0,0,0,0,0,0,522,521
110573,370,0,0,0,0,1,0,0,0,0,0,0,0,0,0,0,364,363
110574,666,0,0,0,0,1,0,0,0,0,1,1,1,1,0,0,661,660
110575,437,0,0,0,0,1,0,0,0,0,0,0,0,0,0,0,432,431
110576,358,0,0,0,0,1,0,0,0,0,0,0,0,0,0,0,353,352
110577,496,0,1,0,0,1,0,0,0,0,0,0,0,0,0,0,490,489
110578,289,0,0,0,0,0,0,0,0,0,0,0,0,0,0,0,284,283
110579,350,0,0,0,0,4,0,0,0,0,0,0,0,0,0,0,342,341
110580,349,0,0,0,0,1,0,0,0,0,0,0,0,0,0,0,344,343
110581,592,0,0,0,0,1,0,0,0,0,1,1,1,1,0,0,586,585
110582,671,0,0,0,0,0,0,0,0,0,1,1,1,1,0,0,666,665
110583,282,0,1,0,0,1,0,0,0,0,0,0,0,0,0,0,276,275
110584,434,0,0,0,0,1,0,0,0,0,0,0,0,0,0,0,429,428
110585,437,0,1,0,0,1,0,0,0,0,2,2,2,2,0,0,430,429
110586,443,0,0,0,0,1,0,0,0,0,0,0,0,0,0,0,438,437
110587,309,0,0,0,0,2,0,0,0,0,0,0,0,0,0,0,303,303
110588,341,0,1,0,0,1,0,0,0,0,0,0,0,0,0,0,335,334
110589,586,0,0,0,0,2,0,0,0,0,0,0,0,0,0,0,580,579
110590,697,0,0,0,0,3,0,0,0,0,0,0,0,0,0,0,689,688
110591,386,0,2,0,0,0,0,0,0,0,1,1,1,1,0,0,379,378
110592,433,0,0,0,0,0,0,0,0,0,3,3,3,3,0,0,428,427
110593,396,0,0,0,0,1,0,0,0,0,1,1,1,1,0,0,391,390
110594,451,0,0,0,0,0,0,0,0,0,0,0,0,0,0,0,446,445
110595,616,0,0,0,0,1,0,0,0,0,0,0,0,0,0,0,611,610
110596,518,0,0,0,0,1,0,0,0,0,0,0,0,0,0,0,513,512
110597,466,0,1,0,0,0,0,0,0,0,2,2,2,2,0,0,460,459
110598,542,0,0,0,0,1,0,0,0,0,1,1,1,1,0,0,537,536
110599,583,0,0,0,0,1,0,0,0,0,0,0,0,0,0,0,578,577
110600,513,0,0,0,0,1,0,0,0,0,0,0,0,0,0,0,508,507
110601,427,0,0,0,0,0,0,0,0,0,0,0,0,0,0,0,422,421
110602,310,0,3,0,0,0,0,0,0,0,1,1,1,1,0,0,302,301
110603,507,0,0,0,0,0,0,0,0,0,2,2,2,2,0,0,502,501
110604,193,0,0,0,0,1,0,0,0,0,0,0,0,0,0,0,187,186
110605,410,0,4,0,0,0,0,0,0,0,0,0,0,0,0,0,401,400
110606,405,0,0,0,0,0,0,0,0,0,1,1,1,1,0,0,400,399
110607,378,0,0,0,0,0,0,0,0,0,0,0,0,0,0,0,373,372
110608,535,0,0,0,0,1,0,0,0,0,1,1,1,1,0,0,529,528
110609,414,0,2,0,0,10,0,0,0,0,0,0,0,0,0,0,397,396
110610,469,0,0,0,0,0,0,0,0,0,1,1,1,1,0,0,464,463
110611,485,0,3,0,0,0,0,0,0,0,0,0,0,0,0,0,477,476
110612,434,0,0,0,0,0,0,0,0,0,1,1,1,1,0,0,429,428
110613,38,0,0,0,0,1,0,0,0,0,0,0,0,0,0,0,33,32
110614,467,0,0,0,0,1,0,0,0,0,0,0,0,0,0,0,462,461
110615,416,0,0,0,0,1,0,0,0,0,0,0,0,0,0,0,411,410
110616,458,0,0,0,0,1,0,0,0,0,0,0,0,0,0,0,453,452
110617,394,0,0,0,0,2,0,0,0,0,0,0,0,0,0,0,387,386
110618,417,0,1,0,0,2,0,0,0,0,0,0,0,0,0,0,410,410
110619,322,0,0,0,0,1,0,0,0,0,0,0,0,0,0,0,316,315
110620,441,0,0,0,0,0,0,0,0,0,0,0,0,0,0,0,436,435
110621,433,0,2,0,0,2,0,0,0,0,0,0,0,0,0,0,424,423
110622,226,0,0,0,0,1,0,0,0,0,0,0,0,0,0,0,221,220
110623,452,0,0,0,0,2,0,0,0,0,0,0,0,0,0,0,446,445
110624,430,0,0,0,0,1,0,0,0,0,1,1,1,1,0,0,425,424
110625,614,0,0,0,0,0,0,0,0,0,1,1,1,1,0,0,609,608
110626,610,0,0,0,0,0,0,5,0,0,1,1,1,1,0,0,605,604
110627,373,0,0,0,0,0,0,0,0,0,0,0,0,0,0,0,368,367
110628,340,0,0,0,0,1,0,0,0,0,0,0,0,0,0,0,335,334
110629,302,0,0,0,0,0,0,0,0,0,0,0,0,0,0,0,297,296
110630,237,0,0,0,0,0,0,0,0,0,0,0,0,0,0,0,232,231
110631,305,0,0,0,0,7,0,0,0,0,0,0,0,0,0,0,294,294
110632,420,0,0,0,0,0,0,0,0,0,0,0,0,0,0,0,415,414
110633,321,0,0,0,0,0,0,0,0,0,0,0,0,0,0,0,316,315
110634,331,0,2,0,0,1,0,0,0,0,0,0,0,0,0,0,324,323
110635,202,0,0,0,0,0,0,0,0,0,0,0,0,0,0,0,197,196
110636,414,0,0,0,0,0,0,0,0,0,0,0,0,0,0,0,409,408
110637,518,0,0,0,0,0,0,0,0,0,4,4,4,4,0,0,513,512
110638,339,0,0,0,0,3,0,0,0,0,0,0,0,0,0,0,332,332
110639,484,0,0,0,0,0,0,0,0,0,0,0,0,0,0,0,479,478
110640,449,0,1,0,0,0,0,0,0,0,0,0,0,0,0,0,443,442
110641,680,0,3,0,0,1,0,0,0,0,0,0,0,0,0,0,672,671
110642,438,0,1,0,0,1,0,0,0,0,0,0,0,0,0,0,432,431
110643,647,0,1,0,0,0,0,0,0,0,0,0,0,0,0,0,641,640
110644,516,0,0,0,0,0,0,0,0,0,0,0,0,0,0,0,511,510
110645,320,0,0,0,0,1,0,0,0,0,0,0,0,0,0,0,315,314
110646,312,0,0,0,0,2,0,0,0,0,0,0,0,0,0,0,306,305
110647,554,0,3,0,0,1,0,0,0,0,0,0,0,0,0,0,546,545
110648,445,0,0,0,0,0,0,0,0,0,10,10,10,10,0,0,440,439
110649,673,0,0,0,0,1,0,0,0,0,2,2,2,2,0,0,667,666
110650,284,0,2,0,0,1,0,0,0,0,0,0,0,0,0,0,276,275
110651,325,0,0,0,0,2,0,0,0,0,0,0,0,0,0,0,319,319
110652,798,0,0,0,0,1,0,0,0,0,0,0,0,0,0,0,793,792
110653,660,0,0,0,0,0,0,0,0,0,2,2,2,2,0,0,655,654
110654,95,0,0,0,0,2,0,0,0,0,0,0,0,0,0,0,89,89
110655,415,0,0,0,0,1,0,0,0,0,0,0,0,0,0,0,410,409
110656,522,0,0,0,0,2,0,0,0,0,2,2,2,2,0,0,515,514
110657,567,0,0,0,0,3,0,0,0,0,1,1,1,1,0,0,559,558
110658,530,0,0,0,0,0,0,0,0,0,0,0,0,0,0,0,525,524
110659,450,0,0,0,0,1,0,0,0,0,1,1,1,1,0,0,444,443
110660,473,0,0,0,0,2,0,0,0,0,0,0,0,0,0,0,467,466
110661,829,0,0,0,0,3,0,0,0,0,1,1,1,1,0,0,821,820
110662,324,0,0,0,0,0,0,0,0,0,0,0,0,0,0,0,319,318
110663,329,0,0,0,0,1,0,0,0,0,0,0,0,0,0,0,324,323
110664,409,0,0,0,0,0,0,0,0,0,0,0,0,0,0,0,404,403
110665,406,0,0,0,0,2,0,0,0,0,1,1,1,1,0,0,399,398
110666,347,0,0,0,0,2,0,0,0,0,0,0,0,0,0,0,341,341
110667,532,0,0,0,0,0,0,0,0,0,10,10,10,10,0,0,527,526
110668,468,0,0,0,0,2,0,0,0,0,1,1,1,1,0,0,461,460
110669,459,0,0,0,0,1,0,0,0,0,1,1,1,1,0,0,453,452
110670,441,0,0,0,0,3,0,0,0,0,0,0,0,0,0,0,433,432
110671,567,0,0,0,0,0,0,0,0,0,0,0,0,0,0,0,562,561
110672,223,0,0,0,0,0,0,0,0,0,0,0,0,0,0,0,218,217
110673,436,0,0,0,0,0,0,6,0,0,1,1,1,1,0,0,431,430
110674,308,0,0,0,0,0,0,0,0,0,0,0,0,0,0,0,303,302
110675,565,0,0,0,0,3,0,0,0,0,1,1,1,1,0,0,557,556
110676,292,0,1,0,0,0,0,0,0,0,0,0,0,0,0,0,286,285
110677,568,0,0,0,0,0,0,0,0,0,0,0,0,0,0,0,563,562
110678,366,0,0,0,0,1,0,0,0,0,0,0,0,0,0,0,361,360
110679,400,0,0,0,0,0,0,0,0,0,0,0,0,0,0,0,395,394
110680,449,0,0,0,0,2,0,0,0,0,0,0,0,0,0,0,443,443
110681,442,0,0,0,0,2,0,0,0,0,0,0,0,0,0,0,436,435
110682,334,0,0,0,0,14,0,0,0,0,0,0,0,0,0,0,316,315
110683,344,0,0,0,0,1,0,0,0,0,0,0,0,0,0,0,339,338
110684,528,0,0,0,0,0,0,0,0,0,1,1,1,1,0,0,523,522
110685,542,0,0,0,0,1,0,0,0,0,0,0,0,0,0,0,536,535
110686,435,0,0,0,0,1,0,0,0,0,0,0,0,0,0,0,430,429
110687,307,0,0,0,0,1,0,0,0,0,0,0,0,0,0,0,302,301
110688,634,0,0,0,0,1,0,0,0,0,1,1,1,1,0,0,628,627
110689,444,0,0,0,0,0,0,0,0,0,0,0,0,0,0,0,439,438
110690,501,0,0,0,0,3,0,0,0,0,2,2,2,2,0,0,494,494
110691,475,0,0,0,0,0,0,0,0,0,2,2,2,2,0,0,470,469
110692,526,0,0,0,0,1,0,0,0,0,0,0,0,0,0,0,521,520
110693,629,0,1,0,0,3,0,0,0,0,0,0,0,0,0,0,620,619
110694,449,0,0,0,0,1,0,0,0,0,0,0,0,0,0,0,444,443
110695,609,0,0,0,0,1,0,0,0,0,1,1,1,1,0,0,603,602
110696,323,0,0,0,0,1,0,0,0,0,0,0,0,0,0,0,318,317
110697,491,0,1,0,0,1,0,0,0,0,0,0,0,0,0,0,484,483
110698,420,0,1,0,0,2,0,0,0,0,2,2,2,2,0,0,413,412
110699,280,0,0,0,0,0,0,0,0,0,0,0,0,0,0,0,275,274
110700,639,0,0,0,0,1,0,0,0,0,0,0,0,0,0,0,634,633
110701,439,0,0,0,0,3,0,0,0,0,0,0,0,0,0,0,432,431
110702,336,0,0,0,0,0,0,0,0,0,0,0,0,0,0,0,331,330
110703,304,0,0,0,0,0,0,0,0,0,0,0,0,0,0,0,299,298
110704,581,0,0,0,0,0,0,0,0,0,1,1,1,1,0,0,576,575
110705,426,0,0,0,0,1,0,0,0,0,0,0,0,0,0,0,420,419
110706,278,0,0,0,0,0,0,0,0,0,0,0,0,0,0,0,273,272
110707,410,0,0,0,0,3,0,0,0,0,0,0,0,0,0,0,403,402
110708,554,0,0,0,0,0,0,0,0,0,2,2,2,2,0,0,549,548
110709,516,0,0,0,0,0,0,0,0,0,0,0,0,0,0,0,511,510
110710,330,0,0,0,0,4,0,0,0,0,0,0,0,0,0,0,322,321
110711,484,0,0,0,0,0,0,0,0,0,0,0,0,0,0,0,479,478
110712,331,0,0,0,0,1,0,0,0,0,0,0,0,0,0,0,326,325
110713,393,0,0,0,0,1,0,0,0,0,0,0,0,0,0,0,388,387
110714,41,0,0,0,0,2,0,0,0,0,0,0,0,0,0,0,35,35
110715,513,0,0,0,0,0,0,0,0,0,1,1,1,1,0,0,508,507
110716,458,0,3,0,0,1,0,0,0,0,1,1,1,1,0,0,450,449
110717,500,0,0,0,0,0,0,0,0,0,1,1,1,1,0,0,495,494
110718,398,0,0,0,0,3,0,0,0,0,0,0,0,0,0,0,391,390
110719,388,0,0,0,0,1,0,0,0,0,0,0,0,0,0,0,383,382
110720,452,0,0,0,0,0,0,0,0,0,0,0,0,0,0,0,447,446
110721,416,0,0,0,0,0,0,0,0,0,0,0,0,0,0,0,411,410
110722,361,0,0,0,0,1,0,0,0,0,0,0,0,0,0,0,356,355
110723,304,0,0,0,0,1,0,0,0,0,1,1,1,1,0,0,299,298
110724,547,0,0,0,0,33,0,0,0,0,1,1,1,1,0,0,509,508
110725,384,0,0,0,0,1,0,0,0,0,0,0,0,0,0,0,379,378
110726,477,0,0,0,0,0,0,0,0,0,1,1,1,1,0,0,472,471
110727,507,0,0,0,0,0,0,0,0,0,0,0,0,0,0,0,502,501
110728,459,0,1,0,0,1,0,0,0,0,0,0,0,0,0,0,453,452
110729,556,0,0,0,0,0,0,0,0,0,0,0,0,0,0,0,551,550
110730,310,0,0,0,0,0,0,0,0,0,0,0,0,0,0,0,305,304
110731,226,0,0,0,0,1,0,8,0,0,0,0,0,0,0,0,221,220
110732,414,0,0,0,0,2,0,0,0,0,1,1,1,1,0,0,408,408
110733,320,0,0,0,0,0,0,0,0,0,2,2,2,2,0,0,315,314
110734,418,0,0,0,0,3,0,0,0,0,0,0,0,0,0,0,411,410
110735,495,0,1,0,0,1,0,0,0,0,0,0,0,0,0,0,488,487
110736,318,0,0,0,0,0,0,0,0,0,0,0,0,0,0,0,313,312
110737,400,0,1,0,0,1,0,0,0,0,0,0,0,0,0,0,394,393
110738,422,0,0,0,0,0,0,0,0,0,0,0,0,0,0,0,417,416
110739,492,0,0,0,0,0,0,0,0,0,0,0,0,0,0,0,487,486
110740,351,0,0,0,0,3,0,0,0,0,0,0,0,0,0,0,344,343
110741,343,0,0,0,0,1,0,0,0,0,0,0,0,0,0,0,338,337
110742,454,0,0,0,0,0,0,0,0,0,1,1,1,1,0,0,449,448
110743,426,0,0,0,0,2,0,0,0,0,0,0,0,0,0,0,420,420
110744,317,0,2,0,0,1,0,0,0,0,0,0,0,0,0,0,310,309
110745,345,0,0,0,0,2,0,0,0,0,0,0,0,0,0,0,339,338
110746,260,0,0,0,0,0,0,0,0,0,0,0,0,0,0,0,255,254
110747,473,0,0,0,0,1,0,0,0,0,0,0,0,0,0,0,468,467
110748,339,0,2,0,0,0,0,0,0,0,0,0,0,0,0,0,332,331
110749,412,0,0,0,0,0,0,0,0,0,0,0,0,0,0,0,407,406
110750,310,0,3,0,0,1,0,0,0,0,0,0,0,0,0,0,302,301
110751,526,0,0,0,0,0,0,0,0,0,1,1,1,1,0,0,521,520
110752,524,0,5,0,0,1,0,0,0,0,0,0,0,0,0,0,514,513
110753,413,0,0,0,0,1,0,0,0,0,0,0,0,0,0,0,408,407
110755,380,0,0,0,0,0,0,0,0,0,0,0,0,0,0,0,375,374
110756,431,0,1,0,0,2,0,0,0,0,0,0,0,0,0,0,424,423
110757,483,0,0,0,0,1,0,0,0,0,3,3,3,3,0,0,477,476
110758,381,0,0,0,0,1,0,0,0,0,0,0,0,0,0,0,376,375
110759,309,0,0,0,0,3,0,0,0,0,0,0,0,0,0,0,302,302
110760,339,0,0,0,0,1,0,0,0,0,0,0,0,0,0,0,334,333
110761,394,0,0,0,0,0,0,0,0,0,0,0,0,0,0,0,389,388
110762,242,0,0,0,0,0,0,0,0,0,0,0,0,0,0,0,237,236
110763,425,0,1,0,0,1,0,0,0,0,0,0,0,0,0,0,419,418
110764,302,0,0,0,0,1,0,0,0,0,0,0,0,0,0,0,297,296
110766,490,0,0,0,0,0,0,0,0,0,5,5,5,5,0,0,485,484
110767,638,0,0,0,0,0,0,0,0,0,1,1,1,1,0,0,633,632
110768,440,0,0,0,0,1,0,0,0,0,0,0,0,0,0,0,435,434
110769,548,0,0,0,0,0,0,0,0,0,0,0,0,0,0,0,543,542
110770,226,0,0,0,0,0,0,0,0,0,1,1,1,1,0,0,221,220
110771,436,0,0,0,0,0,0,0,0,0,1,1,1,1,0,0,431,430
110772,427,0,0,0,0,2,0,0,0,0,0,0,0,0,0,0,420,419
110773,574,0,0,0,0,0,0,0,0,0,1,1,1,1,0,0,569,568
110774,366,0,0,0,0,0,0,0,0,0,0,0,0,0,0,0,361,360
110775,470,0,0,0,0,1,0,0,0,0,0,0,0,0,0,0,465,464
110776,355,0,0,0,0,0,0,0,0,0,0,0,0,0,0,0,350,349
110777,481,0,0,0,0,5,0,0,0,0,0,0,0,0,0,0,472,471
110778,556,0,0,0,0,0,0,0,0,0,2,3,2,3,0,0,551,550
110779,461,0,0,0,0,10,0,0,0,0,0,0,0,0,0,0,447,446
110780,447,0,1,0,0,1,0,0,0,0,0,0,0,0,0,0,441,440
110781,488,0,0,0,0,9,0,0,0,0,0,0,0,0,0,0,475,474
110782,281,0,0,0,0,0,0,0,0,0,0,0,0,0,0,0,276,275
110783,433,0,0,0,0,0,0,0,0,0,0,0,0,0,0,0,428,427
110784,394,0,0,0,0,0,0,0,0,0,0,0,0,0,0,0,389,388
110785,487,0,0,0,0,1,0,0,0,0,0,0,0,0,0,0,481,480
110786,346,0,0,0,0,2,0,0,0,0,1,1,1,1,0,0,340,340
110787,415,0,0,0,0,1,0,0,0,0,0,0,0,0,0,0,410,409
110788,456,0,0,0,0,1,0,0,0,0,0,0,0,0,0,0,451,450
110789,391,0,0,0,0,0,0,0,0,0,0,0,0,0,0,0,386,385
110790,608,0,0,0,0,0,0,0,0,0,0,0,0,0,0,0,603,602
110791,600,0,0,0,0,2,0,0,0,0,10,10,10,10,0,0,593,592
110792,270,0,1,0,0,0,0,0,0,0,0,0,0,0,0,0,264,263
110793,395,0,0,0,0,0,0,0,0,0,2,2,2,2,0,0,390,389
110794,505,0,0,0,0,0,0,0,0,0,0,0,0,0,0,0,500,499
110795,221,0,0,0,0,1,0,0,0,0,0,0,0,0,0,0,216,215
110796,380,0,2,0,0,1,0,0,0,0,0,0,0,0,0,0,373,372
110797,558,0,0,0,0,0,0,0,0,0,0,0,0,0,0,0,553,552
110798,269,0,0,0,0,0,0,0,0,0,1,1,1,1,0,0,264,263
110799,412,0,1,0,0,1,0,0,0,0,0,0,0,0,0,0,406,405
110800,449,0,0,0,0,1,0,0,0,0,1,1,1,1,0,0,444,443
110801,268,0,0,0,0,0,0,0,0,0,0,0,0,0,0,0,263,262
110802,391,0,3,0,0,0,0,0,0,0,0,0,0,0,0,0,383,382
110803,449,0,0,0,0,0,0,6,0,0,0,0,0,0,0,0,444,443
110804,350,0,0,0,0,0,0,0,0,0,0,0,0,0,0,0,345,344
110805,617,0,0,0,0,1,0,0,0,0,4,4,4,4,0,0,612,611
110806,407,0,0,0,0,0,0,0,0,0,0,0,0,0,0,0,402,401
110807,364,0,1,0,0,2,0,0,0,0,0,0,0,0,0,0,357,356
110808,353,0,0,0,0,0,0,0,0,0,0,0,0,0,0,0,348,347
110809,400,0,0,0,0,0,0,0,0,0,1,1,1,1,0,0,395,394
110810,325,0,0,0,0,2,0,0,0,0,1,1,1,1,0,0,319,319
110811,383,0,0,0,0,0,0,0,0,0,0,0,0,0,0,0,378,377
110812,458,0,1,0,0,0,0,0,0,0,0,0,0,0,0,0,452,451
110813,189,0,0,0,0,2,0,0,0,0,0,0,0,0,0,0,183,183
110814,347,0,0,0,0,1,0,0,0,0,0,0,0,0,0,0,341,340
110815,447,0,0,0,0,1,0,0,0,0,0,0,0,0,0,0,442,441
110816,315,0,0,0,0,0,0,0,0,0,0,0,0,0,0,0,310,309
110817,463,0,0,0,0,1,0,0,0,0,0,0,0,0,0,0,458,457
110818,432,0,0,0,0,16,0,0,0,0,0,0,0,0,0,0,412,411
110819,280,0,0,0,0,2,0,0,0,0,1,1,1,1,0,0,273,272
110820,476,0,0,0,0,0,0,0,0,0,0,0,0,0,0,0,471,470
110821,378,0,0,0,0,1,0,0,0,0,0,0,0,0,0,0,373,372
110822,461,0,3,0,0,3,0,0,0,0,0,0,0,0,0,0,451,450
110823,408,0,0,0,0,3,0,0,0,0,0,0,0,0,0,0,401,400
110824,398,0,0,0,0,1,0,0,0,0,0,0,0,0,0,0,393,392
110825,342,0,0,0,0,2,0,0,0,0,0,0,0,0,0,0,336,336
110826,399,0,0,0,0,0,0,0,0,0,0,0,0,0,0,0,394,393
110827,441,0,0,0,0,1,0,0,0,0,1,1,1,1,0,0,435,434
110828,355,0,0,0,0,1,0,0,0,0,0,0,0,0,0,0,350,349
110829,458,0,0,0,0,0,0,0,0,0,1,1,1,1,0,0,453,452
110830,394,0,0,0,0,2,0,0,0,0,0,0,0,0,0,0,388,387
110831,508,0,0,0,0,1,0,0,0,0,0,0,0,0,0,0,503,502
110832,417,0,0,0,0,1,0,0,0,0,0,0,0,0,0,0,412,411
110833,32,0,0,0,0,2,0,0,0,0,0,0,0,0,0,0,26,26
110834,506,0,0,0,0,3,0,0,0,0,0,0,0,0,0,0,499,498
110835,493,0,0,0,0,3,0,0,0,0,1,1,1,1,0,0,486,485
110836,280,0,0,0,0,0,0,0,0,0,0,0,0,0,0,0,275,274
110837,345,0,0,0,0,2,0,0,0,0,0,0,0,0,0,0,339,338
110838,813,0,0,0,0,6,0,0,0,0,0,0,0,0,0,0,802,801
110839,434,0,0,0,0,0,0,0,0,0,0,0,0,0,0,0,429,428
110840,409,0,0,0,0,1,0,0,0,0,0,0,0,0,0,0,403,402
110841,495,0,0,0,0,0,0,0,0,0,0,0,0,0,0,0,490,489
110842,482,0,0,0,0,4,0,0,0,0,0,0,0,0,0,0,474,473
110843,604,0,0,0,0,0,0,0,0,0,0,0,0,0,0,0,599,598
110844,384,0,0,0,0,0,0,0,0,0,0,0,0,0,0,0,379,378
110845,448,0,0,0,0,1,0,0,0,0,0,0,0,0,0,0,443,442
110846,422,0,0,0,0,1,0,0,0,0,0,0,0,0,0,0,417,416
110847,482,0,0,0,0,4,0,0,0,0,0,0,0,0,0,0,473,472
110848,343,0,0,0,0,1,0,0,0,0,0,0,0,0,0,0,337,336
110849,628,0,0,0,0,0,0,0,0,0,2,2,2,2,0,0,623,622
110850,562,0,1,0,0,2,0,0,0,0,0,0,0,0,0,0,555,554
110851,511,0,0,0,0,1,0,0,0,0,0,0,0,0,0,0,506,505
110852,434,0,1,0,0,3,0,0,0,0,0,0,0,0,0,0,426,425
110853,209,0,0,0,0,0,0,0,0,0,0,0,0,0,0,0,204,203
110854,361,0,0,0,0,1,0,0,0,0,0,0,0,0,0,0,356,355
110855,392,0,0,0,0,2,0,0,0,0,0,0,0,0,0,0,386,386
110856,435,0,0,0,0,0,0,0,0,0,2,2,2,2,0,0,430,429
110857,427,0,4,0,0,1,0,0,0,0,2,2,2,2,0,0,418,417
110858,383,0,1,0,0,0,0,0,0,0,0,0,0,0,0,0,377,376
110859,370,0,0,0,0,1,0,0,0,0,0,0,0,0,0,0,365,364
110860,606,0,0,0,0,1,0,0,0,0,0,0,0,0,0,0,600,599
110861,280,0,0,0,0,1,0,0,0,0,0,0,0,0,0,0,275,274
110862,341,0,0,0,0,0,0,0,0,0,0,0,0,0,0,0,336,335
110863,683,0,0,0,0,3,0,0,0,0,0,0,0,0,0,0,675,674
110864,403,0,0,0,0,0,0,0,0,0,0,0,0,0,0,0,398,397
110865,494,0,0,0,0,1,0,0,0,0,0,0,0,0,0,0,488,487
110866,237,0,0,0,0,2,0,0,0,0,0,0,0,0,0,0,230,229
110867,632,0,0,0,0,0,0,0,0,0,2,2,2,2,0,0,627,626
110868,444,0,0,0,0,1,0,0,0,0,0,0,0,0,0,0,439,438
110869,327,0,0,0,0,0,0,0,0,0,1,1,1,1,0,0,322,321
110870,526,0,0,0,0,0,0,0,0,0,1,1,1,1,0,0,521,520
110871,401,0,0,0,0,1,0,0,0,0,0,0,0,0,0,0,396,395
110872,818,0,0,0,0,3,0,0,0,0,0,0,0,0,0,0,810,809
110873,407,0,1,0,0,0,0,0,0,0,1,1,1,1,0,0,401,400
110874,338,0,0,0,0,0,0,0,0,0,0,0,0,0,0,0,333,332
110875,416,0,0,0,0,0,0,0,0,0,0,0,0,0,0,0,411,410
110876,467,0,0,0,0,1,0,0,0,0,1,1,1,1,0,0,462,461
110877,386,0,0,0,0,1,0,0,0,0,0,0,0,0,0,0,381,380
110878,489,0,0,0,0,3,0,0,0,0,0,0,0,0,0,0,481,480
110879,477,0,0,0,0,0,0,0,0,0,1,1,1,1,0,0,472,471
110880,659,0,0,0,0,7,0,0,0,0,1,1,1,1,0,0,647,646
110881,343,0,0,0,0,1,0,0,0,0,0,0,0,0,0,0,338,337
110882,548,0,0,0,0,0,0,0,0,0,0,0,0,0,0,0,543,542
110883,476,0,0,0,0,0,0,0,0,0,0,0,0,0,0,0,471,470
110884,358,0,0,0,0,1,0,0,0,0,0,0,0,0,0,0,353,352
110885,313,0,0,0,0,1,0,0,0,0,1,1,1,1,0,0,308,307
110886,474,0,0,0,0,0,0,0,0,0,0,0,0,0,0,0,469,468
110887,432,0,0,0,0,1,0,0,0,0,0,0,0,0,0,0,427,426
110888,349,0,0,0,0,0,0,0,0,0,0,0,0,0,0,0,344,343
110889,484,0,2,0,0,1,0,0,0,0,0,0,0,0,0,0,477,476
110890,392,0,0,0,0,0,0,0,0,0,0,0,0,0,0,0,387,386
110891,343,0,0,0,0,1,0,0,0,0,2,2,2,2,0,0,338,337
110892,491,0,0,0,0,0,0,0,0,0,1,1,1,1,0,0,486,485
110893,330,0,0,0,0,2,0,0,0,0,0,0,0,0,0,0,324,324
110894,586,0,0,0,0,0,0,0,0,0,2,2,2,2,0,0,581,580
110895,541,0,0,0,0,2,0,0,0,0,2,2,2,2,0,0,534,533
110896,314,0,0,0,0,1,0,0,0,0,0,0,0,0,0,0,308,307
110897,649,0,0,0,0,0,0,0,0,0,1,1,1,1,0,0,644,643
110898,476,0,1,0,0,1,0,0,0,0,0,0,0,0,0,0,470,469
110899,401,0,0,0,0,0,0,0,0,0,2,2,2,2,0,0,396,395
110900,472,0,0,0,0,0,0,0,0,0,32,32,32,32,0,0,467,466
110901,373,0,0,0,0,0,0,0,0,0,0,0,0,0,0,0,368,367
110902,468,0,0,0,0,1,0,0,0,0,0,0,0,0,0,0,463,462
110903,359,0,0,0,0,5,0,0,0,0,0,0,0,0,0,0,350,349
110904,571,0,0,0,0,0,0,0,0,0,0,0,0,0,0,0,566,565
110905,481,0,0,0,0,1,0,0,0,0,0,0,0,0,0,0,476,475
110906,579,0,0,0,0,0,0,0,0,0,1,1,1,1,0,0,574,573
110907,379,0,0,0,0,0,0,0,0,0,0,0,0,0,0,0,374,373
110908,450,0,0,0,0,0,0,0,0,0,2,2,2,2,0,0,445,444
110909,406,0,0,0,0,4,0,0,0,0,1,1,1,1,0,0,398,397
110910,567,0,0,0,0,4,0,0,0,0,4,4,4,4,0,0,559,558
110911,537,0,0,0,0,0,0,0,0,0,34,34,34,34,0,0,532,531
110912,327,0,0,0,0,3,0,0,0,0,1,1,1,1,0,0,320,320
110913,418,0,0,0,0,0,0,0,0,0,0,0,0,0,0,0,413,412
110914,456,0,0,0,0,0,0,0,0,0,0,0,0,0,0,0,451,450
110915,388,0,0,0,0,1,0,0,0,0,1,1,1,1,0,0,383,382
110916,429,0,0,0,0,0,0,0,0,0,0,0,0,0,0,0,424,423
110917,308,0,0,0,0,1,0,0,0,0,0,0,0,0,0,0,303,302
110918,378,0,0,0,0,3,0,0,0,0,0,0,0,0,0,0,371,371
110919,518,0,1,0,0,2,0,0,0,0,3,3,3,3,0,0,510,509
110920,396,0,0,0,0,2,0,0,0,0,1,1,1,1,0,0,389,388
110921,422,0,0,0,0,6,0,0,0,0,10,10,10,10,0,0,412,411
110922,460,0,0,0,0,0,0,0,0,0,0,0,0,0,0,0,455,454
110923,323,0,0,0,0,1,0,0,0,0,0,0,0,0,0,0,318,317
110924,456,0,0,0,0,1,0,0,0,0,0,0,0,0,0,0,450,449
110925,348,0,0,0,0,0,0,0,0,0,0,0,0,0,0,0,343,342
110926,582,0,0,0,0,0,0,0,0,0,0,0,0,0,0,0,577,576
110927,433,0,0,0,0,0,0,0,0,0,0,0,0,0,0,0,428,427
110928,396,0,0,0,0,1,0,0,0,0,0,0,0,0,0,0,391,390
110929,602,0,0,0,0,0,0,0,0,0,1,1,1,1,0,0,597,596
110930,482,0,1,0,0,1,0,0,0,0,2,2,2,2,0,0,476,475
110931,451,0,0,0,0,1,0,0,0,0,0,0,0,0,0,0,445,444
110932,468,0,0,0,0,2,0,0,0,0,1,1,1,1,0,0,462,462
110933,523,0,0,0,0,1,0,0,0,0,5,5,5,5,0,0,518,517
110934,538,0,0,0,0,0,0,0,0,0,0,0,0,0,0,0,533,532
110935,313,0,0,0,0,1,0,0,0,0,0,0,0,0,0,0,308,307
110936,393,0,0,0,0,2,0,0,0,0,0,0,0,0,0,0,387,387
110937,404,0,3,0,0,0,0,0,0,0,2,2,2,2,0,0,396,395
110938,505,0,0,0,0,0,0,0,0,0,1,1,1,1,0,0,500,499
110939,522,0,0,0,0,1,0,0,0,0,0,0,0,0,0,0,517,516
110940,518,0,1,0,0,0,0,0,0,0,3,3,3,3,0,0,512,511
110941,380,0,0,0,0,0,0,0,0,0,0,0,0,0,0,0,375,374
110942,416,0,0,0,0,0,0,0,0,0,0,0,0,0,0,0,411,410
110943,294,0,0,0,0,1,0,0,0,0,0,0,0,0,0,0,289,288
110944,537,0,0,0,0,0,0,0,0,0,0,0,0,0,0,0,532,531
110945,459,0,0,0,0,0,0,0,0,0,0,0,0,0,0,0,454,453
110946,366,0,0,0,0,1,0,0,0,0,0,0,0,0,0,0,361,360
110947,551,0,0,0,0,0,0,0,0,0,0,0,0,0,0,0,546,545
110948,479,0,0,0,0,0,0,0,0,0,0,0,0,0,0,0,474,473
110949,531,0,0,0,0,7,0,0,0,0,0,0,0,0,0,0,520,519
110950,449,0,0,0,0,1,0,0,0,0,0,0,0,0,0,0,444,443
110951,455,0,0,0,0,1,0,0,0,0,0,0,0,0,0,0,450,449
110952,521,0,0,0,0,3,0,0,0,0,0,0,0,0,0,0,513,512
110953,425,0,0,0,0,1,0,0,0,0,0,0,0,0,0,0,420,419
110954,367,0,0,0,0,1,0,0,0,0,0,0,0,0,0,0,362,361
110955,343,0,0,0,0,1,0,0,0,0,0,0,0,0,0,0,338,337
110956,395,0,0,0,0,0,0,0,0,0,0,0,0,0,0,0,390,389
110957,416,0,3,0,0,0,0,0,0,0,0,0,0,0,0,0,408,407
110958,382,0,0,0,0,1,0,0,0,0,0,0,0,0,0,0,377,376
110959,538,0,0,0,0,0,0,0,0,0,2,2,2,2,0,0,533,532
110960,325,0,0,0,0,0,0,0,0,0,0,0,0,0,0,0,320,319
110961,346,0,0,0,0,1,0,0,0,0,0,0,0,0,0,0,341,340
110962,456,0,1,0,0,1,0,0,0,0,0,0,0,0,0,0,450,449
110963,505,0,0,0,0,0,0,8,0,0,1,1,1,1,0,0,500,499
110964,422,0,0,0,0,1,0,0,0,0,0,0,0,0,0,0,417,416
110965,469,0,0,0,0,0,0,0,0,0,2,2,2,2,0,0,464,463
110966,687,0,0,0,0,0,0,0,0,0,0,0,0,0,0,0,682,681
110967,606,0,0,0,0,1,0,0,0,0,1,1,1,1,0,0,600,599
110968,463,0,0,0,0,0,0,0,0,0,1,1,1,1,0,0,458,457
110969,468,0,0,0,0,2,0,0,0,0,0,0,0,0,0,0,461,460
110970,538,0,1,0,0,1,0,0,0,0,0,0,0,0,0,0,532,531
110971,514,0,0,0,0,0,0,0,0,0,0,0,0,0,0,0,509,508
110972,425,0,0,0,0,1,0,0,0,0,0,0,0,0,0,0,420,419
110973,454,0,1,0,0,0,0,0,0,0,0,0,0,0,0,0,448,447
110974,366,0,0,0,0,1,0,0,0,0,0,0,0,0,0,0,361,360
110975,303,0,0,0,0,2,0,0,0,0,0,0,0,0,0,0,297,297
110976,419,0,0,0,0,0,0,0,0,0,0,0,0,0,0,0,414,413
110977,490,0,0,0,0,1,0,0,0,0,2,2,2,2,0,0,485,484
110978,349,0,2,0,0,1,0,0,0,0,0,0,0,0,0,0,342,341
110979,611,0,0,0,0,0,0,0,0,0,2,2,2,2,0,0,606,605
110980,629,0,2,0,0,0,0,0,0,0,0,0,0,0,0,0,622,621
110981,439,0,0,0,0,1,0,0,0,0,0,0,0,0,0,0,434,433
110982,488,0,0,0,0,1,0,0,0,0,0,0,0,0,0,0,483,482
110983,415,0,0,0,0,1,0,0,0,0,0,0,0,0,0,0,410,409
110984,523,0,0,0,0,1,0,0,0,0,0,0,0,0,0,0,518,517
110985,394,0,0,0,0,2,0,0,0,0,0,0,0,0,0,0,388,388
110986,320,0,0,0,0,0,0,0,0,0,0,0,0,0,0,0,315,314
110987,448,0,0,0,0,0,0,0,0,0,2,2,2,2,0,0,443,442
110988,253,0,0,0,0,3,0,0,0,0,0,0,0,0,0,0,246,246
110989,580,0,0,0,0,3,0,0,0,0,0,0,0,0,0,0,572,571
110990,304,0,0,0,0,0,0,0,0,0,0,0,0,0,0,0,299,298
110991,379,0,0,0,0,1,0,0,0,0,0,0,0,0,0,0,374,373
110992,220,0,0,0,0,0,0,0,0,0,0,0,0,0,0,0,215,214
110993,427,0,3,0,0,1,0,0,0,0,0,0,0,0,0,0,419,418
110994,514,0,0,0,0,1,0,0,0,0,0,0,0,0,0,0,509,508
110995,355,0,0,0,0,1,0,0,0,0,0,0,0,0,0,0,350,349
110996,190,0,0,0,0,0,0,0,0,0,0,0,0,0,0,0,185,184
110997,354,0,0,0,0,2,0,0,0,0,0,0,0,0,0,0,348,347
110998,285,0,0,0,0,2,0,6,0,0,0,0,0,0,0,0,279,278
110999,593,0,0,0,0,0,0,0,0,0,2,2,2,2,0,0,588,587
111000,520,0,0,0,0,2,0,0,0,0,0,0,0,0,0,0,514,514
111001,363,0,0,0,0,2,0,0,0,0,2,2,2,2,0,0,357,357
111002,486,0,2,0,0,1,0,0,0,0,0,0,0,0,0,0,479,478
111003,474,0,0,0,0,0,0,0,0,0,0,0,0,0,0,0,469,468
111004,543,0,0,0,0,4,0,0,0,0,0,0,0,0,0,0,535,534
111005,367,0,1,0,0,1,0,0,0,0,0,0,0,0,0,0,361,360
111006,396,0,0,0,0,1,0,0,0,0,0,0,0,0,0,0,390,389
111007,325,0,0,0,0,0,0,0,0,0,0,0,0,0,0,0,320,319
111008,525,0,0,0,0,1,0,0,0,0,0,0,0,0,0,0,520,519
111009,386,0,0,0,0,1,0,0,0,0,0,0,0,0,0,0,381,380
111010,457,0,0,0,0,0,0,0,0,0,1,1,1,1,0,0,452,451
111011,383,0,0,0,0,0,0,0,0,0,0,0,0,0,0,0,378,377
111012,382,0,1,0,0,3,0,0,0,0,0,0,0,0,0,0,374,373
111013,373,0,3,0,0,2,0,0,0,0,0,0,0,0,0,0,364,364
111014,553,0,0,0,0,0,0,0,0,0,1,1,1,1,0,0,548,547
111015,515,0,0,0,0,3,0,0,0,0,0,0,0,0,0,0,508,507
111016,650,0,0,0,0,0,0,9,0,0,0,0,0,0,0,0,645,644
111017,381,0,0,0,0,0,0,0,0,0,1,1,1,1,0,0,376,375
111018,595,0,5,0,0,1,0,0,0,0,1,1,1,1,0,0,584,583
111019,226,0,0,0,0,4,0,0,0,0,0,0,0,0,0,0,218,218
111020,397,0,0,0,0,1,0,0,0,0,1,1,1,1,0,0,392,391
111021,387,0,3,0,0,0,0,0,0,0,0,0,0,0,0,0,379,378
111022,519,0,0,0,0,2,0,0,0,0,0,0,0,0,0,0,513,512
111023,458,0,0,0,0,0,0,0,0,0,0,0,0,0,0,0,453,452
111025,311,0,0,0,0,0,0,0,0,0,0,0,0,0,0,0,306,305
111026,426,0,0,0,0,1,0,0,0,0,1,1,1,1,0,0,421,420
111027,538,0,2,0,0,10,0,0,0,0,0,0,0,0,0,0,521,520
111028,25,0,0,0,0,2,0,0,0,0,0,0,0,0,0,0,19,19
111029,328,0,0,0,0,1,0,0,0,0,0,0,0,0,0,0,323,322
111030,409,0,0,0,0,0,0,0,0,0,0,0,0,0,0,0,404,403
111031,306,0,0,0,0,1,0,0,0,0,1,1,1,1,0,0,301,300
111032,456,0,0,0,0,0,0,0,0,0,1,1,1,1,0,0,451,450
111033,427,0,0,0,0,0,0,0,0,0,1,1,1,1,0,0,422,421
111034,358,0,0,0,0,1,0,0,0,0,0,0,0,0,0,0,353,352
111035,496,0,0,0,0,0,0,0,0,0,0,0,0,0,0,0,491,490
111036,796,0,0,0,0,0,0,4,0,0,0,0,0,0,0,0,791,790
111037,408,0,0,0,0,1,0,0,0,0,0,0,0,0,0,0,403,402
111038,348,0,0,0,0,1,0,0,0,0,0,0,0,0,0,0,343,342
111039,456,0,0,0,0,0,0,0,0,0,2,2,2,2,0,0,451,450
111040,248,0,0,0,0,0,0,0,0,0,0,0,0,0,0,0,243,242
111041,448,0,1,0,0,0,0,0,0,0,1,1,1,1,0,0,442,441
111042,597,0,0,0,0,0,0,0,0,0,1,1,1,1,0,0,592,591
111043,411,0,0,0,0,0,0,0,0,0,1,1,1,1,0,0,406,405
111044,328,0,0,0,0,1,0,0,0,0,0,0,0,0,0,0,323,322
111045,271,0,0,0,0,0,0,0,0,0,0,0,0,0,0,0,266,265
111046,457,0,0,0,0,0,0,0,0,0,1,1,1,1,0,0,452,451
111047,556,0,0,0,0,5,0,0,0,0,0,0,0,0,0,0,547,547
111048,386,0,0,0,0,1,0,0,0,0,0,0,0,0,0,0,381,380
111049,426,0,0,0,0,2,0,0,0,0,0,0,0,0,0,0,420,420
111050,448,0,0,0,0,0,0,0,0,0,1,1,1,1,0,0,443,442
111051,443,0,0,0,0,0,0,0,0,0,0,0,0,0,0,0,438,437
111052,356,0,1,0,0,1,0,0,0,0,0,0,0,0,0,0,350,349
111053,641,0,0,0,0,1,0,0,0,0,1,1,1,1,0,0,635,634
111054,459,0,0,0,0,0,0,0,0,0,0,0,0,0,0,0,454,453
111055,383,0,0,0,0,1,0,0,0,0,0,0,0,0,0,0,378,377
111056,449,0,0,0,0,4,0,0,0,0,0,0,0,0,0,0,440,439
111057,647,0,7,0,0,2,0,0,0,0,0,0,0,0,0,0,633,632
111058,268,0,0,0,0,2,0,0,0,0,0,0,0,0,0,0,262,262
111059,477,0,0,0,0,2,0,0,0,0,0,0,0,0,0,0,471,470
111060,480,0,0,0,0,0,0,0,0,0,0,0,0,0,0,0,475,474
111061,408,0,0,0,0,1,0,0,0,0,0,0,0,0,0,0,403,402
111062,442,0,0,0,0,1,0,0,0,0,0,0,0,0,0,0,437,436
111063,433,0,0,0,0,4,0,0,0,0,0,0,0,0,0,0,425,424
111064,431,0,0,0,0,1,0,0,0,0,0,0,0,0,0,0,426,425
111065,459,0,0,0,0,0,0,0,0,0,1,1,1,1,0,0,454,453
111066,574,0,0,0,0,6,0,0,0,0,0,0,0,0,0,0,563,562
111067,370,0,2,0,0,0,0,0,0,0,1,1,1,1,0,0,363,362
111068,314,0,0,0,0,1,0,0,0,0,0,0,0,0,0,0,309,308
111069,389,0,0,0,0,1,0,0,0,0,0,0,0,0,0,0,384,383
111070,590,0,0,0,0,0,0,0,0,0,0,0,0,0,0,0,585,584
111071,342,0,0,0,0,1,0,0,0,0,0,0,0,0,0,0,337,336
111072,419,0,0,0,0,2,0,0,0,0,0,0,0,0,0,0,413,412
111073,381,0,0,0,0,1,0,0,0,0,0,0,0,0,0,0,376,375
111074,278,0,0,0,0,1,0,0,0,0,0,0,0,0,0,0,273,272
111075,442,0,1,0,0,1,0,0,0,0,0,0,0,0,0,0,436,435
111076,26,0,0,0,0,2,0,0,0,0,0,0,0,0,0,0,20,20
111077,576,0,0,0,0,5,0,0,0,0,0,0,0,0,0,0,567,566
111078,716,0,0,0,0,0,0,0,0,0,0,0,0,0,0,0,711,710
111079,411,0,0,0,0,1,0,0,0,0,2,2,2,2,0,0,406,405
111080,689,0,0,0,0,0,0,0,0,0,1,1,1,1,0,0,684,683
111081,322,0,0,0,0,0,0,0,0,0,0,0,0,0,0,0,317,316
111082,424,0,0,0,0,3,0,0,0,0,1,1,1,1,0,0,417,416
111083,275,0,0,0,0,0,0,0,0,0,0,0,0,0,0,0,270,269
111084,446,0,0,0,0,0,0,0,0,0,2,2,2,2,0,0,441,440
111085,480,0,0,0,0,1,0,0,0,0,1,1,1,1,0,0,475,474
111086,522,0,0,0,0,1,0,0,0,0,0,0,0,0,0,0,517,516
111087,348,0,3,0,0,0,0,0,0,0,0,0,0,0,0,0,340,339
111088,459,0,0,0,0,1,0,0,0,0,0,0,0,0,0,0,454,453
111089,277,0,0,0,0,1,0,0,0,0,0,0,0,0,0,0,272,271
111090,1044,0,5,0,0,4,0,0,0,0,0,0,0,0,0,0,1030,1029
111091,626,0,0,0,0,0,0,0,0,0,32,32,32,32,0,0,621,620
111092,509,0,0,0,0,1,0,0,0,0,0,0,0,0,0,0,504,503
111093,481,0,0,0,0,1,0,0,0,0,1,1,1,1,0,0,476,475
111094,396,0,0,0,0,1,0,0,0,0,0,0,0,0,0,0,391,390
111095,201,0,1,0,0,0,0,0,0,0,0,0,0,0,0,0,195,194
111096,328,0,0,0,0,1,0,0,0,0,0,0,0,0,0,0,323,322
111097,439,0,0,0,0,1,0,0,0,0,0,0,0,0,0,0,434,433
111098,605,0,0,0,0,0,0,0,0,0,1,1,1,1,0,0,600,599
111099,440,0,0,0,0,0,0,6,0,0,0,0,0,0,0,0,435,434
111100,329,0,1,0,0,4,0,0,0,0,0,0,0,0,0,0,319,318
111101,378,0,0,0,0,0,0,0,0,0,0,0,0,0,0,0,373,372
111102,401,0,0,0,0,0,0,0,0,0,0,0,0,0,0,0,396,395
111103,304,0,2,0,0,1,0,0,0,0,0,0,0,0,0,0,297,296
111104,444,0,0,0,0,0,0,0,0,0,2,2,2,2,0,0,439,438
111105,365,0,1,0,0,0,0,0,0,0,0,0,0,0,0,0,359,358
111106,432,0,0,0,0,1,0,0,0,0,0,0,0,0,0,0,426,425
111107,332,0,0,0,0,3,0,0,0,0,0,0,0,0,0,0,325,324
111108,484,0,0,0,0,1,0,0,0,0,0,0,0,0,0,0,479,478
111109,391,0,0,0,0,2,0,0,0,0,0,0,0,0,0,0,385,384
111110,383,0,1,0,0,0,0,0,0,0,0,0,0,0,0,0,377,376
111111,41,0,0,0,0,2,0,0,0,0,0,0,0,0,0,0,35,35
111112,345,0,0,0,0,0,0,0,0,0,0,0,0,0,0,0,340,339
111113,471,0,0,0,0,1,0,0,0,0,0,0,0,0,0,0,466,465
111114,404,0,0,0,0,1,0,0,0,0,0,0,0,0,0,0,399,398
111115,337,0,0,0,0,1,0,0,0,0,9,9,9,9,0,0,332,331
111116,442,0,0,0,0,0,0,0,0,0,0,0,0,0,0,0,437,436
111117,471,0,0,0,0,1,0,0,0,0,0,0,0,0,0,0,466,465
111118,406,0,0,0,0,2,0,0,0,0,0,0,0,0,0,0,400,400
111119,492,0,0,0,0,0,0,0,0,0,0,0,0,0,0,0,487,486
111120,290,0,0,0,0,0,0,0,0,0,0,0,0,0,0,0,285,284
111121,6,0,0,0,0,2,0,0,0,0,0,0,0,0,0,0,0,0
111122,586,0,0,0,0,0,0,0,0,0,0,0,0,0,0,0,581,580
111123,541,0,0,0,0,0,0,0,0,0,0,0,0,0,0,0,536,535
111124,512,0,0,0,0,1,0,0,0,0,0,0,0,0,0,0,507,506
111125,440,0,0,0,0,0,0,0,0,0,0,0,0,0,0,0,435,434
111126,489,0,0,0,0,1,0,0,0,0,0,0,0,0,0,0,484,483
111127,393,0,0,0,0,1,0,0,0,0,0,0,0,0,0,0,388,387
111128,320,0,0,0,0,1,0,0,0,0,0,0,0,0,0,0,315,314
111129,561,0,0,0,0,0,0,0,0,0,4,4,4,4,0,0,556,555
111130,254,0,0,0,0,0,0,0,0,0,0,0,0,0,0,0,249,248
111131,453,0,0,0,0,0,0,0,0,0,1,1,1,1,0,0,448,447
111132,1021,0,0,0,0,0,0,0,0,0,1,1,1,1,0,0,1016,1015
111133,515,0,0,0,0,0,0,0,0,0,1,1,1,1,0,0,510,509
111134,473,0,0,0,0,1,0,0,0,0,0,0,0,0,0,0,468,467
111135,536,0,0,0,0,0,0,0,0,0,0,0,0,0,0,0,531,530
111136,598,0,0,0,0,5,0,0,0,0,0,0,0,0,0,0,589,588
111137,427,0,0,0,0,0,0,0,0,0,0,0,0,0,0,0,422,421
111138,185,0,0,0,0,2,0,0,0,0,0,0,0,0,0,0,179,178
111139,563,0,0,0,0,0,0,0,0,0,0,0,0,0,0,0,558,557
111140,435,0,0,0,0,1,0,0,0,0,0,0,0,0,0,0,430,429
111141,675,0,0,0,0,2,0,0,0,0,0,0,0,0,0,0,668,667
111142,475,0,0,0,0,0,0,0,0,0,0,0,0,0,0,0,470,469
111143,373,0,0,0,0,9,0,0,0,0,0,0,0,0,0,0,360,359
111144,494,0,0,0,0,0,0,0,0,0,2,2,2,2,0,0,489,488
111145,320,0,0,0,0,0,0,0,0,0,0,0,0,0,0,0,315,314
111146,400,0,0,0,0,1,0,0,0,0,0,0,0,0,0,0,395,394
111147,515,0,0,0,0,0,0,0,0,0,2,2,2,2,0,0,510,509
111148,318,0,0,0,0,2,0,0,0,0,0,0,0,0,0,0,312,312
111149,355,0,0,0,0,1,0,0,0,0,0,0,0,0,0,0,350,349
111150,443,0,0,0,0,0,0,0,0,0,0,0,0,0,0,0,438,437
111151,500,0,1,0,0,1,0,0,0,0,0,0,0,0,0,0,494,493
111152,582,0,0,0,0,0,0,0,0,0,22,22,22,22,0,0,577,576
111153,378,0,0,0,0,0,0,0,0,0,0,0,0,0,0,0,373,372
111154,551,0,0,0,0,2,0,0,0,0,0,0,0,0,0,0,545,544
111155,370,0,0,0,0,1,0,0,0,0,0,0,0,0,0,0,365,364
111156,495,0,0,0,0,0,0,0,0,0,1,1,1,1,0,0,490,489
111157,287,0,0,0,0,1,0,0,0,0,0,0,0,0,0,0,282,281
111158,481,0,4,0,0,0,0,0,0,0,1,1,1,1,0,0,472,471
111159,516,0,0,0,0,3,0,0,0,0,1,2,1,2,0,0,509,508
111160,250,0,0,0,0,1,0,0,0,0,0,0,0,0,0,0,245,244
111161,231,0,0,0,0,1,0,0,0,0,0,0,0,0,0,0,226,225
111162,445,0,1,0,0,1,0,0,0,0,0,0,0,0,0,0,439,438
111163,382,0,0,0,0,0,0,0,0,0,2,3,2,3,0,0,377,376
111164,454,0,0,0,0,0,0,0,0,0,1,1,1,1,0,0,449,448
111165,512,0,0,0,0,7,0,0,0,0,1,1,1,1,0,0,501,500
111166,482,0,0,0,0,12,0,0,0,0,0,0,0,0,0,0,465,464
111167,324,0,0,0,0,0,0,0,0,0,0,0,0,0,0,0,319,318
111168,410,0,0,0,0,2,0,0,0,0,0,0,0,0,0,0,403,402
111169,489,0,0,0,0,1,0,0,0,0,0,0,0,0,0,0,484,483
111170,628,0,0,0,0,1,0,0,0,0,0,0,0,0,0,0,623,622
111171,523,0,0,0,0,4,0,0,0,0,2,2,2,2,0,0,515,514
111172,325,0,0,0,0,2,0,0,0,0,0,0,0,0,0,0,319,319
111173,417,0,0,0,0,0,0,0,0,0,1,1,1,1,0,0,412,411
111174,358,0,0,0,0,3,0,0,0,0,0,0,0,0,0,0,351,350
111175,395,0,0,0,0,0,0,0,0,0,2,2,2,2,0,0,390,389
111176,434,0,0,0,0,1,0,0,0,0,1,1,1,1,0,0,429,428
111177,349,0,0,0,0,0,0,0,0,0,0,0,0,0,0,0,344,343
111178,185,0,0,0,0,0,0,0,0,0,0,0,0,0,0,0,180,179
111179,543,0,0,0,0,0,0,0,0,0,0,0,0,0,0,0,538,537
111180,511,0,2,0,0,4,0,0,0,0,1,1,1,1,0,0,500,499
111181,522,0,0,0,0,1,0,0,0,0,0,0,0,0,0,0,516,515
111182,443,0,0,0,0,1,0,0,0,0,1,1,1,1,0,0,438,437
111183,457,0,1,0,0,2,0,0,0,0,0,0,0,0,0,0,450,449
111184,424,0,0,0,0,0,0,0,0,0,0,0,0,0,0,0,419,418
111185,314,0,0,0,0,1,0,0,0,0,0,0,0,0,0,0,309,308
111186,542,0,0,0,0,2,0,0,0,0,0,0,0,0,0,0,535,534
111187,491,0,0,0,0,1,0,0,0,0,0,0,0,0,0,0,486,485
111188,583,0,0,0,0,0,0,0,0,0,2,2,2,2,0,0,578,577
111189,354,0,0,0,0,1,0,0,0,0,1,1,1,1,0,0,349,348
111190,606,0,0,0,0,1,0,0,0,0,0,0,0,0,0,0,601,600
111191,432,0,0,0,0,2,0,7,0,0,0,0,0,0,0,0,426,425
111192,365,0,0,0,0,3,0,0,0,0,0,0,0,0,0,0,358,357
111193,659,0,0,0,0,0,0,0,0,0,1,1,1,1,0,0,654,653
111194,500,0,0,0,0,0,0,0,0,0,1,1,1,1,0,0,495,494
111195,600,0,2,0,0,6,0,0,0,0,12,12,12,12,0,0,587,586
111196,494,0,0,0,0,0,0,0,0,0,1,1,1,1,0,0,489,488
111197,333,0,0,0,0,2,0,0,0,0,0,0,0,0,0,0,327,327
111198,514,0,0,0,0,1,0,0,0,0,0,0,0,0,0,0,509,508
111199,647,0,0,0,0,0,0,0,0,0,0,0,0,0,0,0,642,641
111200,587,0,0,0,0,0,0,0,0,0,1,1,1,1,0,0,582,581
111201,398,0,0,0,0,2,0,0,0,0,0,0,0,0,0,0,392,392
111202,394,0,0,0,0,0,0,0,0,0,2,2,2,2,0,0,389,388
111203,313,0,1,0,0,1,0,0,0,0,0,0,0,0,0,0,307,306
111204,400,0,1,0,0,0,0,0,0,0,0,0,0,0,0,0,394,393
111205,564,0,0,0,0,4,0,0,0,0,0,0,0,0,0,0,555,554
111207,334,0,0,0,0,9,0,0,0,0,0,0,0,0,0,0,321,321
111208,424,0,0,0,0,1,0,0,0,0,0,0,0,0,0,0,419,418
111209,482,0,1,0,0,1,0,0,0,0,0,0,0,0,0,0,476,475
111210,455,0,0,0,0,0,0,0,0,0,0,0,0,0,0,0,450,449
111211,373,0,0,0,0,1,0,0,0,0,0,0,0,0,0,0,367,366
111212,467,0,0,0,0,2,0,0,0,0,0,0,0,0,0,0,461,460
111213,283,0,0,0,0,1,0,0,0,0,0,0,0,0,0,0,278,277
111214,455,0,0,0,0,1,0,0,0,0,0,0,0,0,0,0,450,449
111215,344,0,0,0,0,1,0,0,0,0,0,0,0,0,0,0,339,338
111216,442,0,1,0,0,1,0,0,0,0,0,0,0,0,0,0,436,435
111217,616,0,0,0,0,0,0,0,0,0,2,2,2,2,0,0,611,610
111218,263,0,0,0,0,1,0,0,0,0,0,0,0,0,0,0,258,257
111219,460,0,0,0,0,1,0,0,0,0,0,0,0,0,0,0,455,454
111220,252,0,0,0,0,4,0,0,0,0,0,0,0,0,0,0,244,244
111221,518,0,0,0,0,1,0,0,0,0,0,0,0,0,0,0,513,512
111222,346,0,0,0,0,1,0,0,0,0,1,1,1,1,0,0,341,340
111223,396,0,0,0,0,0,0,0,0,0,0,0,0,0,0,0,391,390
111224,413,0,0,0,0,0,0,0,0,0,1,1,1,1,0,0,408,407
111225,334,0,0,0,0,0,0,0,0,0,0,0,0,0,0,0,329,328
111226,638,0,0,0,0,0,0,0,0,0,0,0,0,0,0,0,633,632
111227,319,0,0,0,0,46,0,0,0,0,0,0,0,0,0,0,269,268
111228,450,0,0,0,0,0,0,0,0,0,2,2,2,2,0,0,445,444
111229,413,0,0,0,0,33,0,0,0,0,0,0,0,0,0,0,376,375
111230,494,0,0,0,0,0,0,0,0,0,0,0,0,0,0,0,489,488
111231,353,0,0,0,0,1,0,0,0,0,0,0,0,0,0,0,348,347
111232,586,0,1,0,0,1,0,0,0,0,0,0,0,0,0,0,580,579
111233,756,0,0,0,0,0,0,0,0,0,1,1,1,1,0,0,751,750
111234,526,0,0,0,0,0,0,0,0,0,0,0,0,0,0,0,521,520
111235,404,0,1,0,0,1,0,0,0,0,0,0,0,0,0,0,398,397
111236,695,0,0,0,0,0,0,0,0,0,0,0,0,0,0,0,690,689
111237,39,0,0,0,0,2,0,0,0,0,0,0,0,0,0,0,33,33
111238,63,0,0,0,0,2,0,0,0,0,0,0,0,0,0,0,57,57
111239,348,0,0,0,0,0,0,0,0,0,2,2,2,2,0,0,343,342
111240,461,0,0,0,0,0,0,0,0,0,1,1,1,1,0,0,456,455
111241,486,0,0,0,0,0,0,0,0,0,2,2,2,2,0,0,481,480
111242,393,0,0,0,0,1,0,0,0,0,0,0,0,0,0,0,388,387
111243,371,0,1,0,0,0,0,0,0,0,0,0,0,0,0,0,365,364
111244,332,0,0,0,0,0,0,0,0,0,0,0,0,0,0,0,327,326
111245,482,0,0,0,0,1,0,0,0,0,0,0,0,0,0,0,477,476
111246,459,0,0,0,0,0,0,0,0,0,0,0,0,0,0,0,454,453
111247,399,0,0,0,0,1,0,0,0,0,0,0,0,0,0,0,394,393
111248,408,0,0,0,0,1,0,0,0,0,0,0,0,0,0,0,403,402
111249,985,0,0,0,0,6,0,0,0,0,2,2,2,2,0,0,974,973
111250,121,0,0,0,0,1,0,0,0,0,0,0,0,0,0,0,116,115
111252,358,0,0,0,0,1,0,0,0,0,0,0,0,0,0,0,353,352
111253,378,0,0,0,0,0,0,0,0,0,3,3,3,3,0,0,373,372
111254,650,0,1,0,0,1,0,0,0,0,0,0,0,0,0,0,643,642
111255,330,0,0,0,0,1,0,0,0,0,0,0,0,0,0,0,324,323
111256,537,0,0,0,0,5,0,0,0,0,0,0,0,0,0,0,528,527
111257,726,0,0,0,0,0,0,0,0,0,1,1,1,1,0,0,721,720
111258,413,0,0,0,0,1,0,0,0,0,0,0,0,0,0,0,408,407
111259,388,0,0,0,0,0,0,0,0,0,0,0,0,0,0,0,383,382
111260,595,0,0,0,0,1,0,0,0,0,1,1,1,1,0,0,590,589
111261,434,0,1,0,0,1,0,0,0,0,0,0,0,0,0,0,428,427
111262,657,0,0,0,0,0,0,0,0,0,0,0,0,0,0,0,652,651
111263,263,0,0,0,0,0,0,0,0,0,0,0,0,0,0,0,258,257
111264,488,0,0,0,0,4,0,0,0,0,0,0,0,0,0,0,480,479
111265,448,0,0,0,0,10,0,0,0,0,0,0,0,0,0,0,434,433
111266,380,0,0,0,0,1,0,0,0,0,0,0,0,0,0,0,375,374
111267,561,0,0,0,0,0,0,0,0,0,0,0,0,0,0,0,556,555
111268,521,0,0,0,0,0,0,0,0,0,2,2,2,2,0,0,516,515
111269,54,0,0,0,0,2,0,0,0,0,0,0,0,0,0,0,48,48
111270,328,0,0,0,0,1,0,0,0,0,0,0,0,0,0,0,323,322
111271,444,0,0,0,0,0,0,0,0,0,1,1,1,1,0,0,439,438
111272,524,0,0,0,0,0,0,0,0,0,0,0,0,0,0,0,519,518
111273,378,0,0,0,0,3,0,0,0,0,0,0,0,0,0,0,371,371
111274,722,0,0,0,0,1,0,0,0,0,0,0,0,0,0,0,716,715
111275,480,0,0,0,0,1,0,0,0,0,1,1,1,1,0,0,475,474
111276,299,0,0,0,0,1,0,0,0,0,0,0,0,0,0,0,294,293
111277,360,0,1,0,0,1,0,0,0,0,0,0,0,0,0,0,354,353
111278,514,0,0,0,0,1,0,0,0,0,1,1,1,1,0,0,509,508
111279,371,0,0,0,0,1,0,0,0,0,0,0,0,0,0,0,366,365
111280,415,0,0,0,0,1,0,0,0,0,0,0,0,0,0,0,410,409
111281,499,0,0,0,0,1,0,0,0,0,2,2,2,2,0,0,494,493
111282,348,0,0,0,0,2,0,0,0,0,0,0,0,0,0,0,342,342
111283,363,0,0,0,0,2,0,0,0,0,0,0,0,0,0,0,357,356
111284,543,0,0,0,0,4,0,0,0,0,2,2,2,2,0,0,534,533
111285,575,0,0,0,0,1,0,0,0,0,1,1,1,1,0,0,569,568
111286,597,0,1,0,0,0,0,0,0,0,0,0,0,0,0,0,591,590
111287,464,0,1,0,0,0,0,0,0,0,0,0,0,0,0,0,458,457
111288,558,0,1,0,0,2,0,0,0,0,0,0,0,0,0,0,551,550
111289,375,0,0,0,0,0,0,0,0,0,0,0,0,0,0,0,370,369
111290,332,0,0,0,0,2,0,0,0,0,0,0,0,0,0,0,326,325
111291,558,0,0,0,0,0,0,0,0,0,2,2,2,2,0,0,553,552
111292,352,0,0,0,0,2,0,0,0,0,0,0,0,0,0,0,346,346
111293,930,0,0,0,0,0,0,0,0,0,1,1,1,1,0,0,925,924
111294,372,0,0,0,0,1,0,0,0,0,0,0,0,0,0,0,367,366
111295,402,0,1,0,0,0,0,0,0,0,0,0,0,0,0,0,396,395
111296,458,0,3,0,0,1,0,0,0,0,0,0,0,0,0,0,450,449
111297,347,0,0,0,0,2,0,0,0,0,1,1,1,1,0,0,341,341
111298,364,0,0,0,0,1,0,0,0,0,0,0,0,0,0,0,359,358
111299,471,0,0,0,0,0,0,0,0,0,0,0,0,0,0,0,466,465
111300,312,0,1,0,0,0,0,0,0,0,0,0,0,0,0,0,306,305
111301,378,0,1,0,0,1,0,0,0,0,1,1,1,1,0,0,372,371
111302,727,0,0,0,0,0,0,0,0,0,1,1,1,1,0,0,722,721
111303,513,0,0,0,0,1,0,0,0,0,2,2,2,2,0,0,508,507
111304,662,0,4,0,0,0,0,0,0,0,0,0,0,0,0,0,653,652
111305,297,0,0,0,0,2,0,0,0,0,2,2,2,2,0,0,291,291
111306,397,0,0,0,0,5,0,0,0,0,0,0,0,0,0,0,387,386
111307,375,0,0,0,0,2,0,0,0,0,0,0,0,0,0,0,368,367
111308,404,0,0,0,0,0,0,0,0,0,0,0,0,0,0,0,399,398
111309,304,0,0,0,0,0,0,0,0,0,0,0,0,0,0,0,299,298
111310,544,0,0,0,0,1,0,0,0,0,2,2,2,2,0,0,538,537
111312,399,0,0,0,0,0,0,0,0,0,0,0,0,0,0,0,394,393
111313,356,0,1,0,0,0,0,0,0,0,0,0,0,0,0,0,350,349
111314,646,0,0,0,0,0,0,0,0,0,0,0,0,0,0,0,641,640
111315,391,0,0,0,0,1,0,0,0,0,0,0,0,0,0,0,385,384
111316,356,0,0,0,0,4,0,0,0,0,0,0,0,0,0,0,348,348
111317,652,0,0,0,0,0,0,0,0,0,1,1,1,1,0,0,647,646
111318,396,0,0,0,0,14,0,0,0,0,0,0,0,0,0,0,377,376
111319,26,0,0,0,0,2,0,0,0,0,0,0,0,0,0,0,20,20
111320,278,0,0,0,0,0,0,0,0,0,0,0,0,0,0,0,273,272
111321,490,0,0,0,0,1,0,0,0,0,0,0,0,0,0,0,485,484
111322,384,0,1,0,0,2,0,0,0,0,0,0,0,0,0,0,377,376
111323,470,0,0,0,0,0,0,0,0,0,2,2,2,2,0,0,465,464
111324,584,0,0,0,0,2,0,0,0,0,0,0,0,0,0,0,577,576
111325,810,0,0,0,0,0,0,0,0,0,0,0,0,0,0,0,805,804
111326,360,0,0,0,0,0,0,0,0,0,0,0,0,0,0,0,355,354
111327,433,0,0,0,0,0,0,0,0,0,2,2,2,2,0,0,428,427
111328,476,0,0,0,0,1,0,0,0,0,1,1,1,1,0,0,471,470
111329,386,0,0,0,0,1,0,0,0,0,0,0,0,0,0,0,381,380
111330,444,0,0,0,0,1,0,0,0,0,0,0,0,0,0,0,439,438
111331,388,0,0,0,0,0,0,0,0,0,1,1,1,1,0,0,383,382
111332,535,0,0,0,0,5,0,0,0,0,0,0,0,0,0,0,526,525
111333,438,0,0,0,0,0,0,0,0,0,0,0,0,0,0,0,433,432
111334,455,0,0,0,0,1,0,0,0,0,0,0,0,0,0,0,450,449
111335,441,0,0,0,0,1,0,0,0,0,0,0,0,0,0,0,436,435
111337,689,0,0,0,0,3,0,0,0,0,1,1,1,1,0,0,681,680
111338,317,0,0,0,0,2,0,0,0,0,0,0,0,0,0,0,311,311
111339,396,0,0,0,0,1,0,0,0,0,0,0,0,0,0,0,391,390
111340,352,0,1,0,0,1,0,0,0,0,1,1,1,1,0,0,346,345
111341,325,0,0,0,0,1,0,0,0,0,0,0,0,0,0,0,320,319
111342,362,0,0,0,0,0,0,0,0,0,0,0,0,0,0,0,357,356
111343,635,0,0,0,0,0,0,0,0,0,1,1,1,1,0,0,630,629
111344,811,0,0,0,0,1,0,0,0,0,0,0,0,0,0,0,806,805
111345,509,0,0,0,0,5,0,0,0,0,1,1,1,1,0,0,500,499
111346,281,0,0,0,0,2,0,0,0,0,0,0,0,0,0,0,275,275
111347,52,0,0,0,0,2,0,0,0,0,0,0,0,0,0,0,46,46
111348,530,0,0,0,0,0,0,0,0,0,1,1,1,1,0,0,525,524
111349,555,0,0,0,0,0,0,0,0,0,27,27,27,27,0,0,550,549
111350,428,0,0,0,0,0,0,0,0,0,1,1,1,1,0,0,423,422
111351,622,0,0,0,0,1,0,0,0,0,0,0,0,0,0,0,617,616
111352,766,0,0,0,0,0,0,0,0,0,2,2,2,2,0,0,761,760
111353,577,0,0,0,0,0,0,0,0,0,0,0,0,0,0,0,572,571
111354,575,0,0,0,0,1,0,0,0,0,0,0,0,0,0,0,569,568
111355,376,0,0,0,0,0,0,0,0,0,0,0,0,0,0,0,371,370
111356,281,0,0,0,0,1,0,0,0,0,0,0,0,0,0,0,276,275
111357,397,0,0,0,0,0,0,0,0,0,0,0,0,0,0,0,392,391
111358,371,0,0,0,0,1,0,0,0,0,0,0,0,0,0,0,366,365
111359,573,0,0,0,0,0,0,0,0,0,2,2,2,2,0,0,568,567
111360,320,0,0,0,0,2,0,0,0,0,0,0,0,0,0,0,314,314
111361,391,0,0,0,0,0,0,0,0,0,0,0,0,0,0,0,386,385
111362,550,0,0,0,0,0,0,8,0,0,1,1,1,1,0,0,545,544
111363,539,0,0,0,0,0,0,0,0,0,0,0,0,0,0,0,534,533
111364,361,0,0,0,0,1,0,0,0,0,0,0,0,0,0,0,356,355
111365,370,0,0,0,0,1,0,0,0,0,0,0,0,0,0,0,365,364
111366,375,0,0,0,0,1,0,0,0,0,0,0,0,0,0,0,370,369
111367,427,0,0,0,0,3,0,0,0,0,0,0,0,0,0,0,419,418
111368,414,0,0,0,0,1,0,0,0,0,0,0,0,0,0,0,409,408
111369,303,0,0,0,0,0,0,0,0,0,0,0,0,0,0,0,298,297
111370,288,0,0,0,0,2,0,0,0,0,0,0,0,0,0,0,282,281
111371,351,0,0,0,0,2,0,0,0,0,0,0,0,0,0,0,345,345
111372,456,0,0,0,0,1,0,0,0,0,0,0,0,0,0,0,451,450
111373,463,0,0,0,0,1,0,0,0,0,0,0,0,0,0,0,458,457
111374,409,0,0,0,0,0,0,0,0,0,1,1,1,1,0,0,404,403
111375,418,0,1,0,0,1,0,0,0,0,0,0,0,0,0,0,412,411
111376,468,0,0,0,0,0,0,0,0,0,1,1,1,1,0,0,463,462
111377,575,0,1,0,0,0,0,0,0,0,17,17,17,17,0,0,569,568
111378,485,0,0,0,0,0,0,0,0,0,0,0,0,0,0,0,480,479
111379,389,0,0,0,0,1,0,0,0,0,0,0,0,0,0,0,384,383
111380,340,0,1,0,0,0,0,0,0,0,0,0,0,0,0,0,334,333
111381,445,0,0,0,0,0,0,0,0,0,1,1,1,1,0,0,440,439
111382,466,0,0,0,0,0,0,0,0,0,2,2,2,2,0,0,461,460
111383,604,0,3,0,0,1,0,0,0,0,1,1,1,1,0,0,595,594
111384,306,0,0,0,0,0,0,0,0,0,1,1,1,1,0,0,301,300
111385,431,0,0,0,0,1,0,0,0,0,1,1,1,1,0,0,425,424
111386,413,0,0,0,0,1,0,0,0,0,0,0,0,0,0,0,408,407
111387,391,0,0,0,0,2,0,0,0,0,2,2,2,2,0,0,385,385
111388,329,0,0,0,0,4,0,0,0,0,0,0,0,0,0,0,321,320
111389,623,0,0,0,0,8,0,0,0,0,0,0,0,0,0,0,611,610
111390,506,0,0,0,0,0,0,0,0,0,1,1,1,1,0,0,501,500
111391,564,0,0,0,0,1,0,0,0,0,0,0,0,0,0,0,558,557
111392,632,0,0,0,0,6,0,0,0,0,0,0,0,0,0,0,621,620
111393,408,0,0,0,0,1,0,0,0,0,0,0,0,0,0,0,403,402
111394,585,0,0,0,0,1,0,0,0,0,0,0,0,0,0,0,579,578
111395,640,0,0,0,0,1,0,0,0,0,0,0,0,0,0,0,635,634
111396,333,0,0,0,0,1,0,0,0,0,0,0,0,0,0,0,328,327
111397,417,0,0,0,0,0,0,0,0,0,0,0,0,0,0,0,412,411
111398,324,0,0,0,0,3,0,0,0,0,0,0,0,0,0,0,316,315
111399,467,0,0,0,0,1,0,0,0,0,0,0,0,0,0,0,462,461
111400,468,0,2,0,0,0,0,0,0,0,0,0,0,0,0,0,461,460
111401,292,0,0,0,0,1,0,0,0,0,0,0,0,0,0,0,287,286
111402,212,0,1,0,0,0,0,0,0,0,0,0,0,0,0,0,206,205
111403,401,0,0,0,0,2,0,0,0,0,0,0,0,0,0,0,395,395
111404,215,0,0,0,0,0,0,10,0,0,1,1,1,1,0,0,210,209
111405,618,0,1,0,0,0,0,0,0,0,0,0,0,0,0,0,612,611
111406,373,0,0,0,0,1,0,0,0,0,0,0,0,0,0,0,368,367
111407,407,0,0,0,0,1,0,0,0,0,0,0,0,0,0,0,402,401
111408,298,0,0,0,0,1,0,0,0,0,0,0,0,0,0,0,293,292
111409,524,0,4,0,0,0,0,0,0,0,1,1,1,1,0,0,515,514
111410,705,0,0,0,0,2,0,0,0,0,0,0,0,0,0,0,698,697
111411,435,0,0,0,0,0,0,0,0,0,0,0,0,0,0,0,430,429
111412,532,0,0,0,0,0,0,0,0,0,2,2,2,2,0,0,527,526
111413,421,0,0,0,0,0,0,0,0,0,0,0,0,0,0,0,416,415
111414,616,0,0,0,0,2,0,6,0,0,23,23,23,23,0,0,609,608
111415,336,0,0,0,0,2,0,0,0,0,0,0,0,0,0,0,330,330
111416,385,0,0,0,0,0,0,0,0,0,0,0,0,0,0,0,380,379
111417,277,0,0,0,0,0,0,0,0,0,0,0,0,0,0,0,272,271
111418,349,0,0,0,0,2,0,0,0,0,1,1,1,1,0,0,342,341
111419,289,0,1,0,0,0,0,0,0,0,0,0,0,0,0,0,283,282
111420,268,0,0,0,0,0,0,0,0,0,0,0,0,0,0,0,263,262
111421,402,0,2,0,0,1,0,0,0,0,1,1,1,1,0,0,395,394
111422,367,0,0,0,0,0,0,0,0,0,0,0,0,0,0,0,362,361
111423,476,0,0,0,0,0,0,0,0,0,2,2,2,2,0,0,471,470
111424,394,0,0,0,0,1,0,0,0,0,0,0,0,0,0,0,389,388
111425,372,0,0,0,0,1,0,0,0,0,0,0,0,0,0,0,367,366
111426,361,0,0,0,0,2,0,0,0,0,0,0,0,0,0,0,355,354
111427,477,0,0,0,0,0,0,0,0,0,0,0,0,0,0,0,472,471
111428,347,0,0,0,0,2,0,0,0,0,0,0,0,0,0,0,341,341
111429,479,0,0,0,0,1,0,0,0,0,0,0,0,0,0,0,474,473
111430,579,0,0,0,0,1,0,0,0,0,0,0,0,0,0,0,574,573
111431,482,0,0,0,0,1,0,0,0,0,0,0,0,0,0,0,477,476
111432,427,0,0,0,0,2,0,0,0,0,0,0,0,0,0,0,421,420
111433,477,0,0,0,0,0,0,0,0,0,0,0,0,0,0,0,472,471
111434,465,0,0,0,0,0,0,0,0,0,2,2,2,2,0,0,460,459
111435,754,0,3,0,0,0,0,0,0,0,0,0,0,0,0,0,746,745
111436,320,0,0,0,0,1,0,0,0,0,1,1,1,1,0,0,315,314
111437,506,0,0,0,0,1,0,0,0,0,0,0,0,0,0,0,501,500
111438,356,0,0,0,0,0,0,0,0,0,0,0,0,0,0,0,351,350
111439,463,0,0,0,0,1,0,0,0,0,2,2,2,2,0,0,458,457
111440,466,0,0,0,0,0,0,0,0,0,2,2,2,2,0,0,461,460
111441,381,0,0,0,0,0,0,0,0,0,1,1,1,1,0,0,376,375
111442,283,0,1,0,0,0,0,0,0,0,2,2,2,2,0,0,277,276
111443,451,0,0,0,0,0,0,0,0,0,0,0,0,0,0,0,446,445
111444,443,0,2,0,0,0,0,0,0,0,1,1,1,1,0,0,436,435
111445,383,0,0,0,0,0,0,0,0,0,1,1,1,1,0,0,378,377
111446,648,0,0,0,0,1,0,0,0,0,0,0,0,0,0,0,643,642
111447,450,0,1,0,0,2,0,0,0,0,0,0,0,0,0,0,442,441
111448,460,0,0,0,0,0,0,0,0,0,0,0,0,0,0,0,455,454
111449,530,0,1,0,0,1,0,0,0,0,1,1,1,1,0,0,524,523
111450,87,0,0,0,0,1,0,0,0,0,0,0,0,0,0,0,82,81
111451,319,0,1,0,0,0,0,0,0,0,0,0,0,0,0,0,313,312
111452,511,0,0,0,0,0,0,0,0,0,0,0,0,0,0,0,506,505
111453,628,0,0,0,0,0,0,0,0,0,0,0,0,0,0,0,623,622
111454,229,0,0,0,0,2,0,0,0,0,0,0,0,0,0,0,223,223
111455,441,0,0,0,0,0,0,0,0,0,0,0,0,0,0,0,436,435
111456,442,0,0,0,0,0,0,0,0,0,0,0,0,0,0,0,437,436
111457,515,0,0,0,0,1,0,0,0,0,1,1,1,1,0,0,509,508
111458,335,0,0,0,0,1,0,0,0,0,0,0,0,0,0,0,330,329
111459,403,0,0,0,0,0,0,0,0,0,1,1,1,1,0,0,398,397
111460,477,0,2,0,0,1,0,0,0,0,0,0,0,0,0,0,469,468
111461,793,0,0,0,0,1,0,0,0,0,0,0,0,0,0,0,787,786
111462,439,0,0,0,0,1,0,0,0,0,0,0,0,0,0,0,434,433
111463,383,0,0,0,0,2,0,0,0,0,1,1,1,1,0,0,377,377
111464,431,0,0,0,0,2,0,0,0,0,0,0,0,0,0,0,425,424
111465,712,0,0,0,0,0,0,0,0,0,2,2,2,2,0,0,707,706
111466,486,0,0,0,0,1,0,0,0,0,0,0,0,0,0,0,480,479
111467,543,0,1,0,0,0,0,0,0,0,1,1,1,1,0,0,537,536
111468,409,0,3,0,0,1,0,0,0,0,0,0,0,0,0,0,401,400
111469,441,0,0,0,0,1,0,0,0,0,1,1,1,1,0,0,435,434
111470,228,0,2,0,0,1,0,0,0,0,0,0,0,0,0,0,221,220
111471,503,0,2,0,0,0,0,0,0,0,0,0,0,0,0,0,496,495
111472,487,0,0,0,0,1,0,0,0,0,0,0,0,0,0,0,482,481
111473,430,0,0,0,0,1,0,0,0,0,0,0,0,0,0,0,425,424
111474,531,0,0,0,0,2,0,0,0,0,2,2,2,2,0,0,525,524
111475,354,0,0,0,0,2,0,0,0,0,0,0,0,0,0,0,347,346
111476,381,0,0,0,0,0,0,0,0,0,1,1,1,1,0,0,376,375
111477,455,0,1,0,0,0,0,0,0,0,0,0,0,0,0,0,449,448
111478,501,0,0,0,0,0,0,0,0,0,1,1,1,1,0,0,496,495
111479,411,0,0,0,0,2,0,0,0,0,0,0,0,0,0,0,405,404
111480,413,0,0,0,0,0,0,0,0,0,0,0,0,0,0,0,408,407
111481,351,0,0,0,0,0,0,0,0,0,1,1,1,1,0,0,346,345
111482,40,0,0,0,0,2,0,0,0,0,0,0,0,0,0,0,34,34
111484,471,0,0,0,0,0,0,0,0,0,0,0,0,0,0,0,466,465
111485,408,0,0,0,0,1,0,0,0,0,0,0,0,0,0,0,403,402
111486,276,0,0,0,0,2,0,0,0,0,0,0,0,0,0,0,270,270
111487,488,0,0,0,0,3,0,0,0,0,0,0,0,0,0,0,480,479
111488,296,0,0,0,0,0,0,0,0,0,2,2,2,2,0,0,291,290
111489,497,0,0,0,0,1,0,0,0,0,0,0,0,0,0,0,491,490
111490,362,0,0,0,0,3,0,0,0,0,1,1,1,1,0,0,355,355
111491,359,0,0,0,0,1,0,0,0,0,0,0,0,0,0,0,354,353
111492,609,0,0,0,0,10,0,6,0,0,1,1,1,1,0,0,594,593
111493,471,0,0,0,0,0,0,0,0,0,2,2,2,2,0,0,466,465
111494,446,0,0,0,0,1,0,0,0,0,0,0,0,0,0,0,441,440
111495,403,0,0,0,0,0,0,8,0,0,0,0,0,0,0,0,398,397
111496,303,0,0,0,0,0,0,0,0,0,0,0,0,0,0,0,298,297
111497,402,0,0,0,0,2,0,0,0,0,0,0,0,0,0,0,396,396
111498,514,0,1,0,0,1,0,0,0,0,0,0,0,0,0,0,508,507
111499,465,0,0,0,0,0,0,0,0,0,0,0,0,0,0,0,460,459
111500,524,0,0,0,0,0,0,0,0,0,2,2,2,2,0,0,519,518
111501,446,0,0,0,0,2,0,0,0,0,1,1,1,1,0,0,440,439
111502,419,0,0,0,0,3,0,0,0,0,4,4,4,4,0,0,411,410
111503,393,0,0,0,0,1,0,0,0,0,1,1,1,1,0,0,388,387
111504,458,0,0,0,0,1,0,0,0,0,1,1,1,1,0,0,453,452
111505,519,0,0,0,0,0,0,0,0,0,0,0,0,0,0,0,514,513
111506,325,0,0,0,0,1,0,0,0,0,0,0,0,0,0,0,320,319
111507,543,0,0,0,0,0,0,0,0,0,1,1,1,1,0,0,538,537
111508,405,0,0,0,0,0,0,0,0,0,1,1,1,1,0,0,400,399
111509,473,0,0,0,0,0,0,0,0,0,0,0,0,0,0,0,468,467
111510,624,0,0,0,0,1,0,0,0,0,1,1,1,1,0,0,619,618
111511,390,0,0,0,0,1,0,0,0,0,0,0,0,0,0,0,385,384
111512,527,0,0,0,0,1,0,2,0,0,0,0,0,0,0,0,522,521
111513,477,0,0,0,0,0,0,0,0,0,0,0,0,0,0,0,472,471
111514,413,0,0,0,0,1,0,0,0,0,0,0,0,0,0,0,408,407
111515,614,0,0,0,0,2,0,0,0,0,0,0,0,0,0,0,608,607
111516,456,0,0,0,0,0,0,0,0,0,0,0,0,0,0,0,451,450
111517,477,0,2,0,0,0,0,0,0,0,0,0,0,0,0,0,470,469
111518,416,0,1,0,0,1,0,0,0,0,0,0,0,0,0,0,410,409
111519,452,0,1,0,0,1,0,0,0,0,0,0,0,0,0,0,446,445
111520,474,0,0,0,0,2,0,0,0,0,0,0,0,0,0,0,468,468
111521,262,0,0,0,0,1,0,0,0,0,0,0,0,0,0,0,257,256
111522,797,0,0,0,0,27,0,0,0,0,3,3,3,3,0,0,766,765
111523,425,0,0,0,0,0,0,0,0,0,0,0,0,0,0,0,420,419
111524,746,0,0,0,0,1,0,0,0,0,0,0,0,0,0,0,741,740
111526,438,0,0,0,0,1,0,0,0,0,2,2,2,2,0,0,433,432
111527,397,0,1,0,0,1,0,0,0,0,0,0,0,0,0,0,391,390
111528,439,0,1,0,0,0,0,0,0,0,2,2,2,2,0,0,433,432
111529,531,0,0,0,0,0,0,0,0,0,0,0,0,0,0,0,526,525
111530,418,0,0,0,0,1,0,5,0,0,0,0,0,0,0,0,413,412
111531,482,0,0,0,0,2,0,0,0,0,2,2,2,2,0,0,475,474
111532,441,0,1,0,0,1,0,0,0,0,6,6,6,6,0,0,435,434
111533,595,0,1,0,0,3,0,0,0,0,0,0,0,0,0,0,586,585
111534,516,0,0,0,0,0,0,0,0,0,2,2,2,2,0,0,511,510
111535,328,0,1,0,0,1,0,0,0,0,0,0,0,0,0,0,322,321
111536,601,0,0,0,0,0,0,0,0,0,2,2,2,2,0,0,596,595
111537,348,0,0,0,0,1,0,0,0,0,0,0,0,0,0,0,343,342
111538,361,0,0,0,0,0,0,0,0,0,0,0,0,0,0,0,356,355
111539,314,0,0,0,0,1,0,0,0,0,0,0,0,0,0,0,309,308
111540,344,0,0,0,0,2,0,0,0,0,0,0,0,0,0,0,337,336
111541,480,0,1,0,0,0,0,0,0,0,1,1,1,1,0,0,474,473
111542,510,0,1,0,0,0,0,0,0,0,0,0,0,0,0,0,504,503
111543,546,0,0,0,0,0,0,0,0,0,1,1,1,1,0,0,541,540
111544,270,0,0,0,0,1,0,0,0,0,0,0,0,0,0,0,265,264
111545,254,0,0,0,0,2,0,0,0,0,0,0,0,0,0,0,248,248
111546,549,0,0,0,0,0,0,0,0,0,0,0,0,0,0,0,544,543
111547,391,0,0,0,0,0,0,0,0,0,0,0,0,0,0,0,386,385
111548,365,0,0,0,0,2,0,0,0,0,0,0,0,0,0,0,359,359
111549,565,0,1,0,0,1,0,0,0,0,0,0,0,0,0,0,559,558
111550,452,0,0,0,0,0,0,0,0,0,9,9,9,9,0,0,447,446
111551,624,0,0,0,0,1,0,0,0,0,0,0,0,0,0,0,618,617
111553,556,0,0,0,0,0,0,0,0,0,0,0,0,0,0,0,551,550
111554,279,0,0,0,0,1,0,0,0,0,0,0,0,0,0,0,274,273
111555,367,0,0,0,0,1,0,0,0,0,0,0,0,0,0,0,361,360
111556,431,0,0,0,0,1,0,0,0,0,0,0,0,0,0,0,426,425
111557,354,0,0,0,0,1,0,0,0,0,0,0,0,0,0,0,349,348
111558,217,0,0,0,0,0,0,0,0,0,1,1,1,1,0,0,212,211
111559,376,0,0,0,0,1,0,0,0,0,0,0,0,0,0,0,371,370
111560,404,0,0,0,0,1,0,0,0,0,0,0,0,0,0,0,398,397
111561,410,0,0,0,0,1,0,0,0,0,0,0,0,0,0,0,405,404
111562,351,0,0,0,0,0,0,0,0,0,0,0,0,0,0,0,346,345
111563,368,0,0,0,0,1,0,0,0,0,0,0,0,0,0,0,363,362
111564,381,0,0,0,0,2,0,0,0,0,0,0,0,0,0,0,375,375
111565,485,0,3,0,0,0,0,0,0,0,1,1,1,1,0,0,477,476
111566,506,0,1,0,0,1,0,0,0,0,0,0,0,0,0,0,500,499
111567,379,0,0,0,0,2,0,0,0,0,0,0,0,0,0,0,373,373
111568,361,0,0,0,0,0,0,0,0,0,0,0,0,0,0,0,356,355
111569,290,0,0,0,0,1,0,0,0,0,0,0,0,0,0,0,285,284
111570,568,0,0,0,0,1,0,0,0,0,0,0,0,0,0,0,562,561
111571,654,0,2,0,0,3,0,0,0,0,0,0,0,0,0,0,644,643
111572,385,0,0,0,0,0,0,0,0,0,0,0,0,0,0,0,380,379
111573,413,0,1,0,0,0,0,0,0,0,0,0,0,0,0,0,407,406
111574,444,0,2,0,0,1,0,0,0,0,0,0,0,0,0,0,436,435
111575,527,0,0,0,0,1,0,0,0,0,0,0,0,0,0,0,522,521
111576,449,0,1,0,0,1,0,0,0,0,0,0,0,0,0,0,443,442
111577,656,0,0,0,0,0,0,0,0,0,0,0,0,0,0,0,651,650
111578,522,0,0,0,0,1,0,0,0,0,1,1,1,1,0,0,516,515
111579,317,0,1,0,0,2,0,0,0,0,0,0,0,0,0,0,310,310
111580,328,0,0,0,0,2,0,0,0,0,0,0,0,0,0,0,322,322
111581,384,0,0,0,0,1,0,0,0,0,0,0,0,0,0,0,378,377
111582,416,0,0,0,0,0,0,0,0,0,0,0,0,0,0,0,411,410
111583,558,0,0,0,0,0,0,0,0,0,1,1,1,1,0,0,553,552
111584,530,0,0,0,0,3,0,0,0,0,0,0,0,0,0,0,523,522
111585,385,0,0,0,0,2,0,0,0,0,0,0,0,0,0,0,379,379
111586,429,0,0,0,0,1,0,0,0,0,2,2,2,2,0,0,424,423
111587,393,0,0,0,0,0,0,0,0,0,0,0,0,0,0,0,388,387
111588,453,0,1,0,0,3,0,0,0,0,0,0,0,0,0,0,444,443
111589,490,0,0,0,0,0,0,0,0,0,2,2,2,2,0,0,485,484
111590,539,0,0,0,0,0,0,0,0,0,0,0,0,0,0,0,534,533
111591,366,0,0,0,0,1,0,0,0,0,1,1,1,1,0,0,360,359
111592,656,0,0,0,0,0,0,0,0,0,0,0,0,0,0,0,651,650
111593,491,0,0,0,0,1,0,0,0,0,0,0,0,0,0,0,486,485
111594,412,0,0,0,0,0,0,0,0,0,0,0,0,0,0,0,407,406
111595,459,0,0,0,0,1,0,0,0,0,0,0,0,0,0,0,453,452
111596,389,0,0,0,0,0,0,0,0,0,0,0,0,0,0,0,384,383
111597,360,0,0,0,0,0,0,0,0,0,0,0,0,0,0,0,355,354
111598,447,0,4,0,0,1,0,0,0,0,1,1,1,1,0,0,438,437
111599,344,0,0,0,0,0,0,0,0,0,0,0,0,0,0,0,339,338
111600,336,0,0,0,0,1,0,0,0,0,0,0,0,0,0,0,331,330
111601,608,0,0,0,0,0,0,0,0,0,41,41,41,41,0,0,603,602
111602,470,0,0,0,0,0,0,0,0,0,1,1,1,1,0,0,465,464
111603,486,0,1,0,0,0,0,0,0,0,1,1,1,1,0,0,480,479
111604,328,0,0,0,0,1,0,0,0,0,0,0,0,0,0,0,323,322
111605,629,0,0,0,0,5,0,0,0,0,1,1,1,1,0,0,619,618
111606,576,0,0,0,0,0,0,0,0,0,1,1,1,1,0,0,571,570
111607,531,0,0,0,0,1,0,0,0,0,0,0,0,0,0,0,526,525
111608,444,0,0,0,0,2,0,0,0,0,0,0,0,0,0,0,437,436
111609,387,0,3,0,0,1,0,0,0,0,2,2,2,2,0,0,379,378
111610,393,0,0,0,0,1,0,0,0,0,0,0,0,0,0,0,388,387
111611,321,0,0,0,0,1,0,0,0,0,0,0,0,0,0,0,316,315
111612,374,0,0,0,0,1,0,0,0,0,0,0,0,0,0,0,369,368
111613,51,0,0,0,0,2,0,0,0,0,0,0,0,0,0,0,45,45
111614,444,0,2,0,0,1,0,0,0,0,2,2,2,2,0,0,437,436
111615,392,0,0,0,0,4,0,0,0,0,0,0,0,0,0,0,384,383
111616,452,0,0,0,0,3,0,0,0,0,0,0,0,0,0,0,444,443
111617,450,0,0,0,0,0,0,6,0,0,0,0,0,0,0,0,445,444
111618,541,0,0,0,0,1,0,0,0,0,0,0,0,0,0,0,535,534
111619,561,0,0,0,0,0,0,0,0,0,2,2,2,2,0,0,556,555
111620,540,0,0,0,0,1,0,0,0,0,1,1,1,1,0,0,534,533
111621,460,0,0,0,0,0,0,0,0,0,0,0,0,0,0,0,455,454
111622,569,0,0,0,0,1,0,0,0,0,0,0,0,0,0,0,564,563
111623,729,0,0,0,0,6,0,0,0,0,2,2,2,2,0,0,718,717
111624,287,0,0,0,0,1,0,0,0,0,0,0,0,0,0,0,282,281
111625,494,0,2,0,0,0,0,0,0,0,0,0,0,0,0,0,487,486
111626,396,0,0,0,0,0,0,0,0,0,1,1,1,1,0,0,391,390
111627,466,0,0,0,0,0,0,0,0,0,1,1,1,1,0,0,461,460
111628,212,0,0,0,0,0,0,0,0,0,0,0,0,0,0,0,207,206
111629,448,0,0,0,0,2,0,0,0,0,0,0,0,0,0,0,441,440
111630,506,0,0,0,0,2,0,0,0,0,0,0,0,0,0,0,499,498
111631,165,0,0,0,0,2,0,0,0,0,1,1,1,1,0,0,159,159
111632,722,0,0,0,0,1,0,0,0,0,2,2,2,2,0,0,716,715
111633,722,0,0,0,0,0,0,0,0,0,1,1,1,1,0,0,717,716
111634,425,0,0,0,0,2,0,0,0,0,0,0,0,0,0,0,418,417
111635,361,0,0,0,0,0,0,0,0,0,0,0,0,0,0,0,356,355
111636,246,0,0,0,0,2,0,0,0,0,0,0,0,0,0,0,240,240
111637,456,0,0,0,0,1,0,0,0,0,0,0,0,0,0,0,451,450
111638,482,0,4,0,0,1,0,0,0,0,8,8,8,8,0,0,473,472
111639,406,0,0,0,0,0,0,0,0,0,0,0,0,0,0,0,401,400
111640,624,0,0,0,0,0,0,0,0,0,0,0,0,0,0,0,619,618
111641,521,0,0,0,0,0,0,0,0,0,0,0,0,0,0,0,516,515
111642,524,0,0,0,0,0,0,0,0,0,0,0,0,0,0,0,519,518
111643,310,0,0,0,0,1,0,0,0,0,0,0,0,0,0,0,305,304
111644,358,0,1,0,0,2,0,0,0,0,0,0,0,0,0,0,351,351
111645,653,0,0,0,0,20,0,0,0,0,0,0,0,0,0,0,629,628
111646,466,0,0,0,0,6,0,0,0,0,1,1,1,1,0,0,455,454
111647,367,0,0,0,0,27,0,0,0,0,0,0,0,0,0,0,336,335
111648,405,0,2,0,0,1,0,0,0,0,0,0,0,0,0,0,397,396
111649,525,0,0,0,0,1,0,0,0,0,0,0,0,0,0,0,520,519
111650,418,0,3,0,0,1,0,0,0,0,0,0,0,0,0,0,410,409
111651,353,0,1,0,0,1,0,0,0,0,0,0,0,0,0,0,347,346
111652,342,0,0,0,0,0,0,0,0,0,0,0,0,0,0,0,337,336
111653,428,0,0,0,0,2,0,0,0,0,1,1,1,1,0,0,422,421
111654,488,0,0,0,0,1,0,0,0,0,0,0,0,0,0,0,483,482
111655,370,0,0,0,0,0,0,0,0,0,0,0,0,0,0,0,365,364
111656,370,0,0,0,0,0,0,0,0,0,0,0,0,0,0,0,365,364
111657,452,0,0,0,0,0,0,0,0,0,2,2,2,2,0,0,447,446
111658,383,0,0,0,0,0,0,0,0,0,0,0,0,0,0,0,378,377
111659,367,0,0,0,0,1,0,0,0,0,0,0,0,0,0,0,362,361
111660,315,0,0,0,0,0,0,0,0,0,0,0,0,0,0,0,310,309
111661,653,0,0,0,0,12,0,0,0,0,0,0,0,0,0,0,636,635
111662,397,0,0,0,0,2,0,0,0,0,0,0,0,0,0,0,391,390
111663,457,0,0,0,0,0,0,0,0,0,1,1,1,1,0,0,452,451
111664,423,0,1,0,0,1,0,0,0,0,0,0,0,0,0,0,417,416
111665,345,0,0,0,0,2,0,0,0,0,0,0,0,0,0,0,339,338
111666,500,0,0,0,0,1,0,0,0,0,0,0,0,0,0,0,494,493
111667,376,0,0,0,0,1,0,0,0,0,0,0,0,0,0,0,371,370
111668,727,0,0,0,0,0,0,0,0,0,2,2,2,2,0,0,722,721
111669,408,0,0,0,0,1,0,0,0,0,0,0,0,0,0,0,403,402
111670,628,0,0,0,0,0,0,0,0,0,1,1,1,1,0,0,623,622
111671,677,0,1,0,0,2,0,0,0,0,3,3,3,3,0,0,670,669
111672,311,0,0,0,0,1,0,0,0,0,0,0,0,0,0,0,306,305
111673,666,0,0,0,0,0,0,0,0,0,0,0,0,0,0,0,661,660
111674,708,0,0,0,0,0,0,0,0,0,1,1,1,1,0,0,703,702
111675,435,0,0,0,0,3,0,0,0,0,0,0,0,0,0,0,428,427
111676,619,0,5,0,0,1,0,0,0,0,58,58,58,58,0,0,609,608
111677,404,0,1,0,0,3,0,0,0,0,0,0,0,0,0,0,396,395
111678,318,0,1,0,0,0,0,0,0,0,0,0,0,0,0,0,312,311
111679,285,0,0,0,0,1,0,0,0,0,0,0,0,0,0,0,280,279
111680,402,0,0,0,0,1,0,0,0,0,0,0,0,0,0,0,397,396
111681,366,0,0,0,0,0,0,0,0,0,0,0,0,0,0,0,361,360
111682,815,0,0,0,0,1,0,0,0,0,1,1,1,1,0,0,810,809
111683,586,0,1,0,0,0,0,0,0,0,0,0,0,0,0,0,580,579
111684,410,0,0,0,0,0,0,0,0,0,1,1,1,1,0,0,405,404
111685,422,0,0,0,0,0,0,0,0,0,2,2,2,2,0,0,417,416
111686,507,0,0,0,0,1,0,0,0,0,0,0,0,0,0,0,502,501
111687,381,0,0,0,0,1,0,0,0,0,0,0,0,0,0,0,376,375
111688,342,0,0,0,0,3,0,0,0,0,2,2,2,2,0,0,335,335
111689,299,0,0,0,0,2,0,0,0,0,0,0,0,0,0,0,293,293
111690,425,0,0,0,0,1,0,0,0,0,0,0,0,0,0,0,420,419
111691,796,0,0,0,0,0,0,0,0,0,89,89,89,89,0,0,791,790
111692,509,0,0,0,0,0,0,0,0,0,0,0,0,0,0,0,504,503
111693,399,0,0,0,0,1,0,0,0,0,0,0,0,0,0,0,394,393
111694,346,0,0,0,0,0,0,0,0,0,0,0,0,0,0,0,341,340
111695,518,0,0,0,0,0,0,0,0,0,0,0,0,0,0,0,513,512
111696,419,0,0,0,0,0,0,0,0,0,0,0,0,0,0,0,414,413
111697,389,0,0,0,0,1,0,0,0,0,0,0,0,0,0,0,384,383
111698,490,0,0,0,0,1,0,0,0,0,0,0,0,0,0,0,485,484
111699,369,0,0,0,0,0,0,0,0,0,0,0,0,0,0,0,364,363
111700,714,0,0,0,0,0,0,0,0,0,1,1,1,1,0,0,709,708
111701,483,0,1,0,0,13,0,0,0,0,0,0,0,0,0,0,465,464
111702,340,0,0,0,0,2,0,0,0,0,0,0,0,0,0,0,334,334
111703,603,0,0,0,0,0,0,0,0,0,1,1,1,1,0,0,598,597
111704,319,0,0,0,0,1,0,0,0,0,0,0,0,0,0,0,314,313
111705,631,0,0,0,0,0,0,0,0,0,2,2,2,2,0,0,626,625
111706,446,0,0,0,0,0,0,0,0,0,0,0,0,0,0,0,441,440
111707,367,0,0,0,0,1,0,0,0,0,0,0,0,0,0,0,362,361
111708,363,0,1,0,0,3,0,0,0,0,0,0,0,0,0,0,355,354
111709,450,0,0,0,0,0,0,0,0,0,1,1,1,1,0,0,445,444
111710,560,0,0,0,0,0,0,0,0,0,1,1,1,1,0,0,555,554
111711,373,0,0,0,0,1,0,0,0,0,0,0,0,0,0,0,368,367
111712,414,0,0,0,0,0,0,0,0,0,0,0,0,0,0,0,409,408
111713,498,0,0,0,0,3,0,0,0,0,0,0,0,0,0,0,491,491
111714,394,0,0,0,0,1,0,0,0,0,0,0,0,0,0,0,389,388
111716,557,0,1,0,0,1,0,0,0,0,1,1,1,1,0,0,550,549
111717,478,0,0,0,0,0,0,0,0,0,1,1,1,1,0,0,473,472
111718,468,0,1,0,0,1,0,0,0,0,0,0,0,0,0,0,462,461
111719,373,0,0,0,0,0,0,6,0,0,2,2,2,2,0,0,368,367
111720,502,0,0,0,0,0,0,0,0,0,2,2,2,2,0,0,497,496
111721,505,0,0,0,0,0,0,0,0,0,2,2,2,2,0,0,500,499
111722,346,0,0,0,0,1,0,0,0,0,0,0,0,0,0,0,341,340
111723,318,0,0,0,0,2,0,0,0,0,0,0,0,0,0,0,312,312
111724,375,0,0,0,0,4,0,0,0,0,2,2,2,2,0,0,367,366
111725,445,0,2,0,0,0,0,0,0,0,2,2,2,2,0,0,438,437
111726,452,0,0,0,0,0,0,0,0,0,0,0,0,0,0,0,447,446
111727,461,0,0,0,0,2,0,0,0,0,0,0,0,0,0,0,455,455
111728,344,0,0,0,0,3,0,0,0,0,0,0,0,0,0,0,337,336
111729,417,0,0,0,0,1,0,0,0,0,0,0,0,0,0,0,412,411
111730,369,0,1,0,0,1,0,0,0,0,0,0,0,0,0,0,363,362
111731,388,0,0,0,0,2,0,0,0,0,0,0,0,0,0,0,382,381
111732,448,0,0,0,0,0,0,0,0,0,1,1,1,1,0,0,443,442
111733,350,0,0,0,0,1,0,0,0,0,0,0,0,0,0,0,345,344
111734,234,0,1,0,0,1,0,0,0,0,1,1,1,1,0,0,228,227
111735,494,0,0,0,0,1,0,0,0,0,0,0,0,0,0,0,489,488
111736,578,0,0,0,0,0,0,0,0,0,1,1,1,1,0,0,573,572
111737,432,0,0,0,0,0,0,0,0,0,0,0,0,0,0,0,427,426
111738,440,0,0,0,0,0,0,0,0,0,1,1,1,1,0,0,435,434
111739,375,0,0,0,0,0,0,0,0,0,0,0,0,0,0,0,370,369
111740,433,0,0,0,0,1,0,0,0,0,1,1,1,1,0,0,428,427
111741,329,0,0,0,0,1,0,0,0,0,0,0,0,0,0,0,324,323
111742,442,0,0,0,0,1,0,0,0,0,0,0,0,0,0,0,437,436
111743,384,0,0,0,0,0,0,0,0,0,0,0,0,0,0,0,379,378
111744,266,0,0,0,0,2,0,0,0,0,0,0,0,0,0,0,260,260
111745,453,0,0,0,0,1,0,0,0,0,0,0,0,0,0,0,448,447
111746,528,0,0,0,0,2,0,0,0,0,0,0,0,0,0,0,522,521
111747,365,0,0,0,0,1,0,0,0,0,0,0,0,0,0,0,360,359
111749,484,0,0,0,0,0,0,0,0,0,1,1,1,1,0,0,479,478
111750,354,0,0,0,0,4,0,6,0,0,1,1,1,1,0,0,345,344
111751,573,0,0,0,0,3,0,0,0,0,0,0,0,0,0,0,565,564
111752,327,0,0,0,0,1,0,0,0,0,0,0,0,0,0,0,322,321
111753,457,0,0,0,0,0,0,0,0,0,29,30,29,30,0,0,452,451
111754,611,0,0,0,0,0,0,0,0,0,1,1,1,1,0,0,606,605
111755,381,0,0,0,0,0,0,0,0,0,0,0,0,0,0,0,376,375
111756,316,0,0,0,0,2,0,0,0,0,0,0,0,0,0,0,310,310
111757,417,0,0,0,0,0,0,0,0,0,0,0,0,0,0,0,412,411
111758,384,0,0,0,0,0,0,0,0,0,0,0,0,0,0,0,379,378
111760,552,0,0,0,0,1,0,0,0,0,0,0,0,0,0,0,547,546
111761,370,0,0,0,0,0,0,0,0,0,1,1,1,1,0,0,365,364
111763,284,0,0,0,0,1,0,6,0,0,0,0,0,0,0,0,279,278
111764,393,0,2,0,0,0,0,0,0,0,0,0,0,0,0,0,386,385
111765,507,0,0,0,0,1,0,0,0,0,0,0,0,0,0,0,501,500
111766,604,0,0,0,0,1,0,0,0,0,0,0,0,0,0,0,598,597
111767,397,0,0,0,0,0,0,0,0,0,0,0,0,0,0,0,392,391
111768,561,0,0,0,0,0,0,0,0,0,0,0,0,0,0,0,556,555
111769,444,0,0,0,0,1,0,0,0,0,1,1,1,1,0,0,439,438
111770,527,0,0,0,0,3,0,0,0,0,0,0,0,0,0,0,520,519
111771,355,0,0,0,0,1,0,0,0,0,0,0,0,0,0,0,350,349
111772,409,0,0,0,0,0,0,0,0,0,0,0,0,0,0,0,404,403
111773,313,0,0,0,0,0,0,0,0,0,0,0,0,0,0,0,308,307
111774,546,0,0,0,0,0,0,0,0,0,0,0,0,0,0,0,541,540
111775,382,0,0,0,0,0,0,0,0,0,0,0,0,0,0,0,377,376
111776,411,0,0,0,0,2,0,0,0,0,0,0,0,0,0,0,405,405
111777,348,0,0,0,0,2,0,0,0,0,2,2,2,2,0,0,342,341
111778,556,0,0,0,0,0,0,0,0,0,0,0,0,0,0,0,551,550
111779,380,0,0,0,0,1,0,0,0,0,0,0,0,0,0,0,375,374
111780,418,0,0,0,0,3,0,0,0,0,0,0,0,0,0,0,411,410
111781,399,0,0,0,0,0,0,0,0,0,1,1,1,1,0,0,394,393
111782,422,0,0,0,0,0,0,0,0,0,2,2,2,2,0,0,417,416
111783,535,0,1,0,0,2,0,0,0,0,0,0,0,0,0,0,528,527
111784,424,0,0,0,0,0,0,0,0,0,0,0,0,0,0,0,419,418
111785,456,0,0,0,0,0,0,0,0,0,0,0,0,0,0,0,451,450
111786,469,0,0,0,0,1,0,0,0,0,0,0,0,0,0,0,464,463
111787,377,0,0,0,0,1,0,0,0,0,0,0,0,0,0,0,372,371
111788,341,0,0,0,0,1,0,0,0,0,0,0,0,0,0,0,336,335
111789,344,0,0,0,0,2,0,0,0,0,0,0,0,0,0,0,338,337
111790,442,0,0,0,0,1,0,1,0,0,0,0,0,0,0,0,437,436
111791,385,0,0,0,0,1,0,0,0,0,0,0,0,0,0,0,380,379
111792,492,0,0,0,0,2,0,0,0,0,0,0,0,0,0,0,485,484
111793,316,0,0,0,0,1,0,0,0,0,0,0,0,0,0,0,311,310
111794,331,0,0,0,0,1,0,0,0,0,0,0,0,0,0,0,326,325
111795,366,0,0,0,0,2,0,0,0,0,0,0,0,0,0,0,360,360
111796,465,0,1,0,0,1,0,0,0,0,1,1,1,1,0,0,459,458
111797,380,0,0,0,0,1,0,0,0,0,0,0,0,0,0,0,375,374
111798,361,0,0,0,0,2,0,0,0,0,0,0,0,0,0,0,355,355
111799,556,0,0,0,0,0,0,0,0,0,1,1,1,1,0,0,551,550
111800,482,0,1,0,0,0,0,0,0,0,2,2,2,2,0,0,476,475
111801,593,0,0,0,0,0,0,0,0,0,1,1,1,1,0,0,588,587
111802,406,0,1,0,0,10,0,0,0,0,0,0,0,0,0,0,391,390
111803,39,0,0,0,0,2,0,0,0,0,0,0,0,0,0,0,33,33
111804,491,0,0,0,0,0,0,0,0,0,0,0,0,0,0,0,486,485
111805,324,0,0,0,0,2,0,0,0,0,0,0,0,0,0,0,318,318
111806,469,0,0,0,0,0,0,0,0,0,0,0,0,0,0,0,464,463
111807,573,0,0,0,0,0,0,0,0,0,0,0,0,0,0,0,568,567
111809,510,0,0,0,0,0,0,0,0,0,0,0,0,0,0,0,505,504
111810,445,0,0,0,0,1,0,0,0,0,0,0,0,0,0,0,440,439
111811,480,0,0,0,0,1,0,0,0,0,2,2,2,2,0,0,474,473
111812,473,0,0,0,0,0,0,0,0,0,1,1,1,1,0,0,468,467
111813,488,0,0,0,0,2,0,0,0,0,0,0,0,0,0,0,481,480
111814,343,0,0,0,0,1,0,0,0,0,0,0,0,0,0,0,338,337
111815,591,0,0,0,0,0,0,0,0,0,2,2,2,2,0,0,586,585
111816,489,0,0,0,0,0,0,0,0,0,1,1,1,1,0,0,484,483
111817,455,0,0,0,0,1,0,0,0,0,1,1,1,1,0,0,450,449
111818,228,0,0,0,0,2,0,0,0,0,0,0,0,0,0,0,222,222
111819,625,0,0,0,0,0,0,0,0,0,2,2,2,2,0,0,620,619
111820,440,0,0,0,0,1,0,0,0,0,0,0,0,0,0,0,435,434
111821,574,0,0,0,0,0,0,0,0,0,0,0,0,0,0,0,569,568
111822,341,0,1,0,0,0,0,0,0,0,0,0,0,0,0,0,335,334
111823,404,0,0,0,0,1,0,0,0,0,0,0,0,0,0,0,399,398
111824,498,0,0,0,0,0,0,0,0,0,0,0,0,0,0,0,493,492
111825,499,0,0,0,0,2,0,0,0,0,0,0,0,0,0,0,493,492
111826,478,0,0,0,0,0,0,0,0,0,1,1,1,1,0,0,473,472
111827,354,0,0,0,0,1,0,0,0,0,1,1,1,1,0,0,349,348
111828,306,0,2,0,0,4,0,0,0,0,0,0,0,0,0,0,295,294
111829,332,0,0,0,0,2,0,0,0,0,0,0,0,0,0,0,326,326
111830,566,0,1,0,0,0,0,0,0,0,0,0,0,0,0,0,560,559
111831,682,0,0,0,0,1,0,0,0,0,63,63,63,63,0,0,676,675
111832,263,0,0,0,0,2,0,0,0,0,0,0,0,0,0,0,257,257
111833,507,0,0,0,0,0,0,0,0,0,2,2,2,2,0,0,502,501
111834,474,0,2,0,0,2,0,0,0,0,0,0,0,0,0,0,466,466
111835,447,0,0,0,0,2,0,0,0,0,0,0,0,0,0,0,440,439
111836,301,0,0,0,0,0,0,0,0,0,1,1,1,1,0,0,296,295
111837,420,0,0,0,0,1,0,0,0,0,3,3,3,3,0,0,414,413
111838,421,0,0,0,0,2,0,0,0,0,0,0,0,0,0,0,415,414
111839,511,0,0,0,0,0,0,0,0,0,1,1,1,1,0,0,506,505
111840,417,0,0,0,0,1,0,0,0,0,0,0,0,0,0,0,412,411
111841,484,0,0,0,0,0,0,0,0,0,0,0,0,0,0,0,479,478
111842,420,0,3,0,0,0,0,0,0,0,0,0,0,0,0,0,412,411
111843,431,0,0,0,0,1,0,0,0,0,0,0,0,0,0,0,426,425
111844,617,0,0,0,0,0,0,0,0,0,2,2,2,2,0,0,612,611
111845,386,0,1,0,0,1,0,0,0,0,0,0,0,0,0,0,380,379
111846,556,0,0,0,0,0,0,0,0,0,2,2,2,2,0,0,551,550
111847,569,0,0,0,0,0,0,1,0,0,0,0,0,0,0,0,564,563
111848,646,0,0,0,0,1,0,0,0,0,3,3,3,3,0,0,640,639
111849,610,0,0,0,0,2,0,0,0,0,5,5,5,5,0,0,603,602
111850,27,0,0,0,0,2,0,0,0,0,0,0,0,0,0,0,21,21
111851,440,0,0,0,0,1,0,0,0,0,0,0,0,0,0,0,435,434
111852,507,0,0,0,0,0,0,0,0,0,0,0,0,0,0,0,502,501
111853,262,0,0,0,0,2,0,0,0,0,0,0,0,0,0,0,256,256
111854,328,0,0,0,0,0,0,0,0,0,0,0,0,0,0,0,323,322
111855,703,0,0,0,0,0,0,0,0,0,1,1,1,1,0,0,698,697
111856,362,0,0,0,0,1,0,0,0,0,0,0,0,0,0,0,357,356
111857,450,0,1,0,0,0,0,0,0,0,1,1,1,1,0,0,444,443
111858,276,0,0,0,0,0,0,0,0,0,0,0,0,0,0,0,271,270
111859,587,0,0,0,0,0,0,0,0,0,0,0,0,0,0,0,582,581
111860,351,0,0,0,0,1,0,0,0,0,0,0,0,0,0,0,346,345
111861,434,0,2,0,0,0,0,0,0,0,2,2,2,2,0,0,427,426
111862,455,0,0,0,0,1,0,0,0,0,0,0,0,0,0,0,450,449
111863,609,0,0,0,0,4,0,0,0,0,2,2,2,2,0,0,601,600
111864,407,0,0,0,0,0,0,0,0,0,0,0,0,0,0,0,402,401
111865,301,0,0,0,0,2,0,0,0,0,0,0,0,0,0,0,295,294
111867,442,0,0,0,0,0,0,0,0,0,0,0,0,0,0,0,437,436
111868,465,0,0,0,0,1,0,0,0,0,0,0,0,0,0,0,459,458
111869,574,0,0,0,0,0,0,0,0,0,0,0,0,0,0,0,569,568
111870,512,0,0,0,0,3,0,0,0,0,0,0,0,0,0,0,505,504
111871,337,0,0,0,0,1,0,0,0,0,0,0,0,0,0,0,332,331
111872,387,0,0,0,0,1,0,0,0,0,0,0,0,0,0,0,382,381
111873,312,0,0,0,0,1,0,0,0,0,0,0,0,0,0,0,307,306
111874,487,0,1,0,0,1,0,0,0,0,1,1,1,1,0,0,481,480
111875,587,0,0,0,0,0,0,8,0,0,2,2,2,2,0,0,582,581
111876,419,0,1,0,0,2,0,0,0,0,0,0,0,0,0,0,412,411
111877,401,0,0,0,0,0,0,0,0,0,14,14,14,14,0,0,396,395
111878,522,0,0,0,0,0,0,0,0,0,0,0,0,0,0,0,517,516
111879,601,0,0,0,0,0,0,0,0,0,1,1,1,1,0,0,596,595
111880,600,0,0,0,0,2,0,0,0,0,2,2,2,2,0,0,594,593
111881,769,0,0,0,0,0,0,0,0,0,40,40,40,40,0,0,764,763
111882,322,0,0,0,0,0,0,0,0,0,0,0,0,0,0,0,317,316
111883,340,0,0,0,0,2,0,0,0,0,2,2,2,2,0,0,334,334
111884,488,0,0,0,0,0,0,0,0,0,0,0,0,0,0,0,483,482
111885,479,0,0,0,0,1,0,0,0,0,0,0,0,0,0,0,474,473
111886,329,0,0,0,0,2,0,0,0,0,0,0,0,0,0,0,323,323
111887,558,0,0,0,0,0,0,0,0,0,0,0,0,0,0,0,553,552
111888,463,0,0,0,0,0,0,0,0,0,1,1,1,1,0,0,458,457
111889,441,0,1,0,0,1,0,0,0,0,2,2,2,2,0,0,434,433
111890,387,0,0,0,0,2,0,0,0,0,0,0,0,0,0,0,381,381
111891,492,0,0,0,0,1,0,0,0,0,0,0,0,0,0,0,487,486
111892,180,0,0,0,0,0,0,0,0,0,0,0,0,0,0,0,175,174
111893,690,0,3,0,0,5,0,0,0,0,0,0,0,0,0,0,677,676
111894,450,0,0,0,0,0,0,0,0,0,1,1,1,1,0,0,445,444
111895,323,0,0,0,0,1,0,0,0,0,0,0,0,0,0,0,318,317
111896,244,0,0,0,0,1,0,0,0,0,0,0,0,0,0,0,239,238
111897,420,0,0,0,0,2,0,0,0,0,0,0,0,0,0,0,414,413
111898,471,0,0,0,0,1,0,0,0,0,0,0,0,0,0,0,466,465
111899,715,0,0,0,0,0,0,0,0,0,2,2,2,2,0,0,710,709
111900,368,0,0,0,0,1,0,0,0,0,0,0,0,0,0,0,363,362
111901,701,0,3,0,0,0,0,0,0,0,1,1,1,1,0,0,693,692
111902,388,0,1,0,0,2,0,0,0,0,0,0,0,0,0,0,381,380
111903,433,0,0,0,0,0,0,0,0,0,1,1,1,1,0,0,428,427
111904,403,0,0,0,0,2,0,0,0,0,0,0,0,0,0,0,397,397
111905,690,0,0,0,0,0,0,0,0,0,1,1,1,1,0,0,685,684
111906,522,0,0,0,0,0,0,0,0,0,0,0,0,0,0,0,517,516
111907,420,0,0,0,0,0,0,0,0,0,0,0,0,0,0,0,415,414
111908,426,0,0,0,0,1,0,0,0,0,0,0,0,0,0,0,421,420
111909,387,0,0,0,0,5,0,0,0,0,0,0,0,0,0,0,378,377
111910,467,0,0,0,0,0,0,0,0,0,1,1,1,1,0,0,462,461
111911,360,0,0,0,0,6,0,0,0,0,0,0,0,0,0,0,349,348
111912,350,0,0,0,0,0,0,0,0,0,0,0,0,0,0,0,345,344
111913,400,0,0,0,0,23,0,0,0,0,0,0,0,0,0,0,372,371
111914,349,0,0,0,0,1,0,0,0,0,0,0,0,0,0,0,344,343
111915,472,0,0,0,0,1,0,0,0,0,0,0,0,0,0,0,467,466
111916,501,0,0,0,0,0,0,0,0,0,0,0,0,0,0,0,496,495
111917,531,0,0,0,0,0,0,0,0,0,1,1,1,1,0,0,526,525
111918,363,0,1,0,0,0,0,0,0,0,0,0,0,0,0,0,357,356
111919,334,0,0,0,0,0,0,0,0,0,0,0,0,0,0,0,329,328
111920,385,0,0,0,0,1,0,0,0,0,0,0,0,0,0,0,380,379
111921,489,0,0,0,0,0,0,0,0,0,0,0,0,0,0,0,484,483
111922,449,0,0,0,0,0,0,0,0,0,0,0,0,0,0,0,444,443
111923,414,0,0,0,0,1,0,0,0,0,0,0,0,0,0,0,408,407
111924,456,0,0,0,0,1,0,6,0,0,0,0,0,0,0,0,451,450
111925,433,0,0,0,0,0,0,0,0,0,0,0,0,0,0,0,428,427
111926,486,0,0,0,0,1,0,0,0,0,0,0,0,0,0,0,480,479
111927,407,0,1,0,0,1,0,0,0,0,1,1,1,1,0,0,401,400
111928,400,0,2,0,0,3,0,0,0,0,0,0,0,0,0,0,391,390
111929,432,0,0,0,0,1,0,0,0,0,0,0,0,0,0,0,426,425
111930,353,0,0,0,0,1,0,0,0,0,0,0,0,0,0,0,348,347
111931,516,0,2,0,0,0,0,0,0,0,0,0,0,0,0,0,509,508
111932,478,0,0,0,0,1,0,0,0,0,0,0,0,0,0,0,473,472
111933,359,0,0,0,0,1,0,0,0,0,0,0,0,0,0,0,354,353
111934,318,0,0,0,0,1,0,0,0,0,0,0,0,0,0,0,313,312
111935,828,0,0,0,0,0,0,0,0,0,2,2,2,2,0,0,823,822
111936,690,0,0,0,0,0,0,0,0,0,46,46,46,46,0,0,685,684
111937,414,0,0,0,0,0,0,0,0,0,0,0,0,0,0,0,409,408
111938,692,0,0,0,0,1,0,0,0,0,1,1,1,1,0,0,686,685
111939,442,0,0,0,0,0,0,0,0,0,0,0,0,0,0,0,437,436
111940,577,0,0,0,0,0,0,0,0,0,1,1,1,1,0,0,572,571
111941,193,0,0,0,0,1,0,0,0,0,0,0,0,0,0,0,188,187
111942,661,0,0,0,0,3,0,0,0,0,0,0,0,0,0,0,653,652
111943,509,0,0,0,0,1,0,0,0,0,0,0,0,0,0,0,504,503
111944,538,0,0,0,0,0,0,0,0,0,2,2,2,2,0,0,533,532
111945,375,0,0,0,0,2,0,0,0,0,0,0,0,0,0,0,369,369
111946,336,0,1,0,0,1,0,0,0,0,0,0,0,0,0,0,330,329
111947,755,0,0,0,0,4,0,0,0,0,1,1,1,1,0,0,746,745
111948,584,0,0,0,0,2,0,0,0,0,0,0,0,0,0,0,578,577
111949,362,0,0,0,0,1,0,0,0,0,1,1,1,1,0,0,357,356
111950,360,0,0,0,0,1,0,0,0,0,1,1,1,1,0,0,355,354
111951,383,0,0,0,0,1,0,0,0,0,0,0,0,0,0,0,378,377
111952,530,0,0,0,0,1,0,0,0,0,0,0,0,0,0,0,525,524
111953,393,0,0,0,0,0,0,0,0,0,2,2,2,2,0,0,388,387
111954,338,0,0,0,0,2,0,0,0,0,0,0,0,0,0,0,332,331
111955,400,0,0,0,0,1,0,0,0,0,0,0,0,0,0,0,395,394
111956,406,0,0,0,0,0,0,0,0,0,1,1,1,1,0,0,401,400
111957,316,0,0,0,0,0,0,0,0,0,0,0,0,0,0,0,311,310
111958,520,0,1,0,0,0,0,0,0,0,2,3,2,3,0,0,514,513
111959,412,0,0,0,0,0,0,0,0,0,0,0,0,0,0,0,407,406
111960,618,0,0,0,0,0,0,0,0,0,0,0,0,0,0,0,613,612
111961,390,0,0,0,0,0,0,0,0,0,0,0,0,0,0,0,385,384
111962,489,0,0,0,0,7,0,0,0,0,0,0,0,0,0,0,477,476
111963,877,0,0,0,0,0,0,0,0,0,1,1,1,1,0,0,872,871
111964,375,0,0,0,0,0,0,0,0,0,0,0,0,0,0,0,370,369
111965,620,0,2,0,0,0,0,0,0,0,1,1,1,1,0,0,613,612
111966,364,0,0,0,0,2,0,0,0,0,0,0,0,0,0,0,358,358
111967,274,0,0,0,0,0,0,0,0,0,0,0,0,0,0,0,269,268
111968,490,0,0,0,0,1,0,0,0,0,0,0,0,0,0,0,485,484
111969,487,0,0,0,0,1,0,0,0,0,0,0,0,0,0,0,482,481
111970,680,0,0,0,0,1,0,0,0,0,1,1,1,1,0,0,674,673
111972,303,0,0,0,0,1,0,0,0,0,0,0,0,0,0,0,298,297
111973,487,0,0,0,0,3,0,0,0,0,0,0,0,0,0,0,480,480
111974,423,0,0,0,0,0,0,0,0,0,0,0,0,0,0,0,418,417
111975,395,0,0,0,0,1,0,0,0,0,0,0,0,0,0,0,390,389
111976,391,0,1,0,0,4,0,0,0,0,0,0,0,0,0,0,382,382
111977,526,0,0,0,0,0,0,0,0,0,2,2,2,2,0,0,521,520
111978,540,0,0,0,0,0,0,0,0,0,1,1,1,1,0,0,535,534
111979,404,0,0,0,0,1,0,0,0,0,0,0,0,0,0,0,399,398
111980,381,0,2,0,0,0,0,0,0,0,0,0,0,0,0,0,374,373
111981,803,0,0,0,0,1,0,0,0,0,0,0,0,0,0,0,797,796
111982,435,0,0,0,0,1,0,0,0,0,1,1,1,1,0,0,430,429
111983,335,0,0,0,0,2,0,0,0,0,0,0,0,0,0,0,329,328
111984,313,0,0,0,0,0,0,0,0,0,0,0,0,0,0,0,308,307
111985,420,0,0,0,0,0,0,0,0,0,0,0,0,0,0,0,415,414
111986,396,0,0,0,0,0,0,0,0,0,0,0,0,0,0,0,391,390
111987,406,0,0,0,0,2,0,0,0,0,0,0,0,0,0,0,399,398
111988,420,0,0,0,0,1,0,0,0,0,0,0,0,0,0,0,415,414
111989,627,0,1,0,0,0,0,0,0,0,2,3,2,3,0,0,621,620
111990,881,0,0,0,0,1,0,0,0,0,70,70,70,70,0,0,875,874
111991,418,0,0,0,0,1,0,0,0,0,1,1,1,1,0,0,412,411
111992,540,0,0,0,0,0,0,0,0,0,2,2,2,2,0,0,535,534
111993,279,0,0,0,0,0,0,0,0,0,0,0,0,0,0,0,274,273
111994,6,0,0,0,0,2,0,0,0,0,0,0,0,0,0,0,0,0
111995,466,0,0,0,0,4,0,0,0,0,0,0,0,0,0,0,457,456
111996,425,0,0,0,0,0,0,0,0,0,0,0,0,0,0,0,420,419
111997,475,0,0,0,0,0,0,0,0,0,2,2,2,2,0,0,470,469
111998,333,0,0,0,0,3,0,0,0,0,0,0,0,0,0,0,325,324
111999,503,0,0,0,0,0,0,0,0,0,0,0,0,0,0,0,498,497
112000,339,0,0,0,0,1,0,0,0,0,0,0,0,0,0,0,334,333
