feature_name,source_parameter,window,statistic,data_type,unit,missing_behavior,included_in_model,notes
RecordID,RecordID,none,join_key,integer,none,not allowed,False,Join key only; must be removed from X before model fitting.
static_age_years,Age,00:00 descriptor,first_valid,continuous,years,training median,True,Age 90 represents age 90 or older per release README.
static_height_cm,Height,00:00 descriptor,first_valid,continuous,cm,training median,True,No outlier clipping was applied.
static_admission_weight_kg,Weight,00:00 descriptor,first_valid,continuous,kg,training median,True,"Separate from longitudinal Weight summaries. The 00:00 descriptor is intentionally also retained inside the Weight time series so that 48h weight delta/slope keep an admission anchor for fluid-balance interpretation; the overlap is an alias, not a double measurement."
static_bmi,"Height,Weight",00:00 descriptor,derived_ratio,continuous,kg/m^2,training median,True,Weight / (Height/100)^2 from the 00:00 descriptors; missing when either input is missing.
static_age_missing,Age,00:00 descriptor,missing_indicator,binary,none,always observed,True,1 means the valid descriptor was absent.
static_height_missing,Height,00:00 descriptor,missing_indicator,binary,none,always observed,True,1 means the valid descriptor was absent.
static_admission_weight_missing,Weight,00:00 descriptor,missing_indicator,binary,none,always observed,True,1 means the valid descriptor was absent.
static_bmi_missing,"Height,Weight",00:00 descriptor,missing_indicator,binary,none,always observed,True,1 means the valid descriptor was absent.
static_gender_0,Gender,00:00 descriptor,one_hot_0,binary,none,always observed,True,Fixed one-hot encoding from README categories.
static_gender_1,Gender,00:00 descriptor,one_hot_1,binary,none,always observed,True,Fixed one-hot encoding from README categories.
static_gender_missing,Gender,00:00 descriptor,missing_or_invalid_indicator,binary,none,always observed,True,"1 means absent, -1, or outside {0,1}."
static_icutype_1,ICUType,00:00 descriptor,one_hot_1,binary,none,always observed,True,Fixed one-hot encoding from README categories.
static_icutype_2,ICUType,00:00 descriptor,one_hot_2,binary,none,always observed,True,Fixed one-hot encoding from README categories.
static_icutype_3,ICUType,00:00 descriptor,one_hot_3,binary,none,always observed,True,Fixed one-hot encoding from README categories.
static_icutype_4,ICUType,00:00 descriptor,one_hot_4,binary,none,always observed,True,Fixed one-hot encoding from README categories.
static_icutype_missing,ICUType,00:00 descriptor,missing_or_invalid_indicator,binary,none,always observed,True,"1 means absent, -1, or outside {1,2,3,4}."
albumin__0_24h__measured,Albumin,0_24h,measured,binary,g/dL,0 when absent,True,"Primary excludes Time=48:00. Same-time values use median; MechVent uses max and Urine uses sum. Count is raw valid row count. Statistic 'delta' is last minus first, i.e. the (末值−首值) trend required by 实验方案 §4.1; 'slope_per_hour' is the least-squares trend per hour over the same window."
albumin__0_24h__count,Albumin,0_24h,count,continuous,g/dL,0 when absent,True,"Primary excludes Time=48:00. Same-time values use median; MechVent uses max and Urine uses sum. Count is raw valid row count. Statistic 'delta' is last minus first, i.e. the (末值−首值) trend required by 实验方案 §4.1; 'slope_per_hour' is the least-squares trend per hour over the same window."
albumin__0_24h__first,Albumin,0_24h,first,continuous,g/dL,training median; measured/count retained,True,"Primary excludes Time=48:00. Same-time values use median; MechVent uses max and Urine uses sum. Count is raw valid row count. Statistic 'delta' is last minus first, i.e. the (末值−首值) trend required by 实验方案 §4.1; 'slope_per_hour' is the least-squares trend per hour over the same window."
albumin__0_24h__last,Albumin,0_24h,last,continuous,g/dL,training median; measured/count retained,True,"Primary excludes Time=48:00. Same-time values use median; MechVent uses max and Urine uses sum. Count is raw valid row count. Statistic 'delta' is last minus first, i.e. the (末值−首值) trend required by 实验方案 §4.1; 'slope_per_hour' is the least-squares trend per hour over the same window."
albumin__0_24h__min,Albumin,0_24h,min,continuous,g/dL,training median; measured/count retained,True,"Primary excludes Time=48:00. Same-time values use median; MechVent uses max and Urine uses sum. Count is raw valid row count. Statistic 'delta' is last minus first, i.e. the (末值−首值) trend required by 实验方案 §4.1; 'slope_per_hour' is the least-squares trend per hour over the same window."
albumin__0_24h__max,Albumin,0_24h,max,continuous,g/dL,training median; measured/count retained,True,"Primary excludes Time=48:00. Same-time values use median; MechVent uses max and Urine uses sum. Count is raw valid row count. Statistic 'delta' is last minus first, i.e. the (末值−首值) trend required by 实验方案 §4.1; 'slope_per_hour' is the least-squares trend per hour over the same window."
albumin__0_24h__mean,Albumin,0_24h,mean,continuous,g/dL,training median; measured/count retained,True,"Primary excludes Time=48:00. Same-time values use median; MechVent uses max and Urine uses sum. Count is raw valid row count. Statistic 'delta' is last minus first, i.e. the (末值−首值) trend required by 实验方案 §4.1; 'slope_per_hour' is the least-squares trend per hour over the same window."
albumin__0_24h__median,Albumin,0_24h,median,continuous,g/dL,training median; measured/count retained,True,"Primary excludes Time=48:00. Same-time values use median; MechVent uses max and Urine uses sum. Count is raw valid row count. Statistic 'delta' is last minus first, i.e. the (末值−首值) trend required by 实验方案 §4.1; 'slope_per_hour' is the least-squares trend per hour over the same window."
albumin__0_24h__std,Albumin,0_24h,std,continuous,g/dL,training median; measured/count retained,True,"Primary excludes Time=48:00. Same-time values use median; MechVent uses max and Urine uses sum. Count is raw valid row count. Statistic 'delta' is last minus first, i.e. the (末值−首值) trend required by 实验方案 §4.1; 'slope_per_hour' is the least-squares trend per hour over the same window."
albumin__0_24h__slope_per_hour,Albumin,0_24h,slope_per_hour,continuous,g/dL,training median; measured/count retained,True,"Primary excludes Time=48:00. Same-time values use median; MechVent uses max and Urine uses sum. Count is raw valid row count. Statistic 'delta' is last minus first, i.e. the (末值−首值) trend required by 实验方案 §4.1; 'slope_per_hour' is the least-squares trend per hour over the same window."
albumin__0_24h__delta,Albumin,0_24h,delta,continuous,g/dL,training median; measured/count retained,True,"Primary excludes Time=48:00. Same-time values use median; MechVent uses max and Urine uses sum. Count is raw valid row count. Statistic 'delta' is last minus first, i.e. the (末值−首值) trend required by 实验方案 §4.1; 'slope_per_hour' is the least-squares trend per hour over the same window."
albumin__0_24h__time_span_hours,Albumin,0_24h,time_span_hours,continuous,g/dL,training median; measured/count retained,True,"Primary excludes Time=48:00. Same-time values use median; MechVent uses max and Urine uses sum. Count is raw valid row count. Statistic 'delta' is last minus first, i.e. the (末值−首值) trend required by 实验方案 §4.1; 'slope_per_hour' is the least-squares trend per hour over the same window."
alp__0_24h__measured,ALP,0_24h,measured,binary,IU/L,0 when absent,True,"Primary excludes Time=48:00. Same-time values use median; MechVent uses max and Urine uses sum. Count is raw valid row count. Statistic 'delta' is last minus first, i.e. the (末值−首值) trend required by 实验方案 §4.1; 'slope_per_hour' is the least-squares trend per hour over the same window."
alp__0_24h__count,ALP,0_24h,count,continuous,IU/L,0 when absent,True,"Primary excludes Time=48:00. Same-time values use median; MechVent uses max and Urine uses sum. Count is raw valid row count. Statistic 'delta' is last minus first, i.e. the (末值−首值) trend required by 实验方案 §4.1; 'slope_per_hour' is the least-squares trend per hour over the same window."
alp__0_24h__first,ALP,0_24h,first,continuous,IU/L,training median; measured/count retained,True,"Primary excludes Time=48:00. Same-time values use median; MechVent uses max and Urine uses sum. Count is raw valid row count. Statistic 'delta' is last minus first, i.e. the (末值−首值) trend required by 实验方案 §4.1; 'slope_per_hour' is the least-squares trend per hour over the same window."
alp__0_24h__last,ALP,0_24h,last,continuous,IU/L,training median; measured/count retained,True,"Primary excludes Time=48:00. Same-time values use median; MechVent uses max and Urine uses sum. Count is raw valid row count. Statistic 'delta' is last minus first, i.e. the (末值−首值) trend required by 实验方案 §4.1; 'slope_per_hour' is the least-squares trend per hour over the same window."
alp__0_24h__min,ALP,0_24h,min,continuous,IU/L,training median; measured/count retained,True,"Primary excludes Time=48:00. Same-time values use median; MechVent uses max and Urine uses sum. Count is raw valid row count. Statistic 'delta' is last minus first, i.e. the (末值−首值) trend required by 实验方案 §4.1; 'slope_per_hour' is the least-squares trend per hour over the same window."
alp__0_24h__max,ALP,0_24h,max,continuous,IU/L,training median; measured/count retained,True,"Primary excludes Time=48:00. Same-time values use median; MechVent uses max and Urine uses sum. Count is raw valid row count. Statistic 'delta' is last minus first, i.e. the (末值−首值) trend required by 实验方案 §4.1; 'slope_per_hour' is the least-squares trend per hour over the same window."
alp__0_24h__mean,ALP,0_24h,mean,continuous,IU/L,training median; measured/count retained,True,"Primary excludes Time=48:00. Same-time values use median; MechVent uses max and Urine uses sum. Count is raw valid row count. Statistic 'delta' is last minus first, i.e. the (末值−首值) trend required by 实验方案 §4.1; 'slope_per_hour' is the least-squares trend per hour over the same window."
alp__0_24h__median,ALP,0_24h,median,continuous,IU/L,training median; measured/count retained,True,"Primary excludes Time=48:00. Same-time values use median; MechVent uses max and Urine uses sum. Count is raw valid row count. Statistic 'delta' is last minus first, i.e. the (末值−首值) trend required by 实验方案 §4.1; 'slope_per_hour' is the least-squares trend per hour over the same window."
alp__0_24h__std,ALP,0_24h,std,continuous,IU/L,training median; measured/count retained,True,"Primary excludes Time=48:00. Same-time values use median; MechVent uses max and Urine uses sum. Count is raw valid row count. Statistic 'delta' is last minus first, i.e. the (末值−首值) trend required by 实验方案 §4.1; 'slope_per_hour' is the least-squares trend per hour over the same window."
alp__0_24h__slope_per_hour,ALP,0_24h,slope_per_hour,continuous,IU/L,training median; measured/count retained,True,"Primary excludes Time=48:00. Same-time values use median; MechVent uses max and Urine uses sum. Count is raw valid row count. Statistic 'delta' is last minus first, i.e. the (末值−首值) trend required by 实验方案 §4.1; 'slope_per_hour' is the least-squares trend per hour over the same window."
alp__0_24h__delta,ALP,0_24h,delta,continuous,IU/L,training median; measured/count retained,True,"Primary excludes Time=48:00. Same-time values use median; MechVent uses max and Urine uses sum. Count is raw valid row count. Statistic 'delta' is last minus first, i.e. the (末值−首值) trend required by 实验方案 §4.1; 'slope_per_hour' is the least-squares trend per hour over the same window."
alp__0_24h__time_span_hours,ALP,0_24h,time_span_hours,continuous,IU/L,training median; measured/count retained,True,"Primary excludes Time=48:00. Same-time values use median; MechVent uses max and Urine uses sum. Count is raw valid row count. Statistic 'delta' is last minus first, i.e. the (末值−首值) trend required by 实验方案 §4.1; 'slope_per_hour' is the least-squares trend per hour over the same window."
alt__0_24h__measured,ALT,0_24h,measured,binary,IU/L,0 when absent,True,"Primary excludes Time=48:00. Same-time values use median; MechVent uses max and Urine uses sum. Count is raw valid row count. Statistic 'delta' is last minus first, i.e. the (末值−首值) trend required by 实验方案 §4.1; 'slope_per_hour' is the least-squares trend per hour over the same window."
alt__0_24h__count,ALT,0_24h,count,continuous,IU/L,0 when absent,True,"Primary excludes Time=48:00. Same-time values use median; MechVent uses max and Urine uses sum. Count is raw valid row count. Statistic 'delta' is last minus first, i.e. the (末值−首值) trend required by 实验方案 §4.1; 'slope_per_hour' is the least-squares trend per hour over the same window."
alt__0_24h__first,ALT,0_24h,first,continuous,IU/L,training median; measured/count retained,True,"Primary excludes Time=48:00. Same-time values use median; MechVent uses max and Urine uses sum. Count is raw valid row count. Statistic 'delta' is last minus first, i.e. the (末值−首值) trend required by 实验方案 §4.1; 'slope_per_hour' is the least-squares trend per hour over the same window."
alt__0_24h__last,ALT,0_24h,last,continuous,IU/L,training median; measured/count retained,True,"Primary excludes Time=48:00. Same-time values use median; MechVent uses max and Urine uses sum. Count is raw valid row count. Statistic 'delta' is last minus first, i.e. the (末值−首值) trend required by 实验方案 §4.1; 'slope_per_hour' is the least-squares trend per hour over the same window."
alt__0_24h__min,ALT,0_24h,min,continuous,IU/L,training median; measured/count retained,True,"Primary excludes Time=48:00. Same-time values use median; MechVent uses max and Urine uses sum. Count is raw valid row count. Statistic 'delta' is last minus first, i.e. the (末值−首值) trend required by 实验方案 §4.1; 'slope_per_hour' is the least-squares trend per hour over the same window."
alt__0_24h__max,ALT,0_24h,max,continuous,IU/L,training median; measured/count retained,True,"Primary excludes Time=48:00. Same-time values use median; MechVent uses max and Urine uses sum. Count is raw valid row count. Statistic 'delta' is last minus first, i.e. the (末值−首值) trend required by 实验方案 §4.1; 'slope_per_hour' is the least-squares trend per hour over the same window."
alt__0_24h__mean,ALT,0_24h,mean,continuous,IU/L,training median; measured/count retained,True,"Primary excludes Time=48:00. Same-time values use median; MechVent uses max and Urine uses sum. Count is raw valid row count. Statistic 'delta' is last minus first, i.e. the (末值−首值) trend required by 实验方案 §4.1; 'slope_per_hour' is the least-squares trend per hour over the same window."
alt__0_24h__median,ALT,0_24h,median,continuous,IU/L,training median; measured/count retained,True,"Primary excludes Time=48:00. Same-time values use median; MechVent uses max and Urine uses sum. Count is raw valid row count. Statistic 'delta' is last minus first, i.e. the (末值−首值) trend required by 实验方案 §4.1; 'slope_per_hour' is the least-squares trend per hour over the same window."
alt__0_24h__std,ALT,0_24h,std,continuous,IU/L,training median; measured/count retained,True,"Primary excludes Time=48:00. Same-time values use median; MechVent uses max and Urine uses sum. Count is raw valid row count. Statistic 'delta' is last minus first, i.e. the (末值−首值) trend required by 实验方案 §4.1; 'slope_per_hour' is the least-squares trend per hour over the same window."
alt__0_24h__slope_per_hour,ALT,0_24h,slope_per_hour,continuous,IU/L,training median; measured/count retained,True,"Primary excludes Time=48:00. Same-time values use median; MechVent uses max and Urine uses sum. Count is raw valid row count. Statistic 'delta' is last minus first, i.e. the (末值−首值) trend required by 实验方案 §4.1; 'slope_per_hour' is the least-squares trend per hour over the same window."
alt__0_24h__delta,ALT,0_24h,delta,continuous,IU/L,training median; measured/count retained,True,"Primary excludes Time=48:00. Same-time values use median; MechVent uses max and Urine uses sum. Count is raw valid row count. Statistic 'delta' is last minus first, i.e. the (末值−首值) trend required by 实验方案 §4.1; 'slope_per_hour' is the least-squares trend per hour over the same window."
alt__0_24h__time_span_hours,ALT,0_24h,time_span_hours,continuous,IU/L,training median; measured/count retained,True,"Primary excludes Time=48:00. Same-time values use median; MechVent uses max and Urine uses sum. Count is raw valid row count. Statistic 'delta' is last minus first, i.e. the (末值−首值) trend required by 实验方案 §4.1; 'slope_per_hour' is the least-squares trend per hour over the same window."
ast__0_24h__measured,AST,0_24h,measured,binary,IU/L,0 when absent,True,"Primary excludes Time=48:00. Same-time values use median; MechVent uses max and Urine uses sum. Count is raw valid row count. Statistic 'delta' is last minus first, i.e. the (末值−首值) trend required by 实验方案 §4.1; 'slope_per_hour' is the least-squares trend per hour over the same window."
ast__0_24h__count,AST,0_24h,count,continuous,IU/L,0 when absent,True,"Primary excludes Time=48:00. Same-time values use median; MechVent uses max and Urine uses sum. Count is raw valid row count. Statistic 'delta' is last minus first, i.e. the (末值−首值) trend required by 实验方案 §4.1; 'slope_per_hour' is the least-squares trend per hour over the same window."
ast__0_24h__first,AST,0_24h,first,continuous,IU/L,training median; measured/count retained,True,"Primary excludes Time=48:00. Same-time values use median; MechVent uses max and Urine uses sum. Count is raw valid row count. Statistic 'delta' is last minus first, i.e. the (末值−首值) trend required by 实验方案 §4.1; 'slope_per_hour' is the least-squares trend per hour over the same window."
ast__0_24h__last,AST,0_24h,last,continuous,IU/L,training median; measured/count retained,True,"Primary excludes Time=48:00. Same-time values use median; MechVent uses max and Urine uses sum. Count is raw valid row count. Statistic 'delta' is last minus first, i.e. the (末值−首值) trend required by 实验方案 §4.1; 'slope_per_hour' is the least-squares trend per hour over the same window."
ast__0_24h__min,AST,0_24h,min,continuous,IU/L,training median; measured/count retained,True,"Primary excludes Time=48:00. Same-time values use median; MechVent uses max and Urine uses sum. Count is raw valid row count. Statistic 'delta' is last minus first, i.e. the (末值−首值) trend required by 实验方案 §4.1; 'slope_per_hour' is the least-squares trend per hour over the same window."
ast__0_24h__max,AST,0_24h,max,continuous,IU/L,training median; measured/count retained,True,"Primary excludes Time=48:00. Same-time values use median; MechVent uses max and Urine uses sum. Count is raw valid row count. Statistic 'delta' is last minus first, i.e. the (末值−首值) trend required by 实验方案 §4.1; 'slope_per_hour' is the least-squares trend per hour over the same window."
ast__0_24h__mean,AST,0_24h,mean,continuous,IU/L,training median; measured/count retained,True,"Primary excludes Time=48:00. Same-time values use median; MechVent uses max and Urine uses sum. Count is raw valid row count. Statistic 'delta' is last minus first, i.e. the (末值−首值) trend required by 实验方案 §4.1; 'slope_per_hour' is the least-squares trend per hour over the same window."
ast__0_24h__median,AST,0_24h,median,continuous,IU/L,training median; measured/count retained,True,"Primary excludes Time=48:00. Same-time values use median; MechVent uses max and Urine uses sum. Count is raw valid row count. Statistic 'delta' is last minus first, i.e. the (末值−首值) trend required by 实验方案 §4.1; 'slope_per_hour' is the least-squares trend per hour over the same window."
ast__0_24h__std,AST,0_24h,std,continuous,IU/L,training median; measured/count retained,True,"Primary excludes Time=48:00. Same-time values use median; MechVent uses max and Urine uses sum. Count is raw valid row count. Statistic 'delta' is last minus first, i.e. the (末值−首值) trend required by 实验方案 §4.1; 'slope_per_hour' is the least-squares trend per hour over the same window."
ast__0_24h__slope_per_hour,AST,0_24h,slope_per_hour,continuous,IU/L,training median; measured/count retained,True,"Primary excludes Time=48:00. Same-time values use median; MechVent uses max and Urine uses sum. Count is raw valid row count. Statistic 'delta' is last minus first, i.e. the (末值−首值) trend required by 实验方案 §4.1; 'slope_per_hour' is the least-squares trend per hour over the same window."
ast__0_24h__delta,AST,0_24h,delta,continuous,IU/L,training median; measured/count retained,True,"Primary excludes Time=48:00. Same-time values use median; MechVent uses max and Urine uses sum. Count is raw valid row count. Statistic 'delta' is last minus first, i.e. the (末值−首值) trend required by 实验方案 §4.1; 'slope_per_hour' is the least-squares trend per hour over the same window."
ast__0_24h__time_span_hours,AST,0_24h,time_span_hours,continuous,IU/L,training median; measured/count retained,True,"Primary excludes Time=48:00. Same-time values use median; MechVent uses max and Urine uses sum. Count is raw valid row count. Statistic 'delta' is last minus first, i.e. the (末值−首值) trend required by 实验方案 §4.1; 'slope_per_hour' is the least-squares trend per hour over the same window."
bilirubin__0_24h__measured,Bilirubin,0_24h,measured,binary,mg/dL,0 when absent,True,"Primary excludes Time=48:00. Same-time values use median; MechVent uses max and Urine uses sum. Count is raw valid row count. Statistic 'delta' is last minus first, i.e. the (末值−首值) trend required by 实验方案 §4.1; 'slope_per_hour' is the least-squares trend per hour over the same window."
bilirubin__0_24h__count,Bilirubin,0_24h,count,continuous,mg/dL,0 when absent,True,"Primary excludes Time=48:00. Same-time values use median; MechVent uses max and Urine uses sum. Count is raw valid row count. Statistic 'delta' is last minus first, i.e. the (末值−首值) trend required by 实验方案 §4.1; 'slope_per_hour' is the least-squares trend per hour over the same window."
bilirubin__0_24h__first,Bilirubin,0_24h,first,continuous,mg/dL,training median; measured/count retained,True,"Primary excludes Time=48:00. Same-time values use median; MechVent uses max and Urine uses sum. Count is raw valid row count. Statistic 'delta' is last minus first, i.e. the (末值−首值) trend required by 实验方案 §4.1; 'slope_per_hour' is the least-squares trend per hour over the same window."
bilirubin__0_24h__last,Bilirubin,0_24h,last,continuous,mg/dL,training median; measured/count retained,True,"Primary excludes Time=48:00. Same-time values use median; MechVent uses max and Urine uses sum. Count is raw valid row count. Statistic 'delta' is last minus first, i.e. the (末值−首值) trend required by 实验方案 §4.1; 'slope_per_hour' is the least-squares trend per hour over the same window."
bilirubin__0_24h__min,Bilirubin,0_24h,min,continuous,mg/dL,training median; measured/count retained,True,"Primary excludes Time=48:00. Same-time values use median; MechVent uses max and Urine uses sum. Count is raw valid row count. Statistic 'delta' is last minus first, i.e. the (末值−首值) trend required by 实验方案 §4.1; 'slope_per_hour' is the least-squares trend per hour over the same window."
bilirubin__0_24h__max,Bilirubin,0_24h,max,continuous,mg/dL,training median; measured/count retained,True,"Primary excludes Time=48:00. Same-time values use median; MechVent uses max and Urine uses sum. Count is raw valid row count. Statistic 'delta' is last minus first, i.e. the (末值−首值) trend required by 实验方案 §4.1; 'slope_per_hour' is the least-squares trend per hour over the same window."
bilirubin__0_24h__mean,Bilirubin,0_24h,mean,continuous,mg/dL,training median; measured/count retained,True,"Primary excludes Time=48:00. Same-time values use median; MechVent uses max and Urine uses sum. Count is raw valid row count. Statistic 'delta' is last minus first, i.e. the (末值−首值) trend required by 实验方案 §4.1; 'slope_per_hour' is the least-squares trend per hour over the same window."
bilirubin__0_24h__median,Bilirubin,0_24h,median,continuous,mg/dL,training median; measured/count retained,True,"Primary excludes Time=48:00. Same-time values use median; MechVent uses max and Urine uses sum. Count is raw valid row count. Statistic 'delta' is last minus first, i.e. the (末值−首值) trend required by 实验方案 §4.1; 'slope_per_hour' is the least-squares trend per hour over the same window."
bilirubin__0_24h__std,Bilirubin,0_24h,std,continuous,mg/dL,training median; measured/count retained,True,"Primary excludes Time=48:00. Same-time values use median; MechVent uses max and Urine uses sum. Count is raw valid row count. Statistic 'delta' is last minus first, i.e. the (末值−首值) trend required by 实验方案 §4.1; 'slope_per_hour' is the least-squares trend per hour over the same window."
bilirubin__0_24h__slope_per_hour,Bilirubin,0_24h,slope_per_hour,continuous,mg/dL,training median; measured/count retained,True,"Primary excludes Time=48:00. Same-time values use median; MechVent uses max and Urine uses sum. Count is raw valid row count. Statistic 'delta' is last minus first, i.e. the (末值−首值) trend required by 实验方案 §4.1; 'slope_per_hour' is the least-squares trend per hour over the same window."
bilirubin__0_24h__delta,Bilirubin,0_24h,delta,continuous,mg/dL,training median; measured/count retained,True,"Primary excludes Time=48:00. Same-time values use median; MechVent uses max and Urine uses sum. Count is raw valid row count. Statistic 'delta' is last minus first, i.e. the (末值−首值) trend required by 实验方案 §4.1; 'slope_per_hour' is the least-squares trend per hour over the same window."
bilirubin__0_24h__time_span_hours,Bilirubin,0_24h,time_span_hours,continuous,mg/dL,training median; measured/count retained,True,"Primary excludes Time=48:00. Same-time values use median; MechVent uses max and Urine uses sum. Count is raw valid row count. Statistic 'delta' is last minus first, i.e. the (末值−首值) trend required by 实验方案 §4.1; 'slope_per_hour' is the least-squares trend per hour over the same window."
bun__0_24h__measured,BUN,0_24h,measured,binary,mg/dL,0 when absent,True,"Primary excludes Time=48:00. Same-time values use median; MechVent uses max and Urine uses sum. Count is raw valid row count. Statistic 'delta' is last minus first, i.e. the (末值−首值) trend required by 实验方案 §4.1; 'slope_per_hour' is the least-squares trend per hour over the same window."
bun__0_24h__count,BUN,0_24h,count,continuous,mg/dL,0 when absent,True,"Primary excludes Time=48:00. Same-time values use median; MechVent uses max and Urine uses sum. Count is raw valid row count. Statistic 'delta' is last minus first, i.e. the (末值−首值) trend required by 实验方案 §4.1; 'slope_per_hour' is the least-squares trend per hour over the same window."
bun__0_24h__first,BUN,0_24h,first,continuous,mg/dL,training median; measured/count retained,True,"Primary excludes Time=48:00. Same-time values use median; MechVent uses max and Urine uses sum. Count is raw valid row count. Statistic 'delta' is last minus first, i.e. the (末值−首值) trend required by 实验方案 §4.1; 'slope_per_hour' is the least-squares trend per hour over the same window."
bun__0_24h__last,BUN,0_24h,last,continuous,mg/dL,training median; measured/count retained,True,"Primary excludes Time=48:00. Same-time values use median; MechVent uses max and Urine uses sum. Count is raw valid row count. Statistic 'delta' is last minus first, i.e. the (末值−首值) trend required by 实验方案 §4.1; 'slope_per_hour' is the least-squares trend per hour over the same window."
bun__0_24h__min,BUN,0_24h,min,continuous,mg/dL,training median; measured/count retained,True,"Primary excludes Time=48:00. Same-time values use median; MechVent uses max and Urine uses sum. Count is raw valid row count. Statistic 'delta' is last minus first, i.e. the (末值−首值) trend required by 实验方案 §4.1; 'slope_per_hour' is the least-squares trend per hour over the same window."
bun__0_24h__max,BUN,0_24h,max,continuous,mg/dL,training median; measured/count retained,True,"Primary excludes Time=48:00. Same-time values use median; MechVent uses max and Urine uses sum. Count is raw valid row count. Statistic 'delta' is last minus first, i.e. the (末值−首值) trend required by 实验方案 §4.1; 'slope_per_hour' is the least-squares trend per hour over the same window."
bun__0_24h__mean,BUN,0_24h,mean,continuous,mg/dL,training median; measured/count retained,True,"Primary excludes Time=48:00. Same-time values use median; MechVent uses max and Urine uses sum. Count is raw valid row count. Statistic 'delta' is last minus first, i.e. the (末值−首值) trend required by 实验方案 §4.1; 'slope_per_hour' is the least-squares trend per hour over the same window."
bun__0_24h__median,BUN,0_24h,median,continuous,mg/dL,training median; measured/count retained,True,"Primary excludes Time=48:00. Same-time values use median; MechVent uses max and Urine uses sum. Count is raw valid row count. Statistic 'delta' is last minus first, i.e. the (末值−首值) trend required by 实验方案 §4.1; 'slope_per_hour' is the least-squares trend per hour over the same window."
bun__0_24h__std,BUN,0_24h,std,continuous,mg/dL,training median; measured/count retained,True,"Primary excludes Time=48:00. Same-time values use median; MechVent uses max and Urine uses sum. Count is raw valid row count. Statistic 'delta' is last minus first, i.e. the (末值−首值) trend required by 实验方案 §4.1; 'slope_per_hour' is the least-squares trend per hour over the same window."
bun__0_24h__slope_per_hour,BUN,0_24h,slope_per_hour,continuous,mg/dL,training median; measured/count retained,True,"Primary excludes Time=48:00. Same-time values use median; MechVent uses max and Urine uses sum. Count is raw valid row count. Statistic 'delta' is last minus first, i.e. the (末值−首值) trend required by 实验方案 §4.1; 'slope_per_hour' is the least-squares trend per hour over the same window."
bun__0_24h__delta,BUN,0_24h,delta,continuous,mg/dL,training median; measured/count retained,True,"Primary excludes Time=48:00. Same-time values use median; MechVent uses max and Urine uses sum. Count is raw valid row count. Statistic 'delta' is last minus first, i.e. the (末值−首值) trend required by 实验方案 §4.1; 'slope_per_hour' is the least-squares trend per hour over the same window."
bun__0_24h__time_span_hours,BUN,0_24h,time_span_hours,continuous,mg/dL,training median; measured/count retained,True,"Primary excludes Time=48:00. Same-time values use median; MechVent uses max and Urine uses sum. Count is raw valid row count. Statistic 'delta' is last minus first, i.e. the (末值−首值) trend required by 实验方案 §4.1; 'slope_per_hour' is the least-squares trend per hour over the same window."
cholesterol__0_24h__measured,Cholesterol,0_24h,measured,binary,mg/dL,0 when absent,True,"Primary excludes Time=48:00. Same-time values use median; MechVent uses max and Urine uses sum. Count is raw valid row count. Statistic 'delta' is last minus first, i.e. the (末值−首值) trend required by 实验方案 §4.1; 'slope_per_hour' is the least-squares trend per hour over the same window."
cholesterol__0_24h__count,Cholesterol,0_24h,count,continuous,mg/dL,0 when absent,True,"Primary excludes Time=48:00. Same-time values use median; MechVent uses max and Urine uses sum. Count is raw valid row count. Statistic 'delta' is last minus first, i.e. the (末值−首值) trend required by 实验方案 §4.1; 'slope_per_hour' is the least-squares trend per hour over the same window."
cholesterol__0_24h__first,Cholesterol,0_24h,first,continuous,mg/dL,training median; measured/count retained,True,"Primary excludes Time=48:00. Same-time values use median; MechVent uses max and Urine uses sum. Count is raw valid row count. Statistic 'delta' is last minus first, i.e. the (末值−首值) trend required by 实验方案 §4.1; 'slope_per_hour' is the least-squares trend per hour over the same window."
cholesterol__0_24h__last,Cholesterol,0_24h,last,continuous,mg/dL,training median; measured/count retained,True,"Primary excludes Time=48:00. Same-time values use median; MechVent uses max and Urine uses sum. Count is raw valid row count. Statistic 'delta' is last minus first, i.e. the (末值−首值) trend required by 实验方案 §4.1; 'slope_per_hour' is the least-squares trend per hour over the same window."
cholesterol__0_24h__min,Cholesterol,0_24h,min,continuous,mg/dL,training median; measured/count retained,True,"Primary excludes Time=48:00. Same-time values use median; MechVent uses max and Urine uses sum. Count is raw valid row count. Statistic 'delta' is last minus first, i.e. the (末值−首值) trend required by 实验方案 §4.1; 'slope_per_hour' is the least-squares trend per hour over the same window."
cholesterol__0_24h__max,Cholesterol,0_24h,max,continuous,mg/dL,training median; measured/count retained,True,"Primary excludes Time=48:00. Same-time values use median; MechVent uses max and Urine uses sum. Count is raw valid row count. Statistic 'delta' is last minus first, i.e. the (末值−首值) trend required by 实验方案 §4.1; 'slope_per_hour' is the least-squares trend per hour over the same window."
cholesterol__0_24h__mean,Cholesterol,0_24h,mean,continuous,mg/dL,training median; measured/count retained,True,"Primary excludes Time=48:00. Same-time values use median; MechVent uses max and Urine uses sum. Count is raw valid row count. Statistic 'delta' is last minus first, i.e. the (末值−首值) trend required by 实验方案 §4.1; 'slope_per_hour' is the least-squares trend per hour over the same window."
cholesterol__0_24h__median,Cholesterol,0_24h,median,continuous,mg/dL,training median; measured/count retained,True,"Primary excludes Time=48:00. Same-time values use median; MechVent uses max and Urine uses sum. Count is raw valid row count. Statistic 'delta' is last minus first, i.e. the (末值−首值) trend required by 实验方案 §4.1; 'slope_per_hour' is the least-squares trend per hour over the same window."
cholesterol__0_24h__std,Cholesterol,0_24h,std,continuous,mg/dL,training median; measured/count retained,True,"Primary excludes Time=48:00. Same-time values use median; MechVent uses max and Urine uses sum. Count is raw valid row count. Statistic 'delta' is last minus first, i.e. the (末值−首值) trend required by 实验方案 §4.1; 'slope_per_hour' is the least-squares trend per hour over the same window."
cholesterol__0_24h__slope_per_hour,Cholesterol,0_24h,slope_per_hour,continuous,mg/dL,training median; measured/count retained,True,"Primary excludes Time=48:00. Same-time values use median; MechVent uses max and Urine uses sum. Count is raw valid row count. Statistic 'delta' is last minus first, i.e. the (末值−首值) trend required by 实验方案 §4.1; 'slope_per_hour' is the least-squares trend per hour over the same window."
cholesterol__0_24h__delta,Cholesterol,0_24h,delta,continuous,mg/dL,training median; measured/count retained,True,"Primary excludes Time=48:00. Same-time values use median; MechVent uses max and Urine uses sum. Count is raw valid row count. Statistic 'delta' is last minus first, i.e. the (末值−首值) trend required by 实验方案 §4.1; 'slope_per_hour' is the least-squares trend per hour over the same window."
cholesterol__0_24h__time_span_hours,Cholesterol,0_24h,time_span_hours,continuous,mg/dL,training median; measured/count retained,True,"Primary excludes Time=48:00. Same-time values use median; MechVent uses max and Urine uses sum. Count is raw valid row count. Statistic 'delta' is last minus first, i.e. the (末值−首值) trend required by 实验方案 §4.1; 'slope_per_hour' is the least-squares trend per hour over the same window."
creatinine__0_24h__measured,Creatinine,0_24h,measured,binary,mg/dL,0 when absent,True,"Primary excludes Time=48:00. Same-time values use median; MechVent uses max and Urine uses sum. Count is raw valid row count. Statistic 'delta' is last minus first, i.e. the (末值−首值) trend required by 实验方案 §4.1; 'slope_per_hour' is the least-squares trend per hour over the same window."
creatinine__0_24h__count,Creatinine,0_24h,count,continuous,mg/dL,0 when absent,True,"Primary excludes Time=48:00. Same-time values use median; MechVent uses max and Urine uses sum. Count is raw valid row count. Statistic 'delta' is last minus first, i.e. the (末值−首值) trend required by 实验方案 §4.1; 'slope_per_hour' is the least-squares trend per hour over the same window."
creatinine__0_24h__first,Creatinine,0_24h,first,continuous,mg/dL,training median; measured/count retained,True,"Primary excludes Time=48:00. Same-time values use median; MechVent uses max and Urine uses sum. Count is raw valid row count. Statistic 'delta' is last minus first, i.e. the (末值−首值) trend required by 实验方案 §4.1; 'slope_per_hour' is the least-squares trend per hour over the same window."
creatinine__0_24h__last,Creatinine,0_24h,last,continuous,mg/dL,training median; measured/count retained,True,"Primary excludes Time=48:00. Same-time values use median; MechVent uses max and Urine uses sum. Count is raw valid row count. Statistic 'delta' is last minus first, i.e. the (末值−首值) trend required by 实验方案 §4.1; 'slope_per_hour' is the least-squares trend per hour over the same window."
creatinine__0_24h__min,Creatinine,0_24h,min,continuous,mg/dL,training median; measured/count retained,True,"Primary excludes Time=48:00. Same-time values use median; MechVent uses max and Urine uses sum. Count is raw valid row count. Statistic 'delta' is last minus first, i.e. the (末值−首值) trend required by 实验方案 §4.1; 'slope_per_hour' is the least-squares trend per hour over the same window."
creatinine__0_24h__max,Creatinine,0_24h,max,continuous,mg/dL,training median; measured/count retained,True,"Primary excludes Time=48:00. Same-time values use median; MechVent uses max and Urine uses sum. Count is raw valid row count. Statistic 'delta' is last minus first, i.e. the (末值−首值) trend required by 实验方案 §4.1; 'slope_per_hour' is the least-squares trend per hour over the same window."
creatinine__0_24h__mean,Creatinine,0_24h,mean,continuous,mg/dL,training median; measured/count retained,True,"Primary excludes Time=48:00. Same-time values use median; MechVent uses max and Urine uses sum. Count is raw valid row count. Statistic 'delta' is last minus first, i.e. the (末值−首值) trend required by 实验方案 §4.1; 'slope_per_hour' is the least-squares trend per hour over the same window."
creatinine__0_24h__median,Creatinine,0_24h,median,continuous,mg/dL,training median; measured/count retained,True,"Primary excludes Time=48:00. Same-time values use median; MechVent uses max and Urine uses sum. Count is raw valid row count. Statistic 'delta' is last minus first, i.e. the (末值−首值) trend required by 实验方案 §4.1; 'slope_per_hour' is the least-squares trend per hour over the same window."
creatinine__0_24h__std,Creatinine,0_24h,std,continuous,mg/dL,training median; measured/count retained,True,"Primary excludes Time=48:00. Same-time values use median; MechVent uses max and Urine uses sum. Count is raw valid row count. Statistic 'delta' is last minus first, i.e. the (末值−首值) trend required by 实验方案 §4.1; 'slope_per_hour' is the least-squares trend per hour over the same window."
creatinine__0_24h__slope_per_hour,Creatinine,0_24h,slope_per_hour,continuous,mg/dL,training median; measured/count retained,True,"Primary excludes Time=48:00. Same-time values use median; MechVent uses max and Urine uses sum. Count is raw valid row count. Statistic 'delta' is last minus first, i.e. the (末值−首值) trend required by 实验方案 §4.1; 'slope_per_hour' is the least-squares trend per hour over the same window."
creatinine__0_24h__delta,Creatinine,0_24h,delta,continuous,mg/dL,training median; measured/count retained,True,"Primary excludes Time=48:00. Same-time values use median; MechVent uses max and Urine uses sum. Count is raw valid row count. Statistic 'delta' is last minus first, i.e. the (末值−首值) trend required by 实验方案 §4.1; 'slope_per_hour' is the least-squares trend per hour over the same window."
creatinine__0_24h__time_span_hours,Creatinine,0_24h,time_span_hours,continuous,mg/dL,training median; measured/count retained,True,"Primary excludes Time=48:00. Same-time values use median; MechVent uses max and Urine uses sum. Count is raw valid row count. Statistic 'delta' is last minus first, i.e. the (末值−首值) trend required by 实验方案 §4.1; 'slope_per_hour' is the least-squares trend per hour over the same window."
diasabp__0_24h__measured,DiasABP,0_24h,measured,binary,mmHg,0 when absent,True,"Primary excludes Time=48:00. Same-time values use median; MechVent uses max and Urine uses sum. Count is raw valid row count. Statistic 'delta' is last minus first, i.e. the (末值−首值) trend required by 实验方案 §4.1; 'slope_per_hour' is the least-squares trend per hour over the same window."
diasabp__0_24h__count,DiasABP,0_24h,count,continuous,mmHg,0 when absent,True,"Primary excludes Time=48:00. Same-time values use median; MechVent uses max and Urine uses sum. Count is raw valid row count. Statistic 'delta' is last minus first, i.e. the (末值−首值) trend required by 实验方案 §4.1; 'slope_per_hour' is the least-squares trend per hour over the same window."
diasabp__0_24h__first,DiasABP,0_24h,first,continuous,mmHg,training median; measured/count retained,True,"Primary excludes Time=48:00. Same-time values use median; MechVent uses max and Urine uses sum. Count is raw valid row count. Statistic 'delta' is last minus first, i.e. the (末值−首值) trend required by 实验方案 §4.1; 'slope_per_hour' is the least-squares trend per hour over the same window."
diasabp__0_24h__last,DiasABP,0_24h,last,continuous,mmHg,training median; measured/count retained,True,"Primary excludes Time=48:00. Same-time values use median; MechVent uses max and Urine uses sum. Count is raw valid row count. Statistic 'delta' is last minus first, i.e. the (末值−首值) trend required by 实验方案 §4.1; 'slope_per_hour' is the least-squares trend per hour over the same window."
diasabp__0_24h__min,DiasABP,0_24h,min,continuous,mmHg,training median; measured/count retained,True,"Primary excludes Time=48:00. Same-time values use median; MechVent uses max and Urine uses sum. Count is raw valid row count. Statistic 'delta' is last minus first, i.e. the (末值−首值) trend required by 实验方案 §4.1; 'slope_per_hour' is the least-squares trend per hour over the same window."
diasabp__0_24h__max,DiasABP,0_24h,max,continuous,mmHg,training median; measured/count retained,True,"Primary excludes Time=48:00. Same-time values use median; MechVent uses max and Urine uses sum. Count is raw valid row count. Statistic 'delta' is last minus first, i.e. the (末值−首值) trend required by 实验方案 §4.1; 'slope_per_hour' is the least-squares trend per hour over the same window."
diasabp__0_24h__mean,DiasABP,0_24h,mean,continuous,mmHg,training median; measured/count retained,True,"Primary excludes Time=48:00. Same-time values use median; MechVent uses max and Urine uses sum. Count is raw valid row count. Statistic 'delta' is last minus first, i.e. the (末值−首值) trend required by 实验方案 §4.1; 'slope_per_hour' is the least-squares trend per hour over the same window."
diasabp__0_24h__median,DiasABP,0_24h,median,continuous,mmHg,training median; measured/count retained,True,"Primary excludes Time=48:00. Same-time values use median; MechVent uses max and Urine uses sum. Count is raw valid row count. Statistic 'delta' is last minus first, i.e. the (末值−首值) trend required by 实验方案 §4.1; 'slope_per_hour' is the least-squares trend per hour over the same window."
diasabp__0_24h__std,DiasABP,0_24h,std,continuous,mmHg,training median; measured/count retained,True,"Primary excludes Time=48:00. Same-time values use median; MechVent uses max and Urine uses sum. Count is raw valid row count. Statistic 'delta' is last minus first, i.e. the (末值−首值) trend required by 实验方案 §4.1; 'slope_per_hour' is the least-squares trend per hour over the same window."
diasabp__0_24h__slope_per_hour,DiasABP,0_24h,slope_per_hour,continuous,mmHg,training median; measured/count retained,True,"Primary excludes Time=48:00. Same-time values use median; MechVent uses max and Urine uses sum. Count is raw valid row count. Statistic 'delta' is last minus first, i.e. the (末值−首值) trend required by 实验方案 §4.1; 'slope_per_hour' is the least-squares trend per hour over the same window."
diasabp__0_24h__delta,DiasABP,0_24h,delta,continuous,mmHg,training median; measured/count retained,True,"Primary excludes Time=48:00. Same-time values use median; MechVent uses max and Urine uses sum. Count is raw valid row count. Statistic 'delta' is last minus first, i.e. the (末值−首值) trend required by 实验方案 §4.1; 'slope_per_hour' is the least-squares trend per hour over the same window."
diasabp__0_24h__time_span_hours,DiasABP,0_24h,time_span_hours,continuous,mmHg,training median; measured/count retained,True,"Primary excludes Time=48:00. Same-time values use median; MechVent uses max and Urine uses sum. Count is raw valid row count. Statistic 'delta' is last minus first, i.e. the (末值−首值) trend required by 实验方案 §4.1; 'slope_per_hour' is the least-squares trend per hour over the same window."
fio2__0_24h__measured,FiO2,0_24h,measured,binary,fraction,0 when absent,True,"Primary excludes Time=48:00. Same-time values use median; MechVent uses max and Urine uses sum. Count is raw valid row count. Statistic 'delta' is last minus first, i.e. the (末值−首值) trend required by 实验方案 §4.1; 'slope_per_hour' is the least-squares trend per hour over the same window."
fio2__0_24h__count,FiO2,0_24h,count,continuous,fraction,0 when absent,True,"Primary excludes Time=48:00. Same-time values use median; MechVent uses max and Urine uses sum. Count is raw valid row count. Statistic 'delta' is last minus first, i.e. the (末值−首值) trend required by 实验方案 §4.1; 'slope_per_hour' is the least-squares trend per hour over the same window."
fio2__0_24h__first,FiO2,0_24h,first,continuous,fraction,training median; measured/count retained,True,"Primary excludes Time=48:00. Same-time values use median; MechVent uses max and Urine uses sum. Count is raw valid row count. Statistic 'delta' is last minus first, i.e. the (末值−首值) trend required by 实验方案 §4.1; 'slope_per_hour' is the least-squares trend per hour over the same window."
fio2__0_24h__last,FiO2,0_24h,last,continuous,fraction,training median; measured/count retained,True,"Primary excludes Time=48:00. Same-time values use median; MechVent uses max and Urine uses sum. Count is raw valid row count. Statistic 'delta' is last minus first, i.e. the (末值−首值) trend required by 实验方案 §4.1; 'slope_per_hour' is the least-squares trend per hour over the same window."
fio2__0_24h__min,FiO2,0_24h,min,continuous,fraction,training median; measured/count retained,True,"Primary excludes Time=48:00. Same-time values use median; MechVent uses max and Urine uses sum. Count is raw valid row count. Statistic 'delta' is last minus first, i.e. the (末值−首值) trend required by 实验方案 §4.1; 'slope_per_hour' is the least-squares trend per hour over the same window."
fio2__0_24h__max,FiO2,0_24h,max,continuous,fraction,training median; measured/count retained,True,"Primary excludes Time=48:00. Same-time values use median; MechVent uses max and Urine uses sum. Count is raw valid row count. Statistic 'delta' is last minus first, i.e. the (末值−首值) trend required by 实验方案 §4.1; 'slope_per_hour' is the least-squares trend per hour over the same window."
fio2__0_24h__mean,FiO2,0_24h,mean,continuous,fraction,training median; measured/count retained,True,"Primary excludes Time=48:00. Same-time values use median; MechVent uses max and Urine uses sum. Count is raw valid row count. Statistic 'delta' is last minus first, i.e. the (末值−首值) trend required by 实验方案 §4.1; 'slope_per_hour' is the least-squares trend per hour over the same window."
fio2__0_24h__median,FiO2,0_24h,median,continuous,fraction,training median; measured/count retained,True,"Primary excludes Time=48:00. Same-time values use median; MechVent uses max and Urine uses sum. Count is raw valid row count. Statistic 'delta' is last minus first, i.e. the (末值−首值) trend required by 实验方案 §4.1; 'slope_per_hour' is the least-squares trend per hour over the same window."
fio2__0_24h__std,FiO2,0_24h,std,continuous,fraction,training median; measured/count retained,True,"Primary excludes Time=48:00. Same-time values use median; MechVent uses max and Urine uses sum. Count is raw valid row count. Statistic 'delta' is last minus first, i.e. the (末值−首值) trend required by 实验方案 §4.1; 'slope_per_hour' is the least-squares trend per hour over the same window."
fio2__0_24h__slope_per_hour,FiO2,0_24h,slope_per_hour,continuous,fraction,training median; measured/count retained,True,"Primary excludes Time=48:00. Same-time values use median; MechVent uses max and Urine uses sum. Count is raw valid row count. Statistic 'delta' is last minus first, i.e. the (末值−首值) trend required by 实验方案 §4.1; 'slope_per_hour' is the least-squares trend per hour over the same window."
fio2__0_24h__delta,FiO2,0_24h,delta,continuous,fraction,training median; measured/count retained,True,"Primary excludes Time=48:00. Same-time values use median; MechVent uses max and Urine uses sum. Count is raw valid row count. Statistic 'delta' is last minus first, i.e. the (末值−首值) trend required by 实验方案 §4.1; 'slope_per_hour' is the least-squares trend per hour over the same window."
fio2__0_24h__time_span_hours,FiO2,0_24h,time_span_hours,continuous,fraction,training median; measured/count retained,True,"Primary excludes Time=48:00. Same-time values use median; MechVent uses max and Urine uses sum. Count is raw valid row count. Statistic 'delta' is last minus first, i.e. the (末值−首值) trend required by 实验方案 §4.1; 'slope_per_hour' is the least-squares trend per hour over the same window."
gcs__0_24h__measured,GCS,0_24h,measured,binary,score,0 when absent,True,"Primary excludes Time=48:00. Same-time values use median; MechVent uses max and Urine uses sum. Count is raw valid row count. Statistic 'delta' is last minus first, i.e. the (末值−首值) trend required by 实验方案 §4.1; 'slope_per_hour' is the least-squares trend per hour over the same window."
gcs__0_24h__count,GCS,0_24h,count,continuous,score,0 when absent,True,"Primary excludes Time=48:00. Same-time values use median; MechVent uses max and Urine uses sum. Count is raw valid row count. Statistic 'delta' is last minus first, i.e. the (末值−首值) trend required by 实验方案 §4.1; 'slope_per_hour' is the least-squares trend per hour over the same window."
gcs__0_24h__first,GCS,0_24h,first,continuous,score,training median; measured/count retained,True,"Primary excludes Time=48:00. Same-time values use median; MechVent uses max and Urine uses sum. Count is raw valid row count. Statistic 'delta' is last minus first, i.e. the (末值−首值) trend required by 实验方案 §4.1; 'slope_per_hour' is the least-squares trend per hour over the same window."
gcs__0_24h__last,GCS,0_24h,last,continuous,score,training median; measured/count retained,True,"Primary excludes Time=48:00. Same-time values use median; MechVent uses max and Urine uses sum. Count is raw valid row count. Statistic 'delta' is last minus first, i.e. the (末值−首值) trend required by 实验方案 §4.1; 'slope_per_hour' is the least-squares trend per hour over the same window."
gcs__0_24h__min,GCS,0_24h,min,continuous,score,training median; measured/count retained,True,"Primary excludes Time=48:00. Same-time values use median; MechVent uses max and Urine uses sum. Count is raw valid row count. Statistic 'delta' is last minus first, i.e. the (末值−首值) trend required by 实验方案 §4.1; 'slope_per_hour' is the least-squares trend per hour over the same window."
gcs__0_24h__max,GCS,0_24h,max,continuous,score,training median; measured/count retained,True,"Primary excludes Time=48:00. Same-time values use median; MechVent uses max and Urine uses sum. Count is raw valid row count. Statistic 'delta' is last minus first, i.e. the (末值−首值) trend required by 实验方案 §4.1; 'slope_per_hour' is the least-squares trend per hour over the same window."
gcs__0_24h__mean,GCS,0_24h,mean,continuous,score,training median; measured/count retained,True,"Primary excludes Time=48:00. Same-time values use median; MechVent uses max and Urine uses sum. Count is raw valid row count. Statistic 'delta' is last minus first, i.e. the (末值−首值) trend required by 实验方案 §4.1; 'slope_per_hour' is the least-squares trend per hour over the same window."
gcs__0_24h__median,GCS,0_24h,median,continuous,score,training median; measured/count retained,True,"Primary excludes Time=48:00. Same-time values use median; MechVent uses max and Urine uses sum. Count is raw valid row count. Statistic 'delta' is last minus first, i.e. the (末值−首值) trend required by 实验方案 §4.1; 'slope_per_hour' is the least-squares trend per hour over the same window."
gcs__0_24h__std,GCS,0_24h,std,continuous,score,training median; measured/count retained,True,"Primary excludes Time=48:00. Same-time values use median; MechVent uses max and Urine uses sum. Count is raw valid row count. Statistic 'delta' is last minus first, i.e. the (末值−首值) trend required by 实验方案 §4.1; 'slope_per_hour' is the least-squares trend per hour over the same window."
gcs__0_24h__slope_per_hour,GCS,0_24h,slope_per_hour,continuous,score,training median; measured/count retained,True,"Primary excludes Time=48:00. Same-time values use median; MechVent uses max and Urine uses sum. Count is raw valid row count. Statistic 'delta' is last minus first, i.e. the (末值−首值) trend required by 实验方案 §4.1; 'slope_per_hour' is the least-squares trend per hour over the same window."
gcs__0_24h__delta,GCS,0_24h,delta,continuous,score,training median; measured/count retained,True,"Primary excludes Time=48:00. Same-time values use median; MechVent uses max and Urine uses sum. Count is raw valid row count. Statistic 'delta' is last minus first, i.e. the (末值−首值) trend required by 实验方案 §4.1; 'slope_per_hour' is the least-squares trend per hour over the same window."
gcs__0_24h__time_span_hours,GCS,0_24h,time_span_hours,continuous,score,training median; measured/count retained,True,"Primary excludes Time=48:00. Same-time values use median; MechVent uses max and Urine uses sum. Count is raw valid row count. Statistic 'delta' is last minus first, i.e. the (末值−首值) trend required by 实验方案 §4.1; 'slope_per_hour' is the least-squares trend per hour over the same window."
glucose__0_24h__measured,Glucose,0_24h,measured,binary,mg/dL,0 when absent,True,"Primary excludes Time=48:00. Same-time values use median; MechVent uses max and Urine uses sum. Count is raw valid row count. Statistic 'delta' is last minus first, i.e. the (末值−首值) trend required by 实验方案 §4.1; 'slope_per_hour' is the least-squares trend per hour over the same window."
glucose__0_24h__count,Glucose,0_24h,count,continuous,mg/dL,0 when absent,True,"Primary excludes Time=48:00. Same-time values use median; MechVent uses max and Urine uses sum. Count is raw valid row count. Statistic 'delta' is last minus first, i.e. the (末值−首值) trend required by 实验方案 §4.1; 'slope_per_hour' is the least-squares trend per hour over the same window."
glucose__0_24h__first,Glucose,0_24h,first,continuous,mg/dL,training median; measured/count retained,True,"Primary excludes Time=48:00. Same-time values use median; MechVent uses max and Urine uses sum. Count is raw valid row count. Statistic 'delta' is last minus first, i.e. the (末值−首值) trend required by 实验方案 §4.1; 'slope_per_hour' is the least-squares trend per hour over the same window."
glucose__0_24h__last,Glucose,0_24h,last,continuous,mg/dL,training median; measured/count retained,True,"Primary excludes Time=48:00. Same-time values use median; MechVent uses max and Urine uses sum. Count is raw valid row count. Statistic 'delta' is last minus first, i.e. the (末值−首值) trend required by 实验方案 §4.1; 'slope_per_hour' is the least-squares trend per hour over the same window."
glucose__0_24h__min,Glucose,0_24h,min,continuous,mg/dL,training median; measured/count retained,True,"Primary excludes Time=48:00. Same-time values use median; MechVent uses max and Urine uses sum. Count is raw valid row count. Statistic 'delta' is last minus first, i.e. the (末值−首值) trend required by 实验方案 §4.1; 'slope_per_hour' is the least-squares trend per hour over the same window."
glucose__0_24h__max,Glucose,0_24h,max,continuous,mg/dL,training median; measured/count retained,True,"Primary excludes Time=48:00. Same-time values use median; MechVent uses max and Urine uses sum. Count is raw valid row count. Statistic 'delta' is last minus first, i.e. the (末值−首值) trend required by 实验方案 §4.1; 'slope_per_hour' is the least-squares trend per hour over the same window."
glucose__0_24h__mean,Glucose,0_24h,mean,continuous,mg/dL,training median; measured/count retained,True,"Primary excludes Time=48:00. Same-time values use median; MechVent uses max and Urine uses sum. Count is raw valid row count. Statistic 'delta' is last minus first, i.e. the (末值−首值) trend required by 实验方案 §4.1; 'slope_per_hour' is the least-squares trend per hour over the same window."
glucose__0_24h__median,Glucose,0_24h,median,continuous,mg/dL,training median; measured/count retained,True,"Primary excludes Time=48:00. Same-time values use median; MechVent uses max and Urine uses sum. Count is raw valid row count. Statistic 'delta' is last minus first, i.e. the (末值−首值) trend required by 实验方案 §4.1; 'slope_per_hour' is the least-squares trend per hour over the same window."
glucose__0_24h__std,Glucose,0_24h,std,continuous,mg/dL,training median; measured/count retained,True,"Primary excludes Time=48:00. Same-time values use median; MechVent uses max and Urine uses sum. Count is raw valid row count. Statistic 'delta' is last minus first, i.e. the (末值−首值) trend required by 实验方案 §4.1; 'slope_per_hour' is the least-squares trend per hour over the same window."
glucose__0_24h__slope_per_hour,Glucose,0_24h,slope_per_hour,continuous,mg/dL,training median; measured/count retained,True,"Primary excludes Time=48:00. Same-time values use median; MechVent uses max and Urine uses sum. Count is raw valid row count. Statistic 'delta' is last minus first, i.e. the (末值−首值) trend required by 实验方案 §4.1; 'slope_per_hour' is the least-squares trend per hour over the same window."
glucose__0_24h__delta,Glucose,0_24h,delta,continuous,mg/dL,training median; measured/count retained,True,"Primary excludes Time=48:00. Same-time values use median; MechVent uses max and Urine uses sum. Count is raw valid row count. Statistic 'delta' is last minus first, i.e. the (末值−首值) trend required by 实验方案 §4.1; 'slope_per_hour' is the least-squares trend per hour over the same window."
glucose__0_24h__time_span_hours,Glucose,0_24h,time_span_hours,continuous,mg/dL,training median; measured/count retained,True,"Primary excludes Time=48:00. Same-time values use median; MechVent uses max and Urine uses sum. Count is raw valid row count. Statistic 'delta' is last minus first, i.e. the (末值−首值) trend required by 实验方案 §4.1; 'slope_per_hour' is the least-squares trend per hour over the same window."
hco3__0_24h__measured,HCO3,0_24h,measured,binary,mmol/L,0 when absent,True,"Primary excludes Time=48:00. Same-time values use median; MechVent uses max and Urine uses sum. Count is raw valid row count. Statistic 'delta' is last minus first, i.e. the (末值−首值) trend required by 实验方案 §4.1; 'slope_per_hour' is the least-squares trend per hour over the same window."
hco3__0_24h__count,HCO3,0_24h,count,continuous,mmol/L,0 when absent,True,"Primary excludes Time=48:00. Same-time values use median; MechVent uses max and Urine uses sum. Count is raw valid row count. Statistic 'delta' is last minus first, i.e. the (末值−首值) trend required by 实验方案 §4.1; 'slope_per_hour' is the least-squares trend per hour over the same window."
hco3__0_24h__first,HCO3,0_24h,first,continuous,mmol/L,training median; measured/count retained,True,"Primary excludes Time=48:00. Same-time values use median; MechVent uses max and Urine uses sum. Count is raw valid row count. Statistic 'delta' is last minus first, i.e. the (末值−首值) trend required by 实验方案 §4.1; 'slope_per_hour' is the least-squares trend per hour over the same window."
hco3__0_24h__last,HCO3,0_24h,last,continuous,mmol/L,training median; measured/count retained,True,"Primary excludes Time=48:00. Same-time values use median; MechVent uses max and Urine uses sum. Count is raw valid row count. Statistic 'delta' is last minus first, i.e. the (末值−首值) trend required by 实验方案 §4.1; 'slope_per_hour' is the least-squares trend per hour over the same window."
hco3__0_24h__min,HCO3,0_24h,min,continuous,mmol/L,training median; measured/count retained,True,"Primary excludes Time=48:00. Same-time values use median; MechVent uses max and Urine uses sum. Count is raw valid row count. Statistic 'delta' is last minus first, i.e. the (末值−首值) trend required by 实验方案 §4.1; 'slope_per_hour' is the least-squares trend per hour over the same window."
hco3__0_24h__max,HCO3,0_24h,max,continuous,mmol/L,training median; measured/count retained,True,"Primary excludes Time=48:00. Same-time values use median; MechVent uses max and Urine uses sum. Count is raw valid row count. Statistic 'delta' is last minus first, i.e. the (末值−首值) trend required by 实验方案 §4.1; 'slope_per_hour' is the least-squares trend per hour over the same window."
hco3__0_24h__mean,HCO3,0_24h,mean,continuous,mmol/L,training median; measured/count retained,True,"Primary excludes Time=48:00. Same-time values use median; MechVent uses max and Urine uses sum. Count is raw valid row count. Statistic 'delta' is last minus first, i.e. the (末值−首值) trend required by 实验方案 §4.1; 'slope_per_hour' is the least-squares trend per hour over the same window."
hco3__0_24h__median,HCO3,0_24h,median,continuous,mmol/L,training median; measured/count retained,True,"Primary excludes Time=48:00. Same-time values use median; MechVent uses max and Urine uses sum. Count is raw valid row count. Statistic 'delta' is last minus first, i.e. the (末值−首值) trend required by 实验方案 §4.1; 'slope_per_hour' is the least-squares trend per hour over the same window."
hco3__0_24h__std,HCO3,0_24h,std,continuous,mmol/L,training median; measured/count retained,True,"Primary excludes Time=48:00. Same-time values use median; MechVent uses max and Urine uses sum. Count is raw valid row count. Statistic 'delta' is last minus first, i.e. the (末值−首值) trend required by 实验方案 §4.1; 'slope_per_hour' is the least-squares trend per hour over the same window."
hco3__0_24h__slope_per_hour,HCO3,0_24h,slope_per_hour,continuous,mmol/L,training median; measured/count retained,True,"Primary excludes Time=48:00. Same-time values use median; MechVent uses max and Urine uses sum. Count is raw valid row count. Statistic 'delta' is last minus first, i.e. the (末值−首值) trend required by 实验方案 §4.1; 'slope_per_hour' is the least-squares trend per hour over the same window."
hco3__0_24h__delta,HCO3,0_24h,delta,continuous,mmol/L,training median; measured/count retained,True,"Primary excludes Time=48:00. Same-time values use median; MechVent uses max and Urine uses sum. Count is raw valid row count. Statistic 'delta' is last minus first, i.e. the (末值−首值) trend required by 实验方案 §4.1; 'slope_per_hour' is the least-squares trend per hour over the same window."
hco3__0_24h__time_span_hours,HCO3,0_24h,time_span_hours,continuous,mmol/L,training median; measured/count retained,True,"Primary excludes Time=48:00. Same-time values use median; MechVent uses max and Urine uses sum. Count is raw valid row count. Statistic 'delta' is last minus first, i.e. the (末值−首值) trend required by 实验方案 §4.1; 'slope_per_hour' is the least-squares trend per hour over the same window."
hct__0_24h__measured,HCT,0_24h,measured,binary,%,0 when absent,True,"Primary excludes Time=48:00. Same-time values use median; MechVent uses max and Urine uses sum. Count is raw valid row count. Statistic 'delta' is last minus first, i.e. the (末值−首值) trend required by 实验方案 §4.1; 'slope_per_hour' is the least-squares trend per hour over the same window."
hct__0_24h__count,HCT,0_24h,count,continuous,%,0 when absent,True,"Primary excludes Time=48:00. Same-time values use median; MechVent uses max and Urine uses sum. Count is raw valid row count. Statistic 'delta' is last minus first, i.e. the (末值−首值) trend required by 实验方案 §4.1; 'slope_per_hour' is the least-squares trend per hour over the same window."
hct__0_24h__first,HCT,0_24h,first,continuous,%,training median; measured/count retained,True,"Primary excludes Time=48:00. Same-time values use median; MechVent uses max and Urine uses sum. Count is raw valid row count. Statistic 'delta' is last minus first, i.e. the (末值−首值) trend required by 实验方案 §4.1; 'slope_per_hour' is the least-squares trend per hour over the same window."
hct__0_24h__last,HCT,0_24h,last,continuous,%,training median; measured/count retained,True,"Primary excludes Time=48:00. Same-time values use median; MechVent uses max and Urine uses sum. Count is raw valid row count. Statistic 'delta' is last minus first, i.e. the (末值−首值) trend required by 实验方案 §4.1; 'slope_per_hour' is the least-squares trend per hour over the same window."
hct__0_24h__min,HCT,0_24h,min,continuous,%,training median; measured/count retained,True,"Primary excludes Time=48:00. Same-time values use median; MechVent uses max and Urine uses sum. Count is raw valid row count. Statistic 'delta' is last minus first, i.e. the (末值−首值) trend required by 实验方案 §4.1; 'slope_per_hour' is the least-squares trend per hour over the same window."
hct__0_24h__max,HCT,0_24h,max,continuous,%,training median; measured/count retained,True,"Primary excludes Time=48:00. Same-time values use median; MechVent uses max and Urine uses sum. Count is raw valid row count. Statistic 'delta' is last minus first, i.e. the (末值−首值) trend required by 实验方案 §4.1; 'slope_per_hour' is the least-squares trend per hour over the same window."
hct__0_24h__mean,HCT,0_24h,mean,continuous,%,training median; measured/count retained,True,"Primary excludes Time=48:00. Same-time values use median; MechVent uses max and Urine uses sum. Count is raw valid row count. Statistic 'delta' is last minus first, i.e. the (末值−首值) trend required by 实验方案 §4.1; 'slope_per_hour' is the least-squares trend per hour over the same window."
hct__0_24h__median,HCT,0_24h,median,continuous,%,training median; measured/count retained,True,"Primary excludes Time=48:00. Same-time values use median; MechVent uses max and Urine uses sum. Count is raw valid row count. Statistic 'delta' is last minus first, i.e. the (末值−首值) trend required by 实验方案 §4.1; 'slope_per_hour' is the least-squares trend per hour over the same window."
hct__0_24h__std,HCT,0_24h,std,continuous,%,training median; measured/count retained,True,"Primary excludes Time=48:00. Same-time values use median; MechVent uses max and Urine uses sum. Count is raw valid row count. Statistic 'delta' is last minus first, i.e. the (末值−首值) trend required by 实验方案 §4.1; 'slope_per_hour' is the least-squares trend per hour over the same window."
hct__0_24h__slope_per_hour,HCT,0_24h,slope_per_hour,continuous,%,training median; measured/count retained,True,"Primary excludes Time=48:00. Same-time values use median; MechVent uses max and Urine uses sum. Count is raw valid row count. Statistic 'delta' is last minus first, i.e. the (末值−首值) trend required by 实验方案 §4.1; 'slope_per_hour' is the least-squares trend per hour over the same window."
hct__0_24h__delta,HCT,0_24h,delta,continuous,%,training median; measured/count retained,True,"Primary excludes Time=48:00. Same-time values use median; MechVent uses max and Urine uses sum. Count is raw valid row count. Statistic 'delta' is last minus first, i.e. the (末值−首值) trend required by 实验方案 §4.1; 'slope_per_hour' is the least-squares trend per hour over the same window."
hct__0_24h__time_span_hours,HCT,0_24h,time_span_hours,continuous,%,training median; measured/count retained,True,"Primary excludes Time=48:00. Same-time values use median; MechVent uses max and Urine uses sum. Count is raw valid row count. Statistic 'delta' is last minus first, i.e. the (末值−首值) trend required by 实验方案 §4.1; 'slope_per_hour' is the least-squares trend per hour over the same window."
hr__0_24h__measured,HR,0_24h,measured,binary,bpm,0 when absent,True,"Primary excludes Time=48:00. Same-time values use median; MechVent uses max and Urine uses sum. Count is raw valid row count. Statistic 'delta' is last minus first, i.e. the (末值−首值) trend required by 实验方案 §4.1; 'slope_per_hour' is the least-squares trend per hour over the same window."
hr__0_24h__count,HR,0_24h,count,continuous,bpm,0 when absent,True,"Primary excludes Time=48:00. Same-time values use median; MechVent uses max and Urine uses sum. Count is raw valid row count. Statistic 'delta' is last minus first, i.e. the (末值−首值) trend required by 实验方案 §4.1; 'slope_per_hour' is the least-squares trend per hour over the same window."
hr__0_24h__first,HR,0_24h,first,continuous,bpm,training median; measured/count retained,True,"Primary excludes Time=48:00. Same-time values use median; MechVent uses max and Urine uses sum. Count is raw valid row count. Statistic 'delta' is last minus first, i.e. the (末值−首值) trend required by 实验方案 §4.1; 'slope_per_hour' is the least-squares trend per hour over the same window."
hr__0_24h__last,HR,0_24h,last,continuous,bpm,training median; measured/count retained,True,"Primary excludes Time=48:00. Same-time values use median; MechVent uses max and Urine uses sum. Count is raw valid row count. Statistic 'delta' is last minus first, i.e. the (末值−首值) trend required by 实验方案 §4.1; 'slope_per_hour' is the least-squares trend per hour over the same window."
hr__0_24h__min,HR,0_24h,min,continuous,bpm,training median; measured/count retained,True,"Primary excludes Time=48:00. Same-time values use median; MechVent uses max and Urine uses sum. Count is raw valid row count. Statistic 'delta' is last minus first, i.e. the (末值−首值) trend required by 实验方案 §4.1; 'slope_per_hour' is the least-squares trend per hour over the same window."
hr__0_24h__max,HR,0_24h,max,continuous,bpm,training median; measured/count retained,True,"Primary excludes Time=48:00. Same-time values use median; MechVent uses max and Urine uses sum. Count is raw valid row count. Statistic 'delta' is last minus first, i.e. the (末值−首值) trend required by 实验方案 §4.1; 'slope_per_hour' is the least-squares trend per hour over the same window."
hr__0_24h__mean,HR,0_24h,mean,continuous,bpm,training median; measured/count retained,True,"Primary excludes Time=48:00. Same-time values use median; MechVent uses max and Urine uses sum. Count is raw valid row count. Statistic 'delta' is last minus first, i.e. the (末值−首值) trend required by 实验方案 §4.1; 'slope_per_hour' is the least-squares trend per hour over the same window."
hr__0_24h__median,HR,0_24h,median,continuous,bpm,training median; measured/count retained,True,"Primary excludes Time=48:00. Same-time values use median; MechVent uses max and Urine uses sum. Count is raw valid row count. Statistic 'delta' is last minus first, i.e. the (末值−首值) trend required by 实验方案 §4.1; 'slope_per_hour' is the least-squares trend per hour over the same window."
hr__0_24h__std,HR,0_24h,std,continuous,bpm,training median; measured/count retained,True,"Primary excludes Time=48:00. Same-time values use median; MechVent uses max and Urine uses sum. Count is raw valid row count. Statistic 'delta' is last minus first, i.e. the (末值−首值) trend required by 实验方案 §4.1; 'slope_per_hour' is the least-squares trend per hour over the same window."
hr__0_24h__slope_per_hour,HR,0_24h,slope_per_hour,continuous,bpm,training median; measured/count retained,True,"Primary excludes Time=48:00. Same-time values use median; MechVent uses max and Urine uses sum. Count is raw valid row count. Statistic 'delta' is last minus first, i.e. the (末值−首值) trend required by 实验方案 §4.1; 'slope_per_hour' is the least-squares trend per hour over the same window."
hr__0_24h__delta,HR,0_24h,delta,continuous,bpm,training median; measured/count retained,True,"Primary excludes Time=48:00. Same-time values use median; MechVent uses max and Urine uses sum. Count is raw valid row count. Statistic 'delta' is last minus first, i.e. the (末值−首值) trend required by 实验方案 §4.1; 'slope_per_hour' is the least-squares trend per hour over the same window."
hr__0_24h__time_span_hours,HR,0_24h,time_span_hours,continuous,bpm,training median; measured/count retained,True,"Primary excludes Time=48:00. Same-time values use median; MechVent uses max and Urine uses sum. Count is raw valid row count. Statistic 'delta' is last minus first, i.e. the (末值−首值) trend required by 实验方案 §4.1; 'slope_per_hour' is the least-squares trend per hour over the same window."
k__0_24h__measured,K,0_24h,measured,binary,mEq/L,0 when absent,True,"Primary excludes Time=48:00. Same-time values use median; MechVent uses max and Urine uses sum. Count is raw valid row count. Statistic 'delta' is last minus first, i.e. the (末值−首值) trend required by 实验方案 §4.1; 'slope_per_hour' is the least-squares trend per hour over the same window."
k__0_24h__count,K,0_24h,count,continuous,mEq/L,0 when absent,True,"Primary excludes Time=48:00. Same-time values use median; MechVent uses max and Urine uses sum. Count is raw valid row count. Statistic 'delta' is last minus first, i.e. the (末值−首值) trend required by 实验方案 §4.1; 'slope_per_hour' is the least-squares trend per hour over the same window."
k__0_24h__first,K,0_24h,first,continuous,mEq/L,training median; measured/count retained,True,"Primary excludes Time=48:00. Same-time values use median; MechVent uses max and Urine uses sum. Count is raw valid row count. Statistic 'delta' is last minus first, i.e. the (末值−首值) trend required by 实验方案 §4.1; 'slope_per_hour' is the least-squares trend per hour over the same window."
k__0_24h__last,K,0_24h,last,continuous,mEq/L,training median; measured/count retained,True,"Primary excludes Time=48:00. Same-time values use median; MechVent uses max and Urine uses sum. Count is raw valid row count. Statistic 'delta' is last minus first, i.e. the (末值−首值) trend required by 实验方案 §4.1; 'slope_per_hour' is the least-squares trend per hour over the same window."
k__0_24h__min,K,0_24h,min,continuous,mEq/L,training median; measured/count retained,True,"Primary excludes Time=48:00. Same-time values use median; MechVent uses max and Urine uses sum. Count is raw valid row count. Statistic 'delta' is last minus first, i.e. the (末值−首值) trend required by 实验方案 §4.1; 'slope_per_hour' is the least-squares trend per hour over the same window."
k__0_24h__max,K,0_24h,max,continuous,mEq/L,training median; measured/count retained,True,"Primary excludes Time=48:00. Same-time values use median; MechVent uses max and Urine uses sum. Count is raw valid row count. Statistic 'delta' is last minus first, i.e. the (末值−首值) trend required by 实验方案 §4.1; 'slope_per_hour' is the least-squares trend per hour over the same window."
k__0_24h__mean,K,0_24h,mean,continuous,mEq/L,training median; measured/count retained,True,"Primary excludes Time=48:00. Same-time values use median; MechVent uses max and Urine uses sum. Count is raw valid row count. Statistic 'delta' is last minus first, i.e. the (末值−首值) trend required by 实验方案 §4.1; 'slope_per_hour' is the least-squares trend per hour over the same window."
k__0_24h__median,K,0_24h,median,continuous,mEq/L,training median; measured/count retained,True,"Primary excludes Time=48:00. Same-time values use median; MechVent uses max and Urine uses sum. Count is raw valid row count. Statistic 'delta' is last minus first, i.e. the (末值−首值) trend required by 实验方案 §4.1; 'slope_per_hour' is the least-squares trend per hour over the same window."
k__0_24h__std,K,0_24h,std,continuous,mEq/L,training median; measured/count retained,True,"Primary excludes Time=48:00. Same-time values use median; MechVent uses max and Urine uses sum. Count is raw valid row count. Statistic 'delta' is last minus first, i.e. the (末值−首值) trend required by 实验方案 §4.1; 'slope_per_hour' is the least-squares trend per hour over the same window."
k__0_24h__slope_per_hour,K,0_24h,slope_per_hour,continuous,mEq/L,training median; measured/count retained,True,"Primary excludes Time=48:00. Same-time values use median; MechVent uses max and Urine uses sum. Count is raw valid row count. Statistic 'delta' is last minus first, i.e. the (末值−首值) trend required by 实验方案 §4.1; 'slope_per_hour' is the least-squares trend per hour over the same window."
k__0_24h__delta,K,0_24h,delta,continuous,mEq/L,training median; measured/count retained,True,"Primary excludes Time=48:00. Same-time values use median; MechVent uses max and Urine uses sum. Count is raw valid row count. Statistic 'delta' is last minus first, i.e. the (末值−首值) trend required by 实验方案 §4.1; 'slope_per_hour' is the least-squares trend per hour over the same window."
k__0_24h__time_span_hours,K,0_24h,time_span_hours,continuous,mEq/L,training median; measured/count retained,True,"Primary excludes Time=48:00. Same-time values use median; MechVent uses max and Urine uses sum. Count is raw valid row count. Statistic 'delta' is last minus first, i.e. the (末值−首值) trend required by 实验方案 §4.1; 'slope_per_hour' is the least-squares trend per hour over the same window."
lactate__0_24h__measured,Lactate,0_24h,measured,binary,mmol/L,0 when absent,True,"Primary excludes Time=48:00. Same-time values use median; MechVent uses max and Urine uses sum. Count is raw valid row count. Statistic 'delta' is last minus first, i.e. the (末值−首值) trend required by 实验方案 §4.1; 'slope_per_hour' is the least-squares trend per hour over the same window."
lactate__0_24h__count,Lactate,0_24h,count,continuous,mmol/L,0 when absent,True,"Primary excludes Time=48:00. Same-time values use median; MechVent uses max and Urine uses sum. Count is raw valid row count. Statistic 'delta' is last minus first, i.e. the (末值−首值) trend required by 实验方案 §4.1; 'slope_per_hour' is the least-squares trend per hour over the same window."
lactate__0_24h__first,Lactate,0_24h,first,continuous,mmol/L,training median; measured/count retained,True,"Primary excludes Time=48:00. Same-time values use median; MechVent uses max and Urine uses sum. Count is raw valid row count. Statistic 'delta' is last minus first, i.e. the (末值−首值) trend required by 实验方案 §4.1; 'slope_per_hour' is the least-squares trend per hour over the same window."
lactate__0_24h__last,Lactate,0_24h,last,continuous,mmol/L,training median; measured/count retained,True,"Primary excludes Time=48:00. Same-time values use median; MechVent uses max and Urine uses sum. Count is raw valid row count. Statistic 'delta' is last minus first, i.e. the (末值−首值) trend required by 实验方案 §4.1; 'slope_per_hour' is the least-squares trend per hour over the same window."
lactate__0_24h__min,Lactate,0_24h,min,continuous,mmol/L,training median; measured/count retained,True,"Primary excludes Time=48:00. Same-time values use median; MechVent uses max and Urine uses sum. Count is raw valid row count. Statistic 'delta' is last minus first, i.e. the (末值−首值) trend required by 实验方案 §4.1; 'slope_per_hour' is the least-squares trend per hour over the same window."
lactate__0_24h__max,Lactate,0_24h,max,continuous,mmol/L,training median; measured/count retained,True,"Primary excludes Time=48:00. Same-time values use median; MechVent uses max and Urine uses sum. Count is raw valid row count. Statistic 'delta' is last minus first, i.e. the (末值−首值) trend required by 实验方案 §4.1; 'slope_per_hour' is the least-squares trend per hour over the same window."
lactate__0_24h__mean,Lactate,0_24h,mean,continuous,mmol/L,training median; measured/count retained,True,"Primary excludes Time=48:00. Same-time values use median; MechVent uses max and Urine uses sum. Count is raw valid row count. Statistic 'delta' is last minus first, i.e. the (末值−首值) trend required by 实验方案 §4.1; 'slope_per_hour' is the least-squares trend per hour over the same window."
lactate__0_24h__median,Lactate,0_24h,median,continuous,mmol/L,training median; measured/count retained,True,"Primary excludes Time=48:00. Same-time values use median; MechVent uses max and Urine uses sum. Count is raw valid row count. Statistic 'delta' is last minus first, i.e. the (末值−首值) trend required by 实验方案 §4.1; 'slope_per_hour' is the least-squares trend per hour over the same window."
lactate__0_24h__std,Lactate,0_24h,std,continuous,mmol/L,training median; measured/count retained,True,"Primary excludes Time=48:00. Same-time values use median; MechVent uses max and Urine uses sum. Count is raw valid row count. Statistic 'delta' is last minus first, i.e. the (末值−首值) trend required by 实验方案 §4.1; 'slope_per_hour' is the least-squares trend per hour over the same window."
lactate__0_24h__slope_per_hour,Lactate,0_24h,slope_per_hour,continuous,mmol/L,training median; measured/count retained,True,"Primary excludes Time=48:00. Same-time values use median; MechVent uses max and Urine uses sum. Count is raw valid row count. Statistic 'delta' is last minus first, i.e. the (末值−首值) trend required by 实验方案 §4.1; 'slope_per_hour' is the least-squares trend per hour over the same window."
lactate__0_24h__delta,Lactate,0_24h,delta,continuous,mmol/L,training median; measured/count retained,True,"Primary excludes Time=48:00. Same-time values use median; MechVent uses max and Urine uses sum. Count is raw valid row count. Statistic 'delta' is last minus first, i.e. the (末值−首值) trend required by 实验方案 §4.1; 'slope_per_hour' is the least-squares trend per hour over the same window."
lactate__0_24h__time_span_hours,Lactate,0_24h,time_span_hours,continuous,mmol/L,training median; measured/count retained,True,"Primary excludes Time=48:00. Same-time values use median; MechVent uses max and Urine uses sum. Count is raw valid row count. Statistic 'delta' is last minus first, i.e. the (末值−首值) trend required by 实验方案 §4.1; 'slope_per_hour' is the least-squares trend per hour over the same window."
map__0_24h__measured,MAP,0_24h,measured,binary,mmHg,0 when absent,True,"Primary excludes Time=48:00. Same-time values use median; MechVent uses max and Urine uses sum. Count is raw valid row count. Statistic 'delta' is last minus first, i.e. the (末值−首值) trend required by 实验方案 §4.1; 'slope_per_hour' is the least-squares trend per hour over the same window."
map__0_24h__count,MAP,0_24h,count,continuous,mmHg,0 when absent,True,"Primary excludes Time=48:00. Same-time values use median; MechVent uses max and Urine uses sum. Count is raw valid row count. Statistic 'delta' is last minus first, i.e. the (末值−首值) trend required by 实验方案 §4.1; 'slope_per_hour' is the least-squares trend per hour over the same window."
map__0_24h__first,MAP,0_24h,first,continuous,mmHg,training median; measured/count retained,True,"Primary excludes Time=48:00. Same-time values use median; MechVent uses max and Urine uses sum. Count is raw valid row count. Statistic 'delta' is last minus first, i.e. the (末值−首值) trend required by 实验方案 §4.1; 'slope_per_hour' is the least-squares trend per hour over the same window."
map__0_24h__last,MAP,0_24h,last,continuous,mmHg,training median; measured/count retained,True,"Primary excludes Time=48:00. Same-time values use median; MechVent uses max and Urine uses sum. Count is raw valid row count. Statistic 'delta' is last minus first, i.e. the (末值−首值) trend required by 实验方案 §4.1; 'slope_per_hour' is the least-squares trend per hour over the same window."
map__0_24h__min,MAP,0_24h,min,continuous,mmHg,training median; measured/count retained,True,"Primary excludes Time=48:00. Same-time values use median; MechVent uses max and Urine uses sum. Count is raw valid row count. Statistic 'delta' is last minus first, i.e. the (末值−首值) trend required by 实验方案 §4.1; 'slope_per_hour' is the least-squares trend per hour over the same window."
map__0_24h__max,MAP,0_24h,max,continuous,mmHg,training median; measured/count retained,True,"Primary excludes Time=48:00. Same-time values use median; MechVent uses max and Urine uses sum. Count is raw valid row count. Statistic 'delta' is last minus first, i.e. the (末值−首值) trend required by 实验方案 §4.1; 'slope_per_hour' is the least-squares trend per hour over the same window."
map__0_24h__mean,MAP,0_24h,mean,continuous,mmHg,training median; measured/count retained,True,"Primary excludes Time=48:00. Same-time values use median; MechVent uses max and Urine uses sum. Count is raw valid row count. Statistic 'delta' is last minus first, i.e. the (末值−首值) trend required by 实验方案 §4.1; 'slope_per_hour' is the least-squares trend per hour over the same window."
map__0_24h__median,MAP,0_24h,median,continuous,mmHg,training median; measured/count retained,True,"Primary excludes Time=48:00. Same-time values use median; MechVent uses max and Urine uses sum. Count is raw valid row count. Statistic 'delta' is last minus first, i.e. the (末值−首值) trend required by 实验方案 §4.1; 'slope_per_hour' is the least-squares trend per hour over the same window."
map__0_24h__std,MAP,0_24h,std,continuous,mmHg,training median; measured/count retained,True,"Primary excludes Time=48:00. Same-time values use median; MechVent uses max and Urine uses sum. Count is raw valid row count. Statistic 'delta' is last minus first, i.e. the (末值−首值) trend required by 实验方案 §4.1; 'slope_per_hour' is the least-squares trend per hour over the same window."
map__0_24h__slope_per_hour,MAP,0_24h,slope_per_hour,continuous,mmHg,training median; measured/count retained,True,"Primary excludes Time=48:00. Same-time values use median; MechVent uses max and Urine uses sum. Count is raw valid row count. Statistic 'delta' is last minus first, i.e. the (末值−首值) trend required by 实验方案 §4.1; 'slope_per_hour' is the least-squares trend per hour over the same window."
map__0_24h__delta,MAP,0_24h,delta,continuous,mmHg,training median; measured/count retained,True,"Primary excludes Time=48:00. Same-time values use median; MechVent uses max and Urine uses sum. Count is raw valid row count. Statistic 'delta' is last minus first, i.e. the (末值−首值) trend required by 实验方案 §4.1; 'slope_per_hour' is the least-squares trend per hour over the same window."
map__0_24h__time_span_hours,MAP,0_24h,time_span_hours,continuous,mmHg,training median; measured/count retained,True,"Primary excludes Time=48:00. Same-time values use median; MechVent uses max and Urine uses sum. Count is raw valid row count. Statistic 'delta' is last minus first, i.e. the (末值−首值) trend required by 实验方案 §4.1; 'slope_per_hour' is the least-squares trend per hour over the same window."
mechvent__0_24h__measured,MechVent,0_24h,measured,binary,binary,0 when absent,True,"Primary excludes Time=48:00. Same-time values use median; MechVent uses max and Urine uses sum. Count is raw valid row count. Statistic 'delta' is last minus first, i.e. the (末值−首值) trend required by 实验方案 §4.1; 'slope_per_hour' is the least-squares trend per hour over the same window."
mechvent__0_24h__count,MechVent,0_24h,count,continuous,binary,0 when absent,True,"Primary excludes Time=48:00. Same-time values use median; MechVent uses max and Urine uses sum. Count is raw valid row count. Statistic 'delta' is last minus first, i.e. the (末值−首值) trend required by 实验方案 §4.1; 'slope_per_hour' is the least-squares trend per hour over the same window."
mechvent__0_24h__first,MechVent,0_24h,first,continuous,binary,training median; measured/count retained,True,"Primary excludes Time=48:00. Same-time values use median; MechVent uses max and Urine uses sum. Count is raw valid row count. Statistic 'delta' is last minus first, i.e. the (末值−首值) trend required by 实验方案 §4.1; 'slope_per_hour' is the least-squares trend per hour over the same window."
mechvent__0_24h__last,MechVent,0_24h,last,continuous,binary,training median; measured/count retained,True,"Primary excludes Time=48:00. Same-time values use median; MechVent uses max and Urine uses sum. Count is raw valid row count. Statistic 'delta' is last minus first, i.e. the (末值−首值) trend required by 实验方案 §4.1; 'slope_per_hour' is the least-squares trend per hour over the same window."
mechvent__0_24h__min,MechVent,0_24h,min,continuous,binary,training median; measured/count retained,True,"Primary excludes Time=48:00. Same-time values use median; MechVent uses max and Urine uses sum. Count is raw valid row count. Statistic 'delta' is last minus first, i.e. the (末值−首值) trend required by 实验方案 §4.1; 'slope_per_hour' is the least-squares trend per hour over the same window."
mechvent__0_24h__max,MechVent,0_24h,max,continuous,binary,training median; measured/count retained,True,"Primary excludes Time=48:00. Same-time values use median; MechVent uses max and Urine uses sum. Count is raw valid row count. Statistic 'delta' is last minus first, i.e. the (末值−首值) trend required by 实验方案 §4.1; 'slope_per_hour' is the least-squares trend per hour over the same window."
mechvent__0_24h__mean,MechVent,0_24h,mean,continuous,binary,training median; measured/count retained,True,"Primary excludes Time=48:00. Same-time values use median; MechVent uses max and Urine uses sum. Count is raw valid row count. Statistic 'delta' is last minus first, i.e. the (末值−首值) trend required by 实验方案 §4.1; 'slope_per_hour' is the least-squares trend per hour over the same window."
mechvent__0_24h__median,MechVent,0_24h,median,continuous,binary,training median; measured/count retained,True,"Primary excludes Time=48:00. Same-time values use median; MechVent uses max and Urine uses sum. Count is raw valid row count. Statistic 'delta' is last minus first, i.e. the (末值−首值) trend required by 实验方案 §4.1; 'slope_per_hour' is the least-squares trend per hour over the same window."
mechvent__0_24h__std,MechVent,0_24h,std,continuous,binary,training median; measured/count retained,True,"Primary excludes Time=48:00. Same-time values use median; MechVent uses max and Urine uses sum. Count is raw valid row count. Statistic 'delta' is last minus first, i.e. the (末值−首值) trend required by 实验方案 §4.1; 'slope_per_hour' is the least-squares trend per hour over the same window."
mechvent__0_24h__slope_per_hour,MechVent,0_24h,slope_per_hour,continuous,binary,training median; measured/count retained,True,"Primary excludes Time=48:00. Same-time values use median; MechVent uses max and Urine uses sum. Count is raw valid row count. Statistic 'delta' is last minus first, i.e. the (末值−首值) trend required by 实验方案 §4.1; 'slope_per_hour' is the least-squares trend per hour over the same window."
mechvent__0_24h__delta,MechVent,0_24h,delta,continuous,binary,training median; measured/count retained,True,"Primary excludes Time=48:00. Same-time values use median; MechVent uses max and Urine uses sum. Count is raw valid row count. Statistic 'delta' is last minus first, i.e. the (末值−首值) trend required by 实验方案 §4.1; 'slope_per_hour' is the least-squares trend per hour over the same window."
mechvent__0_24h__time_span_hours,MechVent,0_24h,time_span_hours,continuous,binary,training median; measured/count retained,True,"Primary excludes Time=48:00. Same-time values use median; MechVent uses max and Urine uses sum. Count is raw valid row count. Statistic 'delta' is last minus first, i.e. the (末值−首值) trend required by 实验方案 §4.1; 'slope_per_hour' is the least-squares trend per hour over the same window."
mg__0_24h__measured,Mg,0_24h,measured,binary,mmol/L,0 when absent,True,"Primary excludes Time=48:00. Same-time values use median; MechVent uses max and Urine uses sum. Count is raw valid row count. Statistic 'delta' is last minus first, i.e. the (末值−首值) trend required by 实验方案 §4.1; 'slope_per_hour' is the least-squares trend per hour over the same window."
mg__0_24h__count,Mg,0_24h,count,continuous,mmol/L,0 when absent,True,"Primary excludes Time=48:00. Same-time values use median; MechVent uses max and Urine uses sum. Count is raw valid row count. Statistic 'delta' is last minus first, i.e. the (末值−首值) trend required by 实验方案 §4.1; 'slope_per_hour' is the least-squares trend per hour over the same window."
mg__0_24h__first,Mg,0_24h,first,continuous,mmol/L,training median; measured/count retained,True,"Primary excludes Time=48:00. Same-time values use median; MechVent uses max and Urine uses sum. Count is raw valid row count. Statistic 'delta' is last minus first, i.e. the (末值−首值) trend required by 实验方案 §4.1; 'slope_per_hour' is the least-squares trend per hour over the same window."
mg__0_24h__last,Mg,0_24h,last,continuous,mmol/L,training median; measured/count retained,True,"Primary excludes Time=48:00. Same-time values use median; MechVent uses max and Urine uses sum. Count is raw valid row count. Statistic 'delta' is last minus first, i.e. the (末值−首值) trend required by 实验方案 §4.1; 'slope_per_hour' is the least-squares trend per hour over the same window."
mg__0_24h__min,Mg,0_24h,min,continuous,mmol/L,training median; measured/count retained,True,"Primary excludes Time=48:00. Same-time values use median; MechVent uses max and Urine uses sum. Count is raw valid row count. Statistic 'delta' is last minus first, i.e. the (末值−首值) trend required by 实验方案 §4.1; 'slope_per_hour' is the least-squares trend per hour over the same window."
mg__0_24h__max,Mg,0_24h,max,continuous,mmol/L,training median; measured/count retained,True,"Primary excludes Time=48:00. Same-time values use median; MechVent uses max and Urine uses sum. Count is raw valid row count. Statistic 'delta' is last minus first, i.e. the (末值−首值) trend required by 实验方案 §4.1; 'slope_per_hour' is the least-squares trend per hour over the same window."
mg__0_24h__mean,Mg,0_24h,mean,continuous,mmol/L,training median; measured/count retained,True,"Primary excludes Time=48:00. Same-time values use median; MechVent uses max and Urine uses sum. Count is raw valid row count. Statistic 'delta' is last minus first, i.e. the (末值−首值) trend required by 实验方案 §4.1; 'slope_per_hour' is the least-squares trend per hour over the same window."
mg__0_24h__median,Mg,0_24h,median,continuous,mmol/L,training median; measured/count retained,True,"Primary excludes Time=48:00. Same-time values use median; MechVent uses max and Urine uses sum. Count is raw valid row count. Statistic 'delta' is last minus first, i.e. the (末值−首值) trend required by 实验方案 §4.1; 'slope_per_hour' is the least-squares trend per hour over the same window."
mg__0_24h__std,Mg,0_24h,std,continuous,mmol/L,training median; measured/count retained,True,"Primary excludes Time=48:00. Same-time values use median; MechVent uses max and Urine uses sum. Count is raw valid row count. Statistic 'delta' is last minus first, i.e. the (末值−首值) trend required by 实验方案 §4.1; 'slope_per_hour' is the least-squares trend per hour over the same window."
mg__0_24h__slope_per_hour,Mg,0_24h,slope_per_hour,continuous,mmol/L,training median; measured/count retained,True,"Primary excludes Time=48:00. Same-time values use median; MechVent uses max and Urine uses sum. Count is raw valid row count. Statistic 'delta' is last minus first, i.e. the (末值−首值) trend required by 实验方案 §4.1; 'slope_per_hour' is the least-squares trend per hour over the same window."
mg__0_24h__delta,Mg,0_24h,delta,continuous,mmol/L,training median; measured/count retained,True,"Primary excludes Time=48:00. Same-time values use median; MechVent uses max and Urine uses sum. Count is raw valid row count. Statistic 'delta' is last minus first, i.e. the (末值−首值) trend required by 实验方案 §4.1; 'slope_per_hour' is the least-squares trend per hour over the same window."
mg__0_24h__time_span_hours,Mg,0_24h,time_span_hours,continuous,mmol/L,training median; measured/count retained,True,"Primary excludes Time=48:00. Same-time values use median; MechVent uses max and Urine uses sum. Count is raw valid row count. Statistic 'delta' is last minus first, i.e. the (末值−首值) trend required by 实验方案 §4.1; 'slope_per_hour' is the least-squares trend per hour over the same window."
na__0_24h__measured,Na,0_24h,measured,binary,mEq/L,0 when absent,True,"Primary excludes Time=48:00. Same-time values use median; MechVent uses max and Urine uses sum. Count is raw valid row count. Statistic 'delta' is last minus first, i.e. the (末值−首值) trend required by 实验方案 §4.1; 'slope_per_hour' is the least-squares trend per hour over the same window."
na__0_24h__count,Na,0_24h,count,continuous,mEq/L,0 when absent,True,"Primary excludes Time=48:00. Same-time values use median; MechVent uses max and Urine uses sum. Count is raw valid row count. Statistic 'delta' is last minus first, i.e. the (末值−首值) trend required by 实验方案 §4.1; 'slope_per_hour' is the least-squares trend per hour over the same window."
na__0_24h__first,Na,0_24h,first,continuous,mEq/L,training median; measured/count retained,True,"Primary excludes Time=48:00. Same-time values use median; MechVent uses max and Urine uses sum. Count is raw valid row count. Statistic 'delta' is last minus first, i.e. the (末值−首值) trend required by 实验方案 §4.1; 'slope_per_hour' is the least-squares trend per hour over the same window."
na__0_24h__last,Na,0_24h,last,continuous,mEq/L,training median; measured/count retained,True,"Primary excludes Time=48:00. Same-time values use median; MechVent uses max and Urine uses sum. Count is raw valid row count. Statistic 'delta' is last minus first, i.e. the (末值−首值) trend required by 实验方案 §4.1; 'slope_per_hour' is the least-squares trend per hour over the same window."
na__0_24h__min,Na,0_24h,min,continuous,mEq/L,training median; measured/count retained,True,"Primary excludes Time=48:00. Same-time values use median; MechVent uses max and Urine uses sum. Count is raw valid row count. Statistic 'delta' is last minus first, i.e. the (末值−首值) trend required by 实验方案 §4.1; 'slope_per_hour' is the least-squares trend per hour over the same window."
na__0_24h__max,Na,0_24h,max,continuous,mEq/L,training median; measured/count retained,True,"Primary excludes Time=48:00. Same-time values use median; MechVent uses max and Urine uses sum. Count is raw valid row count. Statistic 'delta' is last minus first, i.e. the (末值−首值) trend required by 实验方案 §4.1; 'slope_per_hour' is the least-squares trend per hour over the same window."
na__0_24h__mean,Na,0_24h,mean,continuous,mEq/L,training median; measured/count retained,True,"Primary excludes Time=48:00. Same-time values use median; MechVent uses max and Urine uses sum. Count is raw valid row count. Statistic 'delta' is last minus first, i.e. the (末值−首值) trend required by 实验方案 §4.1; 'slope_per_hour' is the least-squares trend per hour over the same window."
na__0_24h__median,Na,0_24h,median,continuous,mEq/L,training median; measured/count retained,True,"Primary excludes Time=48:00. Same-time values use median; MechVent uses max and Urine uses sum. Count is raw valid row count. Statistic 'delta' is last minus first, i.e. the (末值−首值) trend required by 实验方案 §4.1; 'slope_per_hour' is the least-squares trend per hour over the same window."
na__0_24h__std,Na,0_24h,std,continuous,mEq/L,training median; measured/count retained,True,"Primary excludes Time=48:00. Same-time values use median; MechVent uses max and Urine uses sum. Count is raw valid row count. Statistic 'delta' is last minus first, i.e. the (末值−首值) trend required by 实验方案 §4.1; 'slope_per_hour' is the least-squares trend per hour over the same window."
na__0_24h__slope_per_hour,Na,0_24h,slope_per_hour,continuous,mEq/L,training median; measured/count retained,True,"Primary excludes Time=48:00. Same-time values use median; MechVent uses max and Urine uses sum. Count is raw valid row count. Statistic 'delta' is last minus first, i.e. the (末值−首值) trend required by 实验方案 §4.1; 'slope_per_hour' is the least-squares trend per hour over the same window."
na__0_24h__delta,Na,0_24h,delta,continuous,mEq/L,training median; measured/count retained,True,"Primary excludes Time=48:00. Same-time values use median; MechVent uses max and Urine uses sum. Count is raw valid row count. Statistic 'delta' is last minus first, i.e. the (末值−首值) trend required by 实验方案 §4.1; 'slope_per_hour' is the least-squares trend per hour over the same window."
na__0_24h__time_span_hours,Na,0_24h,time_span_hours,continuous,mEq/L,training median; measured/count retained,True,"Primary excludes Time=48:00. Same-time values use median; MechVent uses max and Urine uses sum. Count is raw valid row count. Statistic 'delta' is last minus first, i.e. the (末值−首值) trend required by 实验方案 §4.1; 'slope_per_hour' is the least-squares trend per hour over the same window."
nidiasabp__0_24h__measured,NIDiasABP,0_24h,measured,binary,mmHg,0 when absent,True,"Primary excludes Time=48:00. Same-time values use median; MechVent uses max and Urine uses sum. Count is raw valid row count. Statistic 'delta' is last minus first, i.e. the (末值−首值) trend required by 实验方案 §4.1; 'slope_per_hour' is the least-squares trend per hour over the same window."
nidiasabp__0_24h__count,NIDiasABP,0_24h,count,continuous,mmHg,0 when absent,True,"Primary excludes Time=48:00. Same-time values use median; MechVent uses max and Urine uses sum. Count is raw valid row count. Statistic 'delta' is last minus first, i.e. the (末值−首值) trend required by 实验方案 §4.1; 'slope_per_hour' is the least-squares trend per hour over the same window."
nidiasabp__0_24h__first,NIDiasABP,0_24h,first,continuous,mmHg,training median; measured/count retained,True,"Primary excludes Time=48:00. Same-time values use median; MechVent uses max and Urine uses sum. Count is raw valid row count. Statistic 'delta' is last minus first, i.e. the (末值−首值) trend required by 实验方案 §4.1; 'slope_per_hour' is the least-squares trend per hour over the same window."
nidiasabp__0_24h__last,NIDiasABP,0_24h,last,continuous,mmHg,training median; measured/count retained,True,"Primary excludes Time=48:00. Same-time values use median; MechVent uses max and Urine uses sum. Count is raw valid row count. Statistic 'delta' is last minus first, i.e. the (末值−首值) trend required by 实验方案 §4.1; 'slope_per_hour' is the least-squares trend per hour over the same window."
nidiasabp__0_24h__min,NIDiasABP,0_24h,min,continuous,mmHg,training median; measured/count retained,True,"Primary excludes Time=48:00. Same-time values use median; MechVent uses max and Urine uses sum. Count is raw valid row count. Statistic 'delta' is last minus first, i.e. the (末值−首值) trend required by 实验方案 §4.1; 'slope_per_hour' is the least-squares trend per hour over the same window."
nidiasabp__0_24h__max,NIDiasABP,0_24h,max,continuous,mmHg,training median; measured/count retained,True,"Primary excludes Time=48:00. Same-time values use median; MechVent uses max and Urine uses sum. Count is raw valid row count. Statistic 'delta' is last minus first, i.e. the (末值−首值) trend required by 实验方案 §4.1; 'slope_per_hour' is the least-squares trend per hour over the same window."
nidiasabp__0_24h__mean,NIDiasABP,0_24h,mean,continuous,mmHg,training median; measured/count retained,True,"Primary excludes Time=48:00. Same-time values use median; MechVent uses max and Urine uses sum. Count is raw valid row count. Statistic 'delta' is last minus first, i.e. the (末值−首值) trend required by 实验方案 §4.1; 'slope_per_hour' is the least-squares trend per hour over the same window."
nidiasabp__0_24h__median,NIDiasABP,0_24h,median,continuous,mmHg,training median; measured/count retained,True,"Primary excludes Time=48:00. Same-time values use median; MechVent uses max and Urine uses sum. Count is raw valid row count. Statistic 'delta' is last minus first, i.e. the (末值−首值) trend required by 实验方案 §4.1; 'slope_per_hour' is the least-squares trend per hour over the same window."
nidiasabp__0_24h__std,NIDiasABP,0_24h,std,continuous,mmHg,training median; measured/count retained,True,"Primary excludes Time=48:00. Same-time values use median; MechVent uses max and Urine uses sum. Count is raw valid row count. Statistic 'delta' is last minus first, i.e. the (末值−首值) trend required by 实验方案 §4.1; 'slope_per_hour' is the least-squares trend per hour over the same window."
nidiasabp__0_24h__slope_per_hour,NIDiasABP,0_24h,slope_per_hour,continuous,mmHg,training median; measured/count retained,True,"Primary excludes Time=48:00. Same-time values use median; MechVent uses max and Urine uses sum. Count is raw valid row count. Statistic 'delta' is last minus first, i.e. the (末值−首值) trend required by 实验方案 §4.1; 'slope_per_hour' is the least-squares trend per hour over the same window."
nidiasabp__0_24h__delta,NIDiasABP,0_24h,delta,continuous,mmHg,training median; measured/count retained,True,"Primary excludes Time=48:00. Same-time values use median; MechVent uses max and Urine uses sum. Count is raw valid row count. Statistic 'delta' is last minus first, i.e. the (末值−首值) trend required by 实验方案 §4.1; 'slope_per_hour' is the least-squares trend per hour over the same window."
nidiasabp__0_24h__time_span_hours,NIDiasABP,0_24h,time_span_hours,continuous,mmHg,training median; measured/count retained,True,"Primary excludes Time=48:00. Same-time values use median; MechVent uses max and Urine uses sum. Count is raw valid row count. Statistic 'delta' is last minus first, i.e. the (末值−首值) trend required by 实验方案 §4.1; 'slope_per_hour' is the least-squares trend per hour over the same window."
nimap__0_24h__measured,NIMAP,0_24h,measured,binary,mmHg,0 when absent,True,"Primary excludes Time=48:00. Same-time values use median; MechVent uses max and Urine uses sum. Count is raw valid row count. Statistic 'delta' is last minus first, i.e. the (末值−首值) trend required by 实验方案 §4.1; 'slope_per_hour' is the least-squares trend per hour over the same window."
nimap__0_24h__count,NIMAP,0_24h,count,continuous,mmHg,0 when absent,True,"Primary excludes Time=48:00. Same-time values use median; MechVent uses max and Urine uses sum. Count is raw valid row count. Statistic 'delta' is last minus first, i.e. the (末值−首值) trend required by 实验方案 §4.1; 'slope_per_hour' is the least-squares trend per hour over the same window."
nimap__0_24h__first,NIMAP,0_24h,first,continuous,mmHg,training median; measured/count retained,True,"Primary excludes Time=48:00. Same-time values use median; MechVent uses max and Urine uses sum. Count is raw valid row count. Statistic 'delta' is last minus first, i.e. the (末值−首值) trend required by 实验方案 §4.1; 'slope_per_hour' is the least-squares trend per hour over the same window."
nimap__0_24h__last,NIMAP,0_24h,last,continuous,mmHg,training median; measured/count retained,True,"Primary excludes Time=48:00. Same-time values use median; MechVent uses max and Urine uses sum. Count is raw valid row count. Statistic 'delta' is last minus first, i.e. the (末值−首值) trend required by 实验方案 §4.1; 'slope_per_hour' is the least-squares trend per hour over the same window."
nimap__0_24h__min,NIMAP,0_24h,min,continuous,mmHg,training median; measured/count retained,True,"Primary excludes Time=48:00. Same-time values use median; MechVent uses max and Urine uses sum. Count is raw valid row count. Statistic 'delta' is last minus first, i.e. the (末值−首值) trend required by 实验方案 §4.1; 'slope_per_hour' is the least-squares trend per hour over the same window."
nimap__0_24h__max,NIMAP,0_24h,max,continuous,mmHg,training median; measured/count retained,True,"Primary excludes Time=48:00. Same-time values use median; MechVent uses max and Urine uses sum. Count is raw valid row count. Statistic 'delta' is last minus first, i.e. the (末值−首值) trend required by 实验方案 §4.1; 'slope_per_hour' is the least-squares trend per hour over the same window."
nimap__0_24h__mean,NIMAP,0_24h,mean,continuous,mmHg,training median; measured/count retained,True,"Primary excludes Time=48:00. Same-time values use median; MechVent uses max and Urine uses sum. Count is raw valid row count. Statistic 'delta' is last minus first, i.e. the (末值−首值) trend required by 实验方案 §4.1; 'slope_per_hour' is the least-squares trend per hour over the same window."
nimap__0_24h__median,NIMAP,0_24h,median,continuous,mmHg,training median; measured/count retained,True,"Primary excludes Time=48:00. Same-time values use median; MechVent uses max and Urine uses sum. Count is raw valid row count. Statistic 'delta' is last minus first, i.e. the (末值−首值) trend required by 实验方案 §4.1; 'slope_per_hour' is the least-squares trend per hour over the same window."
nimap__0_24h__std,NIMAP,0_24h,std,continuous,mmHg,training median; measured/count retained,True,"Primary excludes Time=48:00. Same-time values use median; MechVent uses max and Urine uses sum. Count is raw valid row count. Statistic 'delta' is last minus first, i.e. the (末值−首值) trend required by 实验方案 §4.1; 'slope_per_hour' is the least-squares trend per hour over the same window."
nimap__0_24h__slope_per_hour,NIMAP,0_24h,slope_per_hour,continuous,mmHg,training median; measured/count retained,True,"Primary excludes Time=48:00. Same-time values use median; MechVent uses max and Urine uses sum. Count is raw valid row count. Statistic 'delta' is last minus first, i.e. the (末值−首值) trend required by 实验方案 §4.1; 'slope_per_hour' is the least-squares trend per hour over the same window."
nimap__0_24h__delta,NIMAP,0_24h,delta,continuous,mmHg,training median; measured/count retained,True,"Primary excludes Time=48:00. Same-time values use median; MechVent uses max and Urine uses sum. Count is raw valid row count. Statistic 'delta' is last minus first, i.e. the (末值−首值) trend required by 实验方案 §4.1; 'slope_per_hour' is the least-squares trend per hour over the same window."
nimap__0_24h__time_span_hours,NIMAP,0_24h,time_span_hours,continuous,mmHg,training median; measured/count retained,True,"Primary excludes Time=48:00. Same-time values use median; MechVent uses max and Urine uses sum. Count is raw valid row count. Statistic 'delta' is last minus first, i.e. the (末值−首值) trend required by 实验方案 §4.1; 'slope_per_hour' is the least-squares trend per hour over the same window."
nisysabp__0_24h__measured,NISysABP,0_24h,measured,binary,mmHg,0 when absent,True,"Primary excludes Time=48:00. Same-time values use median; MechVent uses max and Urine uses sum. Count is raw valid row count. Statistic 'delta' is last minus first, i.e. the (末值−首值) trend required by 实验方案 §4.1; 'slope_per_hour' is the least-squares trend per hour over the same window."
nisysabp__0_24h__count,NISysABP,0_24h,count,continuous,mmHg,0 when absent,True,"Primary excludes Time=48:00. Same-time values use median; MechVent uses max and Urine uses sum. Count is raw valid row count. Statistic 'delta' is last minus first, i.e. the (末值−首值) trend required by 实验方案 §4.1; 'slope_per_hour' is the least-squares trend per hour over the same window."
nisysabp__0_24h__first,NISysABP,0_24h,first,continuous,mmHg,training median; measured/count retained,True,"Primary excludes Time=48:00. Same-time values use median; MechVent uses max and Urine uses sum. Count is raw valid row count. Statistic 'delta' is last minus first, i.e. the (末值−首值) trend required by 实验方案 §4.1; 'slope_per_hour' is the least-squares trend per hour over the same window."
nisysabp__0_24h__last,NISysABP,0_24h,last,continuous,mmHg,training median; measured/count retained,True,"Primary excludes Time=48:00. Same-time values use median; MechVent uses max and Urine uses sum. Count is raw valid row count. Statistic 'delta' is last minus first, i.e. the (末值−首值) trend required by 实验方案 §4.1; 'slope_per_hour' is the least-squares trend per hour over the same window."
nisysabp__0_24h__min,NISysABP,0_24h,min,continuous,mmHg,training median; measured/count retained,True,"Primary excludes Time=48:00. Same-time values use median; MechVent uses max and Urine uses sum. Count is raw valid row count. Statistic 'delta' is last minus first, i.e. the (末值−首值) trend required by 实验方案 §4.1; 'slope_per_hour' is the least-squares trend per hour over the same window."
nisysabp__0_24h__max,NISysABP,0_24h,max,continuous,mmHg,training median; measured/count retained,True,"Primary excludes Time=48:00. Same-time values use median; MechVent uses max and Urine uses sum. Count is raw valid row count. Statistic 'delta' is last minus first, i.e. the (末值−首值) trend required by 实验方案 §4.1; 'slope_per_hour' is the least-squares trend per hour over the same window."
nisysabp__0_24h__mean,NISysABP,0_24h,mean,continuous,mmHg,training median; measured/count retained,True,"Primary excludes Time=48:00. Same-time values use median; MechVent uses max and Urine uses sum. Count is raw valid row count. Statistic 'delta' is last minus first, i.e. the (末值−首值) trend required by 实验方案 §4.1; 'slope_per_hour' is the least-squares trend per hour over the same window."
nisysabp__0_24h__median,NISysABP,0_24h,median,continuous,mmHg,training median; measured/count retained,True,"Primary excludes Time=48:00. Same-time values use median; MechVent uses max and Urine uses sum. Count is raw valid row count. Statistic 'delta' is last minus first, i.e. the (末值−首值) trend required by 实验方案 §4.1; 'slope_per_hour' is the least-squares trend per hour over the same window."
nisysabp__0_24h__std,NISysABP,0_24h,std,continuous,mmHg,training median; measured/count retained,True,"Primary excludes Time=48:00. Same-time values use median; MechVent uses max and Urine uses sum. Count is raw valid row count. Statistic 'delta' is last minus first, i.e. the (末值−首值) trend required by 实验方案 §4.1; 'slope_per_hour' is the least-squares trend per hour over the same window."
nisysabp__0_24h__slope_per_hour,NISysABP,0_24h,slope_per_hour,continuous,mmHg,training median; measured/count retained,True,"Primary excludes Time=48:00. Same-time values use median; MechVent uses max and Urine uses sum. Count is raw valid row count. Statistic 'delta' is last minus first, i.e. the (末值−首值) trend required by 实验方案 §4.1; 'slope_per_hour' is the least-squares trend per hour over the same window."
nisysabp__0_24h__delta,NISysABP,0_24h,delta,continuous,mmHg,training median; measured/count retained,True,"Primary excludes Time=48:00. Same-time values use median; MechVent uses max and Urine uses sum. Count is raw valid row count. Statistic 'delta' is last minus first, i.e. the (末值−首值) trend required by 实验方案 §4.1; 'slope_per_hour' is the least-squares trend per hour over the same window."
nisysabp__0_24h__time_span_hours,NISysABP,0_24h,time_span_hours,continuous,mmHg,training median; measured/count retained,True,"Primary excludes Time=48:00. Same-time values use median; MechVent uses max and Urine uses sum. Count is raw valid row count. Statistic 'delta' is last minus first, i.e. the (末值−首值) trend required by 实验方案 §4.1; 'slope_per_hour' is the least-squares trend per hour over the same window."
paco2__0_24h__measured,PaCO2,0_24h,measured,binary,mmHg,0 when absent,True,"Primary excludes Time=48:00. Same-time values use median; MechVent uses max and Urine uses sum. Count is raw valid row count. Statistic 'delta' is last minus first, i.e. the (末值−首值) trend required by 实验方案 §4.1; 'slope_per_hour' is the least-squares trend per hour over the same window."
paco2__0_24h__count,PaCO2,0_24h,count,continuous,mmHg,0 when absent,True,"Primary excludes Time=48:00. Same-time values use median; MechVent uses max and Urine uses sum. Count is raw valid row count. Statistic 'delta' is last minus first, i.e. the (末值−首值) trend required by 实验方案 §4.1; 'slope_per_hour' is the least-squares trend per hour over the same window."
paco2__0_24h__first,PaCO2,0_24h,first,continuous,mmHg,training median; measured/count retained,True,"Primary excludes Time=48:00. Same-time values use median; MechVent uses max and Urine uses sum. Count is raw valid row count. Statistic 'delta' is last minus first, i.e. the (末值−首值) trend required by 实验方案 §4.1; 'slope_per_hour' is the least-squares trend per hour over the same window."
paco2__0_24h__last,PaCO2,0_24h,last,continuous,mmHg,training median; measured/count retained,True,"Primary excludes Time=48:00. Same-time values use median; MechVent uses max and Urine uses sum. Count is raw valid row count. Statistic 'delta' is last minus first, i.e. the (末值−首值) trend required by 实验方案 §4.1; 'slope_per_hour' is the least-squares trend per hour over the same window."
paco2__0_24h__min,PaCO2,0_24h,min,continuous,mmHg,training median; measured/count retained,True,"Primary excludes Time=48:00. Same-time values use median; MechVent uses max and Urine uses sum. Count is raw valid row count. Statistic 'delta' is last minus first, i.e. the (末值−首值) trend required by 实验方案 §4.1; 'slope_per_hour' is the least-squares trend per hour over the same window."
paco2__0_24h__max,PaCO2,0_24h,max,continuous,mmHg,training median; measured/count retained,True,"Primary excludes Time=48:00. Same-time values use median; MechVent uses max and Urine uses sum. Count is raw valid row count. Statistic 'delta' is last minus first, i.e. the (末值−首值) trend required by 实验方案 §4.1; 'slope_per_hour' is the least-squares trend per hour over the same window."
paco2__0_24h__mean,PaCO2,0_24h,mean,continuous,mmHg,training median; measured/count retained,True,"Primary excludes Time=48:00. Same-time values use median; MechVent uses max and Urine uses sum. Count is raw valid row count. Statistic 'delta' is last minus first, i.e. the (末值−首值) trend required by 实验方案 §4.1; 'slope_per_hour' is the least-squares trend per hour over the same window."
paco2__0_24h__median,PaCO2,0_24h,median,continuous,mmHg,training median; measured/count retained,True,"Primary excludes Time=48:00. Same-time values use median; MechVent uses max and Urine uses sum. Count is raw valid row count. Statistic 'delta' is last minus first, i.e. the (末值−首值) trend required by 实验方案 §4.1; 'slope_per_hour' is the least-squares trend per hour over the same window."
paco2__0_24h__std,PaCO2,0_24h,std,continuous,mmHg,training median; measured/count retained,True,"Primary excludes Time=48:00. Same-time values use median; MechVent uses max and Urine uses sum. Count is raw valid row count. Statistic 'delta' is last minus first, i.e. the (末值−首值) trend required by 实验方案 §4.1; 'slope_per_hour' is the least-squares trend per hour over the same window."
paco2__0_24h__slope_per_hour,PaCO2,0_24h,slope_per_hour,continuous,mmHg,training median; measured/count retained,True,"Primary excludes Time=48:00. Same-time values use median; MechVent uses max and Urine uses sum. Count is raw valid row count. Statistic 'delta' is last minus first, i.e. the (末值−首值) trend required by 实验方案 §4.1; 'slope_per_hour' is the least-squares trend per hour over the same window."
paco2__0_24h__delta,PaCO2,0_24h,delta,continuous,mmHg,training median; measured/count retained,True,"Primary excludes Time=48:00. Same-time values use median; MechVent uses max and Urine uses sum. Count is raw valid row count. Statistic 'delta' is last minus first, i.e. the (末值−首值) trend required by 实验方案 §4.1; 'slope_per_hour' is the least-squares trend per hour over the same window."
paco2__0_24h__time_span_hours,PaCO2,0_24h,time_span_hours,continuous,mmHg,training median; measured/count retained,True,"Primary excludes Time=48:00. Same-time values use median; MechVent uses max and Urine uses sum. Count is raw valid row count. Statistic 'delta' is last minus first, i.e. the (末值−首值) trend required by 实验方案 §4.1; 'slope_per_hour' is the least-squares trend per hour over the same window."
pao2__0_24h__measured,PaO2,0_24h,measured,binary,mmHg,0 when absent,True,"Primary excludes Time=48:00. Same-time values use median; MechVent uses max and Urine uses sum. Count is raw valid row count. Statistic 'delta' is last minus first, i.e. the (末值−首值) trend required by 实验方案 §4.1; 'slope_per_hour' is the least-squares trend per hour over the same window."
pao2__0_24h__count,PaO2,0_24h,count,continuous,mmHg,0 when absent,True,"Primary excludes Time=48:00. Same-time values use median; MechVent uses max and Urine uses sum. Count is raw valid row count. Statistic 'delta' is last minus first, i.e. the (末值−首值) trend required by 实验方案 §4.1; 'slope_per_hour' is the least-squares trend per hour over the same window."
pao2__0_24h__first,PaO2,0_24h,first,continuous,mmHg,training median; measured/count retained,True,"Primary excludes Time=48:00. Same-time values use median; MechVent uses max and Urine uses sum. Count is raw valid row count. Statistic 'delta' is last minus first, i.e. the (末值−首值) trend required by 实验方案 §4.1; 'slope_per_hour' is the least-squares trend per hour over the same window."
pao2__0_24h__last,PaO2,0_24h,last,continuous,mmHg,training median; measured/count retained,True,"Primary excludes Time=48:00. Same-time values use median; MechVent uses max and Urine uses sum. Count is raw valid row count. Statistic 'delta' is last minus first, i.e. the (末值−首值) trend required by 实验方案 §4.1; 'slope_per_hour' is the least-squares trend per hour over the same window."
pao2__0_24h__min,PaO2,0_24h,min,continuous,mmHg,training median; measured/count retained,True,"Primary excludes Time=48:00. Same-time values use median; MechVent uses max and Urine uses sum. Count is raw valid row count. Statistic 'delta' is last minus first, i.e. the (末值−首值) trend required by 实验方案 §4.1; 'slope_per_hour' is the least-squares trend per hour over the same window."
pao2__0_24h__max,PaO2,0_24h,max,continuous,mmHg,training median; measured/count retained,True,"Primary excludes Time=48:00. Same-time values use median; MechVent uses max and Urine uses sum. Count is raw valid row count. Statistic 'delta' is last minus first, i.e. the (末值−首值) trend required by 实验方案 §4.1; 'slope_per_hour' is the least-squares trend per hour over the same window."
pao2__0_24h__mean,PaO2,0_24h,mean,continuous,mmHg,training median; measured/count retained,True,"Primary excludes Time=48:00. Same-time values use median; MechVent uses max and Urine uses sum. Count is raw valid row count. Statistic 'delta' is last minus first, i.e. the (末值−首值) trend required by 实验方案 §4.1; 'slope_per_hour' is the least-squares trend per hour over the same window."
pao2__0_24h__median,PaO2,0_24h,median,continuous,mmHg,training median; measured/count retained,True,"Primary excludes Time=48:00. Same-time values use median; MechVent uses max and Urine uses sum. Count is raw valid row count. Statistic 'delta' is last minus first, i.e. the (末值−首值) trend required by 实验方案 §4.1; 'slope_per_hour' is the least-squares trend per hour over the same window."
pao2__0_24h__std,PaO2,0_24h,std,continuous,mmHg,training median; measured/count retained,True,"Primary excludes Time=48:00. Same-time values use median; MechVent uses max and Urine uses sum. Count is raw valid row count. Statistic 'delta' is last minus first, i.e. the (末值−首值) trend required by 实验方案 §4.1; 'slope_per_hour' is the least-squares trend per hour over the same window."
pao2__0_24h__slope_per_hour,PaO2,0_24h,slope_per_hour,continuous,mmHg,training median; measured/count retained,True,"Primary excludes Time=48:00. Same-time values use median; MechVent uses max and Urine uses sum. Count is raw valid row count. Statistic 'delta' is last minus first, i.e. the (末值−首值) trend required by 实验方案 §4.1; 'slope_per_hour' is the least-squares trend per hour over the same window."
pao2__0_24h__delta,PaO2,0_24h,delta,continuous,mmHg,training median; measured/count retained,True,"Primary excludes Time=48:00. Same-time values use median; MechVent uses max and Urine uses sum. Count is raw valid row count. Statistic 'delta' is last minus first, i.e. the (末值−首值) trend required by 实验方案 §4.1; 'slope_per_hour' is the least-squares trend per hour over the same window."
pao2__0_24h__time_span_hours,PaO2,0_24h,time_span_hours,continuous,mmHg,training median; measured/count retained,True,"Primary excludes Time=48:00. Same-time values use median; MechVent uses max and Urine uses sum. Count is raw valid row count. Statistic 'delta' is last minus first, i.e. the (末值−首值) trend required by 实验方案 §4.1; 'slope_per_hour' is the least-squares trend per hour over the same window."
ph__0_24h__measured,pH,0_24h,measured,binary,pH,0 when absent,True,"Primary excludes Time=48:00. Same-time values use median; MechVent uses max and Urine uses sum. Count is raw valid row count. Statistic 'delta' is last minus first, i.e. the (末值−首值) trend required by 实验方案 §4.1; 'slope_per_hour' is the least-squares trend per hour over the same window."
ph__0_24h__count,pH,0_24h,count,continuous,pH,0 when absent,True,"Primary excludes Time=48:00. Same-time values use median; MechVent uses max and Urine uses sum. Count is raw valid row count. Statistic 'delta' is last minus first, i.e. the (末值−首值) trend required by 实验方案 §4.1; 'slope_per_hour' is the least-squares trend per hour over the same window."
ph__0_24h__first,pH,0_24h,first,continuous,pH,training median; measured/count retained,True,"Primary excludes Time=48:00. Same-time values use median; MechVent uses max and Urine uses sum. Count is raw valid row count. Statistic 'delta' is last minus first, i.e. the (末值−首值) trend required by 实验方案 §4.1; 'slope_per_hour' is the least-squares trend per hour over the same window."
ph__0_24h__last,pH,0_24h,last,continuous,pH,training median; measured/count retained,True,"Primary excludes Time=48:00. Same-time values use median; MechVent uses max and Urine uses sum. Count is raw valid row count. Statistic 'delta' is last minus first, i.e. the (末值−首值) trend required by 实验方案 §4.1; 'slope_per_hour' is the least-squares trend per hour over the same window."
ph__0_24h__min,pH,0_24h,min,continuous,pH,training median; measured/count retained,True,"Primary excludes Time=48:00. Same-time values use median; MechVent uses max and Urine uses sum. Count is raw valid row count. Statistic 'delta' is last minus first, i.e. the (末值−首值) trend required by 实验方案 §4.1; 'slope_per_hour' is the least-squares trend per hour over the same window."
ph__0_24h__max,pH,0_24h,max,continuous,pH,training median; measured/count retained,True,"Primary excludes Time=48:00. Same-time values use median; MechVent uses max and Urine uses sum. Count is raw valid row count. Statistic 'delta' is last minus first, i.e. the (末值−首值) trend required by 实验方案 §4.1; 'slope_per_hour' is the least-squares trend per hour over the same window."
ph__0_24h__mean,pH,0_24h,mean,continuous,pH,training median; measured/count retained,True,"Primary excludes Time=48:00. Same-time values use median; MechVent uses max and Urine uses sum. Count is raw valid row count. Statistic 'delta' is last minus first, i.e. the (末值−首值) trend required by 实验方案 §4.1; 'slope_per_hour' is the least-squares trend per hour over the same window."
ph__0_24h__median,pH,0_24h,median,continuous,pH,training median; measured/count retained,True,"Primary excludes Time=48:00. Same-time values use median; MechVent uses max and Urine uses sum. Count is raw valid row count. Statistic 'delta' is last minus first, i.e. the (末值−首值) trend required by 实验方案 §4.1; 'slope_per_hour' is the least-squares trend per hour over the same window."
ph__0_24h__std,pH,0_24h,std,continuous,pH,training median; measured/count retained,True,"Primary excludes Time=48:00. Same-time values use median; MechVent uses max and Urine uses sum. Count is raw valid row count. Statistic 'delta' is last minus first, i.e. the (末值−首值) trend required by 实验方案 §4.1; 'slope_per_hour' is the least-squares trend per hour over the same window."
ph__0_24h__slope_per_hour,pH,0_24h,slope_per_hour,continuous,pH,training median; measured/count retained,True,"Primary excludes Time=48:00. Same-time values use median; MechVent uses max and Urine uses sum. Count is raw valid row count. Statistic 'delta' is last minus first, i.e. the (末值−首值) trend required by 实验方案 §4.1; 'slope_per_hour' is the least-squares trend per hour over the same window."
ph__0_24h__delta,pH,0_24h,delta,continuous,pH,training median; measured/count retained,True,"Primary excludes Time=48:00. Same-time values use median; MechVent uses max and Urine uses sum. Count is raw valid row count. Statistic 'delta' is last minus first, i.e. the (末值−首值) trend required by 实验方案 §4.1; 'slope_per_hour' is the least-squares trend per hour over the same window."
ph__0_24h__time_span_hours,pH,0_24h,time_span_hours,continuous,pH,training median; measured/count retained,True,"Primary excludes Time=48:00. Same-time values use median; MechVent uses max and Urine uses sum. Count is raw valid row count. Statistic 'delta' is last minus first, i.e. the (末值−首值) trend required by 实验方案 §4.1; 'slope_per_hour' is the least-squares trend per hour over the same window."
platelets__0_24h__measured,Platelets,0_24h,measured,binary,cells/nL,0 when absent,True,"Primary excludes Time=48:00. Same-time values use median; MechVent uses max and Urine uses sum. Count is raw valid row count. Statistic 'delta' is last minus first, i.e. the (末值−首值) trend required by 实验方案 §4.1; 'slope_per_hour' is the least-squares trend per hour over the same window."
platelets__0_24h__count,Platelets,0_24h,count,continuous,cells/nL,0 when absent,True,"Primary excludes Time=48:00. Same-time values use median; MechVent uses max and Urine uses sum. Count is raw valid row count. Statistic 'delta' is last minus first, i.e. the (末值−首值) trend required by 实验方案 §4.1; 'slope_per_hour' is the least-squares trend per hour over the same window."
platelets__0_24h__first,Platelets,0_24h,first,continuous,cells/nL,training median; measured/count retained,True,"Primary excludes Time=48:00. Same-time values use median; MechVent uses max and Urine uses sum. Count is raw valid row count. Statistic 'delta' is last minus first, i.e. the (末值−首值) trend required by 实验方案 §4.1; 'slope_per_hour' is the least-squares trend per hour over the same window."
platelets__0_24h__last,Platelets,0_24h,last,continuous,cells/nL,training median; measured/count retained,True,"Primary excludes Time=48:00. Same-time values use median; MechVent uses max and Urine uses sum. Count is raw valid row count. Statistic 'delta' is last minus first, i.e. the (末值−首值) trend required by 实验方案 §4.1; 'slope_per_hour' is the least-squares trend per hour over the same window."
platelets__0_24h__min,Platelets,0_24h,min,continuous,cells/nL,training median; measured/count retained,True,"Primary excludes Time=48:00. Same-time values use median; MechVent uses max and Urine uses sum. Count is raw valid row count. Statistic 'delta' is last minus first, i.e. the (末值−首值) trend required by 实验方案 §4.1; 'slope_per_hour' is the least-squares trend per hour over the same window."
platelets__0_24h__max,Platelets,0_24h,max,continuous,cells/nL,training median; measured/count retained,True,"Primary excludes Time=48:00. Same-time values use median; MechVent uses max and Urine uses sum. Count is raw valid row count. Statistic 'delta' is last minus first, i.e. the (末值−首值) trend required by 实验方案 §4.1; 'slope_per_hour' is the least-squares trend per hour over the same window."
platelets__0_24h__mean,Platelets,0_24h,mean,continuous,cells/nL,training median; measured/count retained,True,"Primary excludes Time=48:00. Same-time values use median; MechVent uses max and Urine uses sum. Count is raw valid row count. Statistic 'delta' is last minus first, i.e. the (末值−首值) trend required by 实验方案 §4.1; 'slope_per_hour' is the least-squares trend per hour over the same window."
platelets__0_24h__median,Platelets,0_24h,median,continuous,cells/nL,training median; measured/count retained,True,"Primary excludes Time=48:00. Same-time values use median; MechVent uses max and Urine uses sum. Count is raw valid row count. Statistic 'delta' is last minus first, i.e. the (末值−首值) trend required by 实验方案 §4.1; 'slope_per_hour' is the least-squares trend per hour over the same window."
platelets__0_24h__std,Platelets,0_24h,std,continuous,cells/nL,training median; measured/count retained,True,"Primary excludes Time=48:00. Same-time values use median; MechVent uses max and Urine uses sum. Count is raw valid row count. Statistic 'delta' is last minus first, i.e. the (末值−首值) trend required by 实验方案 §4.1; 'slope_per_hour' is the least-squares trend per hour over the same window."
platelets__0_24h__slope_per_hour,Platelets,0_24h,slope_per_hour,continuous,cells/nL,training median; measured/count retained,True,"Primary excludes Time=48:00. Same-time values use median; MechVent uses max and Urine uses sum. Count is raw valid row count. Statistic 'delta' is last minus first, i.e. the (末值−首值) trend required by 实验方案 §4.1; 'slope_per_hour' is the least-squares trend per hour over the same window."
platelets__0_24h__delta,Platelets,0_24h,delta,continuous,cells/nL,training median; measured/count retained,True,"Primary excludes Time=48:00. Same-time values use median; MechVent uses max and Urine uses sum. Count is raw valid row count. Statistic 'delta' is last minus first, i.e. the (末值−首值) trend required by 实验方案 §4.1; 'slope_per_hour' is the least-squares trend per hour over the same window."
platelets__0_24h__time_span_hours,Platelets,0_24h,time_span_hours,continuous,cells/nL,training median; measured/count retained,True,"Primary excludes Time=48:00. Same-time values use median; MechVent uses max and Urine uses sum. Count is raw valid row count. Statistic 'delta' is last minus first, i.e. the (末值−首值) trend required by 实验方案 §4.1; 'slope_per_hour' is the least-squares trend per hour over the same window."
resprate__0_24h__measured,RespRate,0_24h,measured,binary,bpm,0 when absent,True,"Primary excludes Time=48:00. Same-time values use median; MechVent uses max and Urine uses sum. Count is raw valid row count. Statistic 'delta' is last minus first, i.e. the (末值−首值) trend required by 实验方案 §4.1; 'slope_per_hour' is the least-squares trend per hour over the same window."
resprate__0_24h__count,RespRate,0_24h,count,continuous,bpm,0 when absent,True,"Primary excludes Time=48:00. Same-time values use median; MechVent uses max and Urine uses sum. Count is raw valid row count. Statistic 'delta' is last minus first, i.e. the (末值−首值) trend required by 实验方案 §4.1; 'slope_per_hour' is the least-squares trend per hour over the same window."
resprate__0_24h__first,RespRate,0_24h,first,continuous,bpm,training median; measured/count retained,True,"Primary excludes Time=48:00. Same-time values use median; MechVent uses max and Urine uses sum. Count is raw valid row count. Statistic 'delta' is last minus first, i.e. the (末值−首值) trend required by 实验方案 §4.1; 'slope_per_hour' is the least-squares trend per hour over the same window."
resprate__0_24h__last,RespRate,0_24h,last,continuous,bpm,training median; measured/count retained,True,"Primary excludes Time=48:00. Same-time values use median; MechVent uses max and Urine uses sum. Count is raw valid row count. Statistic 'delta' is last minus first, i.e. the (末值−首值) trend required by 实验方案 §4.1; 'slope_per_hour' is the least-squares trend per hour over the same window."
resprate__0_24h__min,RespRate,0_24h,min,continuous,bpm,training median; measured/count retained,True,"Primary excludes Time=48:00. Same-time values use median; MechVent uses max and Urine uses sum. Count is raw valid row count. Statistic 'delta' is last minus first, i.e. the (末值−首值) trend required by 实验方案 §4.1; 'slope_per_hour' is the least-squares trend per hour over the same window."
resprate__0_24h__max,RespRate,0_24h,max,continuous,bpm,training median; measured/count retained,True,"Primary excludes Time=48:00. Same-time values use median; MechVent uses max and Urine uses sum. Count is raw valid row count. Statistic 'delta' is last minus first, i.e. the (末值−首值) trend required by 实验方案 §4.1; 'slope_per_hour' is the least-squares trend per hour over the same window."
resprate__0_24h__mean,RespRate,0_24h,mean,continuous,bpm,training median; measured/count retained,True,"Primary excludes Time=48:00. Same-time values use median; MechVent uses max and Urine uses sum. Count is raw valid row count. Statistic 'delta' is last minus first, i.e. the (末值−首值) trend required by 实验方案 §4.1; 'slope_per_hour' is the least-squares trend per hour over the same window."
resprate__0_24h__median,RespRate,0_24h,median,continuous,bpm,training median; measured/count retained,True,"Primary excludes Time=48:00. Same-time values use median; MechVent uses max and Urine uses sum. Count is raw valid row count. Statistic 'delta' is last minus first, i.e. the (末值−首值) trend required by 实验方案 §4.1; 'slope_per_hour' is the least-squares trend per hour over the same window."
resprate__0_24h__std,RespRate,0_24h,std,continuous,bpm,training median; measured/count retained,True,"Primary excludes Time=48:00. Same-time values use median; MechVent uses max and Urine uses sum. Count is raw valid row count. Statistic 'delta' is last minus first, i.e. the (末值−首值) trend required by 实验方案 §4.1; 'slope_per_hour' is the least-squares trend per hour over the same window."
resprate__0_24h__slope_per_hour,RespRate,0_24h,slope_per_hour,continuous,bpm,training median; measured/count retained,True,"Primary excludes Time=48:00. Same-time values use median; MechVent uses max and Urine uses sum. Count is raw valid row count. Statistic 'delta' is last minus first, i.e. the (末值−首值) trend required by 实验方案 §4.1; 'slope_per_hour' is the least-squares trend per hour over the same window."
resprate__0_24h__delta,RespRate,0_24h,delta,continuous,bpm,training median; measured/count retained,True,"Primary excludes Time=48:00. Same-time values use median; MechVent uses max and Urine uses sum. Count is raw valid row count. Statistic 'delta' is last minus first, i.e. the (末值−首值) trend required by 实验方案 §4.1; 'slope_per_hour' is the least-squares trend per hour over the same window."
resprate__0_24h__time_span_hours,RespRate,0_24h,time_span_hours,continuous,bpm,training median; measured/count retained,True,"Primary excludes Time=48:00. Same-time values use median; MechVent uses max and Urine uses sum. Count is raw valid row count. Statistic 'delta' is last minus first, i.e. the (末值−首值) trend required by 实验方案 §4.1; 'slope_per_hour' is the least-squares trend per hour over the same window."
sao2__0_24h__measured,SaO2,0_24h,measured,binary,%,0 when absent,True,"Primary excludes Time=48:00. Same-time values use median; MechVent uses max and Urine uses sum. Count is raw valid row count. Statistic 'delta' is last minus first, i.e. the (末值−首值) trend required by 实验方案 §4.1; 'slope_per_hour' is the least-squares trend per hour over the same window."
sao2__0_24h__count,SaO2,0_24h,count,continuous,%,0 when absent,True,"Primary excludes Time=48:00. Same-time values use median; MechVent uses max and Urine uses sum. Count is raw valid row count. Statistic 'delta' is last minus first, i.e. the (末值−首值) trend required by 实验方案 §4.1; 'slope_per_hour' is the least-squares trend per hour over the same window."
sao2__0_24h__first,SaO2,0_24h,first,continuous,%,training median; measured/count retained,True,"Primary excludes Time=48:00. Same-time values use median; MechVent uses max and Urine uses sum. Count is raw valid row count. Statistic 'delta' is last minus first, i.e. the (末值−首值) trend required by 实验方案 §4.1; 'slope_per_hour' is the least-squares trend per hour over the same window."
sao2__0_24h__last,SaO2,0_24h,last,continuous,%,training median; measured/count retained,True,"Primary excludes Time=48:00. Same-time values use median; MechVent uses max and Urine uses sum. Count is raw valid row count. Statistic 'delta' is last minus first, i.e. the (末值−首值) trend required by 实验方案 §4.1; 'slope_per_hour' is the least-squares trend per hour over the same window."
sao2__0_24h__min,SaO2,0_24h,min,continuous,%,training median; measured/count retained,True,"Primary excludes Time=48:00. Same-time values use median; MechVent uses max and Urine uses sum. Count is raw valid row count. Statistic 'delta' is last minus first, i.e. the (末值−首值) trend required by 实验方案 §4.1; 'slope_per_hour' is the least-squares trend per hour over the same window."
sao2__0_24h__max,SaO2,0_24h,max,continuous,%,training median; measured/count retained,True,"Primary excludes Time=48:00. Same-time values use median; MechVent uses max and Urine uses sum. Count is raw valid row count. Statistic 'delta' is last minus first, i.e. the (末值−首值) trend required by 实验方案 §4.1; 'slope_per_hour' is the least-squares trend per hour over the same window."
sao2__0_24h__mean,SaO2,0_24h,mean,continuous,%,training median; measured/count retained,True,"Primary excludes Time=48:00. Same-time values use median; MechVent uses max and Urine uses sum. Count is raw valid row count. Statistic 'delta' is last minus first, i.e. the (末值−首值) trend required by 实验方案 §4.1; 'slope_per_hour' is the least-squares trend per hour over the same window."
sao2__0_24h__median,SaO2,0_24h,median,continuous,%,training median; measured/count retained,True,"Primary excludes Time=48:00. Same-time values use median; MechVent uses max and Urine uses sum. Count is raw valid row count. Statistic 'delta' is last minus first, i.e. the (末值−首值) trend required by 实验方案 §4.1; 'slope_per_hour' is the least-squares trend per hour over the same window."
sao2__0_24h__std,SaO2,0_24h,std,continuous,%,training median; measured/count retained,True,"Primary excludes Time=48:00. Same-time values use median; MechVent uses max and Urine uses sum. Count is raw valid row count. Statistic 'delta' is last minus first, i.e. the (末值−首值) trend required by 实验方案 §4.1; 'slope_per_hour' is the least-squares trend per hour over the same window."
sao2__0_24h__slope_per_hour,SaO2,0_24h,slope_per_hour,continuous,%,training median; measured/count retained,True,"Primary excludes Time=48:00. Same-time values use median; MechVent uses max and Urine uses sum. Count is raw valid row count. Statistic 'delta' is last minus first, i.e. the (末值−首值) trend required by 实验方案 §4.1; 'slope_per_hour' is the least-squares trend per hour over the same window."
sao2__0_24h__delta,SaO2,0_24h,delta,continuous,%,training median; measured/count retained,True,"Primary excludes Time=48:00. Same-time values use median; MechVent uses max and Urine uses sum. Count is raw valid row count. Statistic 'delta' is last minus first, i.e. the (末值−首值) trend required by 实验方案 §4.1; 'slope_per_hour' is the least-squares trend per hour over the same window."
sao2__0_24h__time_span_hours,SaO2,0_24h,time_span_hours,continuous,%,training median; measured/count retained,True,"Primary excludes Time=48:00. Same-time values use median; MechVent uses max and Urine uses sum. Count is raw valid row count. Statistic 'delta' is last minus first, i.e. the (末值−首值) trend required by 实验方案 §4.1; 'slope_per_hour' is the least-squares trend per hour over the same window."
sysabp__0_24h__measured,SysABP,0_24h,measured,binary,mmHg,0 when absent,True,"Primary excludes Time=48:00. Same-time values use median; MechVent uses max and Urine uses sum. Count is raw valid row count. Statistic 'delta' is last minus first, i.e. the (末值−首值) trend required by 实验方案 §4.1; 'slope_per_hour' is the least-squares trend per hour over the same window."
sysabp__0_24h__count,SysABP,0_24h,count,continuous,mmHg,0 when absent,True,"Primary excludes Time=48:00. Same-time values use median; MechVent uses max and Urine uses sum. Count is raw valid row count. Statistic 'delta' is last minus first, i.e. the (末值−首值) trend required by 实验方案 §4.1; 'slope_per_hour' is the least-squares trend per hour over the same window."
sysabp__0_24h__first,SysABP,0_24h,first,continuous,mmHg,training median; measured/count retained,True,"Primary excludes Time=48:00. Same-time values use median; MechVent uses max and Urine uses sum. Count is raw valid row count. Statistic 'delta' is last minus first, i.e. the (末值−首值) trend required by 实验方案 §4.1; 'slope_per_hour' is the least-squares trend per hour over the same window."
sysabp__0_24h__last,SysABP,0_24h,last,continuous,mmHg,training median; measured/count retained,True,"Primary excludes Time=48:00. Same-time values use median; MechVent uses max and Urine uses sum. Count is raw valid row count. Statistic 'delta' is last minus first, i.e. the (末值−首值) trend required by 实验方案 §4.1; 'slope_per_hour' is the least-squares trend per hour over the same window."
sysabp__0_24h__min,SysABP,0_24h,min,continuous,mmHg,training median; measured/count retained,True,"Primary excludes Time=48:00. Same-time values use median; MechVent uses max and Urine uses sum. Count is raw valid row count. Statistic 'delta' is last minus first, i.e. the (末值−首值) trend required by 实验方案 §4.1; 'slope_per_hour' is the least-squares trend per hour over the same window."
sysabp__0_24h__max,SysABP,0_24h,max,continuous,mmHg,training median; measured/count retained,True,"Primary excludes Time=48:00. Same-time values use median; MechVent uses max and Urine uses sum. Count is raw valid row count. Statistic 'delta' is last minus first, i.e. the (末值−首值) trend required by 实验方案 §4.1; 'slope_per_hour' is the least-squares trend per hour over the same window."
sysabp__0_24h__mean,SysABP,0_24h,mean,continuous,mmHg,training median; measured/count retained,True,"Primary excludes Time=48:00. Same-time values use median; MechVent uses max and Urine uses sum. Count is raw valid row count. Statistic 'delta' is last minus first, i.e. the (末值−首值) trend required by 实验方案 §4.1; 'slope_per_hour' is the least-squares trend per hour over the same window."
sysabp__0_24h__median,SysABP,0_24h,median,continuous,mmHg,training median; measured/count retained,True,"Primary excludes Time=48:00. Same-time values use median; MechVent uses max and Urine uses sum. Count is raw valid row count. Statistic 'delta' is last minus first, i.e. the (末值−首值) trend required by 实验方案 §4.1; 'slope_per_hour' is the least-squares trend per hour over the same window."
sysabp__0_24h__std,SysABP,0_24h,std,continuous,mmHg,training median; measured/count retained,True,"Primary excludes Time=48:00. Same-time values use median; MechVent uses max and Urine uses sum. Count is raw valid row count. Statistic 'delta' is last minus first, i.e. the (末值−首值) trend required by 实验方案 §4.1; 'slope_per_hour' is the least-squares trend per hour over the same window."
sysabp__0_24h__slope_per_hour,SysABP,0_24h,slope_per_hour,continuous,mmHg,training median; measured/count retained,True,"Primary excludes Time=48:00. Same-time values use median; MechVent uses max and Urine uses sum. Count is raw valid row count. Statistic 'delta' is last minus first, i.e. the (末值−首值) trend required by 实验方案 §4.1; 'slope_per_hour' is the least-squares trend per hour over the same window."
sysabp__0_24h__delta,SysABP,0_24h,delta,continuous,mmHg,training median; measured/count retained,True,"Primary excludes Time=48:00. Same-time values use median; MechVent uses max and Urine uses sum. Count is raw valid row count. Statistic 'delta' is last minus first, i.e. the (末值−首值) trend required by 实验方案 §4.1; 'slope_per_hour' is the least-squares trend per hour over the same window."
sysabp__0_24h__time_span_hours,SysABP,0_24h,time_span_hours,continuous,mmHg,training median; measured/count retained,True,"Primary excludes Time=48:00. Same-time values use median; MechVent uses max and Urine uses sum. Count is raw valid row count. Statistic 'delta' is last minus first, i.e. the (末值−首值) trend required by 实验方案 §4.1; 'slope_per_hour' is the least-squares trend per hour over the same window."
temp__0_24h__measured,Temp,0_24h,measured,binary,degC,0 when absent,True,"Primary excludes Time=48:00. Same-time values use median; MechVent uses max and Urine uses sum. Count is raw valid row count. Statistic 'delta' is last minus first, i.e. the (末值−首值) trend required by 实验方案 §4.1; 'slope_per_hour' is the least-squares trend per hour over the same window."
temp__0_24h__count,Temp,0_24h,count,continuous,degC,0 when absent,True,"Primary excludes Time=48:00. Same-time values use median; MechVent uses max and Urine uses sum. Count is raw valid row count. Statistic 'delta' is last minus first, i.e. the (末值−首值) trend required by 实验方案 §4.1; 'slope_per_hour' is the least-squares trend per hour over the same window."
temp__0_24h__first,Temp,0_24h,first,continuous,degC,training median; measured/count retained,True,"Primary excludes Time=48:00. Same-time values use median; MechVent uses max and Urine uses sum. Count is raw valid row count. Statistic 'delta' is last minus first, i.e. the (末值−首值) trend required by 实验方案 §4.1; 'slope_per_hour' is the least-squares trend per hour over the same window."
temp__0_24h__last,Temp,0_24h,last,continuous,degC,training median; measured/count retained,True,"Primary excludes Time=48:00. Same-time values use median; MechVent uses max and Urine uses sum. Count is raw valid row count. Statistic 'delta' is last minus first, i.e. the (末值−首值) trend required by 实验方案 §4.1; 'slope_per_hour' is the least-squares trend per hour over the same window."
temp__0_24h__min,Temp,0_24h,min,continuous,degC,training median; measured/count retained,True,"Primary excludes Time=48:00. Same-time values use median; MechVent uses max and Urine uses sum. Count is raw valid row count. Statistic 'delta' is last minus first, i.e. the (末值−首值) trend required by 实验方案 §4.1; 'slope_per_hour' is the least-squares trend per hour over the same window."
temp__0_24h__max,Temp,0_24h,max,continuous,degC,training median; measured/count retained,True,"Primary excludes Time=48:00. Same-time values use median; MechVent uses max and Urine uses sum. Count is raw valid row count. Statistic 'delta' is last minus first, i.e. the (末值−首值) trend required by 实验方案 §4.1; 'slope_per_hour' is the least-squares trend per hour over the same window."
temp__0_24h__mean,Temp,0_24h,mean,continuous,degC,training median; measured/count retained,True,"Primary excludes Time=48:00. Same-time values use median; MechVent uses max and Urine uses sum. Count is raw valid row count. Statistic 'delta' is last minus first, i.e. the (末值−首值) trend required by 实验方案 §4.1; 'slope_per_hour' is the least-squares trend per hour over the same window."
temp__0_24h__median,Temp,0_24h,median,continuous,degC,training median; measured/count retained,True,"Primary excludes Time=48:00. Same-time values use median; MechVent uses max and Urine uses sum. Count is raw valid row count. Statistic 'delta' is last minus first, i.e. the (末值−首值) trend required by 实验方案 §4.1; 'slope_per_hour' is the least-squares trend per hour over the same window."
temp__0_24h__std,Temp,0_24h,std,continuous,degC,training median; measured/count retained,True,"Primary excludes Time=48:00. Same-time values use median; MechVent uses max and Urine uses sum. Count is raw valid row count. Statistic 'delta' is last minus first, i.e. the (末值−首值) trend required by 实验方案 §4.1; 'slope_per_hour' is the least-squares trend per hour over the same window."
temp__0_24h__slope_per_hour,Temp,0_24h,slope_per_hour,continuous,degC,training median; measured/count retained,True,"Primary excludes Time=48:00. Same-time values use median; MechVent uses max and Urine uses sum. Count is raw valid row count. Statistic 'delta' is last minus first, i.e. the (末值−首值) trend required by 实验方案 §4.1; 'slope_per_hour' is the least-squares trend per hour over the same window."
temp__0_24h__delta,Temp,0_24h,delta,continuous,degC,training median; measured/count retained,True,"Primary excludes Time=48:00. Same-time values use median; MechVent uses max and Urine uses sum. Count is raw valid row count. Statistic 'delta' is last minus first, i.e. the (末值−首值) trend required by 实验方案 §4.1; 'slope_per_hour' is the least-squares trend per hour over the same window."
temp__0_24h__time_span_hours,Temp,0_24h,time_span_hours,continuous,degC,training median; measured/count retained,True,"Primary excludes Time=48:00. Same-time values use median; MechVent uses max and Urine uses sum. Count is raw valid row count. Statistic 'delta' is last minus first, i.e. the (末值−首值) trend required by 实验方案 §4.1; 'slope_per_hour' is the least-squares trend per hour over the same window."
troponini__0_24h__measured,TroponinI,0_24h,measured,binary,ug/L,0 when absent,True,"Primary excludes Time=48:00. Same-time values use median; MechVent uses max and Urine uses sum. Count is raw valid row count. Statistic 'delta' is last minus first, i.e. the (末值−首值) trend required by 实验方案 §4.1; 'slope_per_hour' is the least-squares trend per hour over the same window."
troponini__0_24h__count,TroponinI,0_24h,count,continuous,ug/L,0 when absent,True,"Primary excludes Time=48:00. Same-time values use median; MechVent uses max and Urine uses sum. Count is raw valid row count. Statistic 'delta' is last minus first, i.e. the (末值−首值) trend required by 实验方案 §4.1; 'slope_per_hour' is the least-squares trend per hour over the same window."
troponini__0_24h__first,TroponinI,0_24h,first,continuous,ug/L,training median; measured/count retained,True,"Primary excludes Time=48:00. Same-time values use median; MechVent uses max and Urine uses sum. Count is raw valid row count. Statistic 'delta' is last minus first, i.e. the (末值−首值) trend required by 实验方案 §4.1; 'slope_per_hour' is the least-squares trend per hour over the same window."
troponini__0_24h__last,TroponinI,0_24h,last,continuous,ug/L,training median; measured/count retained,True,"Primary excludes Time=48:00. Same-time values use median; MechVent uses max and Urine uses sum. Count is raw valid row count. Statistic 'delta' is last minus first, i.e. the (末值−首值) trend required by 实验方案 §4.1; 'slope_per_hour' is the least-squares trend per hour over the same window."
troponini__0_24h__min,TroponinI,0_24h,min,continuous,ug/L,training median; measured/count retained,True,"Primary excludes Time=48:00. Same-time values use median; MechVent uses max and Urine uses sum. Count is raw valid row count. Statistic 'delta' is last minus first, i.e. the (末值−首值) trend required by 实验方案 §4.1; 'slope_per_hour' is the least-squares trend per hour over the same window."
troponini__0_24h__max,TroponinI,0_24h,max,continuous,ug/L,training median; measured/count retained,True,"Primary excludes Time=48:00. Same-time values use median; MechVent uses max and Urine uses sum. Count is raw valid row count. Statistic 'delta' is last minus first, i.e. the (末值−首值) trend required by 实验方案 §4.1; 'slope_per_hour' is the least-squares trend per hour over the same window."
troponini__0_24h__mean,TroponinI,0_24h,mean,continuous,ug/L,training median; measured/count retained,True,"Primary excludes Time=48:00. Same-time values use median; MechVent uses max and Urine uses sum. Count is raw valid row count. Statistic 'delta' is last minus first, i.e. the (末值−首值) trend required by 实验方案 §4.1; 'slope_per_hour' is the least-squares trend per hour over the same window."
troponini__0_24h__median,TroponinI,0_24h,median,continuous,ug/L,training median; measured/count retained,True,"Primary excludes Time=48:00. Same-time values use median; MechVent uses max and Urine uses sum. Count is raw valid row count. Statistic 'delta' is last minus first, i.e. the (末值−首值) trend required by 实验方案 §4.1; 'slope_per_hour' is the least-squares trend per hour over the same window."
troponini__0_24h__std,TroponinI,0_24h,std,continuous,ug/L,training median; measured/count retained,True,"Primary excludes Time=48:00. Same-time values use median; MechVent uses max and Urine uses sum. Count is raw valid row count. Statistic 'delta' is last minus first, i.e. the (末值−首值) trend required by 实验方案 §4.1; 'slope_per_hour' is the least-squares trend per hour over the same window."
troponini__0_24h__slope_per_hour,TroponinI,0_24h,slope_per_hour,continuous,ug/L,training median; measured/count retained,True,"Primary excludes Time=48:00. Same-time values use median; MechVent uses max and Urine uses sum. Count is raw valid row count. Statistic 'delta' is last minus first, i.e. the (末值−首值) trend required by 实验方案 §4.1; 'slope_per_hour' is the least-squares trend per hour over the same window."
troponini__0_24h__delta,TroponinI,0_24h,delta,continuous,ug/L,training median; measured/count retained,True,"Primary excludes Time=48:00. Same-time values use median; MechVent uses max and Urine uses sum. Count is raw valid row count. Statistic 'delta' is last minus first, i.e. the (末值−首值) trend required by 实验方案 §4.1; 'slope_per_hour' is the least-squares trend per hour over the same window."
troponini__0_24h__time_span_hours,TroponinI,0_24h,time_span_hours,continuous,ug/L,training median; measured/count retained,True,"Primary excludes Time=48:00. Same-time values use median; MechVent uses max and Urine uses sum. Count is raw valid row count. Statistic 'delta' is last minus first, i.e. the (末值−首值) trend required by 实验方案 §4.1; 'slope_per_hour' is the least-squares trend per hour over the same window."
troponint__0_24h__measured,TroponinT,0_24h,measured,binary,ug/L,0 when absent,True,"Primary excludes Time=48:00. Same-time values use median; MechVent uses max and Urine uses sum. Count is raw valid row count. Statistic 'delta' is last minus first, i.e. the (末值−首值) trend required by 实验方案 §4.1; 'slope_per_hour' is the least-squares trend per hour over the same window."
troponint__0_24h__count,TroponinT,0_24h,count,continuous,ug/L,0 when absent,True,"Primary excludes Time=48:00. Same-time values use median; MechVent uses max and Urine uses sum. Count is raw valid row count. Statistic 'delta' is last minus first, i.e. the (末值−首值) trend required by 实验方案 §4.1; 'slope_per_hour' is the least-squares trend per hour over the same window."
troponint__0_24h__first,TroponinT,0_24h,first,continuous,ug/L,training median; measured/count retained,True,"Primary excludes Time=48:00. Same-time values use median; MechVent uses max and Urine uses sum. Count is raw valid row count. Statistic 'delta' is last minus first, i.e. the (末值−首值) trend required by 实验方案 §4.1; 'slope_per_hour' is the least-squares trend per hour over the same window."
troponint__0_24h__last,TroponinT,0_24h,last,continuous,ug/L,training median; measured/count retained,True,"Primary excludes Time=48:00. Same-time values use median; MechVent uses max and Urine uses sum. Count is raw valid row count. Statistic 'delta' is last minus first, i.e. the (末值−首值) trend required by 实验方案 §4.1; 'slope_per_hour' is the least-squares trend per hour over the same window."
troponint__0_24h__min,TroponinT,0_24h,min,continuous,ug/L,training median; measured/count retained,True,"Primary excludes Time=48:00. Same-time values use median; MechVent uses max and Urine uses sum. Count is raw valid row count. Statistic 'delta' is last minus first, i.e. the (末值−首值) trend required by 实验方案 §4.1; 'slope_per_hour' is the least-squares trend per hour over the same window."
troponint__0_24h__max,TroponinT,0_24h,max,continuous,ug/L,training median; measured/count retained,True,"Primary excludes Time=48:00. Same-time values use median; MechVent uses max and Urine uses sum. Count is raw valid row count. Statistic 'delta' is last minus first, i.e. the (末值−首值) trend required by 实验方案 §4.1; 'slope_per_hour' is the least-squares trend per hour over the same window."
troponint__0_24h__mean,TroponinT,0_24h,mean,continuous,ug/L,training median; measured/count retained,True,"Primary excludes Time=48:00. Same-time values use median; MechVent uses max and Urine uses sum. Count is raw valid row count. Statistic 'delta' is last minus first, i.e. the (末值−首值) trend required by 实验方案 §4.1; 'slope_per_hour' is the least-squares trend per hour over the same window."
troponint__0_24h__median,TroponinT,0_24h,median,continuous,ug/L,training median; measured/count retained,True,"Primary excludes Time=48:00. Same-time values use median; MechVent uses max and Urine uses sum. Count is raw valid row count. Statistic 'delta' is last minus first, i.e. the (末值−首值) trend required by 实验方案 §4.1; 'slope_per_hour' is the least-squares trend per hour over the same window."
troponint__0_24h__std,TroponinT,0_24h,std,continuous,ug/L,training median; measured/count retained,True,"Primary excludes Time=48:00. Same-time values use median; MechVent uses max and Urine uses sum. Count is raw valid row count. Statistic 'delta' is last minus first, i.e. the (末值−首值) trend required by 实验方案 §4.1; 'slope_per_hour' is the least-squares trend per hour over the same window."
troponint__0_24h__slope_per_hour,TroponinT,0_24h,slope_per_hour,continuous,ug/L,training median; measured/count retained,True,"Primary excludes Time=48:00. Same-time values use median; MechVent uses max and Urine uses sum. Count is raw valid row count. Statistic 'delta' is last minus first, i.e. the (末值−首值) trend required by 实验方案 §4.1; 'slope_per_hour' is the least-squares trend per hour over the same window."
troponint__0_24h__delta,TroponinT,0_24h,delta,continuous,ug/L,training median; measured/count retained,True,"Primary excludes Time=48:00. Same-time values use median; MechVent uses max and Urine uses sum. Count is raw valid row count. Statistic 'delta' is last minus first, i.e. the (末值−首值) trend required by 实验方案 §4.1; 'slope_per_hour' is the least-squares trend per hour over the same window."
troponint__0_24h__time_span_hours,TroponinT,0_24h,time_span_hours,continuous,ug/L,training median; measured/count retained,True,"Primary excludes Time=48:00. Same-time values use median; MechVent uses max and Urine uses sum. Count is raw valid row count. Statistic 'delta' is last minus first, i.e. the (末值−首值) trend required by 实验方案 §4.1; 'slope_per_hour' is the least-squares trend per hour over the same window."
urine__0_24h__measured,Urine,0_24h,measured,binary,mL,0 when absent,True,"Primary excludes Time=48:00. Same-time values use median; MechVent uses max and Urine uses sum. Count is raw valid row count. Statistic 'delta' is last minus first, i.e. the (末值−首值) trend required by 实验方案 §4.1; 'slope_per_hour' is the least-squares trend per hour over the same window."
urine__0_24h__count,Urine,0_24h,count,continuous,mL,0 when absent,True,"Primary excludes Time=48:00. Same-time values use median; MechVent uses max and Urine uses sum. Count is raw valid row count. Statistic 'delta' is last minus first, i.e. the (末值−首值) trend required by 实验方案 §4.1; 'slope_per_hour' is the least-squares trend per hour over the same window."
urine__0_24h__first,Urine,0_24h,first,continuous,mL,training median; measured/count retained,True,"Primary excludes Time=48:00. Same-time values use median; MechVent uses max and Urine uses sum. Count is raw valid row count. Statistic 'delta' is last minus first, i.e. the (末值−首值) trend required by 实验方案 §4.1; 'slope_per_hour' is the least-squares trend per hour over the same window."
urine__0_24h__last,Urine,0_24h,last,continuous,mL,training median; measured/count retained,True,"Primary excludes Time=48:00. Same-time values use median; MechVent uses max and Urine uses sum. Count is raw valid row count. Statistic 'delta' is last minus first, i.e. the (末值−首值) trend required by 实验方案 §4.1; 'slope_per_hour' is the least-squares trend per hour over the same window."
urine__0_24h__min,Urine,0_24h,min,continuous,mL,training median; measured/count retained,True,"Primary excludes Time=48:00. Same-time values use median; MechVent uses max and Urine uses sum. Count is raw valid row count. Statistic 'delta' is last minus first, i.e. the (末值−首值) trend required by 实验方案 §4.1; 'slope_per_hour' is the least-squares trend per hour over the same window."
urine__0_24h__max,Urine,0_24h,max,continuous,mL,training median; measured/count retained,True,"Primary excludes Time=48:00. Same-time values use median; MechVent uses max and Urine uses sum. Count is raw valid row count. Statistic 'delta' is last minus first, i.e. the (末值−首值) trend required by 实验方案 §4.1; 'slope_per_hour' is the least-squares trend per hour over the same window."
urine__0_24h__mean,Urine,0_24h,mean,continuous,mL,training median; measured/count retained,True,"Primary excludes Time=48:00. Same-time values use median; MechVent uses max and Urine uses sum. Count is raw valid row count. Statistic 'delta' is last minus first, i.e. the (末值−首值) trend required by 实验方案 §4.1; 'slope_per_hour' is the least-squares trend per hour over the same window."
urine__0_24h__median,Urine,0_24h,median,continuous,mL,training median; measured/count retained,True,"Primary excludes Time=48:00. Same-time values use median; MechVent uses max and Urine uses sum. Count is raw valid row count. Statistic 'delta' is last minus first, i.e. the (末值−首值) trend required by 实验方案 §4.1; 'slope_per_hour' is the least-squares trend per hour over the same window."
urine__0_24h__std,Urine,0_24h,std,continuous,mL,training median; measured/count retained,True,"Primary excludes Time=48:00. Same-time values use median; MechVent uses max and Urine uses sum. Count is raw valid row count. Statistic 'delta' is last minus first, i.e. the (末值−首值) trend required by 实验方案 §4.1; 'slope_per_hour' is the least-squares trend per hour over the same window."
urine__0_24h__slope_per_hour,Urine,0_24h,slope_per_hour,continuous,mL,training median; measured/count retained,True,"Primary excludes Time=48:00. Same-time values use median; MechVent uses max and Urine uses sum. Count is raw valid row count. Statistic 'delta' is last minus first, i.e. the (末值−首值) trend required by 实验方案 §4.1; 'slope_per_hour' is the least-squares trend per hour over the same window."
urine__0_24h__delta,Urine,0_24h,delta,continuous,mL,training median; measured/count retained,True,"Primary excludes Time=48:00. Same-time values use median; MechVent uses max and Urine uses sum. Count is raw valid row count. Statistic 'delta' is last minus first, i.e. the (末值−首值) trend required by 实验方案 §4.1; 'slope_per_hour' is the least-squares trend per hour over the same window."
urine__0_24h__time_span_hours,Urine,0_24h,time_span_hours,continuous,mL,training median; measured/count retained,True,"Primary excludes Time=48:00. Same-time values use median; MechVent uses max and Urine uses sum. Count is raw valid row count. Statistic 'delta' is last minus first, i.e. the (末值−首值) trend required by 实验方案 §4.1; 'slope_per_hour' is the least-squares trend per hour over the same window."
wbc__0_24h__measured,WBC,0_24h,measured,binary,cells/nL,0 when absent,True,"Primary excludes Time=48:00. Same-time values use median; MechVent uses max and Urine uses sum. Count is raw valid row count. Statistic 'delta' is last minus first, i.e. the (末值−首值) trend required by 实验方案 §4.1; 'slope_per_hour' is the least-squares trend per hour over the same window."
wbc__0_24h__count,WBC,0_24h,count,continuous,cells/nL,0 when absent,True,"Primary excludes Time=48:00. Same-time values use median; MechVent uses max and Urine uses sum. Count is raw valid row count. Statistic 'delta' is last minus first, i.e. the (末值−首值) trend required by 实验方案 §4.1; 'slope_per_hour' is the least-squares trend per hour over the same window."
wbc__0_24h__first,WBC,0_24h,first,continuous,cells/nL,training median; measured/count retained,True,"Primary excludes Time=48:00. Same-time values use median; MechVent uses max and Urine uses sum. Count is raw valid row count. Statistic 'delta' is last minus first, i.e. the (末值−首值) trend required by 实验方案 §4.1; 'slope_per_hour' is the least-squares trend per hour over the same window."
wbc__0_24h__last,WBC,0_24h,last,continuous,cells/nL,training median; measured/count retained,True,"Primary excludes Time=48:00. Same-time values use median; MechVent uses max and Urine uses sum. Count is raw valid row count. Statistic 'delta' is last minus first, i.e. the (末值−首值) trend required by 实验方案 §4.1; 'slope_per_hour' is the least-squares trend per hour over the same window."
wbc__0_24h__min,WBC,0_24h,min,continuous,cells/nL,training median; measured/count retained,True,"Primary excludes Time=48:00. Same-time values use median; MechVent uses max and Urine uses sum. Count is raw valid row count. Statistic 'delta' is last minus first, i.e. the (末值−首值) trend required by 实验方案 §4.1; 'slope_per_hour' is the least-squares trend per hour over the same window."
wbc__0_24h__max,WBC,0_24h,max,continuous,cells/nL,training median; measured/count retained,True,"Primary excludes Time=48:00. Same-time values use median; MechVent uses max and Urine uses sum. Count is raw valid row count. Statistic 'delta' is last minus first, i.e. the (末值−首值) trend required by 实验方案 §4.1; 'slope_per_hour' is the least-squares trend per hour over the same window."
wbc__0_24h__mean,WBC,0_24h,mean,continuous,cells/nL,training median; measured/count retained,True,"Primary excludes Time=48:00. Same-time values use median; MechVent uses max and Urine uses sum. Count is raw valid row count. Statistic 'delta' is last minus first, i.e. the (末值−首值) trend required by 实验方案 §4.1; 'slope_per_hour' is the least-squares trend per hour over the same window."
wbc__0_24h__median,WBC,0_24h,median,continuous,cells/nL,training median; measured/count retained,True,"Primary excludes Time=48:00. Same-time values use median; MechVent uses max and Urine uses sum. Count is raw valid row count. Statistic 'delta' is last minus first, i.e. the (末值−首值) trend required by 实验方案 §4.1; 'slope_per_hour' is the least-squares trend per hour over the same window."
wbc__0_24h__std,WBC,0_24h,std,continuous,cells/nL,training median; measured/count retained,True,"Primary excludes Time=48:00. Same-time values use median; MechVent uses max and Urine uses sum. Count is raw valid row count. Statistic 'delta' is last minus first, i.e. the (末值−首值) trend required by 实验方案 §4.1; 'slope_per_hour' is the least-squares trend per hour over the same window."
wbc__0_24h__slope_per_hour,WBC,0_24h,slope_per_hour,continuous,cells/nL,training median; measured/count retained,True,"Primary excludes Time=48:00. Same-time values use median; MechVent uses max and Urine uses sum. Count is raw valid row count. Statistic 'delta' is last minus first, i.e. the (末值−首值) trend required by 实验方案 §4.1; 'slope_per_hour' is the least-squares trend per hour over the same window."
wbc__0_24h__delta,WBC,0_24h,delta,continuous,cells/nL,training median; measured/count retained,True,"Primary excludes Time=48:00. Same-time values use median; MechVent uses max and Urine uses sum. Count is raw valid row count. Statistic 'delta' is last minus first, i.e. the (末值−首值) trend required by 实验方案 §4.1; 'slope_per_hour' is the least-squares trend per hour over the same window."
wbc__0_24h__time_span_hours,WBC,0_24h,time_span_hours,continuous,cells/nL,training median; measured/count retained,True,"Primary excludes Time=48:00. Same-time values use median; MechVent uses max and Urine uses sum. Count is raw valid row count. Statistic 'delta' is last minus first, i.e. the (末值−首值) trend required by 实验方案 §4.1; 'slope_per_hour' is the least-squares trend per hour over the same window."
weight__0_24h__measured,Weight,0_24h,measured,binary,kg,0 when absent,True,"Primary excludes Time=48:00. Same-time values use median; MechVent uses max and Urine uses sum. Count is raw valid row count. Statistic 'delta' is last minus first, i.e. the (末值−首值) trend required by 实验方案 §4.1; 'slope_per_hour' is the least-squares trend per hour over the same window."
weight__0_24h__count,Weight,0_24h,count,continuous,kg,0 when absent,True,"Primary excludes Time=48:00. Same-time values use median; MechVent uses max and Urine uses sum. Count is raw valid row count. Statistic 'delta' is last minus first, i.e. the (末值−首值) trend required by 实验方案 §4.1; 'slope_per_hour' is the least-squares trend per hour over the same window."
weight__0_24h__first,Weight,0_24h,first,continuous,kg,training median; measured/count retained,True,"Primary excludes Time=48:00. Same-time values use median; MechVent uses max and Urine uses sum. Count is raw valid row count. Statistic 'delta' is last minus first, i.e. the (末值−首值) trend required by 实验方案 §4.1; 'slope_per_hour' is the least-squares trend per hour over the same window."
weight__0_24h__last,Weight,0_24h,last,continuous,kg,training median; measured/count retained,True,"Primary excludes Time=48:00. Same-time values use median; MechVent uses max and Urine uses sum. Count is raw valid row count. Statistic 'delta' is last minus first, i.e. the (末值−首值) trend required by 实验方案 §4.1; 'slope_per_hour' is the least-squares trend per hour over the same window."
weight__0_24h__min,Weight,0_24h,min,continuous,kg,training median; measured/count retained,True,"Primary excludes Time=48:00. Same-time values use median; MechVent uses max and Urine uses sum. Count is raw valid row count. Statistic 'delta' is last minus first, i.e. the (末值−首值) trend required by 实验方案 §4.1; 'slope_per_hour' is the least-squares trend per hour over the same window."
weight__0_24h__max,Weight,0_24h,max,continuous,kg,training median; measured/count retained,True,"Primary excludes Time=48:00. Same-time values use median; MechVent uses max and Urine uses sum. Count is raw valid row count. Statistic 'delta' is last minus first, i.e. the (末值−首值) trend required by 实验方案 §4.1; 'slope_per_hour' is the least-squares trend per hour over the same window."
weight__0_24h__mean,Weight,0_24h,mean,continuous,kg,training median; measured/count retained,True,"Primary excludes Time=48:00. Same-time values use median; MechVent uses max and Urine uses sum. Count is raw valid row count. Statistic 'delta' is last minus first, i.e. the (末值−首值) trend required by 实验方案 §4.1; 'slope_per_hour' is the least-squares trend per hour over the same window."
weight__0_24h__median,Weight,0_24h,median,continuous,kg,training median; measured/count retained,True,"Primary excludes Time=48:00. Same-time values use median; MechVent uses max and Urine uses sum. Count is raw valid row count. Statistic 'delta' is last minus first, i.e. the (末值−首值) trend required by 实验方案 §4.1; 'slope_per_hour' is the least-squares trend per hour over the same window."
weight__0_24h__std,Weight,0_24h,std,continuous,kg,training median; measured/count retained,True,"Primary excludes Time=48:00. Same-time values use median; MechVent uses max and Urine uses sum. Count is raw valid row count. Statistic 'delta' is last minus first, i.e. the (末值−首值) trend required by 实验方案 §4.1; 'slope_per_hour' is the least-squares trend per hour over the same window."
weight__0_24h__slope_per_hour,Weight,0_24h,slope_per_hour,continuous,kg,training median; measured/count retained,True,"Primary excludes Time=48:00. Same-time values use median; MechVent uses max and Urine uses sum. Count is raw valid row count. Statistic 'delta' is last minus first, i.e. the (末值−首值) trend required by 实验方案 §4.1; 'slope_per_hour' is the least-squares trend per hour over the same window."
weight__0_24h__delta,Weight,0_24h,delta,continuous,kg,training median; measured/count retained,True,"Primary excludes Time=48:00. Same-time values use median; MechVent uses max and Urine uses sum. Count is raw valid row count. Statistic 'delta' is last minus first, i.e. the (末值−首值) trend required by 实验方案 §4.1; 'slope_per_hour' is the least-squares trend per hour over the same window."
weight__0_24h__time_span_hours,Weight,0_24h,time_span_hours,continuous,kg,training median; measured/count retained,True,"Primary excludes Time=48:00. Same-time values use median; MechVent uses max and Urine uses sum. Count is raw valid row count. Statistic 'delta' is last minus first, i.e. the (末值−首值) trend required by 实验方案 §4.1; 'slope_per_hour' is the least-squares trend per hour over the same window."
record__0_24h__valid_observation_count,all_dynamic,0_24h,valid_observation_count,continuous,count,always observed,True,"Number of finite, non-sentinel values across dynamic parameters."
record__0_24h__distinct_parameter_count,all_dynamic,0_24h,distinct_parameter_count,continuous,count,always observed,True,Number of dynamic parameters with at least one valid value.
record__0_24h__missing_parameter_fraction,all_dynamic,0_24h,missing_parameter_fraction,continuous,fraction,always observed,True,1 - distinct_parameter_count / 37.
urine__0_24h__total,Urine,0_24h,total,continuous,mL,training median; measured/count retained,True,Sum of recorded urine values; not extrapolated for unobserved intervals.
mechvent__0_24h__ever,MechVent,0_24h,ever,binary,binary,training median; measured/count retained,True,1 if any recorded MechVent value equals 1.
bp_sys__0_24h__measured,SysABP|NISysABP,0_24h,measured,binary,mmHg,0 when absent,True,"Derived merged blood pressure: uses SysABP when this window has at least one invasive reading, otherwise NISysABP. Source parallel columns are retained separately. Excluded from record-level distinct/total observation counters."
bp_sys__0_24h__count,SysABP|NISysABP,0_24h,count,continuous,mmHg,0 when absent,True,"Derived merged blood pressure: uses SysABP when this window has at least one invasive reading, otherwise NISysABP. Source parallel columns are retained separately. Excluded from record-level distinct/total observation counters."
bp_sys__0_24h__first,SysABP|NISysABP,0_24h,first,continuous,mmHg,training median; measured/count retained,True,"Derived merged blood pressure: uses SysABP when this window has at least one invasive reading, otherwise NISysABP. Source parallel columns are retained separately. Excluded from record-level distinct/total observation counters."
bp_sys__0_24h__last,SysABP|NISysABP,0_24h,last,continuous,mmHg,training median; measured/count retained,True,"Derived merged blood pressure: uses SysABP when this window has at least one invasive reading, otherwise NISysABP. Source parallel columns are retained separately. Excluded from record-level distinct/total observation counters."
bp_sys__0_24h__min,SysABP|NISysABP,0_24h,min,continuous,mmHg,training median; measured/count retained,True,"Derived merged blood pressure: uses SysABP when this window has at least one invasive reading, otherwise NISysABP. Source parallel columns are retained separately. Excluded from record-level distinct/total observation counters."
bp_sys__0_24h__max,SysABP|NISysABP,0_24h,max,continuous,mmHg,training median; measured/count retained,True,"Derived merged blood pressure: uses SysABP when this window has at least one invasive reading, otherwise NISysABP. Source parallel columns are retained separately. Excluded from record-level distinct/total observation counters."
bp_sys__0_24h__mean,SysABP|NISysABP,0_24h,mean,continuous,mmHg,training median; measured/count retained,True,"Derived merged blood pressure: uses SysABP when this window has at least one invasive reading, otherwise NISysABP. Source parallel columns are retained separately. Excluded from record-level distinct/total observation counters."
bp_sys__0_24h__median,SysABP|NISysABP,0_24h,median,continuous,mmHg,training median; measured/count retained,True,"Derived merged blood pressure: uses SysABP when this window has at least one invasive reading, otherwise NISysABP. Source parallel columns are retained separately. Excluded from record-level distinct/total observation counters."
bp_sys__0_24h__std,SysABP|NISysABP,0_24h,std,continuous,mmHg,training median; measured/count retained,True,"Derived merged blood pressure: uses SysABP when this window has at least one invasive reading, otherwise NISysABP. Source parallel columns are retained separately. Excluded from record-level distinct/total observation counters."
bp_sys__0_24h__slope_per_hour,SysABP|NISysABP,0_24h,slope_per_hour,continuous,mmHg,training median; measured/count retained,True,"Derived merged blood pressure: uses SysABP when this window has at least one invasive reading, otherwise NISysABP. Source parallel columns are retained separately. Excluded from record-level distinct/total observation counters."
bp_sys__0_24h__delta,SysABP|NISysABP,0_24h,delta,continuous,mmHg,training median; measured/count retained,True,"Derived merged blood pressure: uses SysABP when this window has at least one invasive reading, otherwise NISysABP. Source parallel columns are retained separately. Excluded from record-level distinct/total observation counters."
bp_sys__0_24h__time_span_hours,SysABP|NISysABP,0_24h,time_span_hours,continuous,mmHg,training median; measured/count retained,True,"Derived merged blood pressure: uses SysABP when this window has at least one invasive reading, otherwise NISysABP. Source parallel columns are retained separately. Excluded from record-level distinct/total observation counters."
bp_dias__0_24h__measured,DiasABP|NIDiasABP,0_24h,measured,binary,mmHg,0 when absent,True,"Derived merged blood pressure: uses DiasABP when this window has at least one invasive reading, otherwise NIDiasABP. Source parallel columns are retained separately. Excluded from record-level distinct/total observation counters."
bp_dias__0_24h__count,DiasABP|NIDiasABP,0_24h,count,continuous,mmHg,0 when absent,True,"Derived merged blood pressure: uses DiasABP when this window has at least one invasive reading, otherwise NIDiasABP. Source parallel columns are retained separately. Excluded from record-level distinct/total observation counters."
bp_dias__0_24h__first,DiasABP|NIDiasABP,0_24h,first,continuous,mmHg,training median; measured/count retained,True,"Derived merged blood pressure: uses DiasABP when this window has at least one invasive reading, otherwise NIDiasABP. Source parallel columns are retained separately. Excluded from record-level distinct/total observation counters."
bp_dias__0_24h__last,DiasABP|NIDiasABP,0_24h,last,continuous,mmHg,training median; measured/count retained,True,"Derived merged blood pressure: uses DiasABP when this window has at least one invasive reading, otherwise NIDiasABP. Source parallel columns are retained separately. Excluded from record-level distinct/total observation counters."
bp_dias__0_24h__min,DiasABP|NIDiasABP,0_24h,min,continuous,mmHg,training median; measured/count retained,True,"Derived merged blood pressure: uses DiasABP when this window has at least one invasive reading, otherwise NIDiasABP. Source parallel columns are retained separately. Excluded from record-level distinct/total observation counters."
bp_dias__0_24h__max,DiasABP|NIDiasABP,0_24h,max,continuous,mmHg,training median; measured/count retained,True,"Derived merged blood pressure: uses DiasABP when this window has at least one invasive reading, otherwise NIDiasABP. Source parallel columns are retained separately. Excluded from record-level distinct/total observation counters."
bp_dias__0_24h__mean,DiasABP|NIDiasABP,0_24h,mean,continuous,mmHg,training median; measured/count retained,True,"Derived merged blood pressure: uses DiasABP when this window has at least one invasive reading, otherwise NIDiasABP. Source parallel columns are retained separately. Excluded from record-level distinct/total observation counters."
bp_dias__0_24h__median,DiasABP|NIDiasABP,0_24h,median,continuous,mmHg,training median; measured/count retained,True,"Derived merged blood pressure: uses DiasABP when this window has at least one invasive reading, otherwise NIDiasABP. Source parallel columns are retained separately. Excluded from record-level distinct/total observation counters."
bp_dias__0_24h__std,DiasABP|NIDiasABP,0_24h,std,continuous,mmHg,training median; measured/count retained,True,"Derived merged blood pressure: uses DiasABP when this window has at least one invasive reading, otherwise NIDiasABP. Source parallel columns are retained separately. Excluded from record-level distinct/total observation counters."
bp_dias__0_24h__slope_per_hour,DiasABP|NIDiasABP,0_24h,slope_per_hour,continuous,mmHg,training median; measured/count retained,True,"Derived merged blood pressure: uses DiasABP when this window has at least one invasive reading, otherwise NIDiasABP. Source parallel columns are retained separately. Excluded from record-level distinct/total observation counters."
bp_dias__0_24h__delta,DiasABP|NIDiasABP,0_24h,delta,continuous,mmHg,training median; measured/count retained,True,"Derived merged blood pressure: uses DiasABP when this window has at least one invasive reading, otherwise NIDiasABP. Source parallel columns are retained separately. Excluded from record-level distinct/total observation counters."
bp_dias__0_24h__time_span_hours,DiasABP|NIDiasABP,0_24h,time_span_hours,continuous,mmHg,training median; measured/count retained,True,"Derived merged blood pressure: uses DiasABP when this window has at least one invasive reading, otherwise NIDiasABP. Source parallel columns are retained separately. Excluded from record-level distinct/total observation counters."
bp_mean__0_24h__measured,MAP|NIMAP,0_24h,measured,binary,mmHg,0 when absent,True,"Derived merged blood pressure: uses MAP when this window has at least one invasive reading, otherwise NIMAP. Source parallel columns are retained separately. Excluded from record-level distinct/total observation counters."
bp_mean__0_24h__count,MAP|NIMAP,0_24h,count,continuous,mmHg,0 when absent,True,"Derived merged blood pressure: uses MAP when this window has at least one invasive reading, otherwise NIMAP. Source parallel columns are retained separately. Excluded from record-level distinct/total observation counters."
bp_mean__0_24h__first,MAP|NIMAP,0_24h,first,continuous,mmHg,training median; measured/count retained,True,"Derived merged blood pressure: uses MAP when this window has at least one invasive reading, otherwise NIMAP. Source parallel columns are retained separately. Excluded from record-level distinct/total observation counters."
bp_mean__0_24h__last,MAP|NIMAP,0_24h,last,continuous,mmHg,training median; measured/count retained,True,"Derived merged blood pressure: uses MAP when this window has at least one invasive reading, otherwise NIMAP. Source parallel columns are retained separately. Excluded from record-level distinct/total observation counters."
bp_mean__0_24h__min,MAP|NIMAP,0_24h,min,continuous,mmHg,training median; measured/count retained,True,"Derived merged blood pressure: uses MAP when this window has at least one invasive reading, otherwise NIMAP. Source parallel columns are retained separately. Excluded from record-level distinct/total observation counters."
bp_mean__0_24h__max,MAP|NIMAP,0_24h,max,continuous,mmHg,training median; measured/count retained,True,"Derived merged blood pressure: uses MAP when this window has at least one invasive reading, otherwise NIMAP. Source parallel columns are retained separately. Excluded from record-level distinct/total observation counters."
bp_mean__0_24h__mean,MAP|NIMAP,0_24h,mean,continuous,mmHg,training median; measured/count retained,True,"Derived merged blood pressure: uses MAP when this window has at least one invasive reading, otherwise NIMAP. Source parallel columns are retained separately. Excluded from record-level distinct/total observation counters."
bp_mean__0_24h__median,MAP|NIMAP,0_24h,median,continuous,mmHg,training median; measured/count retained,True,"Derived merged blood pressure: uses MAP when this window has at least one invasive reading, otherwise NIMAP. Source parallel columns are retained separately. Excluded from record-level distinct/total observation counters."
bp_mean__0_24h__std,MAP|NIMAP,0_24h,std,continuous,mmHg,training median; measured/count retained,True,"Derived merged blood pressure: uses MAP when this window has at least one invasive reading, otherwise NIMAP. Source parallel columns are retained separately. Excluded from record-level distinct/total observation counters."
bp_mean__0_24h__slope_per_hour,MAP|NIMAP,0_24h,slope_per_hour,continuous,mmHg,training median; measured/count retained,True,"Derived merged blood pressure: uses MAP when this window has at least one invasive reading, otherwise NIMAP. Source parallel columns are retained separately. Excluded from record-level distinct/total observation counters."
bp_mean__0_24h__delta,MAP|NIMAP,0_24h,delta,continuous,mmHg,training median; measured/count retained,True,"Derived merged blood pressure: uses MAP when this window has at least one invasive reading, otherwise NIMAP. Source parallel columns are retained separately. Excluded from record-level distinct/total observation counters."
bp_mean__0_24h__time_span_hours,MAP|NIMAP,0_24h,time_span_hours,continuous,mmHg,training median; measured/count retained,True,"Derived merged blood pressure: uses MAP when this window has at least one invasive reading, otherwise NIMAP. Source parallel columns are retained separately. Excluded from record-level distinct/total observation counters."
bp__0_24h__has_arterial_line,SysABP|DiasABP|MAP,0_24h,has_arterial_line,binary,none,always observed,True,1 if any invasive arterial stream has a reading in this window; presence of an arterial line is itself a severity signal.
albumin__24_48h__measured,Albumin,24_48h,measured,binary,g/dL,0 when absent,True,"Primary excludes Time=48:00. Same-time values use median; MechVent uses max and Urine uses sum. Count is raw valid row count. Statistic 'delta' is last minus first, i.e. the (末值−首值) trend required by 实验方案 §4.1; 'slope_per_hour' is the least-squares trend per hour over the same window."
albumin__24_48h__count,Albumin,24_48h,count,continuous,g/dL,0 when absent,True,"Primary excludes Time=48:00. Same-time values use median; MechVent uses max and Urine uses sum. Count is raw valid row count. Statistic 'delta' is last minus first, i.e. the (末值−首值) trend required by 实验方案 §4.1; 'slope_per_hour' is the least-squares trend per hour over the same window."
albumin__24_48h__first,Albumin,24_48h,first,continuous,g/dL,training median; measured/count retained,True,"Primary excludes Time=48:00. Same-time values use median; MechVent uses max and Urine uses sum. Count is raw valid row count. Statistic 'delta' is last minus first, i.e. the (末值−首值) trend required by 实验方案 §4.1; 'slope_per_hour' is the least-squares trend per hour over the same window."
albumin__24_48h__last,Albumin,24_48h,last,continuous,g/dL,training median; measured/count retained,True,"Primary excludes Time=48:00. Same-time values use median; MechVent uses max and Urine uses sum. Count is raw valid row count. Statistic 'delta' is last minus first, i.e. the (末值−首值) trend required by 实验方案 §4.1; 'slope_per_hour' is the least-squares trend per hour over the same window."
albumin__24_48h__min,Albumin,24_48h,min,continuous,g/dL,training median; measured/count retained,True,"Primary excludes Time=48:00. Same-time values use median; MechVent uses max and Urine uses sum. Count is raw valid row count. Statistic 'delta' is last minus first, i.e. the (末值−首值) trend required by 实验方案 §4.1; 'slope_per_hour' is the least-squares trend per hour over the same window."
albumin__24_48h__max,Albumin,24_48h,max,continuous,g/dL,training median; measured/count retained,True,"Primary excludes Time=48:00. Same-time values use median; MechVent uses max and Urine uses sum. Count is raw valid row count. Statistic 'delta' is last minus first, i.e. the (末值−首值) trend required by 实验方案 §4.1; 'slope_per_hour' is the least-squares trend per hour over the same window."
albumin__24_48h__mean,Albumin,24_48h,mean,continuous,g/dL,training median; measured/count retained,True,"Primary excludes Time=48:00. Same-time values use median; MechVent uses max and Urine uses sum. Count is raw valid row count. Statistic 'delta' is last minus first, i.e. the (末值−首值) trend required by 实验方案 §4.1; 'slope_per_hour' is the least-squares trend per hour over the same window."
albumin__24_48h__median,Albumin,24_48h,median,continuous,g/dL,training median; measured/count retained,True,"Primary excludes Time=48:00. Same-time values use median; MechVent uses max and Urine uses sum. Count is raw valid row count. Statistic 'delta' is last minus first, i.e. the (末值−首值) trend required by 实验方案 §4.1; 'slope_per_hour' is the least-squares trend per hour over the same window."
albumin__24_48h__std,Albumin,24_48h,std,continuous,g/dL,training median; measured/count retained,True,"Primary excludes Time=48:00. Same-time values use median; MechVent uses max and Urine uses sum. Count is raw valid row count. Statistic 'delta' is last minus first, i.e. the (末值−首值) trend required by 实验方案 §4.1; 'slope_per_hour' is the least-squares trend per hour over the same window."
albumin__24_48h__slope_per_hour,Albumin,24_48h,slope_per_hour,continuous,g/dL,training median; measured/count retained,True,"Primary excludes Time=48:00. Same-time values use median; MechVent uses max and Urine uses sum. Count is raw valid row count. Statistic 'delta' is last minus first, i.e. the (末值−首值) trend required by 实验方案 §4.1; 'slope_per_hour' is the least-squares trend per hour over the same window."
albumin__24_48h__delta,Albumin,24_48h,delta,continuous,g/dL,training median; measured/count retained,True,"Primary excludes Time=48:00. Same-time values use median; MechVent uses max and Urine uses sum. Count is raw valid row count. Statistic 'delta' is last minus first, i.e. the (末值−首值) trend required by 实验方案 §4.1; 'slope_per_hour' is the least-squares trend per hour over the same window."
albumin__24_48h__time_span_hours,Albumin,24_48h,time_span_hours,continuous,g/dL,training median; measured/count retained,True,"Primary excludes Time=48:00. Same-time values use median; MechVent uses max and Urine uses sum. Count is raw valid row count. Statistic 'delta' is last minus first, i.e. the (末值−首值) trend required by 实验方案 §4.1; 'slope_per_hour' is the least-squares trend per hour over the same window."
alp__24_48h__measured,ALP,24_48h,measured,binary,IU/L,0 when absent,True,"Primary excludes Time=48:00. Same-time values use median; MechVent uses max and Urine uses sum. Count is raw valid row count. Statistic 'delta' is last minus first, i.e. the (末值−首值) trend required by 实验方案 §4.1; 'slope_per_hour' is the least-squares trend per hour over the same window."
alp__24_48h__count,ALP,24_48h,count,continuous,IU/L,0 when absent,True,"Primary excludes Time=48:00. Same-time values use median; MechVent uses max and Urine uses sum. Count is raw valid row count. Statistic 'delta' is last minus first, i.e. the (末值−首值) trend required by 实验方案 §4.1; 'slope_per_hour' is the least-squares trend per hour over the same window."
alp__24_48h__first,ALP,24_48h,first,continuous,IU/L,training median; measured/count retained,True,"Primary excludes Time=48:00. Same-time values use median; MechVent uses max and Urine uses sum. Count is raw valid row count. Statistic 'delta' is last minus first, i.e. the (末值−首值) trend required by 实验方案 §4.1; 'slope_per_hour' is the least-squares trend per hour over the same window."
alp__24_48h__last,ALP,24_48h,last,continuous,IU/L,training median; measured/count retained,True,"Primary excludes Time=48:00. Same-time values use median; MechVent uses max and Urine uses sum. Count is raw valid row count. Statistic 'delta' is last minus first, i.e. the (末值−首值) trend required by 实验方案 §4.1; 'slope_per_hour' is the least-squares trend per hour over the same window."
alp__24_48h__min,ALP,24_48h,min,continuous,IU/L,training median; measured/count retained,True,"Primary excludes Time=48:00. Same-time values use median; MechVent uses max and Urine uses sum. Count is raw valid row count. Statistic 'delta' is last minus first, i.e. the (末值−首值) trend required by 实验方案 §4.1; 'slope_per_hour' is the least-squares trend per hour over the same window."
alp__24_48h__max,ALP,24_48h,max,continuous,IU/L,training median; measured/count retained,True,"Primary excludes Time=48:00. Same-time values use median; MechVent uses max and Urine uses sum. Count is raw valid row count. Statistic 'delta' is last minus first, i.e. the (末值−首值) trend required by 实验方案 §4.1; 'slope_per_hour' is the least-squares trend per hour over the same window."
alp__24_48h__mean,ALP,24_48h,mean,continuous,IU/L,training median; measured/count retained,True,"Primary excludes Time=48:00. Same-time values use median; MechVent uses max and Urine uses sum. Count is raw valid row count. Statistic 'delta' is last minus first, i.e. the (末值−首值) trend required by 实验方案 §4.1; 'slope_per_hour' is the least-squares trend per hour over the same window."
alp__24_48h__median,ALP,24_48h,median,continuous,IU/L,training median; measured/count retained,True,"Primary excludes Time=48:00. Same-time values use median; MechVent uses max and Urine uses sum. Count is raw valid row count. Statistic 'delta' is last minus first, i.e. the (末值−首值) trend required by 实验方案 §4.1; 'slope_per_hour' is the least-squares trend per hour over the same window."
alp__24_48h__std,ALP,24_48h,std,continuous,IU/L,training median; measured/count retained,True,"Primary excludes Time=48:00. Same-time values use median; MechVent uses max and Urine uses sum. Count is raw valid row count. Statistic 'delta' is last minus first, i.e. the (末值−首值) trend required by 实验方案 §4.1; 'slope_per_hour' is the least-squares trend per hour over the same window."
alp__24_48h__slope_per_hour,ALP,24_48h,slope_per_hour,continuous,IU/L,training median; measured/count retained,True,"Primary excludes Time=48:00. Same-time values use median; MechVent uses max and Urine uses sum. Count is raw valid row count. Statistic 'delta' is last minus first, i.e. the (末值−首值) trend required by 实验方案 §4.1; 'slope_per_hour' is the least-squares trend per hour over the same window."
alp__24_48h__delta,ALP,24_48h,delta,continuous,IU/L,training median; measured/count retained,True,"Primary excludes Time=48:00. Same-time values use median; MechVent uses max and Urine uses sum. Count is raw valid row count. Statistic 'delta' is last minus first, i.e. the (末值−首值) trend required by 实验方案 §4.1; 'slope_per_hour' is the least-squares trend per hour over the same window."
alp__24_48h__time_span_hours,ALP,24_48h,time_span_hours,continuous,IU/L,training median; measured/count retained,True,"Primary excludes Time=48:00. Same-time values use median; MechVent uses max and Urine uses sum. Count is raw valid row count. Statistic 'delta' is last minus first, i.e. the (末值−首值) trend required by 实验方案 §4.1; 'slope_per_hour' is the least-squares trend per hour over the same window."
alt__24_48h__measured,ALT,24_48h,measured,binary,IU/L,0 when absent,True,"Primary excludes Time=48:00. Same-time values use median; MechVent uses max and Urine uses sum. Count is raw valid row count. Statistic 'delta' is last minus first, i.e. the (末值−首值) trend required by 实验方案 §4.1; 'slope_per_hour' is the least-squares trend per hour over the same window."
alt__24_48h__count,ALT,24_48h,count,continuous,IU/L,0 when absent,True,"Primary excludes Time=48:00. Same-time values use median; MechVent uses max and Urine uses sum. Count is raw valid row count. Statistic 'delta' is last minus first, i.e. the (末值−首值) trend required by 实验方案 §4.1; 'slope_per_hour' is the least-squares trend per hour over the same window."
alt__24_48h__first,ALT,24_48h,first,continuous,IU/L,training median; measured/count retained,True,"Primary excludes Time=48:00. Same-time values use median; MechVent uses max and Urine uses sum. Count is raw valid row count. Statistic 'delta' is last minus first, i.e. the (末值−首值) trend required by 实验方案 §4.1; 'slope_per_hour' is the least-squares trend per hour over the same window."
alt__24_48h__last,ALT,24_48h,last,continuous,IU/L,training median; measured/count retained,True,"Primary excludes Time=48:00. Same-time values use median; MechVent uses max and Urine uses sum. Count is raw valid row count. Statistic 'delta' is last minus first, i.e. the (末值−首值) trend required by 实验方案 §4.1; 'slope_per_hour' is the least-squares trend per hour over the same window."
alt__24_48h__min,ALT,24_48h,min,continuous,IU/L,training median; measured/count retained,True,"Primary excludes Time=48:00. Same-time values use median; MechVent uses max and Urine uses sum. Count is raw valid row count. Statistic 'delta' is last minus first, i.e. the (末值−首值) trend required by 实验方案 §4.1; 'slope_per_hour' is the least-squares trend per hour over the same window."
alt__24_48h__max,ALT,24_48h,max,continuous,IU/L,training median; measured/count retained,True,"Primary excludes Time=48:00. Same-time values use median; MechVent uses max and Urine uses sum. Count is raw valid row count. Statistic 'delta' is last minus first, i.e. the (末值−首值) trend required by 实验方案 §4.1; 'slope_per_hour' is the least-squares trend per hour over the same window."
alt__24_48h__mean,ALT,24_48h,mean,continuous,IU/L,training median; measured/count retained,True,"Primary excludes Time=48:00. Same-time values use median; MechVent uses max and Urine uses sum. Count is raw valid row count. Statistic 'delta' is last minus first, i.e. the (末值−首值) trend required by 实验方案 §4.1; 'slope_per_hour' is the least-squares trend per hour over the same window."
alt__24_48h__median,ALT,24_48h,median,continuous,IU/L,training median; measured/count retained,True,"Primary excludes Time=48:00. Same-time values use median; MechVent uses max and Urine uses sum. Count is raw valid row count. Statistic 'delta' is last minus first, i.e. the (末值−首值) trend required by 实验方案 §4.1; 'slope_per_hour' is the least-squares trend per hour over the same window."
alt__24_48h__std,ALT,24_48h,std,continuous,IU/L,training median; measured/count retained,True,"Primary excludes Time=48:00. Same-time values use median; MechVent uses max and Urine uses sum. Count is raw valid row count. Statistic 'delta' is last minus first, i.e. the (末值−首值) trend required by 实验方案 §4.1; 'slope_per_hour' is the least-squares trend per hour over the same window."
alt__24_48h__slope_per_hour,ALT,24_48h,slope_per_hour,continuous,IU/L,training median; measured/count retained,True,"Primary excludes Time=48:00. Same-time values use median; MechVent uses max and Urine uses sum. Count is raw valid row count. Statistic 'delta' is last minus first, i.e. the (末值−首值) trend required by 实验方案 §4.1; 'slope_per_hour' is the least-squares trend per hour over the same window."
alt__24_48h__delta,ALT,24_48h,delta,continuous,IU/L,training median; measured/count retained,True,"Primary excludes Time=48:00. Same-time values use median; MechVent uses max and Urine uses sum. Count is raw valid row count. Statistic 'delta' is last minus first, i.e. the (末值−首值) trend required by 实验方案 §4.1; 'slope_per_hour' is the least-squares trend per hour over the same window."
alt__24_48h__time_span_hours,ALT,24_48h,time_span_hours,continuous,IU/L,training median; measured/count retained,True,"Primary excludes Time=48:00. Same-time values use median; MechVent uses max and Urine uses sum. Count is raw valid row count. Statistic 'delta' is last minus first, i.e. the (末值−首值) trend required by 实验方案 §4.1; 'slope_per_hour' is the least-squares trend per hour over the same window."
ast__24_48h__measured,AST,24_48h,measured,binary,IU/L,0 when absent,True,"Primary excludes Time=48:00. Same-time values use median; MechVent uses max and Urine uses sum. Count is raw valid row count. Statistic 'delta' is last minus first, i.e. the (末值−首值) trend required by 实验方案 §4.1; 'slope_per_hour' is the least-squares trend per hour over the same window."
ast__24_48h__count,AST,24_48h,count,continuous,IU/L,0 when absent,True,"Primary excludes Time=48:00. Same-time values use median; MechVent uses max and Urine uses sum. Count is raw valid row count. Statistic 'delta' is last minus first, i.e. the (末值−首值) trend required by 实验方案 §4.1; 'slope_per_hour' is the least-squares trend per hour over the same window."
ast__24_48h__first,AST,24_48h,first,continuous,IU/L,training median; measured/count retained,True,"Primary excludes Time=48:00. Same-time values use median; MechVent uses max and Urine uses sum. Count is raw valid row count. Statistic 'delta' is last minus first, i.e. the (末值−首值) trend required by 实验方案 §4.1; 'slope_per_hour' is the least-squares trend per hour over the same window."
ast__24_48h__last,AST,24_48h,last,continuous,IU/L,training median; measured/count retained,True,"Primary excludes Time=48:00. Same-time values use median; MechVent uses max and Urine uses sum. Count is raw valid row count. Statistic 'delta' is last minus first, i.e. the (末值−首值) trend required by 实验方案 §4.1; 'slope_per_hour' is the least-squares trend per hour over the same window."
ast__24_48h__min,AST,24_48h,min,continuous,IU/L,training median; measured/count retained,True,"Primary excludes Time=48:00. Same-time values use median; MechVent uses max and Urine uses sum. Count is raw valid row count. Statistic 'delta' is last minus first, i.e. the (末值−首值) trend required by 实验方案 §4.1; 'slope_per_hour' is the least-squares trend per hour over the same window."
ast__24_48h__max,AST,24_48h,max,continuous,IU/L,training median; measured/count retained,True,"Primary excludes Time=48:00. Same-time values use median; MechVent uses max and Urine uses sum. Count is raw valid row count. Statistic 'delta' is last minus first, i.e. the (末值−首值) trend required by 实验方案 §4.1; 'slope_per_hour' is the least-squares trend per hour over the same window."
ast__24_48h__mean,AST,24_48h,mean,continuous,IU/L,training median; measured/count retained,True,"Primary excludes Time=48:00. Same-time values use median; MechVent uses max and Urine uses sum. Count is raw valid row count. Statistic 'delta' is last minus first, i.e. the (末值−首值) trend required by 实验方案 §4.1; 'slope_per_hour' is the least-squares trend per hour over the same window."
ast__24_48h__median,AST,24_48h,median,continuous,IU/L,training median; measured/count retained,True,"Primary excludes Time=48:00. Same-time values use median; MechVent uses max and Urine uses sum. Count is raw valid row count. Statistic 'delta' is last minus first, i.e. the (末值−首值) trend required by 实验方案 §4.1; 'slope_per_hour' is the least-squares trend per hour over the same window."
ast__24_48h__std,AST,24_48h,std,continuous,IU/L,training median; measured/count retained,True,"Primary excludes Time=48:00. Same-time values use median; MechVent uses max and Urine uses sum. Count is raw valid row count. Statistic 'delta' is last minus first, i.e. the (末值−首值) trend required by 实验方案 §4.1; 'slope_per_hour' is the least-squares trend per hour over the same window."
ast__24_48h__slope_per_hour,AST,24_48h,slope_per_hour,continuous,IU/L,training median; measured/count retained,True,"Primary excludes Time=48:00. Same-time values use median; MechVent uses max and Urine uses sum. Count is raw valid row count. Statistic 'delta' is last minus first, i.e. the (末值−首值) trend required by 实验方案 §4.1; 'slope_per_hour' is the least-squares trend per hour over the same window."
ast__24_48h__delta,AST,24_48h,delta,continuous,IU/L,training median; measured/count retained,True,"Primary excludes Time=48:00. Same-time values use median; MechVent uses max and Urine uses sum. Count is raw valid row count. Statistic 'delta' is last minus first, i.e. the (末值−首值) trend required by 实验方案 §4.1; 'slope_per_hour' is the least-squares trend per hour over the same window."
ast__24_48h__time_span_hours,AST,24_48h,time_span_hours,continuous,IU/L,training median; measured/count retained,True,"Primary excludes Time=48:00. Same-time values use median; MechVent uses max and Urine uses sum. Count is raw valid row count. Statistic 'delta' is last minus first, i.e. the (末值−首值) trend required by 实验方案 §4.1; 'slope_per_hour' is the least-squares trend per hour over the same window."
bilirubin__24_48h__measured,Bilirubin,24_48h,measured,binary,mg/dL,0 when absent,True,"Primary excludes Time=48:00. Same-time values use median; MechVent uses max and Urine uses sum. Count is raw valid row count. Statistic 'delta' is last minus first, i.e. the (末值−首值) trend required by 实验方案 §4.1; 'slope_per_hour' is the least-squares trend per hour over the same window."
bilirubin__24_48h__count,Bilirubin,24_48h,count,continuous,mg/dL,0 when absent,True,"Primary excludes Time=48:00. Same-time values use median; MechVent uses max and Urine uses sum. Count is raw valid row count. Statistic 'delta' is last minus first, i.e. the (末值−首值) trend required by 实验方案 §4.1; 'slope_per_hour' is the least-squares trend per hour over the same window."
bilirubin__24_48h__first,Bilirubin,24_48h,first,continuous,mg/dL,training median; measured/count retained,True,"Primary excludes Time=48:00. Same-time values use median; MechVent uses max and Urine uses sum. Count is raw valid row count. Statistic 'delta' is last minus first, i.e. the (末值−首值) trend required by 实验方案 §4.1; 'slope_per_hour' is the least-squares trend per hour over the same window."
bilirubin__24_48h__last,Bilirubin,24_48h,last,continuous,mg/dL,training median; measured/count retained,True,"Primary excludes Time=48:00. Same-time values use median; MechVent uses max and Urine uses sum. Count is raw valid row count. Statistic 'delta' is last minus first, i.e. the (末值−首值) trend required by 实验方案 §4.1; 'slope_per_hour' is the least-squares trend per hour over the same window."
bilirubin__24_48h__min,Bilirubin,24_48h,min,continuous,mg/dL,training median; measured/count retained,True,"Primary excludes Time=48:00. Same-time values use median; MechVent uses max and Urine uses sum. Count is raw valid row count. Statistic 'delta' is last minus first, i.e. the (末值−首值) trend required by 实验方案 §4.1; 'slope_per_hour' is the least-squares trend per hour over the same window."
bilirubin__24_48h__max,Bilirubin,24_48h,max,continuous,mg/dL,training median; measured/count retained,True,"Primary excludes Time=48:00. Same-time values use median; MechVent uses max and Urine uses sum. Count is raw valid row count. Statistic 'delta' is last minus first, i.e. the (末值−首值) trend required by 实验方案 §4.1; 'slope_per_hour' is the least-squares trend per hour over the same window."
bilirubin__24_48h__mean,Bilirubin,24_48h,mean,continuous,mg/dL,training median; measured/count retained,True,"Primary excludes Time=48:00. Same-time values use median; MechVent uses max and Urine uses sum. Count is raw valid row count. Statistic 'delta' is last minus first, i.e. the (末值−首值) trend required by 实验方案 §4.1; 'slope_per_hour' is the least-squares trend per hour over the same window."
bilirubin__24_48h__median,Bilirubin,24_48h,median,continuous,mg/dL,training median; measured/count retained,True,"Primary excludes Time=48:00. Same-time values use median; MechVent uses max and Urine uses sum. Count is raw valid row count. Statistic 'delta' is last minus first, i.e. the (末值−首值) trend required by 实验方案 §4.1; 'slope_per_hour' is the least-squares trend per hour over the same window."
bilirubin__24_48h__std,Bilirubin,24_48h,std,continuous,mg/dL,training median; measured/count retained,True,"Primary excludes Time=48:00. Same-time values use median; MechVent uses max and Urine uses sum. Count is raw valid row count. Statistic 'delta' is last minus first, i.e. the (末值−首值) trend required by 实验方案 §4.1; 'slope_per_hour' is the least-squares trend per hour over the same window."
bilirubin__24_48h__slope_per_hour,Bilirubin,24_48h,slope_per_hour,continuous,mg/dL,training median; measured/count retained,True,"Primary excludes Time=48:00. Same-time values use median; MechVent uses max and Urine uses sum. Count is raw valid row count. Statistic 'delta' is last minus first, i.e. the (末值−首值) trend required by 实验方案 §4.1; 'slope_per_hour' is the least-squares trend per hour over the same window."
bilirubin__24_48h__delta,Bilirubin,24_48h,delta,continuous,mg/dL,training median; measured/count retained,True,"Primary excludes Time=48:00. Same-time values use median; MechVent uses max and Urine uses sum. Count is raw valid row count. Statistic 'delta' is last minus first, i.e. the (末值−首值) trend required by 实验方案 §4.1; 'slope_per_hour' is the least-squares trend per hour over the same window."
bilirubin__24_48h__time_span_hours,Bilirubin,24_48h,time_span_hours,continuous,mg/dL,training median; measured/count retained,True,"Primary excludes Time=48:00. Same-time values use median; MechVent uses max and Urine uses sum. Count is raw valid row count. Statistic 'delta' is last minus first, i.e. the (末值−首值) trend required by 实验方案 §4.1; 'slope_per_hour' is the least-squares trend per hour over the same window."
bun__24_48h__measured,BUN,24_48h,measured,binary,mg/dL,0 when absent,True,"Primary excludes Time=48:00. Same-time values use median; MechVent uses max and Urine uses sum. Count is raw valid row count. Statistic 'delta' is last minus first, i.e. the (末值−首值) trend required by 实验方案 §4.1; 'slope_per_hour' is the least-squares trend per hour over the same window."
bun__24_48h__count,BUN,24_48h,count,continuous,mg/dL,0 when absent,True,"Primary excludes Time=48:00. Same-time values use median; MechVent uses max and Urine uses sum. Count is raw valid row count. Statistic 'delta' is last minus first, i.e. the (末值−首值) trend required by 实验方案 §4.1; 'slope_per_hour' is the least-squares trend per hour over the same window."
bun__24_48h__first,BUN,24_48h,first,continuous,mg/dL,training median; measured/count retained,True,"Primary excludes Time=48:00. Same-time values use median; MechVent uses max and Urine uses sum. Count is raw valid row count. Statistic 'delta' is last minus first, i.e. the (末值−首值) trend required by 实验方案 §4.1; 'slope_per_hour' is the least-squares trend per hour over the same window."
bun__24_48h__last,BUN,24_48h,last,continuous,mg/dL,training median; measured/count retained,True,"Primary excludes Time=48:00. Same-time values use median; MechVent uses max and Urine uses sum. Count is raw valid row count. Statistic 'delta' is last minus first, i.e. the (末值−首值) trend required by 实验方案 §4.1; 'slope_per_hour' is the least-squares trend per hour over the same window."
bun__24_48h__min,BUN,24_48h,min,continuous,mg/dL,training median; measured/count retained,True,"Primary excludes Time=48:00. Same-time values use median; MechVent uses max and Urine uses sum. Count is raw valid row count. Statistic 'delta' is last minus first, i.e. the (末值−首值) trend required by 实验方案 §4.1; 'slope_per_hour' is the least-squares trend per hour over the same window."
bun__24_48h__max,BUN,24_48h,max,continuous,mg/dL,training median; measured/count retained,True,"Primary excludes Time=48:00. Same-time values use median; MechVent uses max and Urine uses sum. Count is raw valid row count. Statistic 'delta' is last minus first, i.e. the (末值−首值) trend required by 实验方案 §4.1; 'slope_per_hour' is the least-squares trend per hour over the same window."
bun__24_48h__mean,BUN,24_48h,mean,continuous,mg/dL,training median; measured/count retained,True,"Primary excludes Time=48:00. Same-time values use median; MechVent uses max and Urine uses sum. Count is raw valid row count. Statistic 'delta' is last minus first, i.e. the (末值−首值) trend required by 实验方案 §4.1; 'slope_per_hour' is the least-squares trend per hour over the same window."
bun__24_48h__median,BUN,24_48h,median,continuous,mg/dL,training median; measured/count retained,True,"Primary excludes Time=48:00. Same-time values use median; MechVent uses max and Urine uses sum. Count is raw valid row count. Statistic 'delta' is last minus first, i.e. the (末值−首值) trend required by 实验方案 §4.1; 'slope_per_hour' is the least-squares trend per hour over the same window."
bun__24_48h__std,BUN,24_48h,std,continuous,mg/dL,training median; measured/count retained,True,"Primary excludes Time=48:00. Same-time values use median; MechVent uses max and Urine uses sum. Count is raw valid row count. Statistic 'delta' is last minus first, i.e. the (末值−首值) trend required by 实验方案 §4.1; 'slope_per_hour' is the least-squares trend per hour over the same window."
bun__24_48h__slope_per_hour,BUN,24_48h,slope_per_hour,continuous,mg/dL,training median; measured/count retained,True,"Primary excludes Time=48:00. Same-time values use median; MechVent uses max and Urine uses sum. Count is raw valid row count. Statistic 'delta' is last minus first, i.e. the (末值−首值) trend required by 实验方案 §4.1; 'slope_per_hour' is the least-squares trend per hour over the same window."
bun__24_48h__delta,BUN,24_48h,delta,continuous,mg/dL,training median; measured/count retained,True,"Primary excludes Time=48:00. Same-time values use median; MechVent uses max and Urine uses sum. Count is raw valid row count. Statistic 'delta' is last minus first, i.e. the (末值−首值) trend required by 实验方案 §4.1; 'slope_per_hour' is the least-squares trend per hour over the same window."
bun__24_48h__time_span_hours,BUN,24_48h,time_span_hours,continuous,mg/dL,training median; measured/count retained,True,"Primary excludes Time=48:00. Same-time values use median; MechVent uses max and Urine uses sum. Count is raw valid row count. Statistic 'delta' is last minus first, i.e. the (末值−首值) trend required by 实验方案 §4.1; 'slope_per_hour' is the least-squares trend per hour over the same window."
cholesterol__24_48h__measured,Cholesterol,24_48h,measured,binary,mg/dL,0 when absent,True,"Primary excludes Time=48:00. Same-time values use median; MechVent uses max and Urine uses sum. Count is raw valid row count. Statistic 'delta' is last minus first, i.e. the (末值−首值) trend required by 实验方案 §4.1; 'slope_per_hour' is the least-squares trend per hour over the same window."
cholesterol__24_48h__count,Cholesterol,24_48h,count,continuous,mg/dL,0 when absent,True,"Primary excludes Time=48:00. Same-time values use median; MechVent uses max and Urine uses sum. Count is raw valid row count. Statistic 'delta' is last minus first, i.e. the (末值−首值) trend required by 实验方案 §4.1; 'slope_per_hour' is the least-squares trend per hour over the same window."
cholesterol__24_48h__first,Cholesterol,24_48h,first,continuous,mg/dL,training median; measured/count retained,True,"Primary excludes Time=48:00. Same-time values use median; MechVent uses max and Urine uses sum. Count is raw valid row count. Statistic 'delta' is last minus first, i.e. the (末值−首值) trend required by 实验方案 §4.1; 'slope_per_hour' is the least-squares trend per hour over the same window."
cholesterol__24_48h__last,Cholesterol,24_48h,last,continuous,mg/dL,training median; measured/count retained,True,"Primary excludes Time=48:00. Same-time values use median; MechVent uses max and Urine uses sum. Count is raw valid row count. Statistic 'delta' is last minus first, i.e. the (末值−首值) trend required by 实验方案 §4.1; 'slope_per_hour' is the least-squares trend per hour over the same window."
cholesterol__24_48h__min,Cholesterol,24_48h,min,continuous,mg/dL,training median; measured/count retained,True,"Primary excludes Time=48:00. Same-time values use median; MechVent uses max and Urine uses sum. Count is raw valid row count. Statistic 'delta' is last minus first, i.e. the (末值−首值) trend required by 实验方案 §4.1; 'slope_per_hour' is the least-squares trend per hour over the same window."
cholesterol__24_48h__max,Cholesterol,24_48h,max,continuous,mg/dL,training median; measured/count retained,True,"Primary excludes Time=48:00. Same-time values use median; MechVent uses max and Urine uses sum. Count is raw valid row count. Statistic 'delta' is last minus first, i.e. the (末值−首值) trend required by 实验方案 §4.1; 'slope_per_hour' is the least-squares trend per hour over the same window."
cholesterol__24_48h__mean,Cholesterol,24_48h,mean,continuous,mg/dL,training median; measured/count retained,True,"Primary excludes Time=48:00. Same-time values use median; MechVent uses max and Urine uses sum. Count is raw valid row count. Statistic 'delta' is last minus first, i.e. the (末值−首值) trend required by 实验方案 §4.1; 'slope_per_hour' is the least-squares trend per hour over the same window."
cholesterol__24_48h__median,Cholesterol,24_48h,median,continuous,mg/dL,training median; measured/count retained,True,"Primary excludes Time=48:00. Same-time values use median; MechVent uses max and Urine uses sum. Count is raw valid row count. Statistic 'delta' is last minus first, i.e. the (末值−首值) trend required by 实验方案 §4.1; 'slope_per_hour' is the least-squares trend per hour over the same window."
cholesterol__24_48h__std,Cholesterol,24_48h,std,continuous,mg/dL,training median; measured/count retained,True,"Primary excludes Time=48:00. Same-time values use median; MechVent uses max and Urine uses sum. Count is raw valid row count. Statistic 'delta' is last minus first, i.e. the (末值−首值) trend required by 实验方案 §4.1; 'slope_per_hour' is the least-squares trend per hour over the same window."
cholesterol__24_48h__slope_per_hour,Cholesterol,24_48h,slope_per_hour,continuous,mg/dL,training median; measured/count retained,True,"Primary excludes Time=48:00. Same-time values use median; MechVent uses max and Urine uses sum. Count is raw valid row count. Statistic 'delta' is last minus first, i.e. the (末值−首值) trend required by 实验方案 §4.1; 'slope_per_hour' is the least-squares trend per hour over the same window."
cholesterol__24_48h__delta,Cholesterol,24_48h,delta,continuous,mg/dL,training median; measured/count retained,True,"Primary excludes Time=48:00. Same-time values use median; MechVent uses max and Urine uses sum. Count is raw valid row count. Statistic 'delta' is last minus first, i.e. the (末值−首值) trend required by 实验方案 §4.1; 'slope_per_hour' is the least-squares trend per hour over the same window."
cholesterol__24_48h__time_span_hours,Cholesterol,24_48h,time_span_hours,continuous,mg/dL,training median; measured/count retained,True,"Primary excludes Time=48:00. Same-time values use median; MechVent uses max and Urine uses sum. Count is raw valid row count. Statistic 'delta' is last minus first, i.e. the (末值−首值) trend required by 实验方案 §4.1; 'slope_per_hour' is the least-squares trend per hour over the same window."
creatinine__24_48h__measured,Creatinine,24_48h,measured,binary,mg/dL,0 when absent,True,"Primary excludes Time=48:00. Same-time values use median; MechVent uses max and Urine uses sum. Count is raw valid row count. Statistic 'delta' is last minus first, i.e. the (末值−首值) trend required by 实验方案 §4.1; 'slope_per_hour' is the least-squares trend per hour over the same window."
creatinine__24_48h__count,Creatinine,24_48h,count,continuous,mg/dL,0 when absent,True,"Primary excludes Time=48:00. Same-time values use median; MechVent uses max and Urine uses sum. Count is raw valid row count. Statistic 'delta' is last minus first, i.e. the (末值−首值) trend required by 实验方案 §4.1; 'slope_per_hour' is the least-squares trend per hour over the same window."
creatinine__24_48h__first,Creatinine,24_48h,first,continuous,mg/dL,training median; measured/count retained,True,"Primary excludes Time=48:00. Same-time values use median; MechVent uses max and Urine uses sum. Count is raw valid row count. Statistic 'delta' is last minus first, i.e. the (末值−首值) trend required by 实验方案 §4.1; 'slope_per_hour' is the least-squares trend per hour over the same window."
creatinine__24_48h__last,Creatinine,24_48h,last,continuous,mg/dL,training median; measured/count retained,True,"Primary excludes Time=48:00. Same-time values use median; MechVent uses max and Urine uses sum. Count is raw valid row count. Statistic 'delta' is last minus first, i.e. the (末值−首值) trend required by 实验方案 §4.1; 'slope_per_hour' is the least-squares trend per hour over the same window."
creatinine__24_48h__min,Creatinine,24_48h,min,continuous,mg/dL,training median; measured/count retained,True,"Primary excludes Time=48:00. Same-time values use median; MechVent uses max and Urine uses sum. Count is raw valid row count. Statistic 'delta' is last minus first, i.e. the (末值−首值) trend required by 实验方案 §4.1; 'slope_per_hour' is the least-squares trend per hour over the same window."
creatinine__24_48h__max,Creatinine,24_48h,max,continuous,mg/dL,training median; measured/count retained,True,"Primary excludes Time=48:00. Same-time values use median; MechVent uses max and Urine uses sum. Count is raw valid row count. Statistic 'delta' is last minus first, i.e. the (末值−首值) trend required by 实验方案 §4.1; 'slope_per_hour' is the least-squares trend per hour over the same window."
creatinine__24_48h__mean,Creatinine,24_48h,mean,continuous,mg/dL,training median; measured/count retained,True,"Primary excludes Time=48:00. Same-time values use median; MechVent uses max and Urine uses sum. Count is raw valid row count. Statistic 'delta' is last minus first, i.e. the (末值−首值) trend required by 实验方案 §4.1; 'slope_per_hour' is the least-squares trend per hour over the same window."
creatinine__24_48h__median,Creatinine,24_48h,median,continuous,mg/dL,training median; measured/count retained,True,"Primary excludes Time=48:00. Same-time values use median; MechVent uses max and Urine uses sum. Count is raw valid row count. Statistic 'delta' is last minus first, i.e. the (末值−首值) trend required by 实验方案 §4.1; 'slope_per_hour' is the least-squares trend per hour over the same window."
creatinine__24_48h__std,Creatinine,24_48h,std,continuous,mg/dL,training median; measured/count retained,True,"Primary excludes Time=48:00. Same-time values use median; MechVent uses max and Urine uses sum. Count is raw valid row count. Statistic 'delta' is last minus first, i.e. the (末值−首值) trend required by 实验方案 §4.1; 'slope_per_hour' is the least-squares trend per hour over the same window."
creatinine__24_48h__slope_per_hour,Creatinine,24_48h,slope_per_hour,continuous,mg/dL,training median; measured/count retained,True,"Primary excludes Time=48:00. Same-time values use median; MechVent uses max and Urine uses sum. Count is raw valid row count. Statistic 'delta' is last minus first, i.e. the (末值−首值) trend required by 实验方案 §4.1; 'slope_per_hour' is the least-squares trend per hour over the same window."
creatinine__24_48h__delta,Creatinine,24_48h,delta,continuous,mg/dL,training median; measured/count retained,True,"Primary excludes Time=48:00. Same-time values use median; MechVent uses max and Urine uses sum. Count is raw valid row count. Statistic 'delta' is last minus first, i.e. the (末值−首值) trend required by 实验方案 §4.1; 'slope_per_hour' is the least-squares trend per hour over the same window."
creatinine__24_48h__time_span_hours,Creatinine,24_48h,time_span_hours,continuous,mg/dL,training median; measured/count retained,True,"Primary excludes Time=48:00. Same-time values use median; MechVent uses max and Urine uses sum. Count is raw valid row count. Statistic 'delta' is last minus first, i.e. the (末值−首值) trend required by 实验方案 §4.1; 'slope_per_hour' is the least-squares trend per hour over the same window."
diasabp__24_48h__measured,DiasABP,24_48h,measured,binary,mmHg,0 when absent,True,"Primary excludes Time=48:00. Same-time values use median; MechVent uses max and Urine uses sum. Count is raw valid row count. Statistic 'delta' is last minus first, i.e. the (末值−首值) trend required by 实验方案 §4.1; 'slope_per_hour' is the least-squares trend per hour over the same window."
diasabp__24_48h__count,DiasABP,24_48h,count,continuous,mmHg,0 when absent,True,"Primary excludes Time=48:00. Same-time values use median; MechVent uses max and Urine uses sum. Count is raw valid row count. Statistic 'delta' is last minus first, i.e. the (末值−首值) trend required by 实验方案 §4.1; 'slope_per_hour' is the least-squares trend per hour over the same window."
diasabp__24_48h__first,DiasABP,24_48h,first,continuous,mmHg,training median; measured/count retained,True,"Primary excludes Time=48:00. Same-time values use median; MechVent uses max and Urine uses sum. Count is raw valid row count. Statistic 'delta' is last minus first, i.e. the (末值−首值) trend required by 实验方案 §4.1; 'slope_per_hour' is the least-squares trend per hour over the same window."
diasabp__24_48h__last,DiasABP,24_48h,last,continuous,mmHg,training median; measured/count retained,True,"Primary excludes Time=48:00. Same-time values use median; MechVent uses max and Urine uses sum. Count is raw valid row count. Statistic 'delta' is last minus first, i.e. the (末值−首值) trend required by 实验方案 §4.1; 'slope_per_hour' is the least-squares trend per hour over the same window."
diasabp__24_48h__min,DiasABP,24_48h,min,continuous,mmHg,training median; measured/count retained,True,"Primary excludes Time=48:00. Same-time values use median; MechVent uses max and Urine uses sum. Count is raw valid row count. Statistic 'delta' is last minus first, i.e. the (末值−首值) trend required by 实验方案 §4.1; 'slope_per_hour' is the least-squares trend per hour over the same window."
diasabp__24_48h__max,DiasABP,24_48h,max,continuous,mmHg,training median; measured/count retained,True,"Primary excludes Time=48:00. Same-time values use median; MechVent uses max and Urine uses sum. Count is raw valid row count. Statistic 'delta' is last minus first, i.e. the (末值−首值) trend required by 实验方案 §4.1; 'slope_per_hour' is the least-squares trend per hour over the same window."
diasabp__24_48h__mean,DiasABP,24_48h,mean,continuous,mmHg,training median; measured/count retained,True,"Primary excludes Time=48:00. Same-time values use median; MechVent uses max and Urine uses sum. Count is raw valid row count. Statistic 'delta' is last minus first, i.e. the (末值−首值) trend required by 实验方案 §4.1; 'slope_per_hour' is the least-squares trend per hour over the same window."
diasabp__24_48h__median,DiasABP,24_48h,median,continuous,mmHg,training median; measured/count retained,True,"Primary excludes Time=48:00. Same-time values use median; MechVent uses max and Urine uses sum. Count is raw valid row count. Statistic 'delta' is last minus first, i.e. the (末值−首值) trend required by 实验方案 §4.1; 'slope_per_hour' is the least-squares trend per hour over the same window."
diasabp__24_48h__std,DiasABP,24_48h,std,continuous,mmHg,training median; measured/count retained,True,"Primary excludes Time=48:00. Same-time values use median; MechVent uses max and Urine uses sum. Count is raw valid row count. Statistic 'delta' is last minus first, i.e. the (末值−首值) trend required by 实验方案 §4.1; 'slope_per_hour' is the least-squares trend per hour over the same window."
diasabp__24_48h__slope_per_hour,DiasABP,24_48h,slope_per_hour,continuous,mmHg,training median; measured/count retained,True,"Primary excludes Time=48:00. Same-time values use median; MechVent uses max and Urine uses sum. Count is raw valid row count. Statistic 'delta' is last minus first, i.e. the (末值−首值) trend required by 实验方案 §4.1; 'slope_per_hour' is the least-squares trend per hour over the same window."
diasabp__24_48h__delta,DiasABP,24_48h,delta,continuous,mmHg,training median; measured/count retained,True,"Primary excludes Time=48:00. Same-time values use median; MechVent uses max and Urine uses sum. Count is raw valid row count. Statistic 'delta' is last minus first, i.e. the (末值−首值) trend required by 实验方案 §4.1; 'slope_per_hour' is the least-squares trend per hour over the same window."
diasabp__24_48h__time_span_hours,DiasABP,24_48h,time_span_hours,continuous,mmHg,training median; measured/count retained,True,"Primary excludes Time=48:00. Same-time values use median; MechVent uses max and Urine uses sum. Count is raw valid row count. Statistic 'delta' is last minus first, i.e. the (末值−首值) trend required by 实验方案 §4.1; 'slope_per_hour' is the least-squares trend per hour over the same window."
fio2__24_48h__measured,FiO2,24_48h,measured,binary,fraction,0 when absent,True,"Primary excludes Time=48:00. Same-time values use median; MechVent uses max and Urine uses sum. Count is raw valid row count. Statistic 'delta' is last minus first, i.e. the (末值−首值) trend required by 实验方案 §4.1; 'slope_per_hour' is the least-squares trend per hour over the same window."
fio2__24_48h__count,FiO2,24_48h,count,continuous,fraction,0 when absent,True,"Primary excludes Time=48:00. Same-time values use median; MechVent uses max and Urine uses sum. Count is raw valid row count. Statistic 'delta' is last minus first, i.e. the (末值−首值) trend required by 实验方案 §4.1; 'slope_per_hour' is the least-squares trend per hour over the same window."
fio2__24_48h__first,FiO2,24_48h,first,continuous,fraction,training median; measured/count retained,True,"Primary excludes Time=48:00. Same-time values use median; MechVent uses max and Urine uses sum. Count is raw valid row count. Statistic 'delta' is last minus first, i.e. the (末值−首值) trend required by 实验方案 §4.1; 'slope_per_hour' is the least-squares trend per hour over the same window."
fio2__24_48h__last,FiO2,24_48h,last,continuous,fraction,training median; measured/count retained,True,"Primary excludes Time=48:00. Same-time values use median; MechVent uses max and Urine uses sum. Count is raw valid row count. Statistic 'delta' is last minus first, i.e. the (末值−首值) trend required by 实验方案 §4.1; 'slope_per_hour' is the least-squares trend per hour over the same window."
fio2__24_48h__min,FiO2,24_48h,min,continuous,fraction,training median; measured/count retained,True,"Primary excludes Time=48:00. Same-time values use median; MechVent uses max and Urine uses sum. Count is raw valid row count. Statistic 'delta' is last minus first, i.e. the (末值−首值) trend required by 实验方案 §4.1; 'slope_per_hour' is the least-squares trend per hour over the same window."
fio2__24_48h__max,FiO2,24_48h,max,continuous,fraction,training median; measured/count retained,True,"Primary excludes Time=48:00. Same-time values use median; MechVent uses max and Urine uses sum. Count is raw valid row count. Statistic 'delta' is last minus first, i.e. the (末值−首值) trend required by 实验方案 §4.1; 'slope_per_hour' is the least-squares trend per hour over the same window."
fio2__24_48h__mean,FiO2,24_48h,mean,continuous,fraction,training median; measured/count retained,True,"Primary excludes Time=48:00. Same-time values use median; MechVent uses max and Urine uses sum. Count is raw valid row count. Statistic 'delta' is last minus first, i.e. the (末值−首值) trend required by 实验方案 §4.1; 'slope_per_hour' is the least-squares trend per hour over the same window."
fio2__24_48h__median,FiO2,24_48h,median,continuous,fraction,training median; measured/count retained,True,"Primary excludes Time=48:00. Same-time values use median; MechVent uses max and Urine uses sum. Count is raw valid row count. Statistic 'delta' is last minus first, i.e. the (末值−首值) trend required by 实验方案 §4.1; 'slope_per_hour' is the least-squares trend per hour over the same window."
fio2__24_48h__std,FiO2,24_48h,std,continuous,fraction,training median; measured/count retained,True,"Primary excludes Time=48:00. Same-time values use median; MechVent uses max and Urine uses sum. Count is raw valid row count. Statistic 'delta' is last minus first, i.e. the (末值−首值) trend required by 实验方案 §4.1; 'slope_per_hour' is the least-squares trend per hour over the same window."
fio2__24_48h__slope_per_hour,FiO2,24_48h,slope_per_hour,continuous,fraction,training median; measured/count retained,True,"Primary excludes Time=48:00. Same-time values use median; MechVent uses max and Urine uses sum. Count is raw valid row count. Statistic 'delta' is last minus first, i.e. the (末值−首值) trend required by 实验方案 §4.1; 'slope_per_hour' is the least-squares trend per hour over the same window."
fio2__24_48h__delta,FiO2,24_48h,delta,continuous,fraction,training median; measured/count retained,True,"Primary excludes Time=48:00. Same-time values use median; MechVent uses max and Urine uses sum. Count is raw valid row count. Statistic 'delta' is last minus first, i.e. the (末值−首值) trend required by 实验方案 §4.1; 'slope_per_hour' is the least-squares trend per hour over the same window."
fio2__24_48h__time_span_hours,FiO2,24_48h,time_span_hours,continuous,fraction,training median; measured/count retained,True,"Primary excludes Time=48:00. Same-time values use median; MechVent uses max and Urine uses sum. Count is raw valid row count. Statistic 'delta' is last minus first, i.e. the (末值−首值) trend required by 实验方案 §4.1; 'slope_per_hour' is the least-squares trend per hour over the same window."
gcs__24_48h__measured,GCS,24_48h,measured,binary,score,0 when absent,True,"Primary excludes Time=48:00. Same-time values use median; MechVent uses max and Urine uses sum. Count is raw valid row count. Statistic 'delta' is last minus first, i.e. the (末值−首值) trend required by 实验方案 §4.1; 'slope_per_hour' is the least-squares trend per hour over the same window."
gcs__24_48h__count,GCS,24_48h,count,continuous,score,0 when absent,True,"Primary excludes Time=48:00. Same-time values use median; MechVent uses max and Urine uses sum. Count is raw valid row count. Statistic 'delta' is last minus first, i.e. the (末值−首值) trend required by 实验方案 §4.1; 'slope_per_hour' is the least-squares trend per hour over the same window."
gcs__24_48h__first,GCS,24_48h,first,continuous,score,training median; measured/count retained,True,"Primary excludes Time=48:00. Same-time values use median; MechVent uses max and Urine uses sum. Count is raw valid row count. Statistic 'delta' is last minus first, i.e. the (末值−首值) trend required by 实验方案 §4.1; 'slope_per_hour' is the least-squares trend per hour over the same window."
gcs__24_48h__last,GCS,24_48h,last,continuous,score,training median; measured/count retained,True,"Primary excludes Time=48:00. Same-time values use median; MechVent uses max and Urine uses sum. Count is raw valid row count. Statistic 'delta' is last minus first, i.e. the (末值−首值) trend required by 实验方案 §4.1; 'slope_per_hour' is the least-squares trend per hour over the same window."
gcs__24_48h__min,GCS,24_48h,min,continuous,score,training median; measured/count retained,True,"Primary excludes Time=48:00. Same-time values use median; MechVent uses max and Urine uses sum. Count is raw valid row count. Statistic 'delta' is last minus first, i.e. the (末值−首值) trend required by 实验方案 §4.1; 'slope_per_hour' is the least-squares trend per hour over the same window."
gcs__24_48h__max,GCS,24_48h,max,continuous,score,training median; measured/count retained,True,"Primary excludes Time=48:00. Same-time values use median; MechVent uses max and Urine uses sum. Count is raw valid row count. Statistic 'delta' is last minus first, i.e. the (末值−首值) trend required by 实验方案 §4.1; 'slope_per_hour' is the least-squares trend per hour over the same window."
gcs__24_48h__mean,GCS,24_48h,mean,continuous,score,training median; measured/count retained,True,"Primary excludes Time=48:00. Same-time values use median; MechVent uses max and Urine uses sum. Count is raw valid row count. Statistic 'delta' is last minus first, i.e. the (末值−首值) trend required by 实验方案 §4.1; 'slope_per_hour' is the least-squares trend per hour over the same window."
gcs__24_48h__median,GCS,24_48h,median,continuous,score,training median; measured/count retained,True,"Primary excludes Time=48:00. Same-time values use median; MechVent uses max and Urine uses sum. Count is raw valid row count. Statistic 'delta' is last minus first, i.e. the (末值−首值) trend required by 实验方案 §4.1; 'slope_per_hour' is the least-squares trend per hour over the same window."
gcs__24_48h__std,GCS,24_48h,std,continuous,score,training median; measured/count retained,True,"Primary excludes Time=48:00. Same-time values use median; MechVent uses max and Urine uses sum. Count is raw valid row count. Statistic 'delta' is last minus first, i.e. the (末值−首值) trend required by 实验方案 §4.1; 'slope_per_hour' is the least-squares trend per hour over the same window."
gcs__24_48h__slope_per_hour,GCS,24_48h,slope_per_hour,continuous,score,training median; measured/count retained,True,"Primary excludes Time=48:00. Same-time values use median; MechVent uses max and Urine uses sum. Count is raw valid row count. Statistic 'delta' is last minus first, i.e. the (末值−首值) trend required by 实验方案 §4.1; 'slope_per_hour' is the least-squares trend per hour over the same window."
gcs__24_48h__delta,GCS,24_48h,delta,continuous,score,training median; measured/count retained,True,"Primary excludes Time=48:00. Same-time values use median; MechVent uses max and Urine uses sum. Count is raw valid row count. Statistic 'delta' is last minus first, i.e. the (末值−首值) trend required by 实验方案 §4.1; 'slope_per_hour' is the least-squares trend per hour over the same window."
gcs__24_48h__time_span_hours,GCS,24_48h,time_span_hours,continuous,score,training median; measured/count retained,True,"Primary excludes Time=48:00. Same-time values use median; MechVent uses max and Urine uses sum. Count is raw valid row count. Statistic 'delta' is last minus first, i.e. the (末值−首值) trend required by 实验方案 §4.1; 'slope_per_hour' is the least-squares trend per hour over the same window."
glucose__24_48h__measured,Glucose,24_48h,measured,binary,mg/dL,0 when absent,True,"Primary excludes Time=48:00. Same-time values use median; MechVent uses max and Urine uses sum. Count is raw valid row count. Statistic 'delta' is last minus first, i.e. the (末值−首值) trend required by 实验方案 §4.1; 'slope_per_hour' is the least-squares trend per hour over the same window."
glucose__24_48h__count,Glucose,24_48h,count,continuous,mg/dL,0 when absent,True,"Primary excludes Time=48:00. Same-time values use median; MechVent uses max and Urine uses sum. Count is raw valid row count. Statistic 'delta' is last minus first, i.e. the (末值−首值) trend required by 实验方案 §4.1; 'slope_per_hour' is the least-squares trend per hour over the same window."
glucose__24_48h__first,Glucose,24_48h,first,continuous,mg/dL,training median; measured/count retained,True,"Primary excludes Time=48:00. Same-time values use median; MechVent uses max and Urine uses sum. Count is raw valid row count. Statistic 'delta' is last minus first, i.e. the (末值−首值) trend required by 实验方案 §4.1; 'slope_per_hour' is the least-squares trend per hour over the same window."
glucose__24_48h__last,Glucose,24_48h,last,continuous,mg/dL,training median; measured/count retained,True,"Primary excludes Time=48:00. Same-time values use median; MechVent uses max and Urine uses sum. Count is raw valid row count. Statistic 'delta' is last minus first, i.e. the (末值−首值) trend required by 实验方案 §4.1; 'slope_per_hour' is the least-squares trend per hour over the same window."
glucose__24_48h__min,Glucose,24_48h,min,continuous,mg/dL,training median; measured/count retained,True,"Primary excludes Time=48:00. Same-time values use median; MechVent uses max and Urine uses sum. Count is raw valid row count. Statistic 'delta' is last minus first, i.e. the (末值−首值) trend required by 实验方案 §4.1; 'slope_per_hour' is the least-squares trend per hour over the same window."
glucose__24_48h__max,Glucose,24_48h,max,continuous,mg/dL,training median; measured/count retained,True,"Primary excludes Time=48:00. Same-time values use median; MechVent uses max and Urine uses sum. Count is raw valid row count. Statistic 'delta' is last minus first, i.e. the (末值−首值) trend required by 实验方案 §4.1; 'slope_per_hour' is the least-squares trend per hour over the same window."
glucose__24_48h__mean,Glucose,24_48h,mean,continuous,mg/dL,training median; measured/count retained,True,"Primary excludes Time=48:00. Same-time values use median; MechVent uses max and Urine uses sum. Count is raw valid row count. Statistic 'delta' is last minus first, i.e. the (末值−首值) trend required by 实验方案 §4.1; 'slope_per_hour' is the least-squares trend per hour over the same window."
glucose__24_48h__median,Glucose,24_48h,median,continuous,mg/dL,training median; measured/count retained,True,"Primary excludes Time=48:00. Same-time values use median; MechVent uses max and Urine uses sum. Count is raw valid row count. Statistic 'delta' is last minus first, i.e. the (末值−首值) trend required by 实验方案 §4.1; 'slope_per_hour' is the least-squares trend per hour over the same window."
glucose__24_48h__std,Glucose,24_48h,std,continuous,mg/dL,training median; measured/count retained,True,"Primary excludes Time=48:00. Same-time values use median; MechVent uses max and Urine uses sum. Count is raw valid row count. Statistic 'delta' is last minus first, i.e. the (末值−首值) trend required by 实验方案 §4.1; 'slope_per_hour' is the least-squares trend per hour over the same window."
glucose__24_48h__slope_per_hour,Glucose,24_48h,slope_per_hour,continuous,mg/dL,training median; measured/count retained,True,"Primary excludes Time=48:00. Same-time values use median; MechVent uses max and Urine uses sum. Count is raw valid row count. Statistic 'delta' is last minus first, i.e. the (末值−首值) trend required by 实验方案 §4.1; 'slope_per_hour' is the least-squares trend per hour over the same window."
glucose__24_48h__delta,Glucose,24_48h,delta,continuous,mg/dL,training median; measured/count retained,True,"Primary excludes Time=48:00. Same-time values use median; MechVent uses max and Urine uses sum. Count is raw valid row count. Statistic 'delta' is last minus first, i.e. the (末值−首值) trend required by 实验方案 §4.1; 'slope_per_hour' is the least-squares trend per hour over the same window."
glucose__24_48h__time_span_hours,Glucose,24_48h,time_span_hours,continuous,mg/dL,training median; measured/count retained,True,"Primary excludes Time=48:00. Same-time values use median; MechVent uses max and Urine uses sum. Count is raw valid row count. Statistic 'delta' is last minus first, i.e. the (末值−首值) trend required by 实验方案 §4.1; 'slope_per_hour' is the least-squares trend per hour over the same window."
hco3__24_48h__measured,HCO3,24_48h,measured,binary,mmol/L,0 when absent,True,"Primary excludes Time=48:00. Same-time values use median; MechVent uses max and Urine uses sum. Count is raw valid row count. Statistic 'delta' is last minus first, i.e. the (末值−首值) trend required by 实验方案 §4.1; 'slope_per_hour' is the least-squares trend per hour over the same window."
hco3__24_48h__count,HCO3,24_48h,count,continuous,mmol/L,0 when absent,True,"Primary excludes Time=48:00. Same-time values use median; MechVent uses max and Urine uses sum. Count is raw valid row count. Statistic 'delta' is last minus first, i.e. the (末值−首值) trend required by 实验方案 §4.1; 'slope_per_hour' is the least-squares trend per hour over the same window."
hco3__24_48h__first,HCO3,24_48h,first,continuous,mmol/L,training median; measured/count retained,True,"Primary excludes Time=48:00. Same-time values use median; MechVent uses max and Urine uses sum. Count is raw valid row count. Statistic 'delta' is last minus first, i.e. the (末值−首值) trend required by 实验方案 §4.1; 'slope_per_hour' is the least-squares trend per hour over the same window."
hco3__24_48h__last,HCO3,24_48h,last,continuous,mmol/L,training median; measured/count retained,True,"Primary excludes Time=48:00. Same-time values use median; MechVent uses max and Urine uses sum. Count is raw valid row count. Statistic 'delta' is last minus first, i.e. the (末值−首值) trend required by 实验方案 §4.1; 'slope_per_hour' is the least-squares trend per hour over the same window."
hco3__24_48h__min,HCO3,24_48h,min,continuous,mmol/L,training median; measured/count retained,True,"Primary excludes Time=48:00. Same-time values use median; MechVent uses max and Urine uses sum. Count is raw valid row count. Statistic 'delta' is last minus first, i.e. the (末值−首值) trend required by 实验方案 §4.1; 'slope_per_hour' is the least-squares trend per hour over the same window."
hco3__24_48h__max,HCO3,24_48h,max,continuous,mmol/L,training median; measured/count retained,True,"Primary excludes Time=48:00. Same-time values use median; MechVent uses max and Urine uses sum. Count is raw valid row count. Statistic 'delta' is last minus first, i.e. the (末值−首值) trend required by 实验方案 §4.1; 'slope_per_hour' is the least-squares trend per hour over the same window."
hco3__24_48h__mean,HCO3,24_48h,mean,continuous,mmol/L,training median; measured/count retained,True,"Primary excludes Time=48:00. Same-time values use median; MechVent uses max and Urine uses sum. Count is raw valid row count. Statistic 'delta' is last minus first, i.e. the (末值−首值) trend required by 实验方案 §4.1; 'slope_per_hour' is the least-squares trend per hour over the same window."
hco3__24_48h__median,HCO3,24_48h,median,continuous,mmol/L,training median; measured/count retained,True,"Primary excludes Time=48:00. Same-time values use median; MechVent uses max and Urine uses sum. Count is raw valid row count. Statistic 'delta' is last minus first, i.e. the (末值−首值) trend required by 实验方案 §4.1; 'slope_per_hour' is the least-squares trend per hour over the same window."
hco3__24_48h__std,HCO3,24_48h,std,continuous,mmol/L,training median; measured/count retained,True,"Primary excludes Time=48:00. Same-time values use median; MechVent uses max and Urine uses sum. Count is raw valid row count. Statistic 'delta' is last minus first, i.e. the (末值−首值) trend required by 实验方案 §4.1; 'slope_per_hour' is the least-squares trend per hour over the same window."
hco3__24_48h__slope_per_hour,HCO3,24_48h,slope_per_hour,continuous,mmol/L,training median; measured/count retained,True,"Primary excludes Time=48:00. Same-time values use median; MechVent uses max and Urine uses sum. Count is raw valid row count. Statistic 'delta' is last minus first, i.e. the (末值−首值) trend required by 实验方案 §4.1; 'slope_per_hour' is the least-squares trend per hour over the same window."
hco3__24_48h__delta,HCO3,24_48h,delta,continuous,mmol/L,training median; measured/count retained,True,"Primary excludes Time=48:00. Same-time values use median; MechVent uses max and Urine uses sum. Count is raw valid row count. Statistic 'delta' is last minus first, i.e. the (末值−首值) trend required by 实验方案 §4.1; 'slope_per_hour' is the least-squares trend per hour over the same window."
hco3__24_48h__time_span_hours,HCO3,24_48h,time_span_hours,continuous,mmol/L,training median; measured/count retained,True,"Primary excludes Time=48:00. Same-time values use median; MechVent uses max and Urine uses sum. Count is raw valid row count. Statistic 'delta' is last minus first, i.e. the (末值−首值) trend required by 实验方案 §4.1; 'slope_per_hour' is the least-squares trend per hour over the same window."
hct__24_48h__measured,HCT,24_48h,measured,binary,%,0 when absent,True,"Primary excludes Time=48:00. Same-time values use median; MechVent uses max and Urine uses sum. Count is raw valid row count. Statistic 'delta' is last minus first, i.e. the (末值−首值) trend required by 实验方案 §4.1; 'slope_per_hour' is the least-squares trend per hour over the same window."
hct__24_48h__count,HCT,24_48h,count,continuous,%,0 when absent,True,"Primary excludes Time=48:00. Same-time values use median; MechVent uses max and Urine uses sum. Count is raw valid row count. Statistic 'delta' is last minus first, i.e. the (末值−首值) trend required by 实验方案 §4.1; 'slope_per_hour' is the least-squares trend per hour over the same window."
hct__24_48h__first,HCT,24_48h,first,continuous,%,training median; measured/count retained,True,"Primary excludes Time=48:00. Same-time values use median; MechVent uses max and Urine uses sum. Count is raw valid row count. Statistic 'delta' is last minus first, i.e. the (末值−首值) trend required by 实验方案 §4.1; 'slope_per_hour' is the least-squares trend per hour over the same window."
hct__24_48h__last,HCT,24_48h,last,continuous,%,training median; measured/count retained,True,"Primary excludes Time=48:00. Same-time values use median; MechVent uses max and Urine uses sum. Count is raw valid row count. Statistic 'delta' is last minus first, i.e. the (末值−首值) trend required by 实验方案 §4.1; 'slope_per_hour' is the least-squares trend per hour over the same window."
hct__24_48h__min,HCT,24_48h,min,continuous,%,training median; measured/count retained,True,"Primary excludes Time=48:00. Same-time values use median; MechVent uses max and Urine uses sum. Count is raw valid row count. Statistic 'delta' is last minus first, i.e. the (末值−首值) trend required by 实验方案 §4.1; 'slope_per_hour' is the least-squares trend per hour over the same window."
hct__24_48h__max,HCT,24_48h,max,continuous,%,training median; measured/count retained,True,"Primary excludes Time=48:00. Same-time values use median; MechVent uses max and Urine uses sum. Count is raw valid row count. Statistic 'delta' is last minus first, i.e. the (末值−首值) trend required by 实验方案 §4.1; 'slope_per_hour' is the least-squares trend per hour over the same window."
hct__24_48h__mean,HCT,24_48h,mean,continuous,%,training median; measured/count retained,True,"Primary excludes Time=48:00. Same-time values use median; MechVent uses max and Urine uses sum. Count is raw valid row count. Statistic 'delta' is last minus first, i.e. the (末值−首值) trend required by 实验方案 §4.1; 'slope_per_hour' is the least-squares trend per hour over the same window."
hct__24_48h__median,HCT,24_48h,median,continuous,%,training median; measured/count retained,True,"Primary excludes Time=48:00. Same-time values use median; MechVent uses max and Urine uses sum. Count is raw valid row count. Statistic 'delta' is last minus first, i.e. the (末值−首值) trend required by 实验方案 §4.1; 'slope_per_hour' is the least-squares trend per hour over the same window."
hct__24_48h__std,HCT,24_48h,std,continuous,%,training median; measured/count retained,True,"Primary excludes Time=48:00. Same-time values use median; MechVent uses max and Urine uses sum. Count is raw valid row count. Statistic 'delta' is last minus first, i.e. the (末值−首值) trend required by 实验方案 §4.1; 'slope_per_hour' is the least-squares trend per hour over the same window."
hct__24_48h__slope_per_hour,HCT,24_48h,slope_per_hour,continuous,%,training median; measured/count retained,True,"Primary excludes Time=48:00. Same-time values use median; MechVent uses max and Urine uses sum. Count is raw valid row count. Statistic 'delta' is last minus first, i.e. the (末值−首值) trend required by 实验方案 §4.1; 'slope_per_hour' is the least-squares trend per hour over the same window."
hct__24_48h__delta,HCT,24_48h,delta,continuous,%,training median; measured/count retained,True,"Primary excludes Time=48:00. Same-time values use median; MechVent uses max and Urine uses sum. Count is raw valid row count. Statistic 'delta' is last minus first, i.e. the (末值−首值) trend required by 实验方案 §4.1; 'slope_per_hour' is the least-squares trend per hour over the same window."
hct__24_48h__time_span_hours,HCT,24_48h,time_span_hours,continuous,%,training median; measured/count retained,True,"Primary excludes Time=48:00. Same-time values use median; MechVent uses max and Urine uses sum. Count is raw valid row count. Statistic 'delta' is last minus first, i.e. the (末值−首值) trend required by 实验方案 §4.1; 'slope_per_hour' is the least-squares trend per hour over the same window."
hr__24_48h__measured,HR,24_48h,measured,binary,bpm,0 when absent,True,"Primary excludes Time=48:00. Same-time values use median; MechVent uses max and Urine uses sum. Count is raw valid row count. Statistic 'delta' is last minus first, i.e. the (末值−首值) trend required by 实验方案 §4.1; 'slope_per_hour' is the least-squares trend per hour over the same window."
hr__24_48h__count,HR,24_48h,count,continuous,bpm,0 when absent,True,"Primary excludes Time=48:00. Same-time values use median; MechVent uses max and Urine uses sum. Count is raw valid row count. Statistic 'delta' is last minus first, i.e. the (末值−首值) trend required by 实验方案 §4.1; 'slope_per_hour' is the least-squares trend per hour over the same window."
hr__24_48h__first,HR,24_48h,first,continuous,bpm,training median; measured/count retained,True,"Primary excludes Time=48:00. Same-time values use median; MechVent uses max and Urine uses sum. Count is raw valid row count. Statistic 'delta' is last minus first, i.e. the (末值−首值) trend required by 实验方案 §4.1; 'slope_per_hour' is the least-squares trend per hour over the same window."
hr__24_48h__last,HR,24_48h,last,continuous,bpm,training median; measured/count retained,True,"Primary excludes Time=48:00. Same-time values use median; MechVent uses max and Urine uses sum. Count is raw valid row count. Statistic 'delta' is last minus first, i.e. the (末值−首值) trend required by 实验方案 §4.1; 'slope_per_hour' is the least-squares trend per hour over the same window."
hr__24_48h__min,HR,24_48h,min,continuous,bpm,training median; measured/count retained,True,"Primary excludes Time=48:00. Same-time values use median; MechVent uses max and Urine uses sum. Count is raw valid row count. Statistic 'delta' is last minus first, i.e. the (末值−首值) trend required by 实验方案 §4.1; 'slope_per_hour' is the least-squares trend per hour over the same window."
hr__24_48h__max,HR,24_48h,max,continuous,bpm,training median; measured/count retained,True,"Primary excludes Time=48:00. Same-time values use median; MechVent uses max and Urine uses sum. Count is raw valid row count. Statistic 'delta' is last minus first, i.e. the (末值−首值) trend required by 实验方案 §4.1; 'slope_per_hour' is the least-squares trend per hour over the same window."
hr__24_48h__mean,HR,24_48h,mean,continuous,bpm,training median; measured/count retained,True,"Primary excludes Time=48:00. Same-time values use median; MechVent uses max and Urine uses sum. Count is raw valid row count. Statistic 'delta' is last minus first, i.e. the (末值−首值) trend required by 实验方案 §4.1; 'slope_per_hour' is the least-squares trend per hour over the same window."
hr__24_48h__median,HR,24_48h,median,continuous,bpm,training median; measured/count retained,True,"Primary excludes Time=48:00. Same-time values use median; MechVent uses max and Urine uses sum. Count is raw valid row count. Statistic 'delta' is last minus first, i.e. the (末值−首值) trend required by 实验方案 §4.1; 'slope_per_hour' is the least-squares trend per hour over the same window."
hr__24_48h__std,HR,24_48h,std,continuous,bpm,training median; measured/count retained,True,"Primary excludes Time=48:00. Same-time values use median; MechVent uses max and Urine uses sum. Count is raw valid row count. Statistic 'delta' is last minus first, i.e. the (末值−首值) trend required by 实验方案 §4.1; 'slope_per_hour' is the least-squares trend per hour over the same window."
hr__24_48h__slope_per_hour,HR,24_48h,slope_per_hour,continuous,bpm,training median; measured/count retained,True,"Primary excludes Time=48:00. Same-time values use median; MechVent uses max and Urine uses sum. Count is raw valid row count. Statistic 'delta' is last minus first, i.e. the (末值−首值) trend required by 实验方案 §4.1; 'slope_per_hour' is the least-squares trend per hour over the same window."
hr__24_48h__delta,HR,24_48h,delta,continuous,bpm,training median; measured/count retained,True,"Primary excludes Time=48:00. Same-time values use median; MechVent uses max and Urine uses sum. Count is raw valid row count. Statistic 'delta' is last minus first, i.e. the (末值−首值) trend required by 实验方案 §4.1; 'slope_per_hour' is the least-squares trend per hour over the same window."
hr__24_48h__time_span_hours,HR,24_48h,time_span_hours,continuous,bpm,training median; measured/count retained,True,"Primary excludes Time=48:00. Same-time values use median; MechVent uses max and Urine uses sum. Count is raw valid row count. Statistic 'delta' is last minus first, i.e. the (末值−首值) trend required by 实验方案 §4.1; 'slope_per_hour' is the least-squares trend per hour over the same window."
k__24_48h__measured,K,24_48h,measured,binary,mEq/L,0 when absent,True,"Primary excludes Time=48:00. Same-time values use median; MechVent uses max and Urine uses sum. Count is raw valid row count. Statistic 'delta' is last minus first, i.e. the (末值−首值) trend required by 实验方案 §4.1; 'slope_per_hour' is the least-squares trend per hour over the same window."
k__24_48h__count,K,24_48h,count,continuous,mEq/L,0 when absent,True,"Primary excludes Time=48:00. Same-time values use median; MechVent uses max and Urine uses sum. Count is raw valid row count. Statistic 'delta' is last minus first, i.e. the (末值−首值) trend required by 实验方案 §4.1; 'slope_per_hour' is the least-squares trend per hour over the same window."
k__24_48h__first,K,24_48h,first,continuous,mEq/L,training median; measured/count retained,True,"Primary excludes Time=48:00. Same-time values use median; MechVent uses max and Urine uses sum. Count is raw valid row count. Statistic 'delta' is last minus first, i.e. the (末值−首值) trend required by 实验方案 §4.1; 'slope_per_hour' is the least-squares trend per hour over the same window."
k__24_48h__last,K,24_48h,last,continuous,mEq/L,training median; measured/count retained,True,"Primary excludes Time=48:00. Same-time values use median; MechVent uses max and Urine uses sum. Count is raw valid row count. Statistic 'delta' is last minus first, i.e. the (末值−首值) trend required by 实验方案 §4.1; 'slope_per_hour' is the least-squares trend per hour over the same window."
k__24_48h__min,K,24_48h,min,continuous,mEq/L,training median; measured/count retained,True,"Primary excludes Time=48:00. Same-time values use median; MechVent uses max and Urine uses sum. Count is raw valid row count. Statistic 'delta' is last minus first, i.e. the (末值−首值) trend required by 实验方案 §4.1; 'slope_per_hour' is the least-squares trend per hour over the same window."
k__24_48h__max,K,24_48h,max,continuous,mEq/L,training median; measured/count retained,True,"Primary excludes Time=48:00. Same-time values use median; MechVent uses max and Urine uses sum. Count is raw valid row count. Statistic 'delta' is last minus first, i.e. the (末值−首值) trend required by 实验方案 §4.1; 'slope_per_hour' is the least-squares trend per hour over the same window."
k__24_48h__mean,K,24_48h,mean,continuous,mEq/L,training median; measured/count retained,True,"Primary excludes Time=48:00. Same-time values use median; MechVent uses max and Urine uses sum. Count is raw valid row count. Statistic 'delta' is last minus first, i.e. the (末值−首值) trend required by 实验方案 §4.1; 'slope_per_hour' is the least-squares trend per hour over the same window."
k__24_48h__median,K,24_48h,median,continuous,mEq/L,training median; measured/count retained,True,"Primary excludes Time=48:00. Same-time values use median; MechVent uses max and Urine uses sum. Count is raw valid row count. Statistic 'delta' is last minus first, i.e. the (末值−首值) trend required by 实验方案 §4.1; 'slope_per_hour' is the least-squares trend per hour over the same window."
k__24_48h__std,K,24_48h,std,continuous,mEq/L,training median; measured/count retained,True,"Primary excludes Time=48:00. Same-time values use median; MechVent uses max and Urine uses sum. Count is raw valid row count. Statistic 'delta' is last minus first, i.e. the (末值−首值) trend required by 实验方案 §4.1; 'slope_per_hour' is the least-squares trend per hour over the same window."
k__24_48h__slope_per_hour,K,24_48h,slope_per_hour,continuous,mEq/L,training median; measured/count retained,True,"Primary excludes Time=48:00. Same-time values use median; MechVent uses max and Urine uses sum. Count is raw valid row count. Statistic 'delta' is last minus first, i.e. the (末值−首值) trend required by 实验方案 §4.1; 'slope_per_hour' is the least-squares trend per hour over the same window."
k__24_48h__delta,K,24_48h,delta,continuous,mEq/L,training median; measured/count retained,True,"Primary excludes Time=48:00. Same-time values use median; MechVent uses max and Urine uses sum. Count is raw valid row count. Statistic 'delta' is last minus first, i.e. the (末值−首值) trend required by 实验方案 §4.1; 'slope_per_hour' is the least-squares trend per hour over the same window."
k__24_48h__time_span_hours,K,24_48h,time_span_hours,continuous,mEq/L,training median; measured/count retained,True,"Primary excludes Time=48:00. Same-time values use median; MechVent uses max and Urine uses sum. Count is raw valid row count. Statistic 'delta' is last minus first, i.e. the (末值−首值) trend required by 实验方案 §4.1; 'slope_per_hour' is the least-squares trend per hour over the same window."
lactate__24_48h__measured,Lactate,24_48h,measured,binary,mmol/L,0 when absent,True,"Primary excludes Time=48:00. Same-time values use median; MechVent uses max and Urine uses sum. Count is raw valid row count. Statistic 'delta' is last minus first, i.e. the (末值−首值) trend required by 实验方案 §4.1; 'slope_per_hour' is the least-squares trend per hour over the same window."
lactate__24_48h__count,Lactate,24_48h,count,continuous,mmol/L,0 when absent,True,"Primary excludes Time=48:00. Same-time values use median; MechVent uses max and Urine uses sum. Count is raw valid row count. Statistic 'delta' is last minus first, i.e. the (末值−首值) trend required by 实验方案 §4.1; 'slope_per_hour' is the least-squares trend per hour over the same window."
lactate__24_48h__first,Lactate,24_48h,first,continuous,mmol/L,training median; measured/count retained,True,"Primary excludes Time=48:00. Same-time values use median; MechVent uses max and Urine uses sum. Count is raw valid row count. Statistic 'delta' is last minus first, i.e. the (末值−首值) trend required by 实验方案 §4.1; 'slope_per_hour' is the least-squares trend per hour over the same window."
lactate__24_48h__last,Lactate,24_48h,last,continuous,mmol/L,training median; measured/count retained,True,"Primary excludes Time=48:00. Same-time values use median; MechVent uses max and Urine uses sum. Count is raw valid row count. Statistic 'delta' is last minus first, i.e. the (末值−首值) trend required by 实验方案 §4.1; 'slope_per_hour' is the least-squares trend per hour over the same window."
lactate__24_48h__min,Lactate,24_48h,min,continuous,mmol/L,training median; measured/count retained,True,"Primary excludes Time=48:00. Same-time values use median; MechVent uses max and Urine uses sum. Count is raw valid row count. Statistic 'delta' is last minus first, i.e. the (末值−首值) trend required by 实验方案 §4.1; 'slope_per_hour' is the least-squares trend per hour over the same window."
lactate__24_48h__max,Lactate,24_48h,max,continuous,mmol/L,training median; measured/count retained,True,"Primary excludes Time=48:00. Same-time values use median; MechVent uses max and Urine uses sum. Count is raw valid row count. Statistic 'delta' is last minus first, i.e. the (末值−首值) trend required by 实验方案 §4.1; 'slope_per_hour' is the least-squares trend per hour over the same window."
lactate__24_48h__mean,Lactate,24_48h,mean,continuous,mmol/L,training median; measured/count retained,True,"Primary excludes Time=48:00. Same-time values use median; MechVent uses max and Urine uses sum. Count is raw valid row count. Statistic 'delta' is last minus first, i.e. the (末值−首值) trend required by 实验方案 §4.1; 'slope_per_hour' is the least-squares trend per hour over the same window."
lactate__24_48h__median,Lactate,24_48h,median,continuous,mmol/L,training median; measured/count retained,True,"Primary excludes Time=48:00. Same-time values use median; MechVent uses max and Urine uses sum. Count is raw valid row count. Statistic 'delta' is last minus first, i.e. the (末值−首值) trend required by 实验方案 §4.1; 'slope_per_hour' is the least-squares trend per hour over the same window."
lactate__24_48h__std,Lactate,24_48h,std,continuous,mmol/L,training median; measured/count retained,True,"Primary excludes Time=48:00. Same-time values use median; MechVent uses max and Urine uses sum. Count is raw valid row count. Statistic 'delta' is last minus first, i.e. the (末值−首值) trend required by 实验方案 §4.1; 'slope_per_hour' is the least-squares trend per hour over the same window."
lactate__24_48h__slope_per_hour,Lactate,24_48h,slope_per_hour,continuous,mmol/L,training median; measured/count retained,True,"Primary excludes Time=48:00. Same-time values use median; MechVent uses max and Urine uses sum. Count is raw valid row count. Statistic 'delta' is last minus first, i.e. the (末值−首值) trend required by 实验方案 §4.1; 'slope_per_hour' is the least-squares trend per hour over the same window."
lactate__24_48h__delta,Lactate,24_48h,delta,continuous,mmol/L,training median; measured/count retained,True,"Primary excludes Time=48:00. Same-time values use median; MechVent uses max and Urine uses sum. Count is raw valid row count. Statistic 'delta' is last minus first, i.e. the (末值−首值) trend required by 实验方案 §4.1; 'slope_per_hour' is the least-squares trend per hour over the same window."
lactate__24_48h__time_span_hours,Lactate,24_48h,time_span_hours,continuous,mmol/L,training median; measured/count retained,True,"Primary excludes Time=48:00. Same-time values use median; MechVent uses max and Urine uses sum. Count is raw valid row count. Statistic 'delta' is last minus first, i.e. the (末值−首值) trend required by 实验方案 §4.1; 'slope_per_hour' is the least-squares trend per hour over the same window."
map__24_48h__measured,MAP,24_48h,measured,binary,mmHg,0 when absent,True,"Primary excludes Time=48:00. Same-time values use median; MechVent uses max and Urine uses sum. Count is raw valid row count. Statistic 'delta' is last minus first, i.e. the (末值−首值) trend required by 实验方案 §4.1; 'slope_per_hour' is the least-squares trend per hour over the same window."
map__24_48h__count,MAP,24_48h,count,continuous,mmHg,0 when absent,True,"Primary excludes Time=48:00. Same-time values use median; MechVent uses max and Urine uses sum. Count is raw valid row count. Statistic 'delta' is last minus first, i.e. the (末值−首值) trend required by 实验方案 §4.1; 'slope_per_hour' is the least-squares trend per hour over the same window."
map__24_48h__first,MAP,24_48h,first,continuous,mmHg,training median; measured/count retained,True,"Primary excludes Time=48:00. Same-time values use median; MechVent uses max and Urine uses sum. Count is raw valid row count. Statistic 'delta' is last minus first, i.e. the (末值−首值) trend required by 实验方案 §4.1; 'slope_per_hour' is the least-squares trend per hour over the same window."
map__24_48h__last,MAP,24_48h,last,continuous,mmHg,training median; measured/count retained,True,"Primary excludes Time=48:00. Same-time values use median; MechVent uses max and Urine uses sum. Count is raw valid row count. Statistic 'delta' is last minus first, i.e. the (末值−首值) trend required by 实验方案 §4.1; 'slope_per_hour' is the least-squares trend per hour over the same window."
map__24_48h__min,MAP,24_48h,min,continuous,mmHg,training median; measured/count retained,True,"Primary excludes Time=48:00. Same-time values use median; MechVent uses max and Urine uses sum. Count is raw valid row count. Statistic 'delta' is last minus first, i.e. the (末值−首值) trend required by 实验方案 §4.1; 'slope_per_hour' is the least-squares trend per hour over the same window."
map__24_48h__max,MAP,24_48h,max,continuous,mmHg,training median; measured/count retained,True,"Primary excludes Time=48:00. Same-time values use median; MechVent uses max and Urine uses sum. Count is raw valid row count. Statistic 'delta' is last minus first, i.e. the (末值−首值) trend required by 实验方案 §4.1; 'slope_per_hour' is the least-squares trend per hour over the same window."
map__24_48h__mean,MAP,24_48h,mean,continuous,mmHg,training median; measured/count retained,True,"Primary excludes Time=48:00. Same-time values use median; MechVent uses max and Urine uses sum. Count is raw valid row count. Statistic 'delta' is last minus first, i.e. the (末值−首值) trend required by 实验方案 §4.1; 'slope_per_hour' is the least-squares trend per hour over the same window."
map__24_48h__median,MAP,24_48h,median,continuous,mmHg,training median; measured/count retained,True,"Primary excludes Time=48:00. Same-time values use median; MechVent uses max and Urine uses sum. Count is raw valid row count. Statistic 'delta' is last minus first, i.e. the (末值−首值) trend required by 实验方案 §4.1; 'slope_per_hour' is the least-squares trend per hour over the same window."
map__24_48h__std,MAP,24_48h,std,continuous,mmHg,training median; measured/count retained,True,"Primary excludes Time=48:00. Same-time values use median; MechVent uses max and Urine uses sum. Count is raw valid row count. Statistic 'delta' is last minus first, i.e. the (末值−首值) trend required by 实验方案 §4.1; 'slope_per_hour' is the least-squares trend per hour over the same window."
map__24_48h__slope_per_hour,MAP,24_48h,slope_per_hour,continuous,mmHg,training median; measured/count retained,True,"Primary excludes Time=48:00. Same-time values use median; MechVent uses max and Urine uses sum. Count is raw valid row count. Statistic 'delta' is last minus first, i.e. the (末值−首值) trend required by 实验方案 §4.1; 'slope_per_hour' is the least-squares trend per hour over the same window."
map__24_48h__delta,MAP,24_48h,delta,continuous,mmHg,training median; measured/count retained,True,"Primary excludes Time=48:00. Same-time values use median; MechVent uses max and Urine uses sum. Count is raw valid row count. Statistic 'delta' is last minus first, i.e. the (末值−首值) trend required by 实验方案 §4.1; 'slope_per_hour' is the least-squares trend per hour over the same window."
map__24_48h__time_span_hours,MAP,24_48h,time_span_hours,continuous,mmHg,training median; measured/count retained,True,"Primary excludes Time=48:00. Same-time values use median; MechVent uses max and Urine uses sum. Count is raw valid row count. Statistic 'delta' is last minus first, i.e. the (末值−首值) trend required by 实验方案 §4.1; 'slope_per_hour' is the least-squares trend per hour over the same window."
mechvent__24_48h__measured,MechVent,24_48h,measured,binary,binary,0 when absent,True,"Primary excludes Time=48:00. Same-time values use median; MechVent uses max and Urine uses sum. Count is raw valid row count. Statistic 'delta' is last minus first, i.e. the (末值−首值) trend required by 实验方案 §4.1; 'slope_per_hour' is the least-squares trend per hour over the same window."
mechvent__24_48h__count,MechVent,24_48h,count,continuous,binary,0 when absent,True,"Primary excludes Time=48:00. Same-time values use median; MechVent uses max and Urine uses sum. Count is raw valid row count. Statistic 'delta' is last minus first, i.e. the (末值−首值) trend required by 实验方案 §4.1; 'slope_per_hour' is the least-squares trend per hour over the same window."
mechvent__24_48h__first,MechVent,24_48h,first,continuous,binary,training median; measured/count retained,True,"Primary excludes Time=48:00. Same-time values use median; MechVent uses max and Urine uses sum. Count is raw valid row count. Statistic 'delta' is last minus first, i.e. the (末值−首值) trend required by 实验方案 §4.1; 'slope_per_hour' is the least-squares trend per hour over the same window."
mechvent__24_48h__last,MechVent,24_48h,last,continuous,binary,training median; measured/count retained,True,"Primary excludes Time=48:00. Same-time values use median; MechVent uses max and Urine uses sum. Count is raw valid row count. Statistic 'delta' is last minus first, i.e. the (末值−首值) trend required by 实验方案 §4.1; 'slope_per_hour' is the least-squares trend per hour over the same window."
mechvent__24_48h__min,MechVent,24_48h,min,continuous,binary,training median; measured/count retained,True,"Primary excludes Time=48:00. Same-time values use median; MechVent uses max and Urine uses sum. Count is raw valid row count. Statistic 'delta' is last minus first, i.e. the (末值−首值) trend required by 实验方案 §4.1; 'slope_per_hour' is the least-squares trend per hour over the same window."
mechvent__24_48h__max,MechVent,24_48h,max,continuous,binary,training median; measured/count retained,True,"Primary excludes Time=48:00. Same-time values use median; MechVent uses max and Urine uses sum. Count is raw valid row count. Statistic 'delta' is last minus first, i.e. the (末值−首值) trend required by 实验方案 §4.1; 'slope_per_hour' is the least-squares trend per hour over the same window."
mechvent__24_48h__mean,MechVent,24_48h,mean,continuous,binary,training median; measured/count retained,True,"Primary excludes Time=48:00. Same-time values use median; MechVent uses max and Urine uses sum. Count is raw valid row count. Statistic 'delta' is last minus first, i.e. the (末值−首值) trend required by 实验方案 §4.1; 'slope_per_hour' is the least-squares trend per hour over the same window."
mechvent__24_48h__median,MechVent,24_48h,median,continuous,binary,training median; measured/count retained,True,"Primary excludes Time=48:00. Same-time values use median; MechVent uses max and Urine uses sum. Count is raw valid row count. Statistic 'delta' is last minus first, i.e. the (末值−首值) trend required by 实验方案 §4.1; 'slope_per_hour' is the least-squares trend per hour over the same window."
mechvent__24_48h__std,MechVent,24_48h,std,continuous,binary,training median; measured/count retained,True,"Primary excludes Time=48:00. Same-time values use median; MechVent uses max and Urine uses sum. Count is raw valid row count. Statistic 'delta' is last minus first, i.e. the (末值−首值) trend required by 实验方案 §4.1; 'slope_per_hour' is the least-squares trend per hour over the same window."
mechvent__24_48h__slope_per_hour,MechVent,24_48h,slope_per_hour,continuous,binary,training median; measured/count retained,True,"Primary excludes Time=48:00. Same-time values use median; MechVent uses max and Urine uses sum. Count is raw valid row count. Statistic 'delta' is last minus first, i.e. the (末值−首值) trend required by 实验方案 §4.1; 'slope_per_hour' is the least-squares trend per hour over the same window."
mechvent__24_48h__delta,MechVent,24_48h,delta,continuous,binary,training median; measured/count retained,True,"Primary excludes Time=48:00. Same-time values use median; MechVent uses max and Urine uses sum. Count is raw valid row count. Statistic 'delta' is last minus first, i.e. the (末值−首值) trend required by 实验方案 §4.1; 'slope_per_hour' is the least-squares trend per hour over the same window."
mechvent__24_48h__time_span_hours,MechVent,24_48h,time_span_hours,continuous,binary,training median; measured/count retained,True,"Primary excludes Time=48:00. Same-time values use median; MechVent uses max and Urine uses sum. Count is raw valid row count. Statistic 'delta' is last minus first, i.e. the (末值−首值) trend required by 实验方案 §4.1; 'slope_per_hour' is the least-squares trend per hour over the same window."
mg__24_48h__measured,Mg,24_48h,measured,binary,mmol/L,0 when absent,True,"Primary excludes Time=48:00. Same-time values use median; MechVent uses max and Urine uses sum. Count is raw valid row count. Statistic 'delta' is last minus first, i.e. the (末值−首值) trend required by 实验方案 §4.1; 'slope_per_hour' is the least-squares trend per hour over the same window."
mg__24_48h__count,Mg,24_48h,count,continuous,mmol/L,0 when absent,True,"Primary excludes Time=48:00. Same-time values use median; MechVent uses max and Urine uses sum. Count is raw valid row count. Statistic 'delta' is last minus first, i.e. the (末值−首值) trend required by 实验方案 §4.1; 'slope_per_hour' is the least-squares trend per hour over the same window."
mg__24_48h__first,Mg,24_48h,first,continuous,mmol/L,training median; measured/count retained,True,"Primary excludes Time=48:00. Same-time values use median; MechVent uses max and Urine uses sum. Count is raw valid row count. Statistic 'delta' is last minus first, i.e. the (末值−首值) trend required by 实验方案 §4.1; 'slope_per_hour' is the least-squares trend per hour over the same window."
mg__24_48h__last,Mg,24_48h,last,continuous,mmol/L,training median; measured/count retained,True,"Primary excludes Time=48:00. Same-time values use median; MechVent uses max and Urine uses sum. Count is raw valid row count. Statistic 'delta' is last minus first, i.e. the (末值−首值) trend required by 实验方案 §4.1; 'slope_per_hour' is the least-squares trend per hour over the same window."
mg__24_48h__min,Mg,24_48h,min,continuous,mmol/L,training median; measured/count retained,True,"Primary excludes Time=48:00. Same-time values use median; MechVent uses max and Urine uses sum. Count is raw valid row count. Statistic 'delta' is last minus first, i.e. the (末值−首值) trend required by 实验方案 §4.1; 'slope_per_hour' is the least-squares trend per hour over the same window."
mg__24_48h__max,Mg,24_48h,max,continuous,mmol/L,training median; measured/count retained,True,"Primary excludes Time=48:00. Same-time values use median; MechVent uses max and Urine uses sum. Count is raw valid row count. Statistic 'delta' is last minus first, i.e. the (末值−首值) trend required by 实验方案 §4.1; 'slope_per_hour' is the least-squares trend per hour over the same window."
mg__24_48h__mean,Mg,24_48h,mean,continuous,mmol/L,training median; measured/count retained,True,"Primary excludes Time=48:00. Same-time values use median; MechVent uses max and Urine uses sum. Count is raw valid row count. Statistic 'delta' is last minus first, i.e. the (末值−首值) trend required by 实验方案 §4.1; 'slope_per_hour' is the least-squares trend per hour over the same window."
mg__24_48h__median,Mg,24_48h,median,continuous,mmol/L,training median; measured/count retained,True,"Primary excludes Time=48:00. Same-time values use median; MechVent uses max and Urine uses sum. Count is raw valid row count. Statistic 'delta' is last minus first, i.e. the (末值−首值) trend required by 实验方案 §4.1; 'slope_per_hour' is the least-squares trend per hour over the same window."
mg__24_48h__std,Mg,24_48h,std,continuous,mmol/L,training median; measured/count retained,True,"Primary excludes Time=48:00. Same-time values use median; MechVent uses max and Urine uses sum. Count is raw valid row count. Statistic 'delta' is last minus first, i.e. the (末值−首值) trend required by 实验方案 §4.1; 'slope_per_hour' is the least-squares trend per hour over the same window."
mg__24_48h__slope_per_hour,Mg,24_48h,slope_per_hour,continuous,mmol/L,training median; measured/count retained,True,"Primary excludes Time=48:00. Same-time values use median; MechVent uses max and Urine uses sum. Count is raw valid row count. Statistic 'delta' is last minus first, i.e. the (末值−首值) trend required by 实验方案 §4.1; 'slope_per_hour' is the least-squares trend per hour over the same window."
mg__24_48h__delta,Mg,24_48h,delta,continuous,mmol/L,training median; measured/count retained,True,"Primary excludes Time=48:00. Same-time values use median; MechVent uses max and Urine uses sum. Count is raw valid row count. Statistic 'delta' is last minus first, i.e. the (末值−首值) trend required by 实验方案 §4.1; 'slope_per_hour' is the least-squares trend per hour over the same window."
mg__24_48h__time_span_hours,Mg,24_48h,time_span_hours,continuous,mmol/L,training median; measured/count retained,True,"Primary excludes Time=48:00. Same-time values use median; MechVent uses max and Urine uses sum. Count is raw valid row count. Statistic 'delta' is last minus first, i.e. the (末值−首值) trend required by 实验方案 §4.1; 'slope_per_hour' is the least-squares trend per hour over the same window."
na__24_48h__measured,Na,24_48h,measured,binary,mEq/L,0 when absent,True,"Primary excludes Time=48:00. Same-time values use median; MechVent uses max and Urine uses sum. Count is raw valid row count. Statistic 'delta' is last minus first, i.e. the (末值−首值) trend required by 实验方案 §4.1; 'slope_per_hour' is the least-squares trend per hour over the same window."
na__24_48h__count,Na,24_48h,count,continuous,mEq/L,0 when absent,True,"Primary excludes Time=48:00. Same-time values use median; MechVent uses max and Urine uses sum. Count is raw valid row count. Statistic 'delta' is last minus first, i.e. the (末值−首值) trend required by 实验方案 §4.1; 'slope_per_hour' is the least-squares trend per hour over the same window."
na__24_48h__first,Na,24_48h,first,continuous,mEq/L,training median; measured/count retained,True,"Primary excludes Time=48:00. Same-time values use median; MechVent uses max and Urine uses sum. Count is raw valid row count. Statistic 'delta' is last minus first, i.e. the (末值−首值) trend required by 实验方案 §4.1; 'slope_per_hour' is the least-squares trend per hour over the same window."
na__24_48h__last,Na,24_48h,last,continuous,mEq/L,training median; measured/count retained,True,"Primary excludes Time=48:00. Same-time values use median; MechVent uses max and Urine uses sum. Count is raw valid row count. Statistic 'delta' is last minus first, i.e. the (末值−首值) trend required by 实验方案 §4.1; 'slope_per_hour' is the least-squares trend per hour over the same window."
na__24_48h__min,Na,24_48h,min,continuous,mEq/L,training median; measured/count retained,True,"Primary excludes Time=48:00. Same-time values use median; MechVent uses max and Urine uses sum. Count is raw valid row count. Statistic 'delta' is last minus first, i.e. the (末值−首值) trend required by 实验方案 §4.1; 'slope_per_hour' is the least-squares trend per hour over the same window."
na__24_48h__max,Na,24_48h,max,continuous,mEq/L,training median; measured/count retained,True,"Primary excludes Time=48:00. Same-time values use median; MechVent uses max and Urine uses sum. Count is raw valid row count. Statistic 'delta' is last minus first, i.e. the (末值−首值) trend required by 实验方案 §4.1; 'slope_per_hour' is the least-squares trend per hour over the same window."
na__24_48h__mean,Na,24_48h,mean,continuous,mEq/L,training median; measured/count retained,True,"Primary excludes Time=48:00. Same-time values use median; MechVent uses max and Urine uses sum. Count is raw valid row count. Statistic 'delta' is last minus first, i.e. the (末值−首值) trend required by 实验方案 §4.1; 'slope_per_hour' is the least-squares trend per hour over the same window."
na__24_48h__median,Na,24_48h,median,continuous,mEq/L,training median; measured/count retained,True,"Primary excludes Time=48:00. Same-time values use median; MechVent uses max and Urine uses sum. Count is raw valid row count. Statistic 'delta' is last minus first, i.e. the (末值−首值) trend required by 实验方案 §4.1; 'slope_per_hour' is the least-squares trend per hour over the same window."
na__24_48h__std,Na,24_48h,std,continuous,mEq/L,training median; measured/count retained,True,"Primary excludes Time=48:00. Same-time values use median; MechVent uses max and Urine uses sum. Count is raw valid row count. Statistic 'delta' is last minus first, i.e. the (末值−首值) trend required by 实验方案 §4.1; 'slope_per_hour' is the least-squares trend per hour over the same window."
na__24_48h__slope_per_hour,Na,24_48h,slope_per_hour,continuous,mEq/L,training median; measured/count retained,True,"Primary excludes Time=48:00. Same-time values use median; MechVent uses max and Urine uses sum. Count is raw valid row count. Statistic 'delta' is last minus first, i.e. the (末值−首值) trend required by 实验方案 §4.1; 'slope_per_hour' is the least-squares trend per hour over the same window."
na__24_48h__delta,Na,24_48h,delta,continuous,mEq/L,training median; measured/count retained,True,"Primary excludes Time=48:00. Same-time values use median; MechVent uses max and Urine uses sum. Count is raw valid row count. Statistic 'delta' is last minus first, i.e. the (末值−首值) trend required by 实验方案 §4.1; 'slope_per_hour' is the least-squares trend per hour over the same window."
na__24_48h__time_span_hours,Na,24_48h,time_span_hours,continuous,mEq/L,training median; measured/count retained,True,"Primary excludes Time=48:00. Same-time values use median; MechVent uses max and Urine uses sum. Count is raw valid row count. Statistic 'delta' is last minus first, i.e. the (末值−首值) trend required by 实验方案 §4.1; 'slope_per_hour' is the least-squares trend per hour over the same window."
nidiasabp__24_48h__measured,NIDiasABP,24_48h,measured,binary,mmHg,0 when absent,True,"Primary excludes Time=48:00. Same-time values use median; MechVent uses max and Urine uses sum. Count is raw valid row count. Statistic 'delta' is last minus first, i.e. the (末值−首值) trend required by 实验方案 §4.1; 'slope_per_hour' is the least-squares trend per hour over the same window."
nidiasabp__24_48h__count,NIDiasABP,24_48h,count,continuous,mmHg,0 when absent,True,"Primary excludes Time=48:00. Same-time values use median; MechVent uses max and Urine uses sum. Count is raw valid row count. Statistic 'delta' is last minus first, i.e. the (末值−首值) trend required by 实验方案 §4.1; 'slope_per_hour' is the least-squares trend per hour over the same window."
nidiasabp__24_48h__first,NIDiasABP,24_48h,first,continuous,mmHg,training median; measured/count retained,True,"Primary excludes Time=48:00. Same-time values use median; MechVent uses max and Urine uses sum. Count is raw valid row count. Statistic 'delta' is last minus first, i.e. the (末值−首值) trend required by 实验方案 §4.1; 'slope_per_hour' is the least-squares trend per hour over the same window."
nidiasabp__24_48h__last,NIDiasABP,24_48h,last,continuous,mmHg,training median; measured/count retained,True,"Primary excludes Time=48:00. Same-time values use median; MechVent uses max and Urine uses sum. Count is raw valid row count. Statistic 'delta' is last minus first, i.e. the (末值−首值) trend required by 实验方案 §4.1; 'slope_per_hour' is the least-squares trend per hour over the same window."
nidiasabp__24_48h__min,NIDiasABP,24_48h,min,continuous,mmHg,training median; measured/count retained,True,"Primary excludes Time=48:00. Same-time values use median; MechVent uses max and Urine uses sum. Count is raw valid row count. Statistic 'delta' is last minus first, i.e. the (末值−首值) trend required by 实验方案 §4.1; 'slope_per_hour' is the least-squares trend per hour over the same window."
nidiasabp__24_48h__max,NIDiasABP,24_48h,max,continuous,mmHg,training median; measured/count retained,True,"Primary excludes Time=48:00. Same-time values use median; MechVent uses max and Urine uses sum. Count is raw valid row count. Statistic 'delta' is last minus first, i.e. the (末值−首值) trend required by 实验方案 §4.1; 'slope_per_hour' is the least-squares trend per hour over the same window."
nidiasabp__24_48h__mean,NIDiasABP,24_48h,mean,continuous,mmHg,training median; measured/count retained,True,"Primary excludes Time=48:00. Same-time values use median; MechVent uses max and Urine uses sum. Count is raw valid row count. Statistic 'delta' is last minus first, i.e. the (末值−首值) trend required by 实验方案 §4.1; 'slope_per_hour' is the least-squares trend per hour over the same window."
nidiasabp__24_48h__median,NIDiasABP,24_48h,median,continuous,mmHg,training median; measured/count retained,True,"Primary excludes Time=48:00. Same-time values use median; MechVent uses max and Urine uses sum. Count is raw valid row count. Statistic 'delta' is last minus first, i.e. the (末值−首值) trend required by 实验方案 §4.1; 'slope_per_hour' is the least-squares trend per hour over the same window."
nidiasabp__24_48h__std,NIDiasABP,24_48h,std,continuous,mmHg,training median; measured/count retained,True,"Primary excludes Time=48:00. Same-time values use median; MechVent uses max and Urine uses sum. Count is raw valid row count. Statistic 'delta' is last minus first, i.e. the (末值−首值) trend required by 实验方案 §4.1; 'slope_per_hour' is the least-squares trend per hour over the same window."
nidiasabp__24_48h__slope_per_hour,NIDiasABP,24_48h,slope_per_hour,continuous,mmHg,training median; measured/count retained,True,"Primary excludes Time=48:00. Same-time values use median; MechVent uses max and Urine uses sum. Count is raw valid row count. Statistic 'delta' is last minus first, i.e. the (末值−首值) trend required by 实验方案 §4.1; 'slope_per_hour' is the least-squares trend per hour over the same window."
nidiasabp__24_48h__delta,NIDiasABP,24_48h,delta,continuous,mmHg,training median; measured/count retained,True,"Primary excludes Time=48:00. Same-time values use median; MechVent uses max and Urine uses sum. Count is raw valid row count. Statistic 'delta' is last minus first, i.e. the (末值−首值) trend required by 实验方案 §4.1; 'slope_per_hour' is the least-squares trend per hour over the same window."
nidiasabp__24_48h__time_span_hours,NIDiasABP,24_48h,time_span_hours,continuous,mmHg,training median; measured/count retained,True,"Primary excludes Time=48:00. Same-time values use median; MechVent uses max and Urine uses sum. Count is raw valid row count. Statistic 'delta' is last minus first, i.e. the (末值−首值) trend required by 实验方案 §4.1; 'slope_per_hour' is the least-squares trend per hour over the same window."
nimap__24_48h__measured,NIMAP,24_48h,measured,binary,mmHg,0 when absent,True,"Primary excludes Time=48:00. Same-time values use median; MechVent uses max and Urine uses sum. Count is raw valid row count. Statistic 'delta' is last minus first, i.e. the (末值−首值) trend required by 实验方案 §4.1; 'slope_per_hour' is the least-squares trend per hour over the same window."
nimap__24_48h__count,NIMAP,24_48h,count,continuous,mmHg,0 when absent,True,"Primary excludes Time=48:00. Same-time values use median; MechVent uses max and Urine uses sum. Count is raw valid row count. Statistic 'delta' is last minus first, i.e. the (末值−首值) trend required by 实验方案 §4.1; 'slope_per_hour' is the least-squares trend per hour over the same window."
nimap__24_48h__first,NIMAP,24_48h,first,continuous,mmHg,training median; measured/count retained,True,"Primary excludes Time=48:00. Same-time values use median; MechVent uses max and Urine uses sum. Count is raw valid row count. Statistic 'delta' is last minus first, i.e. the (末值−首值) trend required by 实验方案 §4.1; 'slope_per_hour' is the least-squares trend per hour over the same window."
nimap__24_48h__last,NIMAP,24_48h,last,continuous,mmHg,training median; measured/count retained,True,"Primary excludes Time=48:00. Same-time values use median; MechVent uses max and Urine uses sum. Count is raw valid row count. Statistic 'delta' is last minus first, i.e. the (末值−首值) trend required by 实验方案 §4.1; 'slope_per_hour' is the least-squares trend per hour over the same window."
nimap__24_48h__min,NIMAP,24_48h,min,continuous,mmHg,training median; measured/count retained,True,"Primary excludes Time=48:00. Same-time values use median; MechVent uses max and Urine uses sum. Count is raw valid row count. Statistic 'delta' is last minus first, i.e. the (末值−首值) trend required by 实验方案 §4.1; 'slope_per_hour' is the least-squares trend per hour over the same window."
nimap__24_48h__max,NIMAP,24_48h,max,continuous,mmHg,training median; measured/count retained,True,"Primary excludes Time=48:00. Same-time values use median; MechVent uses max and Urine uses sum. Count is raw valid row count. Statistic 'delta' is last minus first, i.e. the (末值−首值) trend required by 实验方案 §4.1; 'slope_per_hour' is the least-squares trend per hour over the same window."
nimap__24_48h__mean,NIMAP,24_48h,mean,continuous,mmHg,training median; measured/count retained,True,"Primary excludes Time=48:00. Same-time values use median; MechVent uses max and Urine uses sum. Count is raw valid row count. Statistic 'delta' is last minus first, i.e. the (末值−首值) trend required by 实验方案 §4.1; 'slope_per_hour' is the least-squares trend per hour over the same window."
nimap__24_48h__median,NIMAP,24_48h,median,continuous,mmHg,training median; measured/count retained,True,"Primary excludes Time=48:00. Same-time values use median; MechVent uses max and Urine uses sum. Count is raw valid row count. Statistic 'delta' is last minus first, i.e. the (末值−首值) trend required by 实验方案 §4.1; 'slope_per_hour' is the least-squares trend per hour over the same window."
nimap__24_48h__std,NIMAP,24_48h,std,continuous,mmHg,training median; measured/count retained,True,"Primary excludes Time=48:00. Same-time values use median; MechVent uses max and Urine uses sum. Count is raw valid row count. Statistic 'delta' is last minus first, i.e. the (末值−首值) trend required by 实验方案 §4.1; 'slope_per_hour' is the least-squares trend per hour over the same window."
nimap__24_48h__slope_per_hour,NIMAP,24_48h,slope_per_hour,continuous,mmHg,training median; measured/count retained,True,"Primary excludes Time=48:00. Same-time values use median; MechVent uses max and Urine uses sum. Count is raw valid row count. Statistic 'delta' is last minus first, i.e. the (末值−首值) trend required by 实验方案 §4.1; 'slope_per_hour' is the least-squares trend per hour over the same window."
nimap__24_48h__delta,NIMAP,24_48h,delta,continuous,mmHg,training median; measured/count retained,True,"Primary excludes Time=48:00. Same-time values use median; MechVent uses max and Urine uses sum. Count is raw valid row count. Statistic 'delta' is last minus first, i.e. the (末值−首值) trend required by 实验方案 §4.1; 'slope_per_hour' is the least-squares trend per hour over the same window."
nimap__24_48h__time_span_hours,NIMAP,24_48h,time_span_hours,continuous,mmHg,training median; measured/count retained,True,"Primary excludes Time=48:00. Same-time values use median; MechVent uses max and Urine uses sum. Count is raw valid row count. Statistic 'delta' is last minus first, i.e. the (末值−首值) trend required by 实验方案 §4.1; 'slope_per_hour' is the least-squares trend per hour over the same window."
nisysabp__24_48h__measured,NISysABP,24_48h,measured,binary,mmHg,0 when absent,True,"Primary excludes Time=48:00. Same-time values use median; MechVent uses max and Urine uses sum. Count is raw valid row count. Statistic 'delta' is last minus first, i.e. the (末值−首值) trend required by 实验方案 §4.1; 'slope_per_hour' is the least-squares trend per hour over the same window."
nisysabp__24_48h__count,NISysABP,24_48h,count,continuous,mmHg,0 when absent,True,"Primary excludes Time=48:00. Same-time values use median; MechVent uses max and Urine uses sum. Count is raw valid row count. Statistic 'delta' is last minus first, i.e. the (末值−首值) trend required by 实验方案 §4.1; 'slope_per_hour' is the least-squares trend per hour over the same window."
nisysabp__24_48h__first,NISysABP,24_48h,first,continuous,mmHg,training median; measured/count retained,True,"Primary excludes Time=48:00. Same-time values use median; MechVent uses max and Urine uses sum. Count is raw valid row count. Statistic 'delta' is last minus first, i.e. the (末值−首值) trend required by 实验方案 §4.1; 'slope_per_hour' is the least-squares trend per hour over the same window."
nisysabp__24_48h__last,NISysABP,24_48h,last,continuous,mmHg,training median; measured/count retained,True,"Primary excludes Time=48:00. Same-time values use median; MechVent uses max and Urine uses sum. Count is raw valid row count. Statistic 'delta' is last minus first, i.e. the (末值−首值) trend required by 实验方案 §4.1; 'slope_per_hour' is the least-squares trend per hour over the same window."
nisysabp__24_48h__min,NISysABP,24_48h,min,continuous,mmHg,training median; measured/count retained,True,"Primary excludes Time=48:00. Same-time values use median; MechVent uses max and Urine uses sum. Count is raw valid row count. Statistic 'delta' is last minus first, i.e. the (末值−首值) trend required by 实验方案 §4.1; 'slope_per_hour' is the least-squares trend per hour over the same window."
nisysabp__24_48h__max,NISysABP,24_48h,max,continuous,mmHg,training median; measured/count retained,True,"Primary excludes Time=48:00. Same-time values use median; MechVent uses max and Urine uses sum. Count is raw valid row count. Statistic 'delta' is last minus first, i.e. the (末值−首值) trend required by 实验方案 §4.1; 'slope_per_hour' is the least-squares trend per hour over the same window."
nisysabp__24_48h__mean,NISysABP,24_48h,mean,continuous,mmHg,training median; measured/count retained,True,"Primary excludes Time=48:00. Same-time values use median; MechVent uses max and Urine uses sum. Count is raw valid row count. Statistic 'delta' is last minus first, i.e. the (末值−首值) trend required by 实验方案 §4.1; 'slope_per_hour' is the least-squares trend per hour over the same window."
nisysabp__24_48h__median,NISysABP,24_48h,median,continuous,mmHg,training median; measured/count retained,True,"Primary excludes Time=48:00. Same-time values use median; MechVent uses max and Urine uses sum. Count is raw valid row count. Statistic 'delta' is last minus first, i.e. the (末值−首值) trend required by 实验方案 §4.1; 'slope_per_hour' is the least-squares trend per hour over the same window."
nisysabp__24_48h__std,NISysABP,24_48h,std,continuous,mmHg,training median; measured/count retained,True,"Primary excludes Time=48:00. Same-time values use median; MechVent uses max and Urine uses sum. Count is raw valid row count. Statistic 'delta' is last minus first, i.e. the (末值−首值) trend required by 实验方案 §4.1; 'slope_per_hour' is the least-squares trend per hour over the same window."
nisysabp__24_48h__slope_per_hour,NISysABP,24_48h,slope_per_hour,continuous,mmHg,training median; measured/count retained,True,"Primary excludes Time=48:00. Same-time values use median; MechVent uses max and Urine uses sum. Count is raw valid row count. Statistic 'delta' is last minus first, i.e. the (末值−首值) trend required by 实验方案 §4.1; 'slope_per_hour' is the least-squares trend per hour over the same window."
nisysabp__24_48h__delta,NISysABP,24_48h,delta,continuous,mmHg,training median; measured/count retained,True,"Primary excludes Time=48:00. Same-time values use median; MechVent uses max and Urine uses sum. Count is raw valid row count. Statistic 'delta' is last minus first, i.e. the (末值−首值) trend required by 实验方案 §4.1; 'slope_per_hour' is the least-squares trend per hour over the same window."
nisysabp__24_48h__time_span_hours,NISysABP,24_48h,time_span_hours,continuous,mmHg,training median; measured/count retained,True,"Primary excludes Time=48:00. Same-time values use median; MechVent uses max and Urine uses sum. Count is raw valid row count. Statistic 'delta' is last minus first, i.e. the (末值−首值) trend required by 实验方案 §4.1; 'slope_per_hour' is the least-squares trend per hour over the same window."
paco2__24_48h__measured,PaCO2,24_48h,measured,binary,mmHg,0 when absent,True,"Primary excludes Time=48:00. Same-time values use median; MechVent uses max and Urine uses sum. Count is raw valid row count. Statistic 'delta' is last minus first, i.e. the (末值−首值) trend required by 实验方案 §4.1; 'slope_per_hour' is the least-squares trend per hour over the same window."
paco2__24_48h__count,PaCO2,24_48h,count,continuous,mmHg,0 when absent,True,"Primary excludes Time=48:00. Same-time values use median; MechVent uses max and Urine uses sum. Count is raw valid row count. Statistic 'delta' is last minus first, i.e. the (末值−首值) trend required by 实验方案 §4.1; 'slope_per_hour' is the least-squares trend per hour over the same window."
paco2__24_48h__first,PaCO2,24_48h,first,continuous,mmHg,training median; measured/count retained,True,"Primary excludes Time=48:00. Same-time values use median; MechVent uses max and Urine uses sum. Count is raw valid row count. Statistic 'delta' is last minus first, i.e. the (末值−首值) trend required by 实验方案 §4.1; 'slope_per_hour' is the least-squares trend per hour over the same window."
paco2__24_48h__last,PaCO2,24_48h,last,continuous,mmHg,training median; measured/count retained,True,"Primary excludes Time=48:00. Same-time values use median; MechVent uses max and Urine uses sum. Count is raw valid row count. Statistic 'delta' is last minus first, i.e. the (末值−首值) trend required by 实验方案 §4.1; 'slope_per_hour' is the least-squares trend per hour over the same window."
paco2__24_48h__min,PaCO2,24_48h,min,continuous,mmHg,training median; measured/count retained,True,"Primary excludes Time=48:00. Same-time values use median; MechVent uses max and Urine uses sum. Count is raw valid row count. Statistic 'delta' is last minus first, i.e. the (末值−首值) trend required by 实验方案 §4.1; 'slope_per_hour' is the least-squares trend per hour over the same window."
paco2__24_48h__max,PaCO2,24_48h,max,continuous,mmHg,training median; measured/count retained,True,"Primary excludes Time=48:00. Same-time values use median; MechVent uses max and Urine uses sum. Count is raw valid row count. Statistic 'delta' is last minus first, i.e. the (末值−首值) trend required by 实验方案 §4.1; 'slope_per_hour' is the least-squares trend per hour over the same window."
paco2__24_48h__mean,PaCO2,24_48h,mean,continuous,mmHg,training median; measured/count retained,True,"Primary excludes Time=48:00. Same-time values use median; MechVent uses max and Urine uses sum. Count is raw valid row count. Statistic 'delta' is last minus first, i.e. the (末值−首值) trend required by 实验方案 §4.1; 'slope_per_hour' is the least-squares trend per hour over the same window."
paco2__24_48h__median,PaCO2,24_48h,median,continuous,mmHg,training median; measured/count retained,True,"Primary excludes Time=48:00. Same-time values use median; MechVent uses max and Urine uses sum. Count is raw valid row count. Statistic 'delta' is last minus first, i.e. the (末值−首值) trend required by 实验方案 §4.1; 'slope_per_hour' is the least-squares trend per hour over the same window."
paco2__24_48h__std,PaCO2,24_48h,std,continuous,mmHg,training median; measured/count retained,True,"Primary excludes Time=48:00. Same-time values use median; MechVent uses max and Urine uses sum. Count is raw valid row count. Statistic 'delta' is last minus first, i.e. the (末值−首值) trend required by 实验方案 §4.1; 'slope_per_hour' is the least-squares trend per hour over the same window."
paco2__24_48h__slope_per_hour,PaCO2,24_48h,slope_per_hour,continuous,mmHg,training median; measured/count retained,True,"Primary excludes Time=48:00. Same-time values use median; MechVent uses max and Urine uses sum. Count is raw valid row count. Statistic 'delta' is last minus first, i.e. the (末值−首值) trend required by 实验方案 §4.1; 'slope_per_hour' is the least-squares trend per hour over the same window."
paco2__24_48h__delta,PaCO2,24_48h,delta,continuous,mmHg,training median; measured/count retained,True,"Primary excludes Time=48:00. Same-time values use median; MechVent uses max and Urine uses sum. Count is raw valid row count. Statistic 'delta' is last minus first, i.e. the (末值−首值) trend required by 实验方案 §4.1; 'slope_per_hour' is the least-squares trend per hour over the same window."
paco2__24_48h__time_span_hours,PaCO2,24_48h,time_span_hours,continuous,mmHg,training median; measured/count retained,True,"Primary excludes Time=48:00. Same-time values use median; MechVent uses max and Urine uses sum. Count is raw valid row count. Statistic 'delta' is last minus first, i.e. the (末值−首值) trend required by 实验方案 §4.1; 'slope_per_hour' is the least-squares trend per hour over the same window."
pao2__24_48h__measured,PaO2,24_48h,measured,binary,mmHg,0 when absent,True,"Primary excludes Time=48:00. Same-time values use median; MechVent uses max and Urine uses sum. Count is raw valid row count. Statistic 'delta' is last minus first, i.e. the (末值−首值) trend required by 实验方案 §4.1; 'slope_per_hour' is the least-squares trend per hour over the same window."
pao2__24_48h__count,PaO2,24_48h,count,continuous,mmHg,0 when absent,True,"Primary excludes Time=48:00. Same-time values use median; MechVent uses max and Urine uses sum. Count is raw valid row count. Statistic 'delta' is last minus first, i.e. the (末值−首值) trend required by 实验方案 §4.1; 'slope_per_hour' is the least-squares trend per hour over the same window."
pao2__24_48h__first,PaO2,24_48h,first,continuous,mmHg,training median; measured/count retained,True,"Primary excludes Time=48:00. Same-time values use median; MechVent uses max and Urine uses sum. Count is raw valid row count. Statistic 'delta' is last minus first, i.e. the (末值−首值) trend required by 实验方案 §4.1; 'slope_per_hour' is the least-squares trend per hour over the same window."
pao2__24_48h__last,PaO2,24_48h,last,continuous,mmHg,training median; measured/count retained,True,"Primary excludes Time=48:00. Same-time values use median; MechVent uses max and Urine uses sum. Count is raw valid row count. Statistic 'delta' is last minus first, i.e. the (末值−首值) trend required by 实验方案 §4.1; 'slope_per_hour' is the least-squares trend per hour over the same window."
pao2__24_48h__min,PaO2,24_48h,min,continuous,mmHg,training median; measured/count retained,True,"Primary excludes Time=48:00. Same-time values use median; MechVent uses max and Urine uses sum. Count is raw valid row count. Statistic 'delta' is last minus first, i.e. the (末值−首值) trend required by 实验方案 §4.1; 'slope_per_hour' is the least-squares trend per hour over the same window."
pao2__24_48h__max,PaO2,24_48h,max,continuous,mmHg,training median; measured/count retained,True,"Primary excludes Time=48:00. Same-time values use median; MechVent uses max and Urine uses sum. Count is raw valid row count. Statistic 'delta' is last minus first, i.e. the (末值−首值) trend required by 实验方案 §4.1; 'slope_per_hour' is the least-squares trend per hour over the same window."
pao2__24_48h__mean,PaO2,24_48h,mean,continuous,mmHg,training median; measured/count retained,True,"Primary excludes Time=48:00. Same-time values use median; MechVent uses max and Urine uses sum. Count is raw valid row count. Statistic 'delta' is last minus first, i.e. the (末值−首值) trend required by 实验方案 §4.1; 'slope_per_hour' is the least-squares trend per hour over the same window."
pao2__24_48h__median,PaO2,24_48h,median,continuous,mmHg,training median; measured/count retained,True,"Primary excludes Time=48:00. Same-time values use median; MechVent uses max and Urine uses sum. Count is raw valid row count. Statistic 'delta' is last minus first, i.e. the (末值−首值) trend required by 实验方案 §4.1; 'slope_per_hour' is the least-squares trend per hour over the same window."
pao2__24_48h__std,PaO2,24_48h,std,continuous,mmHg,training median; measured/count retained,True,"Primary excludes Time=48:00. Same-time values use median; MechVent uses max and Urine uses sum. Count is raw valid row count. Statistic 'delta' is last minus first, i.e. the (末值−首值) trend required by 实验方案 §4.1; 'slope_per_hour' is the least-squares trend per hour over the same window."
pao2__24_48h__slope_per_hour,PaO2,24_48h,slope_per_hour,continuous,mmHg,training median; measured/count retained,True,"Primary excludes Time=48:00. Same-time values use median; MechVent uses max and Urine uses sum. Count is raw valid row count. Statistic 'delta' is last minus first, i.e. the (末值−首值) trend required by 实验方案 §4.1; 'slope_per_hour' is the least-squares trend per hour over the same window."
pao2__24_48h__delta,PaO2,24_48h,delta,continuous,mmHg,training median; measured/count retained,True,"Primary excludes Time=48:00. Same-time values use median; MechVent uses max and Urine uses sum. Count is raw valid row count. Statistic 'delta' is last minus first, i.e. the (末值−首值) trend required by 实验方案 §4.1; 'slope_per_hour' is the least-squares trend per hour over the same window."
pao2__24_48h__time_span_hours,PaO2,24_48h,time_span_hours,continuous,mmHg,training median; measured/count retained,True,"Primary excludes Time=48:00. Same-time values use median; MechVent uses max and Urine uses sum. Count is raw valid row count. Statistic 'delta' is last minus first, i.e. the (末值−首值) trend required by 实验方案 §4.1; 'slope_per_hour' is the least-squares trend per hour over the same window."
ph__24_48h__measured,pH,24_48h,measured,binary,pH,0 when absent,True,"Primary excludes Time=48:00. Same-time values use median; MechVent uses max and Urine uses sum. Count is raw valid row count. Statistic 'delta' is last minus first, i.e. the (末值−首值) trend required by 实验方案 §4.1; 'slope_per_hour' is the least-squares trend per hour over the same window."
ph__24_48h__count,pH,24_48h,count,continuous,pH,0 when absent,True,"Primary excludes Time=48:00. Same-time values use median; MechVent uses max and Urine uses sum. Count is raw valid row count. Statistic 'delta' is last minus first, i.e. the (末值−首值) trend required by 实验方案 §4.1; 'slope_per_hour' is the least-squares trend per hour over the same window."
ph__24_48h__first,pH,24_48h,first,continuous,pH,training median; measured/count retained,True,"Primary excludes Time=48:00. Same-time values use median; MechVent uses max and Urine uses sum. Count is raw valid row count. Statistic 'delta' is last minus first, i.e. the (末值−首值) trend required by 实验方案 §4.1; 'slope_per_hour' is the least-squares trend per hour over the same window."
ph__24_48h__last,pH,24_48h,last,continuous,pH,training median; measured/count retained,True,"Primary excludes Time=48:00. Same-time values use median; MechVent uses max and Urine uses sum. Count is raw valid row count. Statistic 'delta' is last minus first, i.e. the (末值−首值) trend required by 实验方案 §4.1; 'slope_per_hour' is the least-squares trend per hour over the same window."
ph__24_48h__min,pH,24_48h,min,continuous,pH,training median; measured/count retained,True,"Primary excludes Time=48:00. Same-time values use median; MechVent uses max and Urine uses sum. Count is raw valid row count. Statistic 'delta' is last minus first, i.e. the (末值−首值) trend required by 实验方案 §4.1; 'slope_per_hour' is the least-squares trend per hour over the same window."
ph__24_48h__max,pH,24_48h,max,continuous,pH,training median; measured/count retained,True,"Primary excludes Time=48:00. Same-time values use median; MechVent uses max and Urine uses sum. Count is raw valid row count. Statistic 'delta' is last minus first, i.e. the (末值−首值) trend required by 实验方案 §4.1; 'slope_per_hour' is the least-squares trend per hour over the same window."
ph__24_48h__mean,pH,24_48h,mean,continuous,pH,training median; measured/count retained,True,"Primary excludes Time=48:00. Same-time values use median; MechVent uses max and Urine uses sum. Count is raw valid row count. Statistic 'delta' is last minus first, i.e. the (末值−首值) trend required by 实验方案 §4.1; 'slope_per_hour' is the least-squares trend per hour over the same window."
ph__24_48h__median,pH,24_48h,median,continuous,pH,training median; measured/count retained,True,"Primary excludes Time=48:00. Same-time values use median; MechVent uses max and Urine uses sum. Count is raw valid row count. Statistic 'delta' is last minus first, i.e. the (末值−首值) trend required by 实验方案 §4.1; 'slope_per_hour' is the least-squares trend per hour over the same window."
ph__24_48h__std,pH,24_48h,std,continuous,pH,training median; measured/count retained,True,"Primary excludes Time=48:00. Same-time values use median; MechVent uses max and Urine uses sum. Count is raw valid row count. Statistic 'delta' is last minus first, i.e. the (末值−首值) trend required by 实验方案 §4.1; 'slope_per_hour' is the least-squares trend per hour over the same window."
ph__24_48h__slope_per_hour,pH,24_48h,slope_per_hour,continuous,pH,training median; measured/count retained,True,"Primary excludes Time=48:00. Same-time values use median; MechVent uses max and Urine uses sum. Count is raw valid row count. Statistic 'delta' is last minus first, i.e. the (末值−首值) trend required by 实验方案 §4.1; 'slope_per_hour' is the least-squares trend per hour over the same window."
ph__24_48h__delta,pH,24_48h,delta,continuous,pH,training median; measured/count retained,True,"Primary excludes Time=48:00. Same-time values use median; MechVent uses max and Urine uses sum. Count is raw valid row count. Statistic 'delta' is last minus first, i.e. the (末值−首值) trend required by 实验方案 §4.1; 'slope_per_hour' is the least-squares trend per hour over the same window."
ph__24_48h__time_span_hours,pH,24_48h,time_span_hours,continuous,pH,training median; measured/count retained,True,"Primary excludes Time=48:00. Same-time values use median; MechVent uses max and Urine uses sum. Count is raw valid row count. Statistic 'delta' is last minus first, i.e. the (末值−首值) trend required by 实验方案 §4.1; 'slope_per_hour' is the least-squares trend per hour over the same window."
platelets__24_48h__measured,Platelets,24_48h,measured,binary,cells/nL,0 when absent,True,"Primary excludes Time=48:00. Same-time values use median; MechVent uses max and Urine uses sum. Count is raw valid row count. Statistic 'delta' is last minus first, i.e. the (末值−首值) trend required by 实验方案 §4.1; 'slope_per_hour' is the least-squares trend per hour over the same window."
platelets__24_48h__count,Platelets,24_48h,count,continuous,cells/nL,0 when absent,True,"Primary excludes Time=48:00. Same-time values use median; MechVent uses max and Urine uses sum. Count is raw valid row count. Statistic 'delta' is last minus first, i.e. the (末值−首值) trend required by 实验方案 §4.1; 'slope_per_hour' is the least-squares trend per hour over the same window."
platelets__24_48h__first,Platelets,24_48h,first,continuous,cells/nL,training median; measured/count retained,True,"Primary excludes Time=48:00. Same-time values use median; MechVent uses max and Urine uses sum. Count is raw valid row count. Statistic 'delta' is last minus first, i.e. the (末值−首值) trend required by 实验方案 §4.1; 'slope_per_hour' is the least-squares trend per hour over the same window."
platelets__24_48h__last,Platelets,24_48h,last,continuous,cells/nL,training median; measured/count retained,True,"Primary excludes Time=48:00. Same-time values use median; MechVent uses max and Urine uses sum. Count is raw valid row count. Statistic 'delta' is last minus first, i.e. the (末值−首值) trend required by 实验方案 §4.1; 'slope_per_hour' is the least-squares trend per hour over the same window."
platelets__24_48h__min,Platelets,24_48h,min,continuous,cells/nL,training median; measured/count retained,True,"Primary excludes Time=48:00. Same-time values use median; MechVent uses max and Urine uses sum. Count is raw valid row count. Statistic 'delta' is last minus first, i.e. the (末值−首值) trend required by 实验方案 §4.1; 'slope_per_hour' is the least-squares trend per hour over the same window."
platelets__24_48h__max,Platelets,24_48h,max,continuous,cells/nL,training median; measured/count retained,True,"Primary excludes Time=48:00. Same-time values use median; MechVent uses max and Urine uses sum. Count is raw valid row count. Statistic 'delta' is last minus first, i.e. the (末值−首值) trend required by 实验方案 §4.1; 'slope_per_hour' is the least-squares trend per hour over the same window."
platelets__24_48h__mean,Platelets,24_48h,mean,continuous,cells/nL,training median; measured/count retained,True,"Primary excludes Time=48:00. Same-time values use median; MechVent uses max and Urine uses sum. Count is raw valid row count. Statistic 'delta' is last minus first, i.e. the (末值−首值) trend required by 实验方案 §4.1; 'slope_per_hour' is the least-squares trend per hour over the same window."
platelets__24_48h__median,Platelets,24_48h,median,continuous,cells/nL,training median; measured/count retained,True,"Primary excludes Time=48:00. Same-time values use median; MechVent uses max and Urine uses sum. Count is raw valid row count. Statistic 'delta' is last minus first, i.e. the (末值−首值) trend required by 实验方案 §4.1; 'slope_per_hour' is the least-squares trend per hour over the same window."
platelets__24_48h__std,Platelets,24_48h,std,continuous,cells/nL,training median; measured/count retained,True,"Primary excludes Time=48:00. Same-time values use median; MechVent uses max and Urine uses sum. Count is raw valid row count. Statistic 'delta' is last minus first, i.e. the (末值−首值) trend required by 实验方案 §4.1; 'slope_per_hour' is the least-squares trend per hour over the same window."
platelets__24_48h__slope_per_hour,Platelets,24_48h,slope_per_hour,continuous,cells/nL,training median; measured/count retained,True,"Primary excludes Time=48:00. Same-time values use median; MechVent uses max and Urine uses sum. Count is raw valid row count. Statistic 'delta' is last minus first, i.e. the (末值−首值) trend required by 实验方案 §4.1; 'slope_per_hour' is the least-squares trend per hour over the same window."
platelets__24_48h__delta,Platelets,24_48h,delta,continuous,cells/nL,training median; measured/count retained,True,"Primary excludes Time=48:00. Same-time values use median; MechVent uses max and Urine uses sum. Count is raw valid row count. Statistic 'delta' is last minus first, i.e. the (末值−首值) trend required by 实验方案 §4.1; 'slope_per_hour' is the least-squares trend per hour over the same window."
platelets__24_48h__time_span_hours,Platelets,24_48h,time_span_hours,continuous,cells/nL,training median; measured/count retained,True,"Primary excludes Time=48:00. Same-time values use median; MechVent uses max and Urine uses sum. Count is raw valid row count. Statistic 'delta' is last minus first, i.e. the (末值−首值) trend required by 实验方案 §4.1; 'slope_per_hour' is the least-squares trend per hour over the same window."
resprate__24_48h__measured,RespRate,24_48h,measured,binary,bpm,0 when absent,True,"Primary excludes Time=48:00. Same-time values use median; MechVent uses max and Urine uses sum. Count is raw valid row count. Statistic 'delta' is last minus first, i.e. the (末值−首值) trend required by 实验方案 §4.1; 'slope_per_hour' is the least-squares trend per hour over the same window."
resprate__24_48h__count,RespRate,24_48h,count,continuous,bpm,0 when absent,True,"Primary excludes Time=48:00. Same-time values use median; MechVent uses max and Urine uses sum. Count is raw valid row count. Statistic 'delta' is last minus first, i.e. the (末值−首值) trend required by 实验方案 §4.1; 'slope_per_hour' is the least-squares trend per hour over the same window."
resprate__24_48h__first,RespRate,24_48h,first,continuous,bpm,training median; measured/count retained,True,"Primary excludes Time=48:00. Same-time values use median; MechVent uses max and Urine uses sum. Count is raw valid row count. Statistic 'delta' is last minus first, i.e. the (末值−首值) trend required by 实验方案 §4.1; 'slope_per_hour' is the least-squares trend per hour over the same window."
resprate__24_48h__last,RespRate,24_48h,last,continuous,bpm,training median; measured/count retained,True,"Primary excludes Time=48:00. Same-time values use median; MechVent uses max and Urine uses sum. Count is raw valid row count. Statistic 'delta' is last minus first, i.e. the (末值−首值) trend required by 实验方案 §4.1; 'slope_per_hour' is the least-squares trend per hour over the same window."
resprate__24_48h__min,RespRate,24_48h,min,continuous,bpm,training median; measured/count retained,True,"Primary excludes Time=48:00. Same-time values use median; MechVent uses max and Urine uses sum. Count is raw valid row count. Statistic 'delta' is last minus first, i.e. the (末值−首值) trend required by 实验方案 §4.1; 'slope_per_hour' is the least-squares trend per hour over the same window."
resprate__24_48h__max,RespRate,24_48h,max,continuous,bpm,training median; measured/count retained,True,"Primary excludes Time=48:00. Same-time values use median; MechVent uses max and Urine uses sum. Count is raw valid row count. Statistic 'delta' is last minus first, i.e. the (末值−首值) trend required by 实验方案 §4.1; 'slope_per_hour' is the least-squares trend per hour over the same window."
resprate__24_48h__mean,RespRate,24_48h,mean,continuous,bpm,training median; measured/count retained,True,"Primary excludes Time=48:00. Same-time values use median; MechVent uses max and Urine uses sum. Count is raw valid row count. Statistic 'delta' is last minus first, i.e. the (末值−首值) trend required by 实验方案 §4.1; 'slope_per_hour' is the least-squares trend per hour over the same window."
resprate__24_48h__median,RespRate,24_48h,median,continuous,bpm,training median; measured/count retained,True,"Primary excludes Time=48:00. Same-time values use median; MechVent uses max and Urine uses sum. Count is raw valid row count. Statistic 'delta' is last minus first, i.e. the (末值−首值) trend required by 实验方案 §4.1; 'slope_per_hour' is the least-squares trend per hour over the same window."
resprate__24_48h__std,RespRate,24_48h,std,continuous,bpm,training median; measured/count retained,True,"Primary excludes Time=48:00. Same-time values use median; MechVent uses max and Urine uses sum. Count is raw valid row count. Statistic 'delta' is last minus first, i.e. the (末值−首值) trend required by 实验方案 §4.1; 'slope_per_hour' is the least-squares trend per hour over the same window."
resprate__24_48h__slope_per_hour,RespRate,24_48h,slope_per_hour,continuous,bpm,training median; measured/count retained,True,"Primary excludes Time=48:00. Same-time values use median; MechVent uses max and Urine uses sum. Count is raw valid row count. Statistic 'delta' is last minus first, i.e. the (末值−首值) trend required by 实验方案 §4.1; 'slope_per_hour' is the least-squares trend per hour over the same window."
resprate__24_48h__delta,RespRate,24_48h,delta,continuous,bpm,training median; measured/count retained,True,"Primary excludes Time=48:00. Same-time values use median; MechVent uses max and Urine uses sum. Count is raw valid row count. Statistic 'delta' is last minus first, i.e. the (末值−首值) trend required by 实验方案 §4.1; 'slope_per_hour' is the least-squares trend per hour over the same window."
resprate__24_48h__time_span_hours,RespRate,24_48h,time_span_hours,continuous,bpm,training median; measured/count retained,True,"Primary excludes Time=48:00. Same-time values use median; MechVent uses max and Urine uses sum. Count is raw valid row count. Statistic 'delta' is last minus first, i.e. the (末值−首值) trend required by 实验方案 §4.1; 'slope_per_hour' is the least-squares trend per hour over the same window."
sao2__24_48h__measured,SaO2,24_48h,measured,binary,%,0 when absent,True,"Primary excludes Time=48:00. Same-time values use median; MechVent uses max and Urine uses sum. Count is raw valid row count. Statistic 'delta' is last minus first, i.e. the (末值−首值) trend required by 实验方案 §4.1; 'slope_per_hour' is the least-squares trend per hour over the same window."
sao2__24_48h__count,SaO2,24_48h,count,continuous,%,0 when absent,True,"Primary excludes Time=48:00. Same-time values use median; MechVent uses max and Urine uses sum. Count is raw valid row count. Statistic 'delta' is last minus first, i.e. the (末值−首值) trend required by 实验方案 §4.1; 'slope_per_hour' is the least-squares trend per hour over the same window."
sao2__24_48h__first,SaO2,24_48h,first,continuous,%,training median; measured/count retained,True,"Primary excludes Time=48:00. Same-time values use median; MechVent uses max and Urine uses sum. Count is raw valid row count. Statistic 'delta' is last minus first, i.e. the (末值−首值) trend required by 实验方案 §4.1; 'slope_per_hour' is the least-squares trend per hour over the same window."
sao2__24_48h__last,SaO2,24_48h,last,continuous,%,training median; measured/count retained,True,"Primary excludes Time=48:00. Same-time values use median; MechVent uses max and Urine uses sum. Count is raw valid row count. Statistic 'delta' is last minus first, i.e. the (末值−首值) trend required by 实验方案 §4.1; 'slope_per_hour' is the least-squares trend per hour over the same window."
sao2__24_48h__min,SaO2,24_48h,min,continuous,%,training median; measured/count retained,True,"Primary excludes Time=48:00. Same-time values use median; MechVent uses max and Urine uses sum. Count is raw valid row count. Statistic 'delta' is last minus first, i.e. the (末值−首值) trend required by 实验方案 §4.1; 'slope_per_hour' is the least-squares trend per hour over the same window."
sao2__24_48h__max,SaO2,24_48h,max,continuous,%,training median; measured/count retained,True,"Primary excludes Time=48:00. Same-time values use median; MechVent uses max and Urine uses sum. Count is raw valid row count. Statistic 'delta' is last minus first, i.e. the (末值−首值) trend required by 实验方案 §4.1; 'slope_per_hour' is the least-squares trend per hour over the same window."
sao2__24_48h__mean,SaO2,24_48h,mean,continuous,%,training median; measured/count retained,True,"Primary excludes Time=48:00. Same-time values use median; MechVent uses max and Urine uses sum. Count is raw valid row count. Statistic 'delta' is last minus first, i.e. the (末值−首值) trend required by 实验方案 §4.1; 'slope_per_hour' is the least-squares trend per hour over the same window."
sao2__24_48h__median,SaO2,24_48h,median,continuous,%,training median; measured/count retained,True,"Primary excludes Time=48:00. Same-time values use median; MechVent uses max and Urine uses sum. Count is raw valid row count. Statistic 'delta' is last minus first, i.e. the (末值−首值) trend required by 实验方案 §4.1; 'slope_per_hour' is the least-squares trend per hour over the same window."
sao2__24_48h__std,SaO2,24_48h,std,continuous,%,training median; measured/count retained,True,"Primary excludes Time=48:00. Same-time values use median; MechVent uses max and Urine uses sum. Count is raw valid row count. Statistic 'delta' is last minus first, i.e. the (末值−首值) trend required by 实验方案 §4.1; 'slope_per_hour' is the least-squares trend per hour over the same window."
sao2__24_48h__slope_per_hour,SaO2,24_48h,slope_per_hour,continuous,%,training median; measured/count retained,True,"Primary excludes Time=48:00. Same-time values use median; MechVent uses max and Urine uses sum. Count is raw valid row count. Statistic 'delta' is last minus first, i.e. the (末值−首值) trend required by 实验方案 §4.1; 'slope_per_hour' is the least-squares trend per hour over the same window."
sao2__24_48h__delta,SaO2,24_48h,delta,continuous,%,training median; measured/count retained,True,"Primary excludes Time=48:00. Same-time values use median; MechVent uses max and Urine uses sum. Count is raw valid row count. Statistic 'delta' is last minus first, i.e. the (末值−首值) trend required by 实验方案 §4.1; 'slope_per_hour' is the least-squares trend per hour over the same window."
sao2__24_48h__time_span_hours,SaO2,24_48h,time_span_hours,continuous,%,training median; measured/count retained,True,"Primary excludes Time=48:00. Same-time values use median; MechVent uses max and Urine uses sum. Count is raw valid row count. Statistic 'delta' is last minus first, i.e. the (末值−首值) trend required by 实验方案 §4.1; 'slope_per_hour' is the least-squares trend per hour over the same window."
sysabp__24_48h__measured,SysABP,24_48h,measured,binary,mmHg,0 when absent,True,"Primary excludes Time=48:00. Same-time values use median; MechVent uses max and Urine uses sum. Count is raw valid row count. Statistic 'delta' is last minus first, i.e. the (末值−首值) trend required by 实验方案 §4.1; 'slope_per_hour' is the least-squares trend per hour over the same window."
sysabp__24_48h__count,SysABP,24_48h,count,continuous,mmHg,0 when absent,True,"Primary excludes Time=48:00. Same-time values use median; MechVent uses max and Urine uses sum. Count is raw valid row count. Statistic 'delta' is last minus first, i.e. the (末值−首值) trend required by 实验方案 §4.1; 'slope_per_hour' is the least-squares trend per hour over the same window."
sysabp__24_48h__first,SysABP,24_48h,first,continuous,mmHg,training median; measured/count retained,True,"Primary excludes Time=48:00. Same-time values use median; MechVent uses max and Urine uses sum. Count is raw valid row count. Statistic 'delta' is last minus first, i.e. the (末值−首值) trend required by 实验方案 §4.1; 'slope_per_hour' is the least-squares trend per hour over the same window."
sysabp__24_48h__last,SysABP,24_48h,last,continuous,mmHg,training median; measured/count retained,True,"Primary excludes Time=48:00. Same-time values use median; MechVent uses max and Urine uses sum. Count is raw valid row count. Statistic 'delta' is last minus first, i.e. the (末值−首值) trend required by 实验方案 §4.1; 'slope_per_hour' is the least-squares trend per hour over the same window."
sysabp__24_48h__min,SysABP,24_48h,min,continuous,mmHg,training median; measured/count retained,True,"Primary excludes Time=48:00. Same-time values use median; MechVent uses max and Urine uses sum. Count is raw valid row count. Statistic 'delta' is last minus first, i.e. the (末值−首值) trend required by 实验方案 §4.1; 'slope_per_hour' is the least-squares trend per hour over the same window."
sysabp__24_48h__max,SysABP,24_48h,max,continuous,mmHg,training median; measured/count retained,True,"Primary excludes Time=48:00. Same-time values use median; MechVent uses max and Urine uses sum. Count is raw valid row count. Statistic 'delta' is last minus first, i.e. the (末值−首值) trend required by 实验方案 §4.1; 'slope_per_hour' is the least-squares trend per hour over the same window."
sysabp__24_48h__mean,SysABP,24_48h,mean,continuous,mmHg,training median; measured/count retained,True,"Primary excludes Time=48:00. Same-time values use median; MechVent uses max and Urine uses sum. Count is raw valid row count. Statistic 'delta' is last minus first, i.e. the (末值−首值) trend required by 实验方案 §4.1; 'slope_per_hour' is the least-squares trend per hour over the same window."
sysabp__24_48h__median,SysABP,24_48h,median,continuous,mmHg,training median; measured/count retained,True,"Primary excludes Time=48:00. Same-time values use median; MechVent uses max and Urine uses sum. Count is raw valid row count. Statistic 'delta' is last minus first, i.e. the (末值−首值) trend required by 实验方案 §4.1; 'slope_per_hour' is the least-squares trend per hour over the same window."
sysabp__24_48h__std,SysABP,24_48h,std,continuous,mmHg,training median; measured/count retained,True,"Primary excludes Time=48:00. Same-time values use median; MechVent uses max and Urine uses sum. Count is raw valid row count. Statistic 'delta' is last minus first, i.e. the (末值−首值) trend required by 实验方案 §4.1; 'slope_per_hour' is the least-squares trend per hour over the same window."
sysabp__24_48h__slope_per_hour,SysABP,24_48h,slope_per_hour,continuous,mmHg,training median; measured/count retained,True,"Primary excludes Time=48:00. Same-time values use median; MechVent uses max and Urine uses sum. Count is raw valid row count. Statistic 'delta' is last minus first, i.e. the (末值−首值) trend required by 实验方案 §4.1; 'slope_per_hour' is the least-squares trend per hour over the same window."
sysabp__24_48h__delta,SysABP,24_48h,delta,continuous,mmHg,training median; measured/count retained,True,"Primary excludes Time=48:00. Same-time values use median; MechVent uses max and Urine uses sum. Count is raw valid row count. Statistic 'delta' is last minus first, i.e. the (末值−首值) trend required by 实验方案 §4.1; 'slope_per_hour' is the least-squares trend per hour over the same window."
sysabp__24_48h__time_span_hours,SysABP,24_48h,time_span_hours,continuous,mmHg,training median; measured/count retained,True,"Primary excludes Time=48:00. Same-time values use median; MechVent uses max and Urine uses sum. Count is raw valid row count. Statistic 'delta' is last minus first, i.e. the (末值−首值) trend required by 实验方案 §4.1; 'slope_per_hour' is the least-squares trend per hour over the same window."
temp__24_48h__measured,Temp,24_48h,measured,binary,degC,0 when absent,True,"Primary excludes Time=48:00. Same-time values use median; MechVent uses max and Urine uses sum. Count is raw valid row count. Statistic 'delta' is last minus first, i.e. the (末值−首值) trend required by 实验方案 §4.1; 'slope_per_hour' is the least-squares trend per hour over the same window."
temp__24_48h__count,Temp,24_48h,count,continuous,degC,0 when absent,True,"Primary excludes Time=48:00. Same-time values use median; MechVent uses max and Urine uses sum. Count is raw valid row count. Statistic 'delta' is last minus first, i.e. the (末值−首值) trend required by 实验方案 §4.1; 'slope_per_hour' is the least-squares trend per hour over the same window."
temp__24_48h__first,Temp,24_48h,first,continuous,degC,training median; measured/count retained,True,"Primary excludes Time=48:00. Same-time values use median; MechVent uses max and Urine uses sum. Count is raw valid row count. Statistic 'delta' is last minus first, i.e. the (末值−首值) trend required by 实验方案 §4.1; 'slope_per_hour' is the least-squares trend per hour over the same window."
temp__24_48h__last,Temp,24_48h,last,continuous,degC,training median; measured/count retained,True,"Primary excludes Time=48:00. Same-time values use median; MechVent uses max and Urine uses sum. Count is raw valid row count. Statistic 'delta' is last minus first, i.e. the (末值−首值) trend required by 实验方案 §4.1; 'slope_per_hour' is the least-squares trend per hour over the same window."
temp__24_48h__min,Temp,24_48h,min,continuous,degC,training median; measured/count retained,True,"Primary excludes Time=48:00. Same-time values use median; MechVent uses max and Urine uses sum. Count is raw valid row count. Statistic 'delta' is last minus first, i.e. the (末值−首值) trend required by 实验方案 §4.1; 'slope_per_hour' is the least-squares trend per hour over the same window."
temp__24_48h__max,Temp,24_48h,max,continuous,degC,training median; measured/count retained,True,"Primary excludes Time=48:00. Same-time values use median; MechVent uses max and Urine uses sum. Count is raw valid row count. Statistic 'delta' is last minus first, i.e. the (末值−首值) trend required by 实验方案 §4.1; 'slope_per_hour' is the least-squares trend per hour over the same window."
temp__24_48h__mean,Temp,24_48h,mean,continuous,degC,training median; measured/count retained,True,"Primary excludes Time=48:00. Same-time values use median; MechVent uses max and Urine uses sum. Count is raw valid row count. Statistic 'delta' is last minus first, i.e. the (末值−首值) trend required by 实验方案 §4.1; 'slope_per_hour' is the least-squares trend per hour over the same window."
temp__24_48h__median,Temp,24_48h,median,continuous,degC,training median; measured/count retained,True,"Primary excludes Time=48:00. Same-time values use median; MechVent uses max and Urine uses sum. Count is raw valid row count. Statistic 'delta' is last minus first, i.e. the (末值−首值) trend required by 实验方案 §4.1; 'slope_per_hour' is the least-squares trend per hour over the same window."
temp__24_48h__std,Temp,24_48h,std,continuous,degC,training median; measured/count retained,True,"Primary excludes Time=48:00. Same-time values use median; MechVent uses max and Urine uses sum. Count is raw valid row count. Statistic 'delta' is last minus first, i.e. the (末值−首值) trend required by 实验方案 §4.1; 'slope_per_hour' is the least-squares trend per hour over the same window."
temp__24_48h__slope_per_hour,Temp,24_48h,slope_per_hour,continuous,degC,training median; measured/count retained,True,"Primary excludes Time=48:00. Same-time values use median; MechVent uses max and Urine uses sum. Count is raw valid row count. Statistic 'delta' is last minus first, i.e. the (末值−首值) trend required by 实验方案 §4.1; 'slope_per_hour' is the least-squares trend per hour over the same window."
temp__24_48h__delta,Temp,24_48h,delta,continuous,degC,training median; measured/count retained,True,"Primary excludes Time=48:00. Same-time values use median; MechVent uses max and Urine uses sum. Count is raw valid row count. Statistic 'delta' is last minus first, i.e. the (末值−首值) trend required by 实验方案 §4.1; 'slope_per_hour' is the least-squares trend per hour over the same window."
temp__24_48h__time_span_hours,Temp,24_48h,time_span_hours,continuous,degC,training median; measured/count retained,True,"Primary excludes Time=48:00. Same-time values use median; MechVent uses max and Urine uses sum. Count is raw valid row count. Statistic 'delta' is last minus first, i.e. the (末值−首值) trend required by 实验方案 §4.1; 'slope_per_hour' is the least-squares trend per hour over the same window."
troponini__24_48h__measured,TroponinI,24_48h,measured,binary,ug/L,0 when absent,True,"Primary excludes Time=48:00. Same-time values use median; MechVent uses max and Urine uses sum. Count is raw valid row count. Statistic 'delta' is last minus first, i.e. the (末值−首值) trend required by 实验方案 §4.1; 'slope_per_hour' is the least-squares trend per hour over the same window."
troponini__24_48h__count,TroponinI,24_48h,count,continuous,ug/L,0 when absent,True,"Primary excludes Time=48:00. Same-time values use median; MechVent uses max and Urine uses sum. Count is raw valid row count. Statistic 'delta' is last minus first, i.e. the (末值−首值) trend required by 实验方案 §4.1; 'slope_per_hour' is the least-squares trend per hour over the same window."
troponini__24_48h__first,TroponinI,24_48h,first,continuous,ug/L,training median; measured/count retained,True,"Primary excludes Time=48:00. Same-time values use median; MechVent uses max and Urine uses sum. Count is raw valid row count. Statistic 'delta' is last minus first, i.e. the (末值−首值) trend required by 实验方案 §4.1; 'slope_per_hour' is the least-squares trend per hour over the same window."
troponini__24_48h__last,TroponinI,24_48h,last,continuous,ug/L,training median; measured/count retained,True,"Primary excludes Time=48:00. Same-time values use median; MechVent uses max and Urine uses sum. Count is raw valid row count. Statistic 'delta' is last minus first, i.e. the (末值−首值) trend required by 实验方案 §4.1; 'slope_per_hour' is the least-squares trend per hour over the same window."
troponini__24_48h__min,TroponinI,24_48h,min,continuous,ug/L,training median; measured/count retained,True,"Primary excludes Time=48:00. Same-time values use median; MechVent uses max and Urine uses sum. Count is raw valid row count. Statistic 'delta' is last minus first, i.e. the (末值−首值) trend required by 实验方案 §4.1; 'slope_per_hour' is the least-squares trend per hour over the same window."
troponini__24_48h__max,TroponinI,24_48h,max,continuous,ug/L,training median; measured/count retained,True,"Primary excludes Time=48:00. Same-time values use median; MechVent uses max and Urine uses sum. Count is raw valid row count. Statistic 'delta' is last minus first, i.e. the (末值−首值) trend required by 实验方案 §4.1; 'slope_per_hour' is the least-squares trend per hour over the same window."
troponini__24_48h__mean,TroponinI,24_48h,mean,continuous,ug/L,training median; measured/count retained,True,"Primary excludes Time=48:00. Same-time values use median; MechVent uses max and Urine uses sum. Count is raw valid row count. Statistic 'delta' is last minus first, i.e. the (末值−首值) trend required by 实验方案 §4.1; 'slope_per_hour' is the least-squares trend per hour over the same window."
troponini__24_48h__median,TroponinI,24_48h,median,continuous,ug/L,training median; measured/count retained,True,"Primary excludes Time=48:00. Same-time values use median; MechVent uses max and Urine uses sum. Count is raw valid row count. Statistic 'delta' is last minus first, i.e. the (末值−首值) trend required by 实验方案 §4.1; 'slope_per_hour' is the least-squares trend per hour over the same window."
troponini__24_48h__std,TroponinI,24_48h,std,continuous,ug/L,training median; measured/count retained,True,"Primary excludes Time=48:00. Same-time values use median; MechVent uses max and Urine uses sum. Count is raw valid row count. Statistic 'delta' is last minus first, i.e. the (末值−首值) trend required by 实验方案 §4.1; 'slope_per_hour' is the least-squares trend per hour over the same window."
troponini__24_48h__slope_per_hour,TroponinI,24_48h,slope_per_hour,continuous,ug/L,training median; measured/count retained,True,"Primary excludes Time=48:00. Same-time values use median; MechVent uses max and Urine uses sum. Count is raw valid row count. Statistic 'delta' is last minus first, i.e. the (末值−首值) trend required by 实验方案 §4.1; 'slope_per_hour' is the least-squares trend per hour over the same window."
troponini__24_48h__delta,TroponinI,24_48h,delta,continuous,ug/L,training median; measured/count retained,True,"Primary excludes Time=48:00. Same-time values use median; MechVent uses max and Urine uses sum. Count is raw valid row count. Statistic 'delta' is last minus first, i.e. the (末值−首值) trend required by 实验方案 §4.1; 'slope_per_hour' is the least-squares trend per hour over the same window."
troponini__24_48h__time_span_hours,TroponinI,24_48h,time_span_hours,continuous,ug/L,training median; measured/count retained,True,"Primary excludes Time=48:00. Same-time values use median; MechVent uses max and Urine uses sum. Count is raw valid row count. Statistic 'delta' is last minus first, i.e. the (末值−首值) trend required by 实验方案 §4.1; 'slope_per_hour' is the least-squares trend per hour over the same window."
troponint__24_48h__measured,TroponinT,24_48h,measured,binary,ug/L,0 when absent,True,"Primary excludes Time=48:00. Same-time values use median; MechVent uses max and Urine uses sum. Count is raw valid row count. Statistic 'delta' is last minus first, i.e. the (末值−首值) trend required by 实验方案 §4.1; 'slope_per_hour' is the least-squares trend per hour over the same window."
troponint__24_48h__count,TroponinT,24_48h,count,continuous,ug/L,0 when absent,True,"Primary excludes Time=48:00. Same-time values use median; MechVent uses max and Urine uses sum. Count is raw valid row count. Statistic 'delta' is last minus first, i.e. the (末值−首值) trend required by 实验方案 §4.1; 'slope_per_hour' is the least-squares trend per hour over the same window."
troponint__24_48h__first,TroponinT,24_48h,first,continuous,ug/L,training median; measured/count retained,True,"Primary excludes Time=48:00. Same-time values use median; MechVent uses max and Urine uses sum. Count is raw valid row count. Statistic 'delta' is last minus first, i.e. the (末值−首值) trend required by 实验方案 §4.1; 'slope_per_hour' is the least-squares trend per hour over the same window."
troponint__24_48h__last,TroponinT,24_48h,last,continuous,ug/L,training median; measured/count retained,True,"Primary excludes Time=48:00. Same-time values use median; MechVent uses max and Urine uses sum. Count is raw valid row count. Statistic 'delta' is last minus first, i.e. the (末值−首值) trend required by 实验方案 §4.1; 'slope_per_hour' is the least-squares trend per hour over the same window."
troponint__24_48h__min,TroponinT,24_48h,min,continuous,ug/L,training median; measured/count retained,True,"Primary excludes Time=48:00. Same-time values use median; MechVent uses max and Urine uses sum. Count is raw valid row count. Statistic 'delta' is last minus first, i.e. the (末值−首值) trend required by 实验方案 §4.1; 'slope_per_hour' is the least-squares trend per hour over the same window."
troponint__24_48h__max,TroponinT,24_48h,max,continuous,ug/L,training median; measured/count retained,True,"Primary excludes Time=48:00. Same-time values use median; MechVent uses max and Urine uses sum. Count is raw valid row count. Statistic 'delta' is last minus first, i.e. the (末值−首值) trend required by 实验方案 §4.1; 'slope_per_hour' is the least-squares trend per hour over the same window."
troponint__24_48h__mean,TroponinT,24_48h,mean,continuous,ug/L,training median; measured/count retained,True,"Primary excludes Time=48:00. Same-time values use median; MechVent uses max and Urine uses sum. Count is raw valid row count. Statistic 'delta' is last minus first, i.e. the (末值−首值) trend required by 实验方案 §4.1; 'slope_per_hour' is the least-squares trend per hour over the same window."
troponint__24_48h__median,TroponinT,24_48h,median,continuous,ug/L,training median; measured/count retained,True,"Primary excludes Time=48:00. Same-time values use median; MechVent uses max and Urine uses sum. Count is raw valid row count. Statistic 'delta' is last minus first, i.e. the (末值−首值) trend required by 实验方案 §4.1; 'slope_per_hour' is the least-squares trend per hour over the same window."
troponint__24_48h__std,TroponinT,24_48h,std,continuous,ug/L,training median; measured/count retained,True,"Primary excludes Time=48:00. Same-time values use median; MechVent uses max and Urine uses sum. Count is raw valid row count. Statistic 'delta' is last minus first, i.e. the (末值−首值) trend required by 实验方案 §4.1; 'slope_per_hour' is the least-squares trend per hour over the same window."
troponint__24_48h__slope_per_hour,TroponinT,24_48h,slope_per_hour,continuous,ug/L,training median; measured/count retained,True,"Primary excludes Time=48:00. Same-time values use median; MechVent uses max and Urine uses sum. Count is raw valid row count. Statistic 'delta' is last minus first, i.e. the (末值−首值) trend required by 实验方案 §4.1; 'slope_per_hour' is the least-squares trend per hour over the same window."
troponint__24_48h__delta,TroponinT,24_48h,delta,continuous,ug/L,training median; measured/count retained,True,"Primary excludes Time=48:00. Same-time values use median; MechVent uses max and Urine uses sum. Count is raw valid row count. Statistic 'delta' is last minus first, i.e. the (末值−首值) trend required by 实验方案 §4.1; 'slope_per_hour' is the least-squares trend per hour over the same window."
troponint__24_48h__time_span_hours,TroponinT,24_48h,time_span_hours,continuous,ug/L,training median; measured/count retained,True,"Primary excludes Time=48:00. Same-time values use median; MechVent uses max and Urine uses sum. Count is raw valid row count. Statistic 'delta' is last minus first, i.e. the (末值−首值) trend required by 实验方案 §4.1; 'slope_per_hour' is the least-squares trend per hour over the same window."
urine__24_48h__measured,Urine,24_48h,measured,binary,mL,0 when absent,True,"Primary excludes Time=48:00. Same-time values use median; MechVent uses max and Urine uses sum. Count is raw valid row count. Statistic 'delta' is last minus first, i.e. the (末值−首值) trend required by 实验方案 §4.1; 'slope_per_hour' is the least-squares trend per hour over the same window."
urine__24_48h__count,Urine,24_48h,count,continuous,mL,0 when absent,True,"Primary excludes Time=48:00. Same-time values use median; MechVent uses max and Urine uses sum. Count is raw valid row count. Statistic 'delta' is last minus first, i.e. the (末值−首值) trend required by 实验方案 §4.1; 'slope_per_hour' is the least-squares trend per hour over the same window."
urine__24_48h__first,Urine,24_48h,first,continuous,mL,training median; measured/count retained,True,"Primary excludes Time=48:00. Same-time values use median; MechVent uses max and Urine uses sum. Count is raw valid row count. Statistic 'delta' is last minus first, i.e. the (末值−首值) trend required by 实验方案 §4.1; 'slope_per_hour' is the least-squares trend per hour over the same window."
urine__24_48h__last,Urine,24_48h,last,continuous,mL,training median; measured/count retained,True,"Primary excludes Time=48:00. Same-time values use median; MechVent uses max and Urine uses sum. Count is raw valid row count. Statistic 'delta' is last minus first, i.e. the (末值−首值) trend required by 实验方案 §4.1; 'slope_per_hour' is the least-squares trend per hour over the same window."
urine__24_48h__min,Urine,24_48h,min,continuous,mL,training median; measured/count retained,True,"Primary excludes Time=48:00. Same-time values use median; MechVent uses max and Urine uses sum. Count is raw valid row count. Statistic 'delta' is last minus first, i.e. the (末值−首值) trend required by 实验方案 §4.1; 'slope_per_hour' is the least-squares trend per hour over the same window."
urine__24_48h__max,Urine,24_48h,max,continuous,mL,training median; measured/count retained,True,"Primary excludes Time=48:00. Same-time values use median; MechVent uses max and Urine uses sum. Count is raw valid row count. Statistic 'delta' is last minus first, i.e. the (末值−首值) trend required by 实验方案 §4.1; 'slope_per_hour' is the least-squares trend per hour over the same window."
urine__24_48h__mean,Urine,24_48h,mean,continuous,mL,training median; measured/count retained,True,"Primary excludes Time=48:00. Same-time values use median; MechVent uses max and Urine uses sum. Count is raw valid row count. Statistic 'delta' is last minus first, i.e. the (末值−首值) trend required by 实验方案 §4.1; 'slope_per_hour' is the least-squares trend per hour over the same window."
urine__24_48h__median,Urine,24_48h,median,continuous,mL,training median; measured/count retained,True,"Primary excludes Time=48:00. Same-time values use median; MechVent uses max and Urine uses sum. Count is raw valid row count. Statistic 'delta' is last minus first, i.e. the (末值−首值) trend required by 实验方案 §4.1; 'slope_per_hour' is the least-squares trend per hour over the same window."
urine__24_48h__std,Urine,24_48h,std,continuous,mL,training median; measured/count retained,True,"Primary excludes Time=48:00. Same-time values use median; MechVent uses max and Urine uses sum. Count is raw valid row count. Statistic 'delta' is last minus first, i.e. the (末值−首值) trend required by 实验方案 §4.1; 'slope_per_hour' is the least-squares trend per hour over the same window."
urine__24_48h__slope_per_hour,Urine,24_48h,slope_per_hour,continuous,mL,training median; measured/count retained,True,"Primary excludes Time=48:00. Same-time values use median; MechVent uses max and Urine uses sum. Count is raw valid row count. Statistic 'delta' is last minus first, i.e. the (末值−首值) trend required by 实验方案 §4.1; 'slope_per_hour' is the least-squares trend per hour over the same window."
urine__24_48h__delta,Urine,24_48h,delta,continuous,mL,training median; measured/count retained,True,"Primary excludes Time=48:00. Same-time values use median; MechVent uses max and Urine uses sum. Count is raw valid row count. Statistic 'delta' is last minus first, i.e. the (末值−首值) trend required by 实验方案 §4.1; 'slope_per_hour' is the least-squares trend per hour over the same window."
urine__24_48h__time_span_hours,Urine,24_48h,time_span_hours,continuous,mL,training median; measured/count retained,True,"Primary excludes Time=48:00. Same-time values use median; MechVent uses max and Urine uses sum. Count is raw valid row count. Statistic 'delta' is last minus first, i.e. the (末值−首值) trend required by 实验方案 §4.1; 'slope_per_hour' is the least-squares trend per hour over the same window."
wbc__24_48h__measured,WBC,24_48h,measured,binary,cells/nL,0 when absent,True,"Primary excludes Time=48:00. Same-time values use median; MechVent uses max and Urine uses sum. Count is raw valid row count. Statistic 'delta' is last minus first, i.e. the (末值−首值) trend required by 实验方案 §4.1; 'slope_per_hour' is the least-squares trend per hour over the same window."
wbc__24_48h__count,WBC,24_48h,count,continuous,cells/nL,0 when absent,True,"Primary excludes Time=48:00. Same-time values use median; MechVent uses max and Urine uses sum. Count is raw valid row count. Statistic 'delta' is last minus first, i.e. the (末值−首值) trend required by 实验方案 §4.1; 'slope_per_hour' is the least-squares trend per hour over the same window."
wbc__24_48h__first,WBC,24_48h,first,continuous,cells/nL,training median; measured/count retained,True,"Primary excludes Time=48:00. Same-time values use median; MechVent uses max and Urine uses sum. Count is raw valid row count. Statistic 'delta' is last minus first, i.e. the (末值−首值) trend required by 实验方案 §4.1; 'slope_per_hour' is the least-squares trend per hour over the same window."
wbc__24_48h__last,WBC,24_48h,last,continuous,cells/nL,training median; measured/count retained,True,"Primary excludes Time=48:00. Same-time values use median; MechVent uses max and Urine uses sum. Count is raw valid row count. Statistic 'delta' is last minus first, i.e. the (末值−首值) trend required by 实验方案 §4.1; 'slope_per_hour' is the least-squares trend per hour over the same window."
wbc__24_48h__min,WBC,24_48h,min,continuous,cells/nL,training median; measured/count retained,True,"Primary excludes Time=48:00. Same-time values use median; MechVent uses max and Urine uses sum. Count is raw valid row count. Statistic 'delta' is last minus first, i.e. the (末值−首值) trend required by 实验方案 §4.1; 'slope_per_hour' is the least-squares trend per hour over the same window."
wbc__24_48h__max,WBC,24_48h,max,continuous,cells/nL,training median; measured/count retained,True,"Primary excludes Time=48:00. Same-time values use median; MechVent uses max and Urine uses sum. Count is raw valid row count. Statistic 'delta' is last minus first, i.e. the (末值−首值) trend required by 实验方案 §4.1; 'slope_per_hour' is the least-squares trend per hour over the same window."
wbc__24_48h__mean,WBC,24_48h,mean,continuous,cells/nL,training median; measured/count retained,True,"Primary excludes Time=48:00. Same-time values use median; MechVent uses max and Urine uses sum. Count is raw valid row count. Statistic 'delta' is last minus first, i.e. the (末值−首值) trend required by 实验方案 §4.1; 'slope_per_hour' is the least-squares trend per hour over the same window."
wbc__24_48h__median,WBC,24_48h,median,continuous,cells/nL,training median; measured/count retained,True,"Primary excludes Time=48:00. Same-time values use median; MechVent uses max and Urine uses sum. Count is raw valid row count. Statistic 'delta' is last minus first, i.e. the (末值−首值) trend required by 实验方案 §4.1; 'slope_per_hour' is the least-squares trend per hour over the same window."
wbc__24_48h__std,WBC,24_48h,std,continuous,cells/nL,training median; measured/count retained,True,"Primary excludes Time=48:00. Same-time values use median; MechVent uses max and Urine uses sum. Count is raw valid row count. Statistic 'delta' is last minus first, i.e. the (末值−首值) trend required by 实验方案 §4.1; 'slope_per_hour' is the least-squares trend per hour over the same window."
wbc__24_48h__slope_per_hour,WBC,24_48h,slope_per_hour,continuous,cells/nL,training median; measured/count retained,True,"Primary excludes Time=48:00. Same-time values use median; MechVent uses max and Urine uses sum. Count is raw valid row count. Statistic 'delta' is last minus first, i.e. the (末值−首值) trend required by 实验方案 §4.1; 'slope_per_hour' is the least-squares trend per hour over the same window."
wbc__24_48h__delta,WBC,24_48h,delta,continuous,cells/nL,training median; measured/count retained,True,"Primary excludes Time=48:00. Same-time values use median; MechVent uses max and Urine uses sum. Count is raw valid row count. Statistic 'delta' is last minus first, i.e. the (末值−首值) trend required by 实验方案 §4.1; 'slope_per_hour' is the least-squares trend per hour over the same window."
wbc__24_48h__time_span_hours,WBC,24_48h,time_span_hours,continuous,cells/nL,training median; measured/count retained,True,"Primary excludes Time=48:00. Same-time values use median; MechVent uses max and Urine uses sum. Count is raw valid row count. Statistic 'delta' is last minus first, i.e. the (末值−首值) trend required by 实验方案 §4.1; 'slope_per_hour' is the least-squares trend per hour over the same window."
weight__24_48h__measured,Weight,24_48h,measured,binary,kg,0 when absent,True,"Primary excludes Time=48:00. Same-time values use median; MechVent uses max and Urine uses sum. Count is raw valid row count. Statistic 'delta' is last minus first, i.e. the (末值−首值) trend required by 实验方案 §4.1; 'slope_per_hour' is the least-squares trend per hour over the same window."
weight__24_48h__count,Weight,24_48h,count,continuous,kg,0 when absent,True,"Primary excludes Time=48:00. Same-time values use median; MechVent uses max and Urine uses sum. Count is raw valid row count. Statistic 'delta' is last minus first, i.e. the (末值−首值) trend required by 实验方案 §4.1; 'slope_per_hour' is the least-squares trend per hour over the same window."
weight__24_48h__first,Weight,24_48h,first,continuous,kg,training median; measured/count retained,True,"Primary excludes Time=48:00. Same-time values use median; MechVent uses max and Urine uses sum. Count is raw valid row count. Statistic 'delta' is last minus first, i.e. the (末值−首值) trend required by 实验方案 §4.1; 'slope_per_hour' is the least-squares trend per hour over the same window."
weight__24_48h__last,Weight,24_48h,last,continuous,kg,training median; measured/count retained,True,"Primary excludes Time=48:00. Same-time values use median; MechVent uses max and Urine uses sum. Count is raw valid row count. Statistic 'delta' is last minus first, i.e. the (末值−首值) trend required by 实验方案 §4.1; 'slope_per_hour' is the least-squares trend per hour over the same window."
weight__24_48h__min,Weight,24_48h,min,continuous,kg,training median; measured/count retained,True,"Primary excludes Time=48:00. Same-time values use median; MechVent uses max and Urine uses sum. Count is raw valid row count. Statistic 'delta' is last minus first, i.e. the (末值−首值) trend required by 实验方案 §4.1; 'slope_per_hour' is the least-squares trend per hour over the same window."
weight__24_48h__max,Weight,24_48h,max,continuous,kg,training median; measured/count retained,True,"Primary excludes Time=48:00. Same-time values use median; MechVent uses max and Urine uses sum. Count is raw valid row count. Statistic 'delta' is last minus first, i.e. the (末值−首值) trend required by 实验方案 §4.1; 'slope_per_hour' is the least-squares trend per hour over the same window."
weight__24_48h__mean,Weight,24_48h,mean,continuous,kg,training median; measured/count retained,True,"Primary excludes Time=48:00. Same-time values use median; MechVent uses max and Urine uses sum. Count is raw valid row count. Statistic 'delta' is last minus first, i.e. the (末值−首值) trend required by 实验方案 §4.1; 'slope_per_hour' is the least-squares trend per hour over the same window."
weight__24_48h__median,Weight,24_48h,median,continuous,kg,training median; measured/count retained,True,"Primary excludes Time=48:00. Same-time values use median; MechVent uses max and Urine uses sum. Count is raw valid row count. Statistic 'delta' is last minus first, i.e. the (末值−首值) trend required by 实验方案 §4.1; 'slope_per_hour' is the least-squares trend per hour over the same window."
weight__24_48h__std,Weight,24_48h,std,continuous,kg,training median; measured/count retained,True,"Primary excludes Time=48:00. Same-time values use median; MechVent uses max and Urine uses sum. Count is raw valid row count. Statistic 'delta' is last minus first, i.e. the (末值−首值) trend required by 实验方案 §4.1; 'slope_per_hour' is the least-squares trend per hour over the same window."
weight__24_48h__slope_per_hour,Weight,24_48h,slope_per_hour,continuous,kg,training median; measured/count retained,True,"Primary excludes Time=48:00. Same-time values use median; MechVent uses max and Urine uses sum. Count is raw valid row count. Statistic 'delta' is last minus first, i.e. the (末值−首值) trend required by 实验方案 §4.1; 'slope_per_hour' is the least-squares trend per hour over the same window."
weight__24_48h__delta,Weight,24_48h,delta,continuous,kg,training median; measured/count retained,True,"Primary excludes Time=48:00. Same-time values use median; MechVent uses max and Urine uses sum. Count is raw valid row count. Statistic 'delta' is last minus first, i.e. the (末值−首值) trend required by 实验方案 §4.1; 'slope_per_hour' is the least-squares trend per hour over the same window."
weight__24_48h__time_span_hours,Weight,24_48h,time_span_hours,continuous,kg,training median; measured/count retained,True,"Primary excludes Time=48:00. Same-time values use median; MechVent uses max and Urine uses sum. Count is raw valid row count. Statistic 'delta' is last minus first, i.e. the (末值−首值) trend required by 实验方案 §4.1; 'slope_per_hour' is the least-squares trend per hour over the same window."
record__24_48h__valid_observation_count,all_dynamic,24_48h,valid_observation_count,continuous,count,always observed,True,"Number of finite, non-sentinel values across dynamic parameters."
record__24_48h__distinct_parameter_count,all_dynamic,24_48h,distinct_parameter_count,continuous,count,always observed,True,Number of dynamic parameters with at least one valid value.
record__24_48h__missing_parameter_fraction,all_dynamic,24_48h,missing_parameter_fraction,continuous,fraction,always observed,True,1 - distinct_parameter_count / 37.
urine__24_48h__total,Urine,24_48h,total,continuous,mL,training median; measured/count retained,True,Sum of recorded urine values; not extrapolated for unobserved intervals.
mechvent__24_48h__ever,MechVent,24_48h,ever,binary,binary,training median; measured/count retained,True,1 if any recorded MechVent value equals 1.
bp_sys__24_48h__measured,SysABP|NISysABP,24_48h,measured,binary,mmHg,0 when absent,True,"Derived merged blood pressure: uses SysABP when this window has at least one invasive reading, otherwise NISysABP. Source parallel columns are retained separately. Excluded from record-level distinct/total observation counters."
bp_sys__24_48h__count,SysABP|NISysABP,24_48h,count,continuous,mmHg,0 when absent,True,"Derived merged blood pressure: uses SysABP when this window has at least one invasive reading, otherwise NISysABP. Source parallel columns are retained separately. Excluded from record-level distinct/total observation counters."
bp_sys__24_48h__first,SysABP|NISysABP,24_48h,first,continuous,mmHg,training median; measured/count retained,True,"Derived merged blood pressure: uses SysABP when this window has at least one invasive reading, otherwise NISysABP. Source parallel columns are retained separately. Excluded from record-level distinct/total observation counters."
bp_sys__24_48h__last,SysABP|NISysABP,24_48h,last,continuous,mmHg,training median; measured/count retained,True,"Derived merged blood pressure: uses SysABP when this window has at least one invasive reading, otherwise NISysABP. Source parallel columns are retained separately. Excluded from record-level distinct/total observation counters."
bp_sys__24_48h__min,SysABP|NISysABP,24_48h,min,continuous,mmHg,training median; measured/count retained,True,"Derived merged blood pressure: uses SysABP when this window has at least one invasive reading, otherwise NISysABP. Source parallel columns are retained separately. Excluded from record-level distinct/total observation counters."
bp_sys__24_48h__max,SysABP|NISysABP,24_48h,max,continuous,mmHg,training median; measured/count retained,True,"Derived merged blood pressure: uses SysABP when this window has at least one invasive reading, otherwise NISysABP. Source parallel columns are retained separately. Excluded from record-level distinct/total observation counters."
bp_sys__24_48h__mean,SysABP|NISysABP,24_48h,mean,continuous,mmHg,training median; measured/count retained,True,"Derived merged blood pressure: uses SysABP when this window has at least one invasive reading, otherwise NISysABP. Source parallel columns are retained separately. Excluded from record-level distinct/total observation counters."
bp_sys__24_48h__median,SysABP|NISysABP,24_48h,median,continuous,mmHg,training median; measured/count retained,True,"Derived merged blood pressure: uses SysABP when this window has at least one invasive reading, otherwise NISysABP. Source parallel columns are retained separately. Excluded from record-level distinct/total observation counters."
bp_sys__24_48h__std,SysABP|NISysABP,24_48h,std,continuous,mmHg,training median; measured/count retained,True,"Derived merged blood pressure: uses SysABP when this window has at least one invasive reading, otherwise NISysABP. Source parallel columns are retained separately. Excluded from record-level distinct/total observation counters."
bp_sys__24_48h__slope_per_hour,SysABP|NISysABP,24_48h,slope_per_hour,continuous,mmHg,training median; measured/count retained,True,"Derived merged blood pressure: uses SysABP when this window has at least one invasive reading, otherwise NISysABP. Source parallel columns are retained separately. Excluded from record-level distinct/total observation counters."
bp_sys__24_48h__delta,SysABP|NISysABP,24_48h,delta,continuous,mmHg,training median; measured/count retained,True,"Derived merged blood pressure: uses SysABP when this window has at least one invasive reading, otherwise NISysABP. Source parallel columns are retained separately. Excluded from record-level distinct/total observation counters."
bp_sys__24_48h__time_span_hours,SysABP|NISysABP,24_48h,time_span_hours,continuous,mmHg,training median; measured/count retained,True,"Derived merged blood pressure: uses SysABP when this window has at least one invasive reading, otherwise NISysABP. Source parallel columns are retained separately. Excluded from record-level distinct/total observation counters."
bp_dias__24_48h__measured,DiasABP|NIDiasABP,24_48h,measured,binary,mmHg,0 when absent,True,"Derived merged blood pressure: uses DiasABP when this window has at least one invasive reading, otherwise NIDiasABP. Source parallel columns are retained separately. Excluded from record-level distinct/total observation counters."
bp_dias__24_48h__count,DiasABP|NIDiasABP,24_48h,count,continuous,mmHg,0 when absent,True,"Derived merged blood pressure: uses DiasABP when this window has at least one invasive reading, otherwise NIDiasABP. Source parallel columns are retained separately. Excluded from record-level distinct/total observation counters."
bp_dias__24_48h__first,DiasABP|NIDiasABP,24_48h,first,continuous,mmHg,training median; measured/count retained,True,"Derived merged blood pressure: uses DiasABP when this window has at least one invasive reading, otherwise NIDiasABP. Source parallel columns are retained separately. Excluded from record-level distinct/total observation counters."
bp_dias__24_48h__last,DiasABP|NIDiasABP,24_48h,last,continuous,mmHg,training median; measured/count retained,True,"Derived merged blood pressure: uses DiasABP when this window has at least one invasive reading, otherwise NIDiasABP. Source parallel columns are retained separately. Excluded from record-level distinct/total observation counters."
bp_dias__24_48h__min,DiasABP|NIDiasABP,24_48h,min,continuous,mmHg,training median; measured/count retained,True,"Derived merged blood pressure: uses DiasABP when this window has at least one invasive reading, otherwise NIDiasABP. Source parallel columns are retained separately. Excluded from record-level distinct/total observation counters."
bp_dias__24_48h__max,DiasABP|NIDiasABP,24_48h,max,continuous,mmHg,training median; measured/count retained,True,"Derived merged blood pressure: uses DiasABP when this window has at least one invasive reading, otherwise NIDiasABP. Source parallel columns are retained separately. Excluded from record-level distinct/total observation counters."
bp_dias__24_48h__mean,DiasABP|NIDiasABP,24_48h,mean,continuous,mmHg,training median; measured/count retained,True,"Derived merged blood pressure: uses DiasABP when this window has at least one invasive reading, otherwise NIDiasABP. Source parallel columns are retained separately. Excluded from record-level distinct/total observation counters."
bp_dias__24_48h__median,DiasABP|NIDiasABP,24_48h,median,continuous,mmHg,training median; measured/count retained,True,"Derived merged blood pressure: uses DiasABP when this window has at least one invasive reading, otherwise NIDiasABP. Source parallel columns are retained separately. Excluded from record-level distinct/total observation counters."
bp_dias__24_48h__std,DiasABP|NIDiasABP,24_48h,std,continuous,mmHg,training median; measured/count retained,True,"Derived merged blood pressure: uses DiasABP when this window has at least one invasive reading, otherwise NIDiasABP. Source parallel columns are retained separately. Excluded from record-level distinct/total observation counters."
bp_dias__24_48h__slope_per_hour,DiasABP|NIDiasABP,24_48h,slope_per_hour,continuous,mmHg,training median; measured/count retained,True,"Derived merged blood pressure: uses DiasABP when this window has at least one invasive reading, otherwise NIDiasABP. Source parallel columns are retained separately. Excluded from record-level distinct/total observation counters."
bp_dias__24_48h__delta,DiasABP|NIDiasABP,24_48h,delta,continuous,mmHg,training median; measured/count retained,True,"Derived merged blood pressure: uses DiasABP when this window has at least one invasive reading, otherwise NIDiasABP. Source parallel columns are retained separately. Excluded from record-level distinct/total observation counters."
bp_dias__24_48h__time_span_hours,DiasABP|NIDiasABP,24_48h,time_span_hours,continuous,mmHg,training median; measured/count retained,True,"Derived merged blood pressure: uses DiasABP when this window has at least one invasive reading, otherwise NIDiasABP. Source parallel columns are retained separately. Excluded from record-level distinct/total observation counters."
bp_mean__24_48h__measured,MAP|NIMAP,24_48h,measured,binary,mmHg,0 when absent,True,"Derived merged blood pressure: uses MAP when this window has at least one invasive reading, otherwise NIMAP. Source parallel columns are retained separately. Excluded from record-level distinct/total observation counters."
bp_mean__24_48h__count,MAP|NIMAP,24_48h,count,continuous,mmHg,0 when absent,True,"Derived merged blood pressure: uses MAP when this window has at least one invasive reading, otherwise NIMAP. Source parallel columns are retained separately. Excluded from record-level distinct/total observation counters."
bp_mean__24_48h__first,MAP|NIMAP,24_48h,first,continuous,mmHg,training median; measured/count retained,True,"Derived merged blood pressure: uses MAP when this window has at least one invasive reading, otherwise NIMAP. Source parallel columns are retained separately. Excluded from record-level distinct/total observation counters."
bp_mean__24_48h__last,MAP|NIMAP,24_48h,last,continuous,mmHg,training median; measured/count retained,True,"Derived merged blood pressure: uses MAP when this window has at least one invasive reading, otherwise NIMAP. Source parallel columns are retained separately. Excluded from record-level distinct/total observation counters."
bp_mean__24_48h__min,MAP|NIMAP,24_48h,min,continuous,mmHg,training median; measured/count retained,True,"Derived merged blood pressure: uses MAP when this window has at least one invasive reading, otherwise NIMAP. Source parallel columns are retained separately. Excluded from record-level distinct/total observation counters."
bp_mean__24_48h__max,MAP|NIMAP,24_48h,max,continuous,mmHg,training median; measured/count retained,True,"Derived merged blood pressure: uses MAP when this window has at least one invasive reading, otherwise NIMAP. Source parallel columns are retained separately. Excluded from record-level distinct/total observation counters."
bp_mean__24_48h__mean,MAP|NIMAP,24_48h,mean,continuous,mmHg,training median; measured/count retained,True,"Derived merged blood pressure: uses MAP when this window has at least one invasive reading, otherwise NIMAP. Source parallel columns are retained separately. Excluded from record-level distinct/total observation counters."
bp_mean__24_48h__median,MAP|NIMAP,24_48h,median,continuous,mmHg,training median; measured/count retained,True,"Derived merged blood pressure: uses MAP when this window has at least one invasive reading, otherwise NIMAP. Source parallel columns are retained separately. Excluded from record-level distinct/total observation counters."
bp_mean__24_48h__std,MAP|NIMAP,24_48h,std,continuous,mmHg,training median; measured/count retained,True,"Derived merged blood pressure: uses MAP when this window has at least one invasive reading, otherwise NIMAP. Source parallel columns are retained separately. Excluded from record-level distinct/total observation counters."
bp_mean__24_48h__slope_per_hour,MAP|NIMAP,24_48h,slope_per_hour,continuous,mmHg,training median; measured/count retained,True,"Derived merged blood pressure: uses MAP when this window has at least one invasive reading, otherwise NIMAP. Source parallel columns are retained separately. Excluded from record-level distinct/total observation counters."
bp_mean__24_48h__delta,MAP|NIMAP,24_48h,delta,continuous,mmHg,training median; measured/count retained,True,"Derived merged blood pressure: uses MAP when this window has at least one invasive reading, otherwise NIMAP. Source parallel columns are retained separately. Excluded from record-level distinct/total observation counters."
bp_mean__24_48h__time_span_hours,MAP|NIMAP,24_48h,time_span_hours,continuous,mmHg,training median; measured/count retained,True,"Derived merged blood pressure: uses MAP when this window has at least one invasive reading, otherwise NIMAP. Source parallel columns are retained separately. Excluded from record-level distinct/total observation counters."
bp__24_48h__has_arterial_line,SysABP|DiasABP|MAP,24_48h,has_arterial_line,binary,none,always observed,True,1 if any invasive arterial stream has a reading in this window; presence of an arterial line is itself a severity signal.
albumin__0_48h__measured,Albumin,0_48h,measured,binary,g/dL,0 when absent,True,"Primary excludes Time=48:00. Same-time values use median; MechVent uses max and Urine uses sum. Count is raw valid row count. Statistic 'delta' is last minus first, i.e. the (末值−首值) trend required by 实验方案 §4.1; 'slope_per_hour' is the least-squares trend per hour over the same window."
albumin__0_48h__count,Albumin,0_48h,count,continuous,g/dL,0 when absent,True,"Primary excludes Time=48:00. Same-time values use median; MechVent uses max and Urine uses sum. Count is raw valid row count. Statistic 'delta' is last minus first, i.e. the (末值−首值) trend required by 实验方案 §4.1; 'slope_per_hour' is the least-squares trend per hour over the same window."
albumin__0_48h__first,Albumin,0_48h,first,continuous,g/dL,training median; measured/count retained,True,"Primary excludes Time=48:00. Same-time values use median; MechVent uses max and Urine uses sum. Count is raw valid row count. Statistic 'delta' is last minus first, i.e. the (末值−首值) trend required by 实验方案 §4.1; 'slope_per_hour' is the least-squares trend per hour over the same window."
albumin__0_48h__last,Albumin,0_48h,last,continuous,g/dL,training median; measured/count retained,True,"Primary excludes Time=48:00. Same-time values use median; MechVent uses max and Urine uses sum. Count is raw valid row count. Statistic 'delta' is last minus first, i.e. the (末值−首值) trend required by 实验方案 §4.1; 'slope_per_hour' is the least-squares trend per hour over the same window."
albumin__0_48h__min,Albumin,0_48h,min,continuous,g/dL,training median; measured/count retained,True,"Primary excludes Time=48:00. Same-time values use median; MechVent uses max and Urine uses sum. Count is raw valid row count. Statistic 'delta' is last minus first, i.e. the (末值−首值) trend required by 实验方案 §4.1; 'slope_per_hour' is the least-squares trend per hour over the same window."
albumin__0_48h__max,Albumin,0_48h,max,continuous,g/dL,training median; measured/count retained,True,"Primary excludes Time=48:00. Same-time values use median; MechVent uses max and Urine uses sum. Count is raw valid row count. Statistic 'delta' is last minus first, i.e. the (末值−首值) trend required by 实验方案 §4.1; 'slope_per_hour' is the least-squares trend per hour over the same window."
albumin__0_48h__mean,Albumin,0_48h,mean,continuous,g/dL,training median; measured/count retained,True,"Primary excludes Time=48:00. Same-time values use median; MechVent uses max and Urine uses sum. Count is raw valid row count. Statistic 'delta' is last minus first, i.e. the (末值−首值) trend required by 实验方案 §4.1; 'slope_per_hour' is the least-squares trend per hour over the same window."
albumin__0_48h__median,Albumin,0_48h,median,continuous,g/dL,training median; measured/count retained,True,"Primary excludes Time=48:00. Same-time values use median; MechVent uses max and Urine uses sum. Count is raw valid row count. Statistic 'delta' is last minus first, i.e. the (末值−首值) trend required by 实验方案 §4.1; 'slope_per_hour' is the least-squares trend per hour over the same window."
albumin__0_48h__std,Albumin,0_48h,std,continuous,g/dL,training median; measured/count retained,True,"Primary excludes Time=48:00. Same-time values use median; MechVent uses max and Urine uses sum. Count is raw valid row count. Statistic 'delta' is last minus first, i.e. the (末值−首值) trend required by 实验方案 §4.1; 'slope_per_hour' is the least-squares trend per hour over the same window."
albumin__0_48h__slope_per_hour,Albumin,0_48h,slope_per_hour,continuous,g/dL,training median; measured/count retained,True,"Primary excludes Time=48:00. Same-time values use median; MechVent uses max and Urine uses sum. Count is raw valid row count. Statistic 'delta' is last minus first, i.e. the (末值−首值) trend required by 实验方案 §4.1; 'slope_per_hour' is the least-squares trend per hour over the same window."
albumin__0_48h__delta,Albumin,0_48h,delta,continuous,g/dL,training median; measured/count retained,True,"Primary excludes Time=48:00. Same-time values use median; MechVent uses max and Urine uses sum. Count is raw valid row count. Statistic 'delta' is last minus first, i.e. the (末值−首值) trend required by 实验方案 §4.1; 'slope_per_hour' is the least-squares trend per hour over the same window."
albumin__0_48h__time_span_hours,Albumin,0_48h,time_span_hours,continuous,g/dL,training median; measured/count retained,True,"Primary excludes Time=48:00. Same-time values use median; MechVent uses max and Urine uses sum. Count is raw valid row count. Statistic 'delta' is last minus first, i.e. the (末值−首值) trend required by 实验方案 §4.1; 'slope_per_hour' is the least-squares trend per hour over the same window."
alp__0_48h__measured,ALP,0_48h,measured,binary,IU/L,0 when absent,True,"Primary excludes Time=48:00. Same-time values use median; MechVent uses max and Urine uses sum. Count is raw valid row count. Statistic 'delta' is last minus first, i.e. the (末值−首值) trend required by 实验方案 §4.1; 'slope_per_hour' is the least-squares trend per hour over the same window."
alp__0_48h__count,ALP,0_48h,count,continuous,IU/L,0 when absent,True,"Primary excludes Time=48:00. Same-time values use median; MechVent uses max and Urine uses sum. Count is raw valid row count. Statistic 'delta' is last minus first, i.e. the (末值−首值) trend required by 实验方案 §4.1; 'slope_per_hour' is the least-squares trend per hour over the same window."
alp__0_48h__first,ALP,0_48h,first,continuous,IU/L,training median; measured/count retained,True,"Primary excludes Time=48:00. Same-time values use median; MechVent uses max and Urine uses sum. Count is raw valid row count. Statistic 'delta' is last minus first, i.e. the (末值−首值) trend required by 实验方案 §4.1; 'slope_per_hour' is the least-squares trend per hour over the same window."
alp__0_48h__last,ALP,0_48h,last,continuous,IU/L,training median; measured/count retained,True,"Primary excludes Time=48:00. Same-time values use median; MechVent uses max and Urine uses sum. Count is raw valid row count. Statistic 'delta' is last minus first, i.e. the (末值−首值) trend required by 实验方案 §4.1; 'slope_per_hour' is the least-squares trend per hour over the same window."
alp__0_48h__min,ALP,0_48h,min,continuous,IU/L,training median; measured/count retained,True,"Primary excludes Time=48:00. Same-time values use median; MechVent uses max and Urine uses sum. Count is raw valid row count. Statistic 'delta' is last minus first, i.e. the (末值−首值) trend required by 实验方案 §4.1; 'slope_per_hour' is the least-squares trend per hour over the same window."
alp__0_48h__max,ALP,0_48h,max,continuous,IU/L,training median; measured/count retained,True,"Primary excludes Time=48:00. Same-time values use median; MechVent uses max and Urine uses sum. Count is raw valid row count. Statistic 'delta' is last minus first, i.e. the (末值−首值) trend required by 实验方案 §4.1; 'slope_per_hour' is the least-squares trend per hour over the same window."
alp__0_48h__mean,ALP,0_48h,mean,continuous,IU/L,training median; measured/count retained,True,"Primary excludes Time=48:00. Same-time values use median; MechVent uses max and Urine uses sum. Count is raw valid row count. Statistic 'delta' is last minus first, i.e. the (末值−首值) trend required by 实验方案 §4.1; 'slope_per_hour' is the least-squares trend per hour over the same window."
alp__0_48h__median,ALP,0_48h,median,continuous,IU/L,training median; measured/count retained,True,"Primary excludes Time=48:00. Same-time values use median; MechVent uses max and Urine uses sum. Count is raw valid row count. Statistic 'delta' is last minus first, i.e. the (末值−首值) trend required by 实验方案 §4.1; 'slope_per_hour' is the least-squares trend per hour over the same window."
alp__0_48h__std,ALP,0_48h,std,continuous,IU/L,training median; measured/count retained,True,"Primary excludes Time=48:00. Same-time values use median; MechVent uses max and Urine uses sum. Count is raw valid row count. Statistic 'delta' is last minus first, i.e. the (末值−首值) trend required by 实验方案 §4.1; 'slope_per_hour' is the least-squares trend per hour over the same window."
alp__0_48h__slope_per_hour,ALP,0_48h,slope_per_hour,continuous,IU/L,training median; measured/count retained,True,"Primary excludes Time=48:00. Same-time values use median; MechVent uses max and Urine uses sum. Count is raw valid row count. Statistic 'delta' is last minus first, i.e. the (末值−首值) trend required by 实验方案 §4.1; 'slope_per_hour' is the least-squares trend per hour over the same window."
alp__0_48h__delta,ALP,0_48h,delta,continuous,IU/L,training median; measured/count retained,True,"Primary excludes Time=48:00. Same-time values use median; MechVent uses max and Urine uses sum. Count is raw valid row count. Statistic 'delta' is last minus first, i.e. the (末值−首值) trend required by 实验方案 §4.1; 'slope_per_hour' is the least-squares trend per hour over the same window."
alp__0_48h__time_span_hours,ALP,0_48h,time_span_hours,continuous,IU/L,training median; measured/count retained,True,"Primary excludes Time=48:00. Same-time values use median; MechVent uses max and Urine uses sum. Count is raw valid row count. Statistic 'delta' is last minus first, i.e. the (末值−首值) trend required by 实验方案 §4.1; 'slope_per_hour' is the least-squares trend per hour over the same window."
alt__0_48h__measured,ALT,0_48h,measured,binary,IU/L,0 when absent,True,"Primary excludes Time=48:00. Same-time values use median; MechVent uses max and Urine uses sum. Count is raw valid row count. Statistic 'delta' is last minus first, i.e. the (末值−首值) trend required by 实验方案 §4.1; 'slope_per_hour' is the least-squares trend per hour over the same window."
alt__0_48h__count,ALT,0_48h,count,continuous,IU/L,0 when absent,True,"Primary excludes Time=48:00. Same-time values use median; MechVent uses max and Urine uses sum. Count is raw valid row count. Statistic 'delta' is last minus first, i.e. the (末值−首值) trend required by 实验方案 §4.1; 'slope_per_hour' is the least-squares trend per hour over the same window."
alt__0_48h__first,ALT,0_48h,first,continuous,IU/L,training median; measured/count retained,True,"Primary excludes Time=48:00. Same-time values use median; MechVent uses max and Urine uses sum. Count is raw valid row count. Statistic 'delta' is last minus first, i.e. the (末值−首值) trend required by 实验方案 §4.1; 'slope_per_hour' is the least-squares trend per hour over the same window."
alt__0_48h__last,ALT,0_48h,last,continuous,IU/L,training median; measured/count retained,True,"Primary excludes Time=48:00. Same-time values use median; MechVent uses max and Urine uses sum. Count is raw valid row count. Statistic 'delta' is last minus first, i.e. the (末值−首值) trend required by 实验方案 §4.1; 'slope_per_hour' is the least-squares trend per hour over the same window."
alt__0_48h__min,ALT,0_48h,min,continuous,IU/L,training median; measured/count retained,True,"Primary excludes Time=48:00. Same-time values use median; MechVent uses max and Urine uses sum. Count is raw valid row count. Statistic 'delta' is last minus first, i.e. the (末值−首值) trend required by 实验方案 §4.1; 'slope_per_hour' is the least-squares trend per hour over the same window."
alt__0_48h__max,ALT,0_48h,max,continuous,IU/L,training median; measured/count retained,True,"Primary excludes Time=48:00. Same-time values use median; MechVent uses max and Urine uses sum. Count is raw valid row count. Statistic 'delta' is last minus first, i.e. the (末值−首值) trend required by 实验方案 §4.1; 'slope_per_hour' is the least-squares trend per hour over the same window."
alt__0_48h__mean,ALT,0_48h,mean,continuous,IU/L,training median; measured/count retained,True,"Primary excludes Time=48:00. Same-time values use median; MechVent uses max and Urine uses sum. Count is raw valid row count. Statistic 'delta' is last minus first, i.e. the (末值−首值) trend required by 实验方案 §4.1; 'slope_per_hour' is the least-squares trend per hour over the same window."
alt__0_48h__median,ALT,0_48h,median,continuous,IU/L,training median; measured/count retained,True,"Primary excludes Time=48:00. Same-time values use median; MechVent uses max and Urine uses sum. Count is raw valid row count. Statistic 'delta' is last minus first, i.e. the (末值−首值) trend required by 实验方案 §4.1; 'slope_per_hour' is the least-squares trend per hour over the same window."
alt__0_48h__std,ALT,0_48h,std,continuous,IU/L,training median; measured/count retained,True,"Primary excludes Time=48:00. Same-time values use median; MechVent uses max and Urine uses sum. Count is raw valid row count. Statistic 'delta' is last minus first, i.e. the (末值−首值) trend required by 实验方案 §4.1; 'slope_per_hour' is the least-squares trend per hour over the same window."
alt__0_48h__slope_per_hour,ALT,0_48h,slope_per_hour,continuous,IU/L,training median; measured/count retained,True,"Primary excludes Time=48:00. Same-time values use median; MechVent uses max and Urine uses sum. Count is raw valid row count. Statistic 'delta' is last minus first, i.e. the (末值−首值) trend required by 实验方案 §4.1; 'slope_per_hour' is the least-squares trend per hour over the same window."
alt__0_48h__delta,ALT,0_48h,delta,continuous,IU/L,training median; measured/count retained,True,"Primary excludes Time=48:00. Same-time values use median; MechVent uses max and Urine uses sum. Count is raw valid row count. Statistic 'delta' is last minus first, i.e. the (末值−首值) trend required by 实验方案 §4.1; 'slope_per_hour' is the least-squares trend per hour over the same window."
alt__0_48h__time_span_hours,ALT,0_48h,time_span_hours,continuous,IU/L,training median; measured/count retained,True,"Primary excludes Time=48:00. Same-time values use median; MechVent uses max and Urine uses sum. Count is raw valid row count. Statistic 'delta' is last minus first, i.e. the (末值−首值) trend required by 实验方案 §4.1; 'slope_per_hour' is the least-squares trend per hour over the same window."
ast__0_48h__measured,AST,0_48h,measured,binary,IU/L,0 when absent,True,"Primary excludes Time=48:00. Same-time values use median; MechVent uses max and Urine uses sum. Count is raw valid row count. Statistic 'delta' is last minus first, i.e. the (末值−首值) trend required by 实验方案 §4.1; 'slope_per_hour' is the least-squares trend per hour over the same window."
ast__0_48h__count,AST,0_48h,count,continuous,IU/L,0 when absent,True,"Primary excludes Time=48:00. Same-time values use median; MechVent uses max and Urine uses sum. Count is raw valid row count. Statistic 'delta' is last minus first, i.e. the (末值−首值) trend required by 实验方案 §4.1; 'slope_per_hour' is the least-squares trend per hour over the same window."
ast__0_48h__first,AST,0_48h,first,continuous,IU/L,training median; measured/count retained,True,"Primary excludes Time=48:00. Same-time values use median; MechVent uses max and Urine uses sum. Count is raw valid row count. Statistic 'delta' is last minus first, i.e. the (末值−首值) trend required by 实验方案 §4.1; 'slope_per_hour' is the least-squares trend per hour over the same window."
ast__0_48h__last,AST,0_48h,last,continuous,IU/L,training median; measured/count retained,True,"Primary excludes Time=48:00. Same-time values use median; MechVent uses max and Urine uses sum. Count is raw valid row count. Statistic 'delta' is last minus first, i.e. the (末值−首值) trend required by 实验方案 §4.1; 'slope_per_hour' is the least-squares trend per hour over the same window."
ast__0_48h__min,AST,0_48h,min,continuous,IU/L,training median; measured/count retained,True,"Primary excludes Time=48:00. Same-time values use median; MechVent uses max and Urine uses sum. Count is raw valid row count. Statistic 'delta' is last minus first, i.e. the (末值−首值) trend required by 实验方案 §4.1; 'slope_per_hour' is the least-squares trend per hour over the same window."
ast__0_48h__max,AST,0_48h,max,continuous,IU/L,training median; measured/count retained,True,"Primary excludes Time=48:00. Same-time values use median; MechVent uses max and Urine uses sum. Count is raw valid row count. Statistic 'delta' is last minus first, i.e. the (末值−首值) trend required by 实验方案 §4.1; 'slope_per_hour' is the least-squares trend per hour over the same window."
ast__0_48h__mean,AST,0_48h,mean,continuous,IU/L,training median; measured/count retained,True,"Primary excludes Time=48:00. Same-time values use median; MechVent uses max and Urine uses sum. Count is raw valid row count. Statistic 'delta' is last minus first, i.e. the (末值−首值) trend required by 实验方案 §4.1; 'slope_per_hour' is the least-squares trend per hour over the same window."
ast__0_48h__median,AST,0_48h,median,continuous,IU/L,training median; measured/count retained,True,"Primary excludes Time=48:00. Same-time values use median; MechVent uses max and Urine uses sum. Count is raw valid row count. Statistic 'delta' is last minus first, i.e. the (末值−首值) trend required by 实验方案 §4.1; 'slope_per_hour' is the least-squares trend per hour over the same window."
ast__0_48h__std,AST,0_48h,std,continuous,IU/L,training median; measured/count retained,True,"Primary excludes Time=48:00. Same-time values use median; MechVent uses max and Urine uses sum. Count is raw valid row count. Statistic 'delta' is last minus first, i.e. the (末值−首值) trend required by 实验方案 §4.1; 'slope_per_hour' is the least-squares trend per hour over the same window."
ast__0_48h__slope_per_hour,AST,0_48h,slope_per_hour,continuous,IU/L,training median; measured/count retained,True,"Primary excludes Time=48:00. Same-time values use median; MechVent uses max and Urine uses sum. Count is raw valid row count. Statistic 'delta' is last minus first, i.e. the (末值−首值) trend required by 实验方案 §4.1; 'slope_per_hour' is the least-squares trend per hour over the same window."
ast__0_48h__delta,AST,0_48h,delta,continuous,IU/L,training median; measured/count retained,True,"Primary excludes Time=48:00. Same-time values use median; MechVent uses max and Urine uses sum. Count is raw valid row count. Statistic 'delta' is last minus first, i.e. the (末值−首值) trend required by 实验方案 §4.1; 'slope_per_hour' is the least-squares trend per hour over the same window."
ast__0_48h__time_span_hours,AST,0_48h,time_span_hours,continuous,IU/L,training median; measured/count retained,True,"Primary excludes Time=48:00. Same-time values use median; MechVent uses max and Urine uses sum. Count is raw valid row count. Statistic 'delta' is last minus first, i.e. the (末值−首值) trend required by 实验方案 §4.1; 'slope_per_hour' is the least-squares trend per hour over the same window."
bilirubin__0_48h__measured,Bilirubin,0_48h,measured,binary,mg/dL,0 when absent,True,"Primary excludes Time=48:00. Same-time values use median; MechVent uses max and Urine uses sum. Count is raw valid row count. Statistic 'delta' is last minus first, i.e. the (末值−首值) trend required by 实验方案 §4.1; 'slope_per_hour' is the least-squares trend per hour over the same window."
bilirubin__0_48h__count,Bilirubin,0_48h,count,continuous,mg/dL,0 when absent,True,"Primary excludes Time=48:00. Same-time values use median; MechVent uses max and Urine uses sum. Count is raw valid row count. Statistic 'delta' is last minus first, i.e. the (末值−首值) trend required by 实验方案 §4.1; 'slope_per_hour' is the least-squares trend per hour over the same window."
bilirubin__0_48h__first,Bilirubin,0_48h,first,continuous,mg/dL,training median; measured/count retained,True,"Primary excludes Time=48:00. Same-time values use median; MechVent uses max and Urine uses sum. Count is raw valid row count. Statistic 'delta' is last minus first, i.e. the (末值−首值) trend required by 实验方案 §4.1; 'slope_per_hour' is the least-squares trend per hour over the same window."
bilirubin__0_48h__last,Bilirubin,0_48h,last,continuous,mg/dL,training median; measured/count retained,True,"Primary excludes Time=48:00. Same-time values use median; MechVent uses max and Urine uses sum. Count is raw valid row count. Statistic 'delta' is last minus first, i.e. the (末值−首值) trend required by 实验方案 §4.1; 'slope_per_hour' is the least-squares trend per hour over the same window."
bilirubin__0_48h__min,Bilirubin,0_48h,min,continuous,mg/dL,training median; measured/count retained,True,"Primary excludes Time=48:00. Same-time values use median; MechVent uses max and Urine uses sum. Count is raw valid row count. Statistic 'delta' is last minus first, i.e. the (末值−首值) trend required by 实验方案 §4.1; 'slope_per_hour' is the least-squares trend per hour over the same window."
bilirubin__0_48h__max,Bilirubin,0_48h,max,continuous,mg/dL,training median; measured/count retained,True,"Primary excludes Time=48:00. Same-time values use median; MechVent uses max and Urine uses sum. Count is raw valid row count. Statistic 'delta' is last minus first, i.e. the (末值−首值) trend required by 实验方案 §4.1; 'slope_per_hour' is the least-squares trend per hour over the same window."
bilirubin__0_48h__mean,Bilirubin,0_48h,mean,continuous,mg/dL,training median; measured/count retained,True,"Primary excludes Time=48:00. Same-time values use median; MechVent uses max and Urine uses sum. Count is raw valid row count. Statistic 'delta' is last minus first, i.e. the (末值−首值) trend required by 实验方案 §4.1; 'slope_per_hour' is the least-squares trend per hour over the same window."
bilirubin__0_48h__median,Bilirubin,0_48h,median,continuous,mg/dL,training median; measured/count retained,True,"Primary excludes Time=48:00. Same-time values use median; MechVent uses max and Urine uses sum. Count is raw valid row count. Statistic 'delta' is last minus first, i.e. the (末值−首值) trend required by 实验方案 §4.1; 'slope_per_hour' is the least-squares trend per hour over the same window."
bilirubin__0_48h__std,Bilirubin,0_48h,std,continuous,mg/dL,training median; measured/count retained,True,"Primary excludes Time=48:00. Same-time values use median; MechVent uses max and Urine uses sum. Count is raw valid row count. Statistic 'delta' is last minus first, i.e. the (末值−首值) trend required by 实验方案 §4.1; 'slope_per_hour' is the least-squares trend per hour over the same window."
bilirubin__0_48h__slope_per_hour,Bilirubin,0_48h,slope_per_hour,continuous,mg/dL,training median; measured/count retained,True,"Primary excludes Time=48:00. Same-time values use median; MechVent uses max and Urine uses sum. Count is raw valid row count. Statistic 'delta' is last minus first, i.e. the (末值−首值) trend required by 实验方案 §4.1; 'slope_per_hour' is the least-squares trend per hour over the same window."
bilirubin__0_48h__delta,Bilirubin,0_48h,delta,continuous,mg/dL,training median; measured/count retained,True,"Primary excludes Time=48:00. Same-time values use median; MechVent uses max and Urine uses sum. Count is raw valid row count. Statistic 'delta' is last minus first, i.e. the (末值−首值) trend required by 实验方案 §4.1; 'slope_per_hour' is the least-squares trend per hour over the same window."
bilirubin__0_48h__time_span_hours,Bilirubin,0_48h,time_span_hours,continuous,mg/dL,training median; measured/count retained,True,"Primary excludes Time=48:00. Same-time values use median; MechVent uses max and Urine uses sum. Count is raw valid row count. Statistic 'delta' is last minus first, i.e. the (末值−首值) trend required by 实验方案 §4.1; 'slope_per_hour' is the least-squares trend per hour over the same window."
bun__0_48h__measured,BUN,0_48h,measured,binary,mg/dL,0 when absent,True,"Primary excludes Time=48:00. Same-time values use median; MechVent uses max and Urine uses sum. Count is raw valid row count. Statistic 'delta' is last minus first, i.e. the (末值−首值) trend required by 实验方案 §4.1; 'slope_per_hour' is the least-squares trend per hour over the same window."
bun__0_48h__count,BUN,0_48h,count,continuous,mg/dL,0 when absent,True,"Primary excludes Time=48:00. Same-time values use median; MechVent uses max and Urine uses sum. Count is raw valid row count. Statistic 'delta' is last minus first, i.e. the (末值−首值) trend required by 实验方案 §4.1; 'slope_per_hour' is the least-squares trend per hour over the same window."
bun__0_48h__first,BUN,0_48h,first,continuous,mg/dL,training median; measured/count retained,True,"Primary excludes Time=48:00. Same-time values use median; MechVent uses max and Urine uses sum. Count is raw valid row count. Statistic 'delta' is last minus first, i.e. the (末值−首值) trend required by 实验方案 §4.1; 'slope_per_hour' is the least-squares trend per hour over the same window."
bun__0_48h__last,BUN,0_48h,last,continuous,mg/dL,training median; measured/count retained,True,"Primary excludes Time=48:00. Same-time values use median; MechVent uses max and Urine uses sum. Count is raw valid row count. Statistic 'delta' is last minus first, i.e. the (末值−首值) trend required by 实验方案 §4.1; 'slope_per_hour' is the least-squares trend per hour over the same window."
bun__0_48h__min,BUN,0_48h,min,continuous,mg/dL,training median; measured/count retained,True,"Primary excludes Time=48:00. Same-time values use median; MechVent uses max and Urine uses sum. Count is raw valid row count. Statistic 'delta' is last minus first, i.e. the (末值−首值) trend required by 实验方案 §4.1; 'slope_per_hour' is the least-squares trend per hour over the same window."
bun__0_48h__max,BUN,0_48h,max,continuous,mg/dL,training median; measured/count retained,True,"Primary excludes Time=48:00. Same-time values use median; MechVent uses max and Urine uses sum. Count is raw valid row count. Statistic 'delta' is last minus first, i.e. the (末值−首值) trend required by 实验方案 §4.1; 'slope_per_hour' is the least-squares trend per hour over the same window."
bun__0_48h__mean,BUN,0_48h,mean,continuous,mg/dL,training median; measured/count retained,True,"Primary excludes Time=48:00. Same-time values use median; MechVent uses max and Urine uses sum. Count is raw valid row count. Statistic 'delta' is last minus first, i.e. the (末值−首值) trend required by 实验方案 §4.1; 'slope_per_hour' is the least-squares trend per hour over the same window."
bun__0_48h__median,BUN,0_48h,median,continuous,mg/dL,training median; measured/count retained,True,"Primary excludes Time=48:00. Same-time values use median; MechVent uses max and Urine uses sum. Count is raw valid row count. Statistic 'delta' is last minus first, i.e. the (末值−首值) trend required by 实验方案 §4.1; 'slope_per_hour' is the least-squares trend per hour over the same window."
bun__0_48h__std,BUN,0_48h,std,continuous,mg/dL,training median; measured/count retained,True,"Primary excludes Time=48:00. Same-time values use median; MechVent uses max and Urine uses sum. Count is raw valid row count. Statistic 'delta' is last minus first, i.e. the (末值−首值) trend required by 实验方案 §4.1; 'slope_per_hour' is the least-squares trend per hour over the same window."
bun__0_48h__slope_per_hour,BUN,0_48h,slope_per_hour,continuous,mg/dL,training median; measured/count retained,True,"Primary excludes Time=48:00. Same-time values use median; MechVent uses max and Urine uses sum. Count is raw valid row count. Statistic 'delta' is last minus first, i.e. the (末值−首值) trend required by 实验方案 §4.1; 'slope_per_hour' is the least-squares trend per hour over the same window."
bun__0_48h__delta,BUN,0_48h,delta,continuous,mg/dL,training median; measured/count retained,True,"Primary excludes Time=48:00. Same-time values use median; MechVent uses max and Urine uses sum. Count is raw valid row count. Statistic 'delta' is last minus first, i.e. the (末值−首值) trend required by 实验方案 §4.1; 'slope_per_hour' is the least-squares trend per hour over the same window."
bun__0_48h__time_span_hours,BUN,0_48h,time_span_hours,continuous,mg/dL,training median; measured/count retained,True,"Primary excludes Time=48:00. Same-time values use median; MechVent uses max and Urine uses sum. Count is raw valid row count. Statistic 'delta' is last minus first, i.e. the (末值−首值) trend required by 实验方案 §4.1; 'slope_per_hour' is the least-squares trend per hour over the same window."
cholesterol__0_48h__measured,Cholesterol,0_48h,measured,binary,mg/dL,0 when absent,True,"Primary excludes Time=48:00. Same-time values use median; MechVent uses max and Urine uses sum. Count is raw valid row count. Statistic 'delta' is last minus first, i.e. the (末值−首值) trend required by 实验方案 §4.1; 'slope_per_hour' is the least-squares trend per hour over the same window."
cholesterol__0_48h__count,Cholesterol,0_48h,count,continuous,mg/dL,0 when absent,True,"Primary excludes Time=48:00. Same-time values use median; MechVent uses max and Urine uses sum. Count is raw valid row count. Statistic 'delta' is last minus first, i.e. the (末值−首值) trend required by 实验方案 §4.1; 'slope_per_hour' is the least-squares trend per hour over the same window."
cholesterol__0_48h__first,Cholesterol,0_48h,first,continuous,mg/dL,training median; measured/count retained,True,"Primary excludes Time=48:00. Same-time values use median; MechVent uses max and Urine uses sum. Count is raw valid row count. Statistic 'delta' is last minus first, i.e. the (末值−首值) trend required by 实验方案 §4.1; 'slope_per_hour' is the least-squares trend per hour over the same window."
cholesterol__0_48h__last,Cholesterol,0_48h,last,continuous,mg/dL,training median; measured/count retained,True,"Primary excludes Time=48:00. Same-time values use median; MechVent uses max and Urine uses sum. Count is raw valid row count. Statistic 'delta' is last minus first, i.e. the (末值−首值) trend required by 实验方案 §4.1; 'slope_per_hour' is the least-squares trend per hour over the same window."
cholesterol__0_48h__min,Cholesterol,0_48h,min,continuous,mg/dL,training median; measured/count retained,True,"Primary excludes Time=48:00. Same-time values use median; MechVent uses max and Urine uses sum. Count is raw valid row count. Statistic 'delta' is last minus first, i.e. the (末值−首值) trend required by 实验方案 §4.1; 'slope_per_hour' is the least-squares trend per hour over the same window."
cholesterol__0_48h__max,Cholesterol,0_48h,max,continuous,mg/dL,training median; measured/count retained,True,"Primary excludes Time=48:00. Same-time values use median; MechVent uses max and Urine uses sum. Count is raw valid row count. Statistic 'delta' is last minus first, i.e. the (末值−首值) trend required by 实验方案 §4.1; 'slope_per_hour' is the least-squares trend per hour over the same window."
cholesterol__0_48h__mean,Cholesterol,0_48h,mean,continuous,mg/dL,training median; measured/count retained,True,"Primary excludes Time=48:00. Same-time values use median; MechVent uses max and Urine uses sum. Count is raw valid row count. Statistic 'delta' is last minus first, i.e. the (末值−首值) trend required by 实验方案 §4.1; 'slope_per_hour' is the least-squares trend per hour over the same window."
cholesterol__0_48h__median,Cholesterol,0_48h,median,continuous,mg/dL,training median; measured/count retained,True,"Primary excludes Time=48:00. Same-time values use median; MechVent uses max and Urine uses sum. Count is raw valid row count. Statistic 'delta' is last minus first, i.e. the (末值−首值) trend required by 实验方案 §4.1; 'slope_per_hour' is the least-squares trend per hour over the same window."
cholesterol__0_48h__std,Cholesterol,0_48h,std,continuous,mg/dL,training median; measured/count retained,True,"Primary excludes Time=48:00. Same-time values use median; MechVent uses max and Urine uses sum. Count is raw valid row count. Statistic 'delta' is last minus first, i.e. the (末值−首值) trend required by 实验方案 §4.1; 'slope_per_hour' is the least-squares trend per hour over the same window."
cholesterol__0_48h__slope_per_hour,Cholesterol,0_48h,slope_per_hour,continuous,mg/dL,training median; measured/count retained,True,"Primary excludes Time=48:00. Same-time values use median; MechVent uses max and Urine uses sum. Count is raw valid row count. Statistic 'delta' is last minus first, i.e. the (末值−首值) trend required by 实验方案 §4.1; 'slope_per_hour' is the least-squares trend per hour over the same window."
cholesterol__0_48h__delta,Cholesterol,0_48h,delta,continuous,mg/dL,training median; measured/count retained,True,"Primary excludes Time=48:00. Same-time values use median; MechVent uses max and Urine uses sum. Count is raw valid row count. Statistic 'delta' is last minus first, i.e. the (末值−首值) trend required by 实验方案 §4.1; 'slope_per_hour' is the least-squares trend per hour over the same window."
cholesterol__0_48h__time_span_hours,Cholesterol,0_48h,time_span_hours,continuous,mg/dL,training median; measured/count retained,True,"Primary excludes Time=48:00. Same-time values use median; MechVent uses max and Urine uses sum. Count is raw valid row count. Statistic 'delta' is last minus first, i.e. the (末值−首值) trend required by 实验方案 §4.1; 'slope_per_hour' is the least-squares trend per hour over the same window."
creatinine__0_48h__measured,Creatinine,0_48h,measured,binary,mg/dL,0 when absent,True,"Primary excludes Time=48:00. Same-time values use median; MechVent uses max and Urine uses sum. Count is raw valid row count. Statistic 'delta' is last minus first, i.e. the (末值−首值) trend required by 实验方案 §4.1; 'slope_per_hour' is the least-squares trend per hour over the same window."
creatinine__0_48h__count,Creatinine,0_48h,count,continuous,mg/dL,0 when absent,True,"Primary excludes Time=48:00. Same-time values use median; MechVent uses max and Urine uses sum. Count is raw valid row count. Statistic 'delta' is last minus first, i.e. the (末值−首值) trend required by 实验方案 §4.1; 'slope_per_hour' is the least-squares trend per hour over the same window."
creatinine__0_48h__first,Creatinine,0_48h,first,continuous,mg/dL,training median; measured/count retained,True,"Primary excludes Time=48:00. Same-time values use median; MechVent uses max and Urine uses sum. Count is raw valid row count. Statistic 'delta' is last minus first, i.e. the (末值−首值) trend required by 实验方案 §4.1; 'slope_per_hour' is the least-squares trend per hour over the same window."
creatinine__0_48h__last,Creatinine,0_48h,last,continuous,mg/dL,training median; measured/count retained,True,"Primary excludes Time=48:00. Same-time values use median; MechVent uses max and Urine uses sum. Count is raw valid row count. Statistic 'delta' is last minus first, i.e. the (末值−首值) trend required by 实验方案 §4.1; 'slope_per_hour' is the least-squares trend per hour over the same window."
creatinine__0_48h__min,Creatinine,0_48h,min,continuous,mg/dL,training median; measured/count retained,True,"Primary excludes Time=48:00. Same-time values use median; MechVent uses max and Urine uses sum. Count is raw valid row count. Statistic 'delta' is last minus first, i.e. the (末值−首值) trend required by 实验方案 §4.1; 'slope_per_hour' is the least-squares trend per hour over the same window."
creatinine__0_48h__max,Creatinine,0_48h,max,continuous,mg/dL,training median; measured/count retained,True,"Primary excludes Time=48:00. Same-time values use median; MechVent uses max and Urine uses sum. Count is raw valid row count. Statistic 'delta' is last minus first, i.e. the (末值−首值) trend required by 实验方案 §4.1; 'slope_per_hour' is the least-squares trend per hour over the same window."
creatinine__0_48h__mean,Creatinine,0_48h,mean,continuous,mg/dL,training median; measured/count retained,True,"Primary excludes Time=48:00. Same-time values use median; MechVent uses max and Urine uses sum. Count is raw valid row count. Statistic 'delta' is last minus first, i.e. the (末值−首值) trend required by 实验方案 §4.1; 'slope_per_hour' is the least-squares trend per hour over the same window."
creatinine__0_48h__median,Creatinine,0_48h,median,continuous,mg/dL,training median; measured/count retained,True,"Primary excludes Time=48:00. Same-time values use median; MechVent uses max and Urine uses sum. Count is raw valid row count. Statistic 'delta' is last minus first, i.e. the (末值−首值) trend required by 实验方案 §4.1; 'slope_per_hour' is the least-squares trend per hour over the same window."
creatinine__0_48h__std,Creatinine,0_48h,std,continuous,mg/dL,training median; measured/count retained,True,"Primary excludes Time=48:00. Same-time values use median; MechVent uses max and Urine uses sum. Count is raw valid row count. Statistic 'delta' is last minus first, i.e. the (末值−首值) trend required by 实验方案 §4.1; 'slope_per_hour' is the least-squares trend per hour over the same window."
creatinine__0_48h__slope_per_hour,Creatinine,0_48h,slope_per_hour,continuous,mg/dL,training median; measured/count retained,True,"Primary excludes Time=48:00. Same-time values use median; MechVent uses max and Urine uses sum. Count is raw valid row count. Statistic 'delta' is last minus first, i.e. the (末值−首值) trend required by 实验方案 §4.1; 'slope_per_hour' is the least-squares trend per hour over the same window."
creatinine__0_48h__delta,Creatinine,0_48h,delta,continuous,mg/dL,training median; measured/count retained,True,"Primary excludes Time=48:00. Same-time values use median; MechVent uses max and Urine uses sum. Count is raw valid row count. Statistic 'delta' is last minus first, i.e. the (末值−首值) trend required by 实验方案 §4.1; 'slope_per_hour' is the least-squares trend per hour over the same window."
creatinine__0_48h__time_span_hours,Creatinine,0_48h,time_span_hours,continuous,mg/dL,training median; measured/count retained,True,"Primary excludes Time=48:00. Same-time values use median; MechVent uses max and Urine uses sum. Count is raw valid row count. Statistic 'delta' is last minus first, i.e. the (末值−首值) trend required by 实验方案 §4.1; 'slope_per_hour' is the least-squares trend per hour over the same window."
diasabp__0_48h__measured,DiasABP,0_48h,measured,binary,mmHg,0 when absent,True,"Primary excludes Time=48:00. Same-time values use median; MechVent uses max and Urine uses sum. Count is raw valid row count. Statistic 'delta' is last minus first, i.e. the (末值−首值) trend required by 实验方案 §4.1; 'slope_per_hour' is the least-squares trend per hour over the same window."
diasabp__0_48h__count,DiasABP,0_48h,count,continuous,mmHg,0 when absent,True,"Primary excludes Time=48:00. Same-time values use median; MechVent uses max and Urine uses sum. Count is raw valid row count. Statistic 'delta' is last minus first, i.e. the (末值−首值) trend required by 实验方案 §4.1; 'slope_per_hour' is the least-squares trend per hour over the same window."
diasabp__0_48h__first,DiasABP,0_48h,first,continuous,mmHg,training median; measured/count retained,True,"Primary excludes Time=48:00. Same-time values use median; MechVent uses max and Urine uses sum. Count is raw valid row count. Statistic 'delta' is last minus first, i.e. the (末值−首值) trend required by 实验方案 §4.1; 'slope_per_hour' is the least-squares trend per hour over the same window."
diasabp__0_48h__last,DiasABP,0_48h,last,continuous,mmHg,training median; measured/count retained,True,"Primary excludes Time=48:00. Same-time values use median; MechVent uses max and Urine uses sum. Count is raw valid row count. Statistic 'delta' is last minus first, i.e. the (末值−首值) trend required by 实验方案 §4.1; 'slope_per_hour' is the least-squares trend per hour over the same window."
diasabp__0_48h__min,DiasABP,0_48h,min,continuous,mmHg,training median; measured/count retained,True,"Primary excludes Time=48:00. Same-time values use median; MechVent uses max and Urine uses sum. Count is raw valid row count. Statistic 'delta' is last minus first, i.e. the (末值−首值) trend required by 实验方案 §4.1; 'slope_per_hour' is the least-squares trend per hour over the same window."
diasabp__0_48h__max,DiasABP,0_48h,max,continuous,mmHg,training median; measured/count retained,True,"Primary excludes Time=48:00. Same-time values use median; MechVent uses max and Urine uses sum. Count is raw valid row count. Statistic 'delta' is last minus first, i.e. the (末值−首值) trend required by 实验方案 §4.1; 'slope_per_hour' is the least-squares trend per hour over the same window."
diasabp__0_48h__mean,DiasABP,0_48h,mean,continuous,mmHg,training median; measured/count retained,True,"Primary excludes Time=48:00. Same-time values use median; MechVent uses max and Urine uses sum. Count is raw valid row count. Statistic 'delta' is last minus first, i.e. the (末值−首值) trend required by 实验方案 §4.1; 'slope_per_hour' is the least-squares trend per hour over the same window."
diasabp__0_48h__median,DiasABP,0_48h,median,continuous,mmHg,training median; measured/count retained,True,"Primary excludes Time=48:00. Same-time values use median; MechVent uses max and Urine uses sum. Count is raw valid row count. Statistic 'delta' is last minus first, i.e. the (末值−首值) trend required by 实验方案 §4.1; 'slope_per_hour' is the least-squares trend per hour over the same window."
diasabp__0_48h__std,DiasABP,0_48h,std,continuous,mmHg,training median; measured/count retained,True,"Primary excludes Time=48:00. Same-time values use median; MechVent uses max and Urine uses sum. Count is raw valid row count. Statistic 'delta' is last minus first, i.e. the (末值−首值) trend required by 实验方案 §4.1; 'slope_per_hour' is the least-squares trend per hour over the same window."
diasabp__0_48h__slope_per_hour,DiasABP,0_48h,slope_per_hour,continuous,mmHg,training median; measured/count retained,True,"Primary excludes Time=48:00. Same-time values use median; MechVent uses max and Urine uses sum. Count is raw valid row count. Statistic 'delta' is last minus first, i.e. the (末值−首值) trend required by 实验方案 §4.1; 'slope_per_hour' is the least-squares trend per hour over the same window."
diasabp__0_48h__delta,DiasABP,0_48h,delta,continuous,mmHg,training median; measured/count retained,True,"Primary excludes Time=48:00. Same-time values use median; MechVent uses max and Urine uses sum. Count is raw valid row count. Statistic 'delta' is last minus first, i.e. the (末值−首值) trend required by 实验方案 §4.1; 'slope_per_hour' is the least-squares trend per hour over the same window."
diasabp__0_48h__time_span_hours,DiasABP,0_48h,time_span_hours,continuous,mmHg,training median; measured/count retained,True,"Primary excludes Time=48:00. Same-time values use median; MechVent uses max and Urine uses sum. Count is raw valid row count. Statistic 'delta' is last minus first, i.e. the (末值−首值) trend required by 实验方案 §4.1; 'slope_per_hour' is the least-squares trend per hour over the same window."
fio2__0_48h__measured,FiO2,0_48h,measured,binary,fraction,0 when absent,True,"Primary excludes Time=48:00. Same-time values use median; MechVent uses max and Urine uses sum. Count is raw valid row count. Statistic 'delta' is last minus first, i.e. the (末值−首值) trend required by 实验方案 §4.1; 'slope_per_hour' is the least-squares trend per hour over the same window."
fio2__0_48h__count,FiO2,0_48h,count,continuous,fraction,0 when absent,True,"Primary excludes Time=48:00. Same-time values use median; MechVent uses max and Urine uses sum. Count is raw valid row count. Statistic 'delta' is last minus first, i.e. the (末值−首值) trend required by 实验方案 §4.1; 'slope_per_hour' is the least-squares trend per hour over the same window."
fio2__0_48h__first,FiO2,0_48h,first,continuous,fraction,training median; measured/count retained,True,"Primary excludes Time=48:00. Same-time values use median; MechVent uses max and Urine uses sum. Count is raw valid row count. Statistic 'delta' is last minus first, i.e. the (末值−首值) trend required by 实验方案 §4.1; 'slope_per_hour' is the least-squares trend per hour over the same window."
fio2__0_48h__last,FiO2,0_48h,last,continuous,fraction,training median; measured/count retained,True,"Primary excludes Time=48:00. Same-time values use median; MechVent uses max and Urine uses sum. Count is raw valid row count. Statistic 'delta' is last minus first, i.e. the (末值−首值) trend required by 实验方案 §4.1; 'slope_per_hour' is the least-squares trend per hour over the same window."
fio2__0_48h__min,FiO2,0_48h,min,continuous,fraction,training median; measured/count retained,True,"Primary excludes Time=48:00. Same-time values use median; MechVent uses max and Urine uses sum. Count is raw valid row count. Statistic 'delta' is last minus first, i.e. the (末值−首值) trend required by 实验方案 §4.1; 'slope_per_hour' is the least-squares trend per hour over the same window."
fio2__0_48h__max,FiO2,0_48h,max,continuous,fraction,training median; measured/count retained,True,"Primary excludes Time=48:00. Same-time values use median; MechVent uses max and Urine uses sum. Count is raw valid row count. Statistic 'delta' is last minus first, i.e. the (末值−首值) trend required by 实验方案 §4.1; 'slope_per_hour' is the least-squares trend per hour over the same window."
fio2__0_48h__mean,FiO2,0_48h,mean,continuous,fraction,training median; measured/count retained,True,"Primary excludes Time=48:00. Same-time values use median; MechVent uses max and Urine uses sum. Count is raw valid row count. Statistic 'delta' is last minus first, i.e. the (末值−首值) trend required by 实验方案 §4.1; 'slope_per_hour' is the least-squares trend per hour over the same window."
fio2__0_48h__median,FiO2,0_48h,median,continuous,fraction,training median; measured/count retained,True,"Primary excludes Time=48:00. Same-time values use median; MechVent uses max and Urine uses sum. Count is raw valid row count. Statistic 'delta' is last minus first, i.e. the (末值−首值) trend required by 实验方案 §4.1; 'slope_per_hour' is the least-squares trend per hour over the same window."
fio2__0_48h__std,FiO2,0_48h,std,continuous,fraction,training median; measured/count retained,True,"Primary excludes Time=48:00. Same-time values use median; MechVent uses max and Urine uses sum. Count is raw valid row count. Statistic 'delta' is last minus first, i.e. the (末值−首值) trend required by 实验方案 §4.1; 'slope_per_hour' is the least-squares trend per hour over the same window."
fio2__0_48h__slope_per_hour,FiO2,0_48h,slope_per_hour,continuous,fraction,training median; measured/count retained,True,"Primary excludes Time=48:00. Same-time values use median; MechVent uses max and Urine uses sum. Count is raw valid row count. Statistic 'delta' is last minus first, i.e. the (末值−首值) trend required by 实验方案 §4.1; 'slope_per_hour' is the least-squares trend per hour over the same window."
fio2__0_48h__delta,FiO2,0_48h,delta,continuous,fraction,training median; measured/count retained,True,"Primary excludes Time=48:00. Same-time values use median; MechVent uses max and Urine uses sum. Count is raw valid row count. Statistic 'delta' is last minus first, i.e. the (末值−首值) trend required by 实验方案 §4.1; 'slope_per_hour' is the least-squares trend per hour over the same window."
fio2__0_48h__time_span_hours,FiO2,0_48h,time_span_hours,continuous,fraction,training median; measured/count retained,True,"Primary excludes Time=48:00. Same-time values use median; MechVent uses max and Urine uses sum. Count is raw valid row count. Statistic 'delta' is last minus first, i.e. the (末值−首值) trend required by 实验方案 §4.1; 'slope_per_hour' is the least-squares trend per hour over the same window."
gcs__0_48h__measured,GCS,0_48h,measured,binary,score,0 when absent,True,"Primary excludes Time=48:00. Same-time values use median; MechVent uses max and Urine uses sum. Count is raw valid row count. Statistic 'delta' is last minus first, i.e. the (末值−首值) trend required by 实验方案 §4.1; 'slope_per_hour' is the least-squares trend per hour over the same window."
gcs__0_48h__count,GCS,0_48h,count,continuous,score,0 when absent,True,"Primary excludes Time=48:00. Same-time values use median; MechVent uses max and Urine uses sum. Count is raw valid row count. Statistic 'delta' is last minus first, i.e. the (末值−首值) trend required by 实验方案 §4.1; 'slope_per_hour' is the least-squares trend per hour over the same window."
gcs__0_48h__first,GCS,0_48h,first,continuous,score,training median; measured/count retained,True,"Primary excludes Time=48:00. Same-time values use median; MechVent uses max and Urine uses sum. Count is raw valid row count. Statistic 'delta' is last minus first, i.e. the (末值−首值) trend required by 实验方案 §4.1; 'slope_per_hour' is the least-squares trend per hour over the same window."
gcs__0_48h__last,GCS,0_48h,last,continuous,score,training median; measured/count retained,True,"Primary excludes Time=48:00. Same-time values use median; MechVent uses max and Urine uses sum. Count is raw valid row count. Statistic 'delta' is last minus first, i.e. the (末值−首值) trend required by 实验方案 §4.1; 'slope_per_hour' is the least-squares trend per hour over the same window."
gcs__0_48h__min,GCS,0_48h,min,continuous,score,training median; measured/count retained,True,"Primary excludes Time=48:00. Same-time values use median; MechVent uses max and Urine uses sum. Count is raw valid row count. Statistic 'delta' is last minus first, i.e. the (末值−首值) trend required by 实验方案 §4.1; 'slope_per_hour' is the least-squares trend per hour over the same window."
gcs__0_48h__max,GCS,0_48h,max,continuous,score,training median; measured/count retained,True,"Primary excludes Time=48:00. Same-time values use median; MechVent uses max and Urine uses sum. Count is raw valid row count. Statistic 'delta' is last minus first, i.e. the (末值−首值) trend required by 实验方案 §4.1; 'slope_per_hour' is the least-squares trend per hour over the same window."
gcs__0_48h__mean,GCS,0_48h,mean,continuous,score,training median; measured/count retained,True,"Primary excludes Time=48:00. Same-time values use median; MechVent uses max and Urine uses sum. Count is raw valid row count. Statistic 'delta' is last minus first, i.e. the (末值−首值) trend required by 实验方案 §4.1; 'slope_per_hour' is the least-squares trend per hour over the same window."
gcs__0_48h__median,GCS,0_48h,median,continuous,score,training median; measured/count retained,True,"Primary excludes Time=48:00. Same-time values use median; MechVent uses max and Urine uses sum. Count is raw valid row count. Statistic 'delta' is last minus first, i.e. the (末值−首值) trend required by 实验方案 §4.1; 'slope_per_hour' is the least-squares trend per hour over the same window."
gcs__0_48h__std,GCS,0_48h,std,continuous,score,training median; measured/count retained,True,"Primary excludes Time=48:00. Same-time values use median; MechVent uses max and Urine uses sum. Count is raw valid row count. Statistic 'delta' is last minus first, i.e. the (末值−首值) trend required by 实验方案 §4.1; 'slope_per_hour' is the least-squares trend per hour over the same window."
gcs__0_48h__slope_per_hour,GCS,0_48h,slope_per_hour,continuous,score,training median; measured/count retained,True,"Primary excludes Time=48:00. Same-time values use median; MechVent uses max and Urine uses sum. Count is raw valid row count. Statistic 'delta' is last minus first, i.e. the (末值−首值) trend required by 实验方案 §4.1; 'slope_per_hour' is the least-squares trend per hour over the same window."
gcs__0_48h__delta,GCS,0_48h,delta,continuous,score,training median; measured/count retained,True,"Primary excludes Time=48:00. Same-time values use median; MechVent uses max and Urine uses sum. Count is raw valid row count. Statistic 'delta' is last minus first, i.e. the (末值−首值) trend required by 实验方案 §4.1; 'slope_per_hour' is the least-squares trend per hour over the same window."
gcs__0_48h__time_span_hours,GCS,0_48h,time_span_hours,continuous,score,training median; measured/count retained,True,"Primary excludes Time=48:00. Same-time values use median; MechVent uses max and Urine uses sum. Count is raw valid row count. Statistic 'delta' is last minus first, i.e. the (末值−首值) trend required by 实验方案 §4.1; 'slope_per_hour' is the least-squares trend per hour over the same window."
glucose__0_48h__measured,Glucose,0_48h,measured,binary,mg/dL,0 when absent,True,"Primary excludes Time=48:00. Same-time values use median; MechVent uses max and Urine uses sum. Count is raw valid row count. Statistic 'delta' is last minus first, i.e. the (末值−首值) trend required by 实验方案 §4.1; 'slope_per_hour' is the least-squares trend per hour over the same window."
glucose__0_48h__count,Glucose,0_48h,count,continuous,mg/dL,0 when absent,True,"Primary excludes Time=48:00. Same-time values use median; MechVent uses max and Urine uses sum. Count is raw valid row count. Statistic 'delta' is last minus first, i.e. the (末值−首值) trend required by 实验方案 §4.1; 'slope_per_hour' is the least-squares trend per hour over the same window."
glucose__0_48h__first,Glucose,0_48h,first,continuous,mg/dL,training median; measured/count retained,True,"Primary excludes Time=48:00. Same-time values use median; MechVent uses max and Urine uses sum. Count is raw valid row count. Statistic 'delta' is last minus first, i.e. the (末值−首值) trend required by 实验方案 §4.1; 'slope_per_hour' is the least-squares trend per hour over the same window."
glucose__0_48h__last,Glucose,0_48h,last,continuous,mg/dL,training median; measured/count retained,True,"Primary excludes Time=48:00. Same-time values use median; MechVent uses max and Urine uses sum. Count is raw valid row count. Statistic 'delta' is last minus first, i.e. the (末值−首值) trend required by 实验方案 §4.1; 'slope_per_hour' is the least-squares trend per hour over the same window."
glucose__0_48h__min,Glucose,0_48h,min,continuous,mg/dL,training median; measured/count retained,True,"Primary excludes Time=48:00. Same-time values use median; MechVent uses max and Urine uses sum. Count is raw valid row count. Statistic 'delta' is last minus first, i.e. the (末值−首值) trend required by 实验方案 §4.1; 'slope_per_hour' is the least-squares trend per hour over the same window."
glucose__0_48h__max,Glucose,0_48h,max,continuous,mg/dL,training median; measured/count retained,True,"Primary excludes Time=48:00. Same-time values use median; MechVent uses max and Urine uses sum. Count is raw valid row count. Statistic 'delta' is last minus first, i.e. the (末值−首值) trend required by 实验方案 §4.1; 'slope_per_hour' is the least-squares trend per hour over the same window."
glucose__0_48h__mean,Glucose,0_48h,mean,continuous,mg/dL,training median; measured/count retained,True,"Primary excludes Time=48:00. Same-time values use median; MechVent uses max and Urine uses sum. Count is raw valid row count. Statistic 'delta' is last minus first, i.e. the (末值−首值) trend required by 实验方案 §4.1; 'slope_per_hour' is the least-squares trend per hour over the same window."
glucose__0_48h__median,Glucose,0_48h,median,continuous,mg/dL,training median; measured/count retained,True,"Primary excludes Time=48:00. Same-time values use median; MechVent uses max and Urine uses sum. Count is raw valid row count. Statistic 'delta' is last minus first, i.e. the (末值−首值) trend required by 实验方案 §4.1; 'slope_per_hour' is the least-squares trend per hour over the same window."
glucose__0_48h__std,Glucose,0_48h,std,continuous,mg/dL,training median; measured/count retained,True,"Primary excludes Time=48:00. Same-time values use median; MechVent uses max and Urine uses sum. Count is raw valid row count. Statistic 'delta' is last minus first, i.e. the (末值−首值) trend required by 实验方案 §4.1; 'slope_per_hour' is the least-squares trend per hour over the same window."
glucose__0_48h__slope_per_hour,Glucose,0_48h,slope_per_hour,continuous,mg/dL,training median; measured/count retained,True,"Primary excludes Time=48:00. Same-time values use median; MechVent uses max and Urine uses sum. Count is raw valid row count. Statistic 'delta' is last minus first, i.e. the (末值−首值) trend required by 实验方案 §4.1; 'slope_per_hour' is the least-squares trend per hour over the same window."
glucose__0_48h__delta,Glucose,0_48h,delta,continuous,mg/dL,training median; measured/count retained,True,"Primary excludes Time=48:00. Same-time values use median; MechVent uses max and Urine uses sum. Count is raw valid row count. Statistic 'delta' is last minus first, i.e. the (末值−首值) trend required by 实验方案 §4.1; 'slope_per_hour' is the least-squares trend per hour over the same window."
glucose__0_48h__time_span_hours,Glucose,0_48h,time_span_hours,continuous,mg/dL,training median; measured/count retained,True,"Primary excludes Time=48:00. Same-time values use median; MechVent uses max and Urine uses sum. Count is raw valid row count. Statistic 'delta' is last minus first, i.e. the (末值−首值) trend required by 实验方案 §4.1; 'slope_per_hour' is the least-squares trend per hour over the same window."
hco3__0_48h__measured,HCO3,0_48h,measured,binary,mmol/L,0 when absent,True,"Primary excludes Time=48:00. Same-time values use median; MechVent uses max and Urine uses sum. Count is raw valid row count. Statistic 'delta' is last minus first, i.e. the (末值−首值) trend required by 实验方案 §4.1; 'slope_per_hour' is the least-squares trend per hour over the same window."
hco3__0_48h__count,HCO3,0_48h,count,continuous,mmol/L,0 when absent,True,"Primary excludes Time=48:00. Same-time values use median; MechVent uses max and Urine uses sum. Count is raw valid row count. Statistic 'delta' is last minus first, i.e. the (末值−首值) trend required by 实验方案 §4.1; 'slope_per_hour' is the least-squares trend per hour over the same window."
hco3__0_48h__first,HCO3,0_48h,first,continuous,mmol/L,training median; measured/count retained,True,"Primary excludes Time=48:00. Same-time values use median; MechVent uses max and Urine uses sum. Count is raw valid row count. Statistic 'delta' is last minus first, i.e. the (末值−首值) trend required by 实验方案 §4.1; 'slope_per_hour' is the least-squares trend per hour over the same window."
hco3__0_48h__last,HCO3,0_48h,last,continuous,mmol/L,training median; measured/count retained,True,"Primary excludes Time=48:00. Same-time values use median; MechVent uses max and Urine uses sum. Count is raw valid row count. Statistic 'delta' is last minus first, i.e. the (末值−首值) trend required by 实验方案 §4.1; 'slope_per_hour' is the least-squares trend per hour over the same window."
hco3__0_48h__min,HCO3,0_48h,min,continuous,mmol/L,training median; measured/count retained,True,"Primary excludes Time=48:00. Same-time values use median; MechVent uses max and Urine uses sum. Count is raw valid row count. Statistic 'delta' is last minus first, i.e. the (末值−首值) trend required by 实验方案 §4.1; 'slope_per_hour' is the least-squares trend per hour over the same window."
hco3__0_48h__max,HCO3,0_48h,max,continuous,mmol/L,training median; measured/count retained,True,"Primary excludes Time=48:00. Same-time values use median; MechVent uses max and Urine uses sum. Count is raw valid row count. Statistic 'delta' is last minus first, i.e. the (末值−首值) trend required by 实验方案 §4.1; 'slope_per_hour' is the least-squares trend per hour over the same window."
hco3__0_48h__mean,HCO3,0_48h,mean,continuous,mmol/L,training median; measured/count retained,True,"Primary excludes Time=48:00. Same-time values use median; MechVent uses max and Urine uses sum. Count is raw valid row count. Statistic 'delta' is last minus first, i.e. the (末值−首值) trend required by 实验方案 §4.1; 'slope_per_hour' is the least-squares trend per hour over the same window."
hco3__0_48h__median,HCO3,0_48h,median,continuous,mmol/L,training median; measured/count retained,True,"Primary excludes Time=48:00. Same-time values use median; MechVent uses max and Urine uses sum. Count is raw valid row count. Statistic 'delta' is last minus first, i.e. the (末值−首值) trend required by 实验方案 §4.1; 'slope_per_hour' is the least-squares trend per hour over the same window."
hco3__0_48h__std,HCO3,0_48h,std,continuous,mmol/L,training median; measured/count retained,True,"Primary excludes Time=48:00. Same-time values use median; MechVent uses max and Urine uses sum. Count is raw valid row count. Statistic 'delta' is last minus first, i.e. the (末值−首值) trend required by 实验方案 §4.1; 'slope_per_hour' is the least-squares trend per hour over the same window."
hco3__0_48h__slope_per_hour,HCO3,0_48h,slope_per_hour,continuous,mmol/L,training median; measured/count retained,True,"Primary excludes Time=48:00. Same-time values use median; MechVent uses max and Urine uses sum. Count is raw valid row count. Statistic 'delta' is last minus first, i.e. the (末值−首值) trend required by 实验方案 §4.1; 'slope_per_hour' is the least-squares trend per hour over the same window."
hco3__0_48h__delta,HCO3,0_48h,delta,continuous,mmol/L,training median; measured/count retained,True,"Primary excludes Time=48:00. Same-time values use median; MechVent uses max and Urine uses sum. Count is raw valid row count. Statistic 'delta' is last minus first, i.e. the (末值−首值) trend required by 实验方案 §4.1; 'slope_per_hour' is the least-squares trend per hour over the same window."
hco3__0_48h__time_span_hours,HCO3,0_48h,time_span_hours,continuous,mmol/L,training median; measured/count retained,True,"Primary excludes Time=48:00. Same-time values use median; MechVent uses max and Urine uses sum. Count is raw valid row count. Statistic 'delta' is last minus first, i.e. the (末值−首值) trend required by 实验方案 §4.1; 'slope_per_hour' is the least-squares trend per hour over the same window."
hct__0_48h__measured,HCT,0_48h,measured,binary,%,0 when absent,True,"Primary excludes Time=48:00. Same-time values use median; MechVent uses max and Urine uses sum. Count is raw valid row count. Statistic 'delta' is last minus first, i.e. the (末值−首值) trend required by 实验方案 §4.1; 'slope_per_hour' is the least-squares trend per hour over the same window."
hct__0_48h__count,HCT,0_48h,count,continuous,%,0 when absent,True,"Primary excludes Time=48:00. Same-time values use median; MechVent uses max and Urine uses sum. Count is raw valid row count. Statistic 'delta' is last minus first, i.e. the (末值−首值) trend required by 实验方案 §4.1; 'slope_per_hour' is the least-squares trend per hour over the same window."
hct__0_48h__first,HCT,0_48h,first,continuous,%,training median; measured/count retained,True,"Primary excludes Time=48:00. Same-time values use median; MechVent uses max and Urine uses sum. Count is raw valid row count. Statistic 'delta' is last minus first, i.e. the (末值−首值) trend required by 实验方案 §4.1; 'slope_per_hour' is the least-squares trend per hour over the same window."
hct__0_48h__last,HCT,0_48h,last,continuous,%,training median; measured/count retained,True,"Primary excludes Time=48:00. Same-time values use median; MechVent uses max and Urine uses sum. Count is raw valid row count. Statistic 'delta' is last minus first, i.e. the (末值−首值) trend required by 实验方案 §4.1; 'slope_per_hour' is the least-squares trend per hour over the same window."
hct__0_48h__min,HCT,0_48h,min,continuous,%,training median; measured/count retained,True,"Primary excludes Time=48:00. Same-time values use median; MechVent uses max and Urine uses sum. Count is raw valid row count. Statistic 'delta' is last minus first, i.e. the (末值−首值) trend required by 实验方案 §4.1; 'slope_per_hour' is the least-squares trend per hour over the same window."
hct__0_48h__max,HCT,0_48h,max,continuous,%,training median; measured/count retained,True,"Primary excludes Time=48:00. Same-time values use median; MechVent uses max and Urine uses sum. Count is raw valid row count. Statistic 'delta' is last minus first, i.e. the (末值−首值) trend required by 实验方案 §4.1; 'slope_per_hour' is the least-squares trend per hour over the same window."
hct__0_48h__mean,HCT,0_48h,mean,continuous,%,training median; measured/count retained,True,"Primary excludes Time=48:00. Same-time values use median; MechVent uses max and Urine uses sum. Count is raw valid row count. Statistic 'delta' is last minus first, i.e. the (末值−首值) trend required by 实验方案 §4.1; 'slope_per_hour' is the least-squares trend per hour over the same window."
hct__0_48h__median,HCT,0_48h,median,continuous,%,training median; measured/count retained,True,"Primary excludes Time=48:00. Same-time values use median; MechVent uses max and Urine uses sum. Count is raw valid row count. Statistic 'delta' is last minus first, i.e. the (末值−首值) trend required by 实验方案 §4.1; 'slope_per_hour' is the least-squares trend per hour over the same window."
hct__0_48h__std,HCT,0_48h,std,continuous,%,training median; measured/count retained,True,"Primary excludes Time=48:00. Same-time values use median; MechVent uses max and Urine uses sum. Count is raw valid row count. Statistic 'delta' is last minus first, i.e. the (末值−首值) trend required by 实验方案 §4.1; 'slope_per_hour' is the least-squares trend per hour over the same window."
hct__0_48h__slope_per_hour,HCT,0_48h,slope_per_hour,continuous,%,training median; measured/count retained,True,"Primary excludes Time=48:00. Same-time values use median; MechVent uses max and Urine uses sum. Count is raw valid row count. Statistic 'delta' is last minus first, i.e. the (末值−首值) trend required by 实验方案 §4.1; 'slope_per_hour' is the least-squares trend per hour over the same window."
hct__0_48h__delta,HCT,0_48h,delta,continuous,%,training median; measured/count retained,True,"Primary excludes Time=48:00. Same-time values use median; MechVent uses max and Urine uses sum. Count is raw valid row count. Statistic 'delta' is last minus first, i.e. the (末值−首值) trend required by 实验方案 §4.1; 'slope_per_hour' is the least-squares trend per hour over the same window."
hct__0_48h__time_span_hours,HCT,0_48h,time_span_hours,continuous,%,training median; measured/count retained,True,"Primary excludes Time=48:00. Same-time values use median; MechVent uses max and Urine uses sum. Count is raw valid row count. Statistic 'delta' is last minus first, i.e. the (末值−首值) trend required by 实验方案 §4.1; 'slope_per_hour' is the least-squares trend per hour over the same window."
hr__0_48h__measured,HR,0_48h,measured,binary,bpm,0 when absent,True,"Primary excludes Time=48:00. Same-time values use median; MechVent uses max and Urine uses sum. Count is raw valid row count. Statistic 'delta' is last minus first, i.e. the (末值−首值) trend required by 实验方案 §4.1; 'slope_per_hour' is the least-squares trend per hour over the same window."
hr__0_48h__count,HR,0_48h,count,continuous,bpm,0 when absent,True,"Primary excludes Time=48:00. Same-time values use median; MechVent uses max and Urine uses sum. Count is raw valid row count. Statistic 'delta' is last minus first, i.e. the (末值−首值) trend required by 实验方案 §4.1; 'slope_per_hour' is the least-squares trend per hour over the same window."
hr__0_48h__first,HR,0_48h,first,continuous,bpm,training median; measured/count retained,True,"Primary excludes Time=48:00. Same-time values use median; MechVent uses max and Urine uses sum. Count is raw valid row count. Statistic 'delta' is last minus first, i.e. the (末值−首值) trend required by 实验方案 §4.1; 'slope_per_hour' is the least-squares trend per hour over the same window."
hr__0_48h__last,HR,0_48h,last,continuous,bpm,training median; measured/count retained,True,"Primary excludes Time=48:00. Same-time values use median; MechVent uses max and Urine uses sum. Count is raw valid row count. Statistic 'delta' is last minus first, i.e. the (末值−首值) trend required by 实验方案 §4.1; 'slope_per_hour' is the least-squares trend per hour over the same window."
hr__0_48h__min,HR,0_48h,min,continuous,bpm,training median; measured/count retained,True,"Primary excludes Time=48:00. Same-time values use median; MechVent uses max and Urine uses sum. Count is raw valid row count. Statistic 'delta' is last minus first, i.e. the (末值−首值) trend required by 实验方案 §4.1; 'slope_per_hour' is the least-squares trend per hour over the same window."
hr__0_48h__max,HR,0_48h,max,continuous,bpm,training median; measured/count retained,True,"Primary excludes Time=48:00. Same-time values use median; MechVent uses max and Urine uses sum. Count is raw valid row count. Statistic 'delta' is last minus first, i.e. the (末值−首值) trend required by 实验方案 §4.1; 'slope_per_hour' is the least-squares trend per hour over the same window."
hr__0_48h__mean,HR,0_48h,mean,continuous,bpm,training median; measured/count retained,True,"Primary excludes Time=48:00. Same-time values use median; MechVent uses max and Urine uses sum. Count is raw valid row count. Statistic 'delta' is last minus first, i.e. the (末值−首值) trend required by 实验方案 §4.1; 'slope_per_hour' is the least-squares trend per hour over the same window."
hr__0_48h__median,HR,0_48h,median,continuous,bpm,training median; measured/count retained,True,"Primary excludes Time=48:00. Same-time values use median; MechVent uses max and Urine uses sum. Count is raw valid row count. Statistic 'delta' is last minus first, i.e. the (末值−首值) trend required by 实验方案 §4.1; 'slope_per_hour' is the least-squares trend per hour over the same window."
hr__0_48h__std,HR,0_48h,std,continuous,bpm,training median; measured/count retained,True,"Primary excludes Time=48:00. Same-time values use median; MechVent uses max and Urine uses sum. Count is raw valid row count. Statistic 'delta' is last minus first, i.e. the (末值−首值) trend required by 实验方案 §4.1; 'slope_per_hour' is the least-squares trend per hour over the same window."
hr__0_48h__slope_per_hour,HR,0_48h,slope_per_hour,continuous,bpm,training median; measured/count retained,True,"Primary excludes Time=48:00. Same-time values use median; MechVent uses max and Urine uses sum. Count is raw valid row count. Statistic 'delta' is last minus first, i.e. the (末值−首值) trend required by 实验方案 §4.1; 'slope_per_hour' is the least-squares trend per hour over the same window."
hr__0_48h__delta,HR,0_48h,delta,continuous,bpm,training median; measured/count retained,True,"Primary excludes Time=48:00. Same-time values use median; MechVent uses max and Urine uses sum. Count is raw valid row count. Statistic 'delta' is last minus first, i.e. the (末值−首值) trend required by 实验方案 §4.1; 'slope_per_hour' is the least-squares trend per hour over the same window."
hr__0_48h__time_span_hours,HR,0_48h,time_span_hours,continuous,bpm,training median; measured/count retained,True,"Primary excludes Time=48:00. Same-time values use median; MechVent uses max and Urine uses sum. Count is raw valid row count. Statistic 'delta' is last minus first, i.e. the (末值−首值) trend required by 实验方案 §4.1; 'slope_per_hour' is the least-squares trend per hour over the same window."
k__0_48h__measured,K,0_48h,measured,binary,mEq/L,0 when absent,True,"Primary excludes Time=48:00. Same-time values use median; MechVent uses max and Urine uses sum. Count is raw valid row count. Statistic 'delta' is last minus first, i.e. the (末值−首值) trend required by 实验方案 §4.1; 'slope_per_hour' is the least-squares trend per hour over the same window."
k__0_48h__count,K,0_48h,count,continuous,mEq/L,0 when absent,True,"Primary excludes Time=48:00. Same-time values use median; MechVent uses max and Urine uses sum. Count is raw valid row count. Statistic 'delta' is last minus first, i.e. the (末值−首值) trend required by 实验方案 §4.1; 'slope_per_hour' is the least-squares trend per hour over the same window."
k__0_48h__first,K,0_48h,first,continuous,mEq/L,training median; measured/count retained,True,"Primary excludes Time=48:00. Same-time values use median; MechVent uses max and Urine uses sum. Count is raw valid row count. Statistic 'delta' is last minus first, i.e. the (末值−首值) trend required by 实验方案 §4.1; 'slope_per_hour' is the least-squares trend per hour over the same window."
k__0_48h__last,K,0_48h,last,continuous,mEq/L,training median; measured/count retained,True,"Primary excludes Time=48:00. Same-time values use median; MechVent uses max and Urine uses sum. Count is raw valid row count. Statistic 'delta' is last minus first, i.e. the (末值−首值) trend required by 实验方案 §4.1; 'slope_per_hour' is the least-squares trend per hour over the same window."
k__0_48h__min,K,0_48h,min,continuous,mEq/L,training median; measured/count retained,True,"Primary excludes Time=48:00. Same-time values use median; MechVent uses max and Urine uses sum. Count is raw valid row count. Statistic 'delta' is last minus first, i.e. the (末值−首值) trend required by 实验方案 §4.1; 'slope_per_hour' is the least-squares trend per hour over the same window."
k__0_48h__max,K,0_48h,max,continuous,mEq/L,training median; measured/count retained,True,"Primary excludes Time=48:00. Same-time values use median; MechVent uses max and Urine uses sum. Count is raw valid row count. Statistic 'delta' is last minus first, i.e. the (末值−首值) trend required by 实验方案 §4.1; 'slope_per_hour' is the least-squares trend per hour over the same window."
k__0_48h__mean,K,0_48h,mean,continuous,mEq/L,training median; measured/count retained,True,"Primary excludes Time=48:00. Same-time values use median; MechVent uses max and Urine uses sum. Count is raw valid row count. Statistic 'delta' is last minus first, i.e. the (末值−首值) trend required by 实验方案 §4.1; 'slope_per_hour' is the least-squares trend per hour over the same window."
k__0_48h__median,K,0_48h,median,continuous,mEq/L,training median; measured/count retained,True,"Primary excludes Time=48:00. Same-time values use median; MechVent uses max and Urine uses sum. Count is raw valid row count. Statistic 'delta' is last minus first, i.e. the (末值−首值) trend required by 实验方案 §4.1; 'slope_per_hour' is the least-squares trend per hour over the same window."
k__0_48h__std,K,0_48h,std,continuous,mEq/L,training median; measured/count retained,True,"Primary excludes Time=48:00. Same-time values use median; MechVent uses max and Urine uses sum. Count is raw valid row count. Statistic 'delta' is last minus first, i.e. the (末值−首值) trend required by 实验方案 §4.1; 'slope_per_hour' is the least-squares trend per hour over the same window."
k__0_48h__slope_per_hour,K,0_48h,slope_per_hour,continuous,mEq/L,training median; measured/count retained,True,"Primary excludes Time=48:00. Same-time values use median; MechVent uses max and Urine uses sum. Count is raw valid row count. Statistic 'delta' is last minus first, i.e. the (末值−首值) trend required by 实验方案 §4.1; 'slope_per_hour' is the least-squares trend per hour over the same window."
k__0_48h__delta,K,0_48h,delta,continuous,mEq/L,training median; measured/count retained,True,"Primary excludes Time=48:00. Same-time values use median; MechVent uses max and Urine uses sum. Count is raw valid row count. Statistic 'delta' is last minus first, i.e. the (末值−首值) trend required by 实验方案 §4.1; 'slope_per_hour' is the least-squares trend per hour over the same window."
k__0_48h__time_span_hours,K,0_48h,time_span_hours,continuous,mEq/L,training median; measured/count retained,True,"Primary excludes Time=48:00. Same-time values use median; MechVent uses max and Urine uses sum. Count is raw valid row count. Statistic 'delta' is last minus first, i.e. the (末值−首值) trend required by 实验方案 §4.1; 'slope_per_hour' is the least-squares trend per hour over the same window."
lactate__0_48h__measured,Lactate,0_48h,measured,binary,mmol/L,0 when absent,True,"Primary excludes Time=48:00. Same-time values use median; MechVent uses max and Urine uses sum. Count is raw valid row count. Statistic 'delta' is last minus first, i.e. the (末值−首值) trend required by 实验方案 §4.1; 'slope_per_hour' is the least-squares trend per hour over the same window."
lactate__0_48h__count,Lactate,0_48h,count,continuous,mmol/L,0 when absent,True,"Primary excludes Time=48:00. Same-time values use median; MechVent uses max and Urine uses sum. Count is raw valid row count. Statistic 'delta' is last minus first, i.e. the (末值−首值) trend required by 实验方案 §4.1; 'slope_per_hour' is the least-squares trend per hour over the same window."
lactate__0_48h__first,Lactate,0_48h,first,continuous,mmol/L,training median; measured/count retained,True,"Primary excludes Time=48:00. Same-time values use median; MechVent uses max and Urine uses sum. Count is raw valid row count. Statistic 'delta' is last minus first, i.e. the (末值−首值) trend required by 实验方案 §4.1; 'slope_per_hour' is the least-squares trend per hour over the same window."
lactate__0_48h__last,Lactate,0_48h,last,continuous,mmol/L,training median; measured/count retained,True,"Primary excludes Time=48:00. Same-time values use median; MechVent uses max and Urine uses sum. Count is raw valid row count. Statistic 'delta' is last minus first, i.e. the (末值−首值) trend required by 实验方案 §4.1; 'slope_per_hour' is the least-squares trend per hour over the same window."
lactate__0_48h__min,Lactate,0_48h,min,continuous,mmol/L,training median; measured/count retained,True,"Primary excludes Time=48:00. Same-time values use median; MechVent uses max and Urine uses sum. Count is raw valid row count. Statistic 'delta' is last minus first, i.e. the (末值−首值) trend required by 实验方案 §4.1; 'slope_per_hour' is the least-squares trend per hour over the same window."
lactate__0_48h__max,Lactate,0_48h,max,continuous,mmol/L,training median; measured/count retained,True,"Primary excludes Time=48:00. Same-time values use median; MechVent uses max and Urine uses sum. Count is raw valid row count. Statistic 'delta' is last minus first, i.e. the (末值−首值) trend required by 实验方案 §4.1; 'slope_per_hour' is the least-squares trend per hour over the same window."
lactate__0_48h__mean,Lactate,0_48h,mean,continuous,mmol/L,training median; measured/count retained,True,"Primary excludes Time=48:00. Same-time values use median; MechVent uses max and Urine uses sum. Count is raw valid row count. Statistic 'delta' is last minus first, i.e. the (末值−首值) trend required by 实验方案 §4.1; 'slope_per_hour' is the least-squares trend per hour over the same window."
lactate__0_48h__median,Lactate,0_48h,median,continuous,mmol/L,training median; measured/count retained,True,"Primary excludes Time=48:00. Same-time values use median; MechVent uses max and Urine uses sum. Count is raw valid row count. Statistic 'delta' is last minus first, i.e. the (末值−首值) trend required by 实验方案 §4.1; 'slope_per_hour' is the least-squares trend per hour over the same window."
lactate__0_48h__std,Lactate,0_48h,std,continuous,mmol/L,training median; measured/count retained,True,"Primary excludes Time=48:00. Same-time values use median; MechVent uses max and Urine uses sum. Count is raw valid row count. Statistic 'delta' is last minus first, i.e. the (末值−首值) trend required by 实验方案 §4.1; 'slope_per_hour' is the least-squares trend per hour over the same window."
lactate__0_48h__slope_per_hour,Lactate,0_48h,slope_per_hour,continuous,mmol/L,training median; measured/count retained,True,"Primary excludes Time=48:00. Same-time values use median; MechVent uses max and Urine uses sum. Count is raw valid row count. Statistic 'delta' is last minus first, i.e. the (末值−首值) trend required by 实验方案 §4.1; 'slope_per_hour' is the least-squares trend per hour over the same window."
lactate__0_48h__delta,Lactate,0_48h,delta,continuous,mmol/L,training median; measured/count retained,True,"Primary excludes Time=48:00. Same-time values use median; MechVent uses max and Urine uses sum. Count is raw valid row count. Statistic 'delta' is last minus first, i.e. the (末值−首值) trend required by 实验方案 §4.1; 'slope_per_hour' is the least-squares trend per hour over the same window."
lactate__0_48h__time_span_hours,Lactate,0_48h,time_span_hours,continuous,mmol/L,training median; measured/count retained,True,"Primary excludes Time=48:00. Same-time values use median; MechVent uses max and Urine uses sum. Count is raw valid row count. Statistic 'delta' is last minus first, i.e. the (末值−首值) trend required by 实验方案 §4.1; 'slope_per_hour' is the least-squares trend per hour over the same window."
map__0_48h__measured,MAP,0_48h,measured,binary,mmHg,0 when absent,True,"Primary excludes Time=48:00. Same-time values use median; MechVent uses max and Urine uses sum. Count is raw valid row count. Statistic 'delta' is last minus first, i.e. the (末值−首值) trend required by 实验方案 §4.1; 'slope_per_hour' is the least-squares trend per hour over the same window."
map__0_48h__count,MAP,0_48h,count,continuous,mmHg,0 when absent,True,"Primary excludes Time=48:00. Same-time values use median; MechVent uses max and Urine uses sum. Count is raw valid row count. Statistic 'delta' is last minus first, i.e. the (末值−首值) trend required by 实验方案 §4.1; 'slope_per_hour' is the least-squares trend per hour over the same window."
map__0_48h__first,MAP,0_48h,first,continuous,mmHg,training median; measured/count retained,True,"Primary excludes Time=48:00. Same-time values use median; MechVent uses max and Urine uses sum. Count is raw valid row count. Statistic 'delta' is last minus first, i.e. the (末值−首值) trend required by 实验方案 §4.1; 'slope_per_hour' is the least-squares trend per hour over the same window."
map__0_48h__last,MAP,0_48h,last,continuous,mmHg,training median; measured/count retained,True,"Primary excludes Time=48:00. Same-time values use median; MechVent uses max and Urine uses sum. Count is raw valid row count. Statistic 'delta' is last minus first, i.e. the (末值−首值) trend required by 实验方案 §4.1; 'slope_per_hour' is the least-squares trend per hour over the same window."
map__0_48h__min,MAP,0_48h,min,continuous,mmHg,training median; measured/count retained,True,"Primary excludes Time=48:00. Same-time values use median; MechVent uses max and Urine uses sum. Count is raw valid row count. Statistic 'delta' is last minus first, i.e. the (末值−首值) trend required by 实验方案 §4.1; 'slope_per_hour' is the least-squares trend per hour over the same window."
map__0_48h__max,MAP,0_48h,max,continuous,mmHg,training median; measured/count retained,True,"Primary excludes Time=48:00. Same-time values use median; MechVent uses max and Urine uses sum. Count is raw valid row count. Statistic 'delta' is last minus first, i.e. the (末值−首值) trend required by 实验方案 §4.1; 'slope_per_hour' is the least-squares trend per hour over the same window."
map__0_48h__mean,MAP,0_48h,mean,continuous,mmHg,training median; measured/count retained,True,"Primary excludes Time=48:00. Same-time values use median; MechVent uses max and Urine uses sum. Count is raw valid row count. Statistic 'delta' is last minus first, i.e. the (末值−首值) trend required by 实验方案 §4.1; 'slope_per_hour' is the least-squares trend per hour over the same window."
map__0_48h__median,MAP,0_48h,median,continuous,mmHg,training median; measured/count retained,True,"Primary excludes Time=48:00. Same-time values use median; MechVent uses max and Urine uses sum. Count is raw valid row count. Statistic 'delta' is last minus first, i.e. the (末值−首值) trend required by 实验方案 §4.1; 'slope_per_hour' is the least-squares trend per hour over the same window."
map__0_48h__std,MAP,0_48h,std,continuous,mmHg,training median; measured/count retained,True,"Primary excludes Time=48:00. Same-time values use median; MechVent uses max and Urine uses sum. Count is raw valid row count. Statistic 'delta' is last minus first, i.e. the (末值−首值) trend required by 实验方案 §4.1; 'slope_per_hour' is the least-squares trend per hour over the same window."
map__0_48h__slope_per_hour,MAP,0_48h,slope_per_hour,continuous,mmHg,training median; measured/count retained,True,"Primary excludes Time=48:00. Same-time values use median; MechVent uses max and Urine uses sum. Count is raw valid row count. Statistic 'delta' is last minus first, i.e. the (末值−首值) trend required by 实验方案 §4.1; 'slope_per_hour' is the least-squares trend per hour over the same window."
map__0_48h__delta,MAP,0_48h,delta,continuous,mmHg,training median; measured/count retained,True,"Primary excludes Time=48:00. Same-time values use median; MechVent uses max and Urine uses sum. Count is raw valid row count. Statistic 'delta' is last minus first, i.e. the (末值−首值) trend required by 实验方案 §4.1; 'slope_per_hour' is the least-squares trend per hour over the same window."
map__0_48h__time_span_hours,MAP,0_48h,time_span_hours,continuous,mmHg,training median; measured/count retained,True,"Primary excludes Time=48:00. Same-time values use median; MechVent uses max and Urine uses sum. Count is raw valid row count. Statistic 'delta' is last minus first, i.e. the (末值−首值) trend required by 实验方案 §4.1; 'slope_per_hour' is the least-squares trend per hour over the same window."
mechvent__0_48h__measured,MechVent,0_48h,measured,binary,binary,0 when absent,True,"Primary excludes Time=48:00. Same-time values use median; MechVent uses max and Urine uses sum. Count is raw valid row count. Statistic 'delta' is last minus first, i.e. the (末值−首值) trend required by 实验方案 §4.1; 'slope_per_hour' is the least-squares trend per hour over the same window."
mechvent__0_48h__count,MechVent,0_48h,count,continuous,binary,0 when absent,True,"Primary excludes Time=48:00. Same-time values use median; MechVent uses max and Urine uses sum. Count is raw valid row count. Statistic 'delta' is last minus first, i.e. the (末值−首值) trend required by 实验方案 §4.1; 'slope_per_hour' is the least-squares trend per hour over the same window."
mechvent__0_48h__first,MechVent,0_48h,first,continuous,binary,training median; measured/count retained,True,"Primary excludes Time=48:00. Same-time values use median; MechVent uses max and Urine uses sum. Count is raw valid row count. Statistic 'delta' is last minus first, i.e. the (末值−首值) trend required by 实验方案 §4.1; 'slope_per_hour' is the least-squares trend per hour over the same window."
mechvent__0_48h__last,MechVent,0_48h,last,continuous,binary,training median; measured/count retained,True,"Primary excludes Time=48:00. Same-time values use median; MechVent uses max and Urine uses sum. Count is raw valid row count. Statistic 'delta' is last minus first, i.e. the (末值−首值) trend required by 实验方案 §4.1; 'slope_per_hour' is the least-squares trend per hour over the same window."
mechvent__0_48h__min,MechVent,0_48h,min,continuous,binary,training median; measured/count retained,True,"Primary excludes Time=48:00. Same-time values use median; MechVent uses max and Urine uses sum. Count is raw valid row count. Statistic 'delta' is last minus first, i.e. the (末值−首值) trend required by 实验方案 §4.1; 'slope_per_hour' is the least-squares trend per hour over the same window."
mechvent__0_48h__max,MechVent,0_48h,max,continuous,binary,training median; measured/count retained,True,"Primary excludes Time=48:00. Same-time values use median; MechVent uses max and Urine uses sum. Count is raw valid row count. Statistic 'delta' is last minus first, i.e. the (末值−首值) trend required by 实验方案 §4.1; 'slope_per_hour' is the least-squares trend per hour over the same window."
mechvent__0_48h__mean,MechVent,0_48h,mean,continuous,binary,training median; measured/count retained,True,"Primary excludes Time=48:00. Same-time values use median; MechVent uses max and Urine uses sum. Count is raw valid row count. Statistic 'delta' is last minus first, i.e. the (末值−首值) trend required by 实验方案 §4.1; 'slope_per_hour' is the least-squares trend per hour over the same window."
mechvent__0_48h__median,MechVent,0_48h,median,continuous,binary,training median; measured/count retained,True,"Primary excludes Time=48:00. Same-time values use median; MechVent uses max and Urine uses sum. Count is raw valid row count. Statistic 'delta' is last minus first, i.e. the (末值−首值) trend required by 实验方案 §4.1; 'slope_per_hour' is the least-squares trend per hour over the same window."
mechvent__0_48h__std,MechVent,0_48h,std,continuous,binary,training median; measured/count retained,True,"Primary excludes Time=48:00. Same-time values use median; MechVent uses max and Urine uses sum. Count is raw valid row count. Statistic 'delta' is last minus first, i.e. the (末值−首值) trend required by 实验方案 §4.1; 'slope_per_hour' is the least-squares trend per hour over the same window."
mechvent__0_48h__slope_per_hour,MechVent,0_48h,slope_per_hour,continuous,binary,training median; measured/count retained,True,"Primary excludes Time=48:00. Same-time values use median; MechVent uses max and Urine uses sum. Count is raw valid row count. Statistic 'delta' is last minus first, i.e. the (末值−首值) trend required by 实验方案 §4.1; 'slope_per_hour' is the least-squares trend per hour over the same window."
mechvent__0_48h__delta,MechVent,0_48h,delta,continuous,binary,training median; measured/count retained,True,"Primary excludes Time=48:00. Same-time values use median; MechVent uses max and Urine uses sum. Count is raw valid row count. Statistic 'delta' is last minus first, i.e. the (末值−首值) trend required by 实验方案 §4.1; 'slope_per_hour' is the least-squares trend per hour over the same window."
mechvent__0_48h__time_span_hours,MechVent,0_48h,time_span_hours,continuous,binary,training median; measured/count retained,True,"Primary excludes Time=48:00. Same-time values use median; MechVent uses max and Urine uses sum. Count is raw valid row count. Statistic 'delta' is last minus first, i.e. the (末值−首值) trend required by 实验方案 §4.1; 'slope_per_hour' is the least-squares trend per hour over the same window."
mg__0_48h__measured,Mg,0_48h,measured,binary,mmol/L,0 when absent,True,"Primary excludes Time=48:00. Same-time values use median; MechVent uses max and Urine uses sum. Count is raw valid row count. Statistic 'delta' is last minus first, i.e. the (末值−首值) trend required by 实验方案 §4.1; 'slope_per_hour' is the least-squares trend per hour over the same window."
mg__0_48h__count,Mg,0_48h,count,continuous,mmol/L,0 when absent,True,"Primary excludes Time=48:00. Same-time values use median; MechVent uses max and Urine uses sum. Count is raw valid row count. Statistic 'delta' is last minus first, i.e. the (末值−首值) trend required by 实验方案 §4.1; 'slope_per_hour' is the least-squares trend per hour over the same window."
mg__0_48h__first,Mg,0_48h,first,continuous,mmol/L,training median; measured/count retained,True,"Primary excludes Time=48:00. Same-time values use median; MechVent uses max and Urine uses sum. Count is raw valid row count. Statistic 'delta' is last minus first, i.e. the (末值−首值) trend required by 实验方案 §4.1; 'slope_per_hour' is the least-squares trend per hour over the same window."
mg__0_48h__last,Mg,0_48h,last,continuous,mmol/L,training median; measured/count retained,True,"Primary excludes Time=48:00. Same-time values use median; MechVent uses max and Urine uses sum. Count is raw valid row count. Statistic 'delta' is last minus first, i.e. the (末值−首值) trend required by 实验方案 §4.1; 'slope_per_hour' is the least-squares trend per hour over the same window."
mg__0_48h__min,Mg,0_48h,min,continuous,mmol/L,training median; measured/count retained,True,"Primary excludes Time=48:00. Same-time values use median; MechVent uses max and Urine uses sum. Count is raw valid row count. Statistic 'delta' is last minus first, i.e. the (末值−首值) trend required by 实验方案 §4.1; 'slope_per_hour' is the least-squares trend per hour over the same window."
mg__0_48h__max,Mg,0_48h,max,continuous,mmol/L,training median; measured/count retained,True,"Primary excludes Time=48:00. Same-time values use median; MechVent uses max and Urine uses sum. Count is raw valid row count. Statistic 'delta' is last minus first, i.e. the (末值−首值) trend required by 实验方案 §4.1; 'slope_per_hour' is the least-squares trend per hour over the same window."
mg__0_48h__mean,Mg,0_48h,mean,continuous,mmol/L,training median; measured/count retained,True,"Primary excludes Time=48:00. Same-time values use median; MechVent uses max and Urine uses sum. Count is raw valid row count. Statistic 'delta' is last minus first, i.e. the (末值−首值) trend required by 实验方案 §4.1; 'slope_per_hour' is the least-squares trend per hour over the same window."
mg__0_48h__median,Mg,0_48h,median,continuous,mmol/L,training median; measured/count retained,True,"Primary excludes Time=48:00. Same-time values use median; MechVent uses max and Urine uses sum. Count is raw valid row count. Statistic 'delta' is last minus first, i.e. the (末值−首值) trend required by 实验方案 §4.1; 'slope_per_hour' is the least-squares trend per hour over the same window."
mg__0_48h__std,Mg,0_48h,std,continuous,mmol/L,training median; measured/count retained,True,"Primary excludes Time=48:00. Same-time values use median; MechVent uses max and Urine uses sum. Count is raw valid row count. Statistic 'delta' is last minus first, i.e. the (末值−首值) trend required by 实验方案 §4.1; 'slope_per_hour' is the least-squares trend per hour over the same window."
mg__0_48h__slope_per_hour,Mg,0_48h,slope_per_hour,continuous,mmol/L,training median; measured/count retained,True,"Primary excludes Time=48:00. Same-time values use median; MechVent uses max and Urine uses sum. Count is raw valid row count. Statistic 'delta' is last minus first, i.e. the (末值−首值) trend required by 实验方案 §4.1; 'slope_per_hour' is the least-squares trend per hour over the same window."
mg__0_48h__delta,Mg,0_48h,delta,continuous,mmol/L,training median; measured/count retained,True,"Primary excludes Time=48:00. Same-time values use median; MechVent uses max and Urine uses sum. Count is raw valid row count. Statistic 'delta' is last minus first, i.e. the (末值−首值) trend required by 实验方案 §4.1; 'slope_per_hour' is the least-squares trend per hour over the same window."
mg__0_48h__time_span_hours,Mg,0_48h,time_span_hours,continuous,mmol/L,training median; measured/count retained,True,"Primary excludes Time=48:00. Same-time values use median; MechVent uses max and Urine uses sum. Count is raw valid row count. Statistic 'delta' is last minus first, i.e. the (末值−首值) trend required by 实验方案 §4.1; 'slope_per_hour' is the least-squares trend per hour over the same window."
na__0_48h__measured,Na,0_48h,measured,binary,mEq/L,0 when absent,True,"Primary excludes Time=48:00. Same-time values use median; MechVent uses max and Urine uses sum. Count is raw valid row count. Statistic 'delta' is last minus first, i.e. the (末值−首值) trend required by 实验方案 §4.1; 'slope_per_hour' is the least-squares trend per hour over the same window."
na__0_48h__count,Na,0_48h,count,continuous,mEq/L,0 when absent,True,"Primary excludes Time=48:00. Same-time values use median; MechVent uses max and Urine uses sum. Count is raw valid row count. Statistic 'delta' is last minus first, i.e. the (末值−首值) trend required by 实验方案 §4.1; 'slope_per_hour' is the least-squares trend per hour over the same window."
na__0_48h__first,Na,0_48h,first,continuous,mEq/L,training median; measured/count retained,True,"Primary excludes Time=48:00. Same-time values use median; MechVent uses max and Urine uses sum. Count is raw valid row count. Statistic 'delta' is last minus first, i.e. the (末值−首值) trend required by 实验方案 §4.1; 'slope_per_hour' is the least-squares trend per hour over the same window."
na__0_48h__last,Na,0_48h,last,continuous,mEq/L,training median; measured/count retained,True,"Primary excludes Time=48:00. Same-time values use median; MechVent uses max and Urine uses sum. Count is raw valid row count. Statistic 'delta' is last minus first, i.e. the (末值−首值) trend required by 实验方案 §4.1; 'slope_per_hour' is the least-squares trend per hour over the same window."
na__0_48h__min,Na,0_48h,min,continuous,mEq/L,training median; measured/count retained,True,"Primary excludes Time=48:00. Same-time values use median; MechVent uses max and Urine uses sum. Count is raw valid row count. Statistic 'delta' is last minus first, i.e. the (末值−首值) trend required by 实验方案 §4.1; 'slope_per_hour' is the least-squares trend per hour over the same window."
na__0_48h__max,Na,0_48h,max,continuous,mEq/L,training median; measured/count retained,True,"Primary excludes Time=48:00. Same-time values use median; MechVent uses max and Urine uses sum. Count is raw valid row count. Statistic 'delta' is last minus first, i.e. the (末值−首值) trend required by 实验方案 §4.1; 'slope_per_hour' is the least-squares trend per hour over the same window."
na__0_48h__mean,Na,0_48h,mean,continuous,mEq/L,training median; measured/count retained,True,"Primary excludes Time=48:00. Same-time values use median; MechVent uses max and Urine uses sum. Count is raw valid row count. Statistic 'delta' is last minus first, i.e. the (末值−首值) trend required by 实验方案 §4.1; 'slope_per_hour' is the least-squares trend per hour over the same window."
na__0_48h__median,Na,0_48h,median,continuous,mEq/L,training median; measured/count retained,True,"Primary excludes Time=48:00. Same-time values use median; MechVent uses max and Urine uses sum. Count is raw valid row count. Statistic 'delta' is last minus first, i.e. the (末值−首值) trend required by 实验方案 §4.1; 'slope_per_hour' is the least-squares trend per hour over the same window."
na__0_48h__std,Na,0_48h,std,continuous,mEq/L,training median; measured/count retained,True,"Primary excludes Time=48:00. Same-time values use median; MechVent uses max and Urine uses sum. Count is raw valid row count. Statistic 'delta' is last minus first, i.e. the (末值−首值) trend required by 实验方案 §4.1; 'slope_per_hour' is the least-squares trend per hour over the same window."
na__0_48h__slope_per_hour,Na,0_48h,slope_per_hour,continuous,mEq/L,training median; measured/count retained,True,"Primary excludes Time=48:00. Same-time values use median; MechVent uses max and Urine uses sum. Count is raw valid row count. Statistic 'delta' is last minus first, i.e. the (末值−首值) trend required by 实验方案 §4.1; 'slope_per_hour' is the least-squares trend per hour over the same window."
na__0_48h__delta,Na,0_48h,delta,continuous,mEq/L,training median; measured/count retained,True,"Primary excludes Time=48:00. Same-time values use median; MechVent uses max and Urine uses sum. Count is raw valid row count. Statistic 'delta' is last minus first, i.e. the (末值−首值) trend required by 实验方案 §4.1; 'slope_per_hour' is the least-squares trend per hour over the same window."
na__0_48h__time_span_hours,Na,0_48h,time_span_hours,continuous,mEq/L,training median; measured/count retained,True,"Primary excludes Time=48:00. Same-time values use median; MechVent uses max and Urine uses sum. Count is raw valid row count. Statistic 'delta' is last minus first, i.e. the (末值−首值) trend required by 实验方案 §4.1; 'slope_per_hour' is the least-squares trend per hour over the same window."
nidiasabp__0_48h__measured,NIDiasABP,0_48h,measured,binary,mmHg,0 when absent,True,"Primary excludes Time=48:00. Same-time values use median; MechVent uses max and Urine uses sum. Count is raw valid row count. Statistic 'delta' is last minus first, i.e. the (末值−首值) trend required by 实验方案 §4.1; 'slope_per_hour' is the least-squares trend per hour over the same window."
nidiasabp__0_48h__count,NIDiasABP,0_48h,count,continuous,mmHg,0 when absent,True,"Primary excludes Time=48:00. Same-time values use median; MechVent uses max and Urine uses sum. Count is raw valid row count. Statistic 'delta' is last minus first, i.e. the (末值−首值) trend required by 实验方案 §4.1; 'slope_per_hour' is the least-squares trend per hour over the same window."
nidiasabp__0_48h__first,NIDiasABP,0_48h,first,continuous,mmHg,training median; measured/count retained,True,"Primary excludes Time=48:00. Same-time values use median; MechVent uses max and Urine uses sum. Count is raw valid row count. Statistic 'delta' is last minus first, i.e. the (末值−首值) trend required by 实验方案 §4.1; 'slope_per_hour' is the least-squares trend per hour over the same window."
nidiasabp__0_48h__last,NIDiasABP,0_48h,last,continuous,mmHg,training median; measured/count retained,True,"Primary excludes Time=48:00. Same-time values use median; MechVent uses max and Urine uses sum. Count is raw valid row count. Statistic 'delta' is last minus first, i.e. the (末值−首值) trend required by 实验方案 §4.1; 'slope_per_hour' is the least-squares trend per hour over the same window."
nidiasabp__0_48h__min,NIDiasABP,0_48h,min,continuous,mmHg,training median; measured/count retained,True,"Primary excludes Time=48:00. Same-time values use median; MechVent uses max and Urine uses sum. Count is raw valid row count. Statistic 'delta' is last minus first, i.e. the (末值−首值) trend required by 实验方案 §4.1; 'slope_per_hour' is the least-squares trend per hour over the same window."
nidiasabp__0_48h__max,NIDiasABP,0_48h,max,continuous,mmHg,training median; measured/count retained,True,"Primary excludes Time=48:00. Same-time values use median; MechVent uses max and Urine uses sum. Count is raw valid row count. Statistic 'delta' is last minus first, i.e. the (末值−首值) trend required by 实验方案 §4.1; 'slope_per_hour' is the least-squares trend per hour over the same window."
nidiasabp__0_48h__mean,NIDiasABP,0_48h,mean,continuous,mmHg,training median; measured/count retained,True,"Primary excludes Time=48:00. Same-time values use median; MechVent uses max and Urine uses sum. Count is raw valid row count. Statistic 'delta' is last minus first, i.e. the (末值−首值) trend required by 实验方案 §4.1; 'slope_per_hour' is the least-squares trend per hour over the same window."
nidiasabp__0_48h__median,NIDiasABP,0_48h,median,continuous,mmHg,training median; measured/count retained,True,"Primary excludes Time=48:00. Same-time values use median; MechVent uses max and Urine uses sum. Count is raw valid row count. Statistic 'delta' is last minus first, i.e. the (末值−首值) trend required by 实验方案 §4.1; 'slope_per_hour' is the least-squares trend per hour over the same window."
nidiasabp__0_48h__std,NIDiasABP,0_48h,std,continuous,mmHg,training median; measured/count retained,True,"Primary excludes Time=48:00. Same-time values use median; MechVent uses max and Urine uses sum. Count is raw valid row count. Statistic 'delta' is last minus first, i.e. the (末值−首值) trend required by 实验方案 §4.1; 'slope_per_hour' is the least-squares trend per hour over the same window."
nidiasabp__0_48h__slope_per_hour,NIDiasABP,0_48h,slope_per_hour,continuous,mmHg,training median; measured/count retained,True,"Primary excludes Time=48:00. Same-time values use median; MechVent uses max and Urine uses sum. Count is raw valid row count. Statistic 'delta' is last minus first, i.e. the (末值−首值) trend required by 实验方案 §4.1; 'slope_per_hour' is the least-squares trend per hour over the same window."
nidiasabp__0_48h__delta,NIDiasABP,0_48h,delta,continuous,mmHg,training median; measured/count retained,True,"Primary excludes Time=48:00. Same-time values use median; MechVent uses max and Urine uses sum. Count is raw valid row count. Statistic 'delta' is last minus first, i.e. the (末值−首值) trend required by 实验方案 §4.1; 'slope_per_hour' is the least-squares trend per hour over the same window."
nidiasabp__0_48h__time_span_hours,NIDiasABP,0_48h,time_span_hours,continuous,mmHg,training median; measured/count retained,True,"Primary excludes Time=48:00. Same-time values use median; MechVent uses max and Urine uses sum. Count is raw valid row count. Statistic 'delta' is last minus first, i.e. the (末值−首值) trend required by 实验方案 §4.1; 'slope_per_hour' is the least-squares trend per hour over the same window."
nimap__0_48h__measured,NIMAP,0_48h,measured,binary,mmHg,0 when absent,True,"Primary excludes Time=48:00. Same-time values use median; MechVent uses max and Urine uses sum. Count is raw valid row count. Statistic 'delta' is last minus first, i.e. the (末值−首值) trend required by 实验方案 §4.1; 'slope_per_hour' is the least-squares trend per hour over the same window."
nimap__0_48h__count,NIMAP,0_48h,count,continuous,mmHg,0 when absent,True,"Primary excludes Time=48:00. Same-time values use median; MechVent uses max and Urine uses sum. Count is raw valid row count. Statistic 'delta' is last minus first, i.e. the (末值−首值) trend required by 实验方案 §4.1; 'slope_per_hour' is the least-squares trend per hour over the same window."
nimap__0_48h__first,NIMAP,0_48h,first,continuous,mmHg,training median; measured/count retained,True,"Primary excludes Time=48:00. Same-time values use median; MechVent uses max and Urine uses sum. Count is raw valid row count. Statistic 'delta' is last minus first, i.e. the (末值−首值) trend required by 实验方案 §4.1; 'slope_per_hour' is the least-squares trend per hour over the same window."
nimap__0_48h__last,NIMAP,0_48h,last,continuous,mmHg,training median; measured/count retained,True,"Primary excludes Time=48:00. Same-time values use median; MechVent uses max and Urine uses sum. Count is raw valid row count. Statistic 'delta' is last minus first, i.e. the (末值−首值) trend required by 实验方案 §4.1; 'slope_per_hour' is the least-squares trend per hour over the same window."
nimap__0_48h__min,NIMAP,0_48h,min,continuous,mmHg,training median; measured/count retained,True,"Primary excludes Time=48:00. Same-time values use median; MechVent uses max and Urine uses sum. Count is raw valid row count. Statistic 'delta' is last minus first, i.e. the (末值−首值) trend required by 实验方案 §4.1; 'slope_per_hour' is the least-squares trend per hour over the same window."
nimap__0_48h__max,NIMAP,0_48h,max,continuous,mmHg,training median; measured/count retained,True,"Primary excludes Time=48:00. Same-time values use median; MechVent uses max and Urine uses sum. Count is raw valid row count. Statistic 'delta' is last minus first, i.e. the (末值−首值) trend required by 实验方案 §4.1; 'slope_per_hour' is the least-squares trend per hour over the same window."
nimap__0_48h__mean,NIMAP,0_48h,mean,continuous,mmHg,training median; measured/count retained,True,"Primary excludes Time=48:00. Same-time values use median; MechVent uses max and Urine uses sum. Count is raw valid row count. Statistic 'delta' is last minus first, i.e. the (末值−首值) trend required by 实验方案 §4.1; 'slope_per_hour' is the least-squares trend per hour over the same window."
nimap__0_48h__median,NIMAP,0_48h,median,continuous,mmHg,training median; measured/count retained,True,"Primary excludes Time=48:00. Same-time values use median; MechVent uses max and Urine uses sum. Count is raw valid row count. Statistic 'delta' is last minus first, i.e. the (末值−首值) trend required by 实验方案 §4.1; 'slope_per_hour' is the least-squares trend per hour over the same window."
nimap__0_48h__std,NIMAP,0_48h,std,continuous,mmHg,training median; measured/count retained,True,"Primary excludes Time=48:00. Same-time values use median; MechVent uses max and Urine uses sum. Count is raw valid row count. Statistic 'delta' is last minus first, i.e. the (末值−首值) trend required by 实验方案 §4.1; 'slope_per_hour' is the least-squares trend per hour over the same window."
nimap__0_48h__slope_per_hour,NIMAP,0_48h,slope_per_hour,continuous,mmHg,training median; measured/count retained,True,"Primary excludes Time=48:00. Same-time values use median; MechVent uses max and Urine uses sum. Count is raw valid row count. Statistic 'delta' is last minus first, i.e. the (末值−首值) trend required by 实验方案 §4.1; 'slope_per_hour' is the least-squares trend per hour over the same window."
nimap__0_48h__delta,NIMAP,0_48h,delta,continuous,mmHg,training median; measured/count retained,True,"Primary excludes Time=48:00. Same-time values use median; MechVent uses max and Urine uses sum. Count is raw valid row count. Statistic 'delta' is last minus first, i.e. the (末值−首值) trend required by 实验方案 §4.1; 'slope_per_hour' is the least-squares trend per hour over the same window."
nimap__0_48h__time_span_hours,NIMAP,0_48h,time_span_hours,continuous,mmHg,training median; measured/count retained,True,"Primary excludes Time=48:00. Same-time values use median; MechVent uses max and Urine uses sum. Count is raw valid row count. Statistic 'delta' is last minus first, i.e. the (末值−首值) trend required by 实验方案 §4.1; 'slope_per_hour' is the least-squares trend per hour over the same window."
nisysabp__0_48h__measured,NISysABP,0_48h,measured,binary,mmHg,0 when absent,True,"Primary excludes Time=48:00. Same-time values use median; MechVent uses max and Urine uses sum. Count is raw valid row count. Statistic 'delta' is last minus first, i.e. the (末值−首值) trend required by 实验方案 §4.1; 'slope_per_hour' is the least-squares trend per hour over the same window."
nisysabp__0_48h__count,NISysABP,0_48h,count,continuous,mmHg,0 when absent,True,"Primary excludes Time=48:00. Same-time values use median; MechVent uses max and Urine uses sum. Count is raw valid row count. Statistic 'delta' is last minus first, i.e. the (末值−首值) trend required by 实验方案 §4.1; 'slope_per_hour' is the least-squares trend per hour over the same window."
nisysabp__0_48h__first,NISysABP,0_48h,first,continuous,mmHg,training median; measured/count retained,True,"Primary excludes Time=48:00. Same-time values use median; MechVent uses max and Urine uses sum. Count is raw valid row count. Statistic 'delta' is last minus first, i.e. the (末值−首值) trend required by 实验方案 §4.1; 'slope_per_hour' is the least-squares trend per hour over the same window."
nisysabp__0_48h__last,NISysABP,0_48h,last,continuous,mmHg,training median; measured/count retained,True,"Primary excludes Time=48:00. Same-time values use median; MechVent uses max and Urine uses sum. Count is raw valid row count. Statistic 'delta' is last minus first, i.e. the (末值−首值) trend required by 实验方案 §4.1; 'slope_per_hour' is the least-squares trend per hour over the same window."
nisysabp__0_48h__min,NISysABP,0_48h,min,continuous,mmHg,training median; measured/count retained,True,"Primary excludes Time=48:00. Same-time values use median; MechVent uses max and Urine uses sum. Count is raw valid row count. Statistic 'delta' is last minus first, i.e. the (末值−首值) trend required by 实验方案 §4.1; 'slope_per_hour' is the least-squares trend per hour over the same window."
nisysabp__0_48h__max,NISysABP,0_48h,max,continuous,mmHg,training median; measured/count retained,True,"Primary excludes Time=48:00. Same-time values use median; MechVent uses max and Urine uses sum. Count is raw valid row count. Statistic 'delta' is last minus first, i.e. the (末值−首值) trend required by 实验方案 §4.1; 'slope_per_hour' is the least-squares trend per hour over the same window."
nisysabp__0_48h__mean,NISysABP,0_48h,mean,continuous,mmHg,training median; measured/count retained,True,"Primary excludes Time=48:00. Same-time values use median; MechVent uses max and Urine uses sum. Count is raw valid row count. Statistic 'delta' is last minus first, i.e. the (末值−首值) trend required by 实验方案 §4.1; 'slope_per_hour' is the least-squares trend per hour over the same window."
nisysabp__0_48h__median,NISysABP,0_48h,median,continuous,mmHg,training median; measured/count retained,True,"Primary excludes Time=48:00. Same-time values use median; MechVent uses max and Urine uses sum. Count is raw valid row count. Statistic 'delta' is last minus first, i.e. the (末值−首值) trend required by 实验方案 §4.1; 'slope_per_hour' is the least-squares trend per hour over the same window."
nisysabp__0_48h__std,NISysABP,0_48h,std,continuous,mmHg,training median; measured/count retained,True,"Primary excludes Time=48:00. Same-time values use median; MechVent uses max and Urine uses sum. Count is raw valid row count. Statistic 'delta' is last minus first, i.e. the (末值−首值) trend required by 实验方案 §4.1; 'slope_per_hour' is the least-squares trend per hour over the same window."
nisysabp__0_48h__slope_per_hour,NISysABP,0_48h,slope_per_hour,continuous,mmHg,training median; measured/count retained,True,"Primary excludes Time=48:00. Same-time values use median; MechVent uses max and Urine uses sum. Count is raw valid row count. Statistic 'delta' is last minus first, i.e. the (末值−首值) trend required by 实验方案 §4.1; 'slope_per_hour' is the least-squares trend per hour over the same window."
nisysabp__0_48h__delta,NISysABP,0_48h,delta,continuous,mmHg,training median; measured/count retained,True,"Primary excludes Time=48:00. Same-time values use median; MechVent uses max and Urine uses sum. Count is raw valid row count. Statistic 'delta' is last minus first, i.e. the (末值−首值) trend required by 实验方案 §4.1; 'slope_per_hour' is the least-squares trend per hour over the same window."
nisysabp__0_48h__time_span_hours,NISysABP,0_48h,time_span_hours,continuous,mmHg,training median; measured/count retained,True,"Primary excludes Time=48:00. Same-time values use median; MechVent uses max and Urine uses sum. Count is raw valid row count. Statistic 'delta' is last minus first, i.e. the (末值−首值) trend required by 实验方案 §4.1; 'slope_per_hour' is the least-squares trend per hour over the same window."
paco2__0_48h__measured,PaCO2,0_48h,measured,binary,mmHg,0 when absent,True,"Primary excludes Time=48:00. Same-time values use median; MechVent uses max and Urine uses sum. Count is raw valid row count. Statistic 'delta' is last minus first, i.e. the (末值−首值) trend required by 实验方案 §4.1; 'slope_per_hour' is the least-squares trend per hour over the same window."
paco2__0_48h__count,PaCO2,0_48h,count,continuous,mmHg,0 when absent,True,"Primary excludes Time=48:00. Same-time values use median; MechVent uses max and Urine uses sum. Count is raw valid row count. Statistic 'delta' is last minus first, i.e. the (末值−首值) trend required by 实验方案 §4.1; 'slope_per_hour' is the least-squares trend per hour over the same window."
paco2__0_48h__first,PaCO2,0_48h,first,continuous,mmHg,training median; measured/count retained,True,"Primary excludes Time=48:00. Same-time values use median; MechVent uses max and Urine uses sum. Count is raw valid row count. Statistic 'delta' is last minus first, i.e. the (末值−首值) trend required by 实验方案 §4.1; 'slope_per_hour' is the least-squares trend per hour over the same window."
paco2__0_48h__last,PaCO2,0_48h,last,continuous,mmHg,training median; measured/count retained,True,"Primary excludes Time=48:00. Same-time values use median; MechVent uses max and Urine uses sum. Count is raw valid row count. Statistic 'delta' is last minus first, i.e. the (末值−首值) trend required by 实验方案 §4.1; 'slope_per_hour' is the least-squares trend per hour over the same window."
paco2__0_48h__min,PaCO2,0_48h,min,continuous,mmHg,training median; measured/count retained,True,"Primary excludes Time=48:00. Same-time values use median; MechVent uses max and Urine uses sum. Count is raw valid row count. Statistic 'delta' is last minus first, i.e. the (末值−首值) trend required by 实验方案 §4.1; 'slope_per_hour' is the least-squares trend per hour over the same window."
paco2__0_48h__max,PaCO2,0_48h,max,continuous,mmHg,training median; measured/count retained,True,"Primary excludes Time=48:00. Same-time values use median; MechVent uses max and Urine uses sum. Count is raw valid row count. Statistic 'delta' is last minus first, i.e. the (末值−首值) trend required by 实验方案 §4.1; 'slope_per_hour' is the least-squares trend per hour over the same window."
paco2__0_48h__mean,PaCO2,0_48h,mean,continuous,mmHg,training median; measured/count retained,True,"Primary excludes Time=48:00. Same-time values use median; MechVent uses max and Urine uses sum. Count is raw valid row count. Statistic 'delta' is last minus first, i.e. the (末值−首值) trend required by 实验方案 §4.1; 'slope_per_hour' is the least-squares trend per hour over the same window."
paco2__0_48h__median,PaCO2,0_48h,median,continuous,mmHg,training median; measured/count retained,True,"Primary excludes Time=48:00. Same-time values use median; MechVent uses max and Urine uses sum. Count is raw valid row count. Statistic 'delta' is last minus first, i.e. the (末值−首值) trend required by 实验方案 §4.1; 'slope_per_hour' is the least-squares trend per hour over the same window."
paco2__0_48h__std,PaCO2,0_48h,std,continuous,mmHg,training median; measured/count retained,True,"Primary excludes Time=48:00. Same-time values use median; MechVent uses max and Urine uses sum. Count is raw valid row count. Statistic 'delta' is last minus first, i.e. the (末值−首值) trend required by 实验方案 §4.1; 'slope_per_hour' is the least-squares trend per hour over the same window."
paco2__0_48h__slope_per_hour,PaCO2,0_48h,slope_per_hour,continuous,mmHg,training median; measured/count retained,True,"Primary excludes Time=48:00. Same-time values use median; MechVent uses max and Urine uses sum. Count is raw valid row count. Statistic 'delta' is last minus first, i.e. the (末值−首值) trend required by 实验方案 §4.1; 'slope_per_hour' is the least-squares trend per hour over the same window."
paco2__0_48h__delta,PaCO2,0_48h,delta,continuous,mmHg,training median; measured/count retained,True,"Primary excludes Time=48:00. Same-time values use median; MechVent uses max and Urine uses sum. Count is raw valid row count. Statistic 'delta' is last minus first, i.e. the (末值−首值) trend required by 实验方案 §4.1; 'slope_per_hour' is the least-squares trend per hour over the same window."
paco2__0_48h__time_span_hours,PaCO2,0_48h,time_span_hours,continuous,mmHg,training median; measured/count retained,True,"Primary excludes Time=48:00. Same-time values use median; MechVent uses max and Urine uses sum. Count is raw valid row count. Statistic 'delta' is last minus first, i.e. the (末值−首值) trend required by 实验方案 §4.1; 'slope_per_hour' is the least-squares trend per hour over the same window."
pao2__0_48h__measured,PaO2,0_48h,measured,binary,mmHg,0 when absent,True,"Primary excludes Time=48:00. Same-time values use median; MechVent uses max and Urine uses sum. Count is raw valid row count. Statistic 'delta' is last minus first, i.e. the (末值−首值) trend required by 实验方案 §4.1; 'slope_per_hour' is the least-squares trend per hour over the same window."
pao2__0_48h__count,PaO2,0_48h,count,continuous,mmHg,0 when absent,True,"Primary excludes Time=48:00. Same-time values use median; MechVent uses max and Urine uses sum. Count is raw valid row count. Statistic 'delta' is last minus first, i.e. the (末值−首值) trend required by 实验方案 §4.1; 'slope_per_hour' is the least-squares trend per hour over the same window."
pao2__0_48h__first,PaO2,0_48h,first,continuous,mmHg,training median; measured/count retained,True,"Primary excludes Time=48:00. Same-time values use median; MechVent uses max and Urine uses sum. Count is raw valid row count. Statistic 'delta' is last minus first, i.e. the (末值−首值) trend required by 实验方案 §4.1; 'slope_per_hour' is the least-squares trend per hour over the same window."
pao2__0_48h__last,PaO2,0_48h,last,continuous,mmHg,training median; measured/count retained,True,"Primary excludes Time=48:00. Same-time values use median; MechVent uses max and Urine uses sum. Count is raw valid row count. Statistic 'delta' is last minus first, i.e. the (末值−首值) trend required by 实验方案 §4.1; 'slope_per_hour' is the least-squares trend per hour over the same window."
pao2__0_48h__min,PaO2,0_48h,min,continuous,mmHg,training median; measured/count retained,True,"Primary excludes Time=48:00. Same-time values use median; MechVent uses max and Urine uses sum. Count is raw valid row count. Statistic 'delta' is last minus first, i.e. the (末值−首值) trend required by 实验方案 §4.1; 'slope_per_hour' is the least-squares trend per hour over the same window."
pao2__0_48h__max,PaO2,0_48h,max,continuous,mmHg,training median; measured/count retained,True,"Primary excludes Time=48:00. Same-time values use median; MechVent uses max and Urine uses sum. Count is raw valid row count. Statistic 'delta' is last minus first, i.e. the (末值−首值) trend required by 实验方案 §4.1; 'slope_per_hour' is the least-squares trend per hour over the same window."
pao2__0_48h__mean,PaO2,0_48h,mean,continuous,mmHg,training median; measured/count retained,True,"Primary excludes Time=48:00. Same-time values use median; MechVent uses max and Urine uses sum. Count is raw valid row count. Statistic 'delta' is last minus first, i.e. the (末值−首值) trend required by 实验方案 §4.1; 'slope_per_hour' is the least-squares trend per hour over the same window."
pao2__0_48h__median,PaO2,0_48h,median,continuous,mmHg,training median; measured/count retained,True,"Primary excludes Time=48:00. Same-time values use median; MechVent uses max and Urine uses sum. Count is raw valid row count. Statistic 'delta' is last minus first, i.e. the (末值−首值) trend required by 实验方案 §4.1; 'slope_per_hour' is the least-squares trend per hour over the same window."
pao2__0_48h__std,PaO2,0_48h,std,continuous,mmHg,training median; measured/count retained,True,"Primary excludes Time=48:00. Same-time values use median; MechVent uses max and Urine uses sum. Count is raw valid row count. Statistic 'delta' is last minus first, i.e. the (末值−首值) trend required by 实验方案 §4.1; 'slope_per_hour' is the least-squares trend per hour over the same window."
pao2__0_48h__slope_per_hour,PaO2,0_48h,slope_per_hour,continuous,mmHg,training median; measured/count retained,True,"Primary excludes Time=48:00. Same-time values use median; MechVent uses max and Urine uses sum. Count is raw valid row count. Statistic 'delta' is last minus first, i.e. the (末值−首值) trend required by 实验方案 §4.1; 'slope_per_hour' is the least-squares trend per hour over the same window."
pao2__0_48h__delta,PaO2,0_48h,delta,continuous,mmHg,training median; measured/count retained,True,"Primary excludes Time=48:00. Same-time values use median; MechVent uses max and Urine uses sum. Count is raw valid row count. Statistic 'delta' is last minus first, i.e. the (末值−首值) trend required by 实验方案 §4.1; 'slope_per_hour' is the least-squares trend per hour over the same window."
pao2__0_48h__time_span_hours,PaO2,0_48h,time_span_hours,continuous,mmHg,training median; measured/count retained,True,"Primary excludes Time=48:00. Same-time values use median; MechVent uses max and Urine uses sum. Count is raw valid row count. Statistic 'delta' is last minus first, i.e. the (末值−首值) trend required by 实验方案 §4.1; 'slope_per_hour' is the least-squares trend per hour over the same window."
ph__0_48h__measured,pH,0_48h,measured,binary,pH,0 when absent,True,"Primary excludes Time=48:00. Same-time values use median; MechVent uses max and Urine uses sum. Count is raw valid row count. Statistic 'delta' is last minus first, i.e. the (末值−首值) trend required by 实验方案 §4.1; 'slope_per_hour' is the least-squares trend per hour over the same window."
ph__0_48h__count,pH,0_48h,count,continuous,pH,0 when absent,True,"Primary excludes Time=48:00. Same-time values use median; MechVent uses max and Urine uses sum. Count is raw valid row count. Statistic 'delta' is last minus first, i.e. the (末值−首值) trend required by 实验方案 §4.1; 'slope_per_hour' is the least-squares trend per hour over the same window."
ph__0_48h__first,pH,0_48h,first,continuous,pH,training median; measured/count retained,True,"Primary excludes Time=48:00. Same-time values use median; MechVent uses max and Urine uses sum. Count is raw valid row count. Statistic 'delta' is last minus first, i.e. the (末值−首值) trend required by 实验方案 §4.1; 'slope_per_hour' is the least-squares trend per hour over the same window."
ph__0_48h__last,pH,0_48h,last,continuous,pH,training median; measured/count retained,True,"Primary excludes Time=48:00. Same-time values use median; MechVent uses max and Urine uses sum. Count is raw valid row count. Statistic 'delta' is last minus first, i.e. the (末值−首值) trend required by 实验方案 §4.1; 'slope_per_hour' is the least-squares trend per hour over the same window."
ph__0_48h__min,pH,0_48h,min,continuous,pH,training median; measured/count retained,True,"Primary excludes Time=48:00. Same-time values use median; MechVent uses max and Urine uses sum. Count is raw valid row count. Statistic 'delta' is last minus first, i.e. the (末值−首值) trend required by 实验方案 §4.1; 'slope_per_hour' is the least-squares trend per hour over the same window."
ph__0_48h__max,pH,0_48h,max,continuous,pH,training median; measured/count retained,True,"Primary excludes Time=48:00. Same-time values use median; MechVent uses max and Urine uses sum. Count is raw valid row count. Statistic 'delta' is last minus first, i.e. the (末值−首值) trend required by 实验方案 §4.1; 'slope_per_hour' is the least-squares trend per hour over the same window."
ph__0_48h__mean,pH,0_48h,mean,continuous,pH,training median; measured/count retained,True,"Primary excludes Time=48:00. Same-time values use median; MechVent uses max and Urine uses sum. Count is raw valid row count. Statistic 'delta' is last minus first, i.e. the (末值−首值) trend required by 实验方案 §4.1; 'slope_per_hour' is the least-squares trend per hour over the same window."
ph__0_48h__median,pH,0_48h,median,continuous,pH,training median; measured/count retained,True,"Primary excludes Time=48:00. Same-time values use median; MechVent uses max and Urine uses sum. Count is raw valid row count. Statistic 'delta' is last minus first, i.e. the (末值−首值) trend required by 实验方案 §4.1; 'slope_per_hour' is the least-squares trend per hour over the same window."
ph__0_48h__std,pH,0_48h,std,continuous,pH,training median; measured/count retained,True,"Primary excludes Time=48:00. Same-time values use median; MechVent uses max and Urine uses sum. Count is raw valid row count. Statistic 'delta' is last minus first, i.e. the (末值−首值) trend required by 实验方案 §4.1; 'slope_per_hour' is the least-squares trend per hour over the same window."
ph__0_48h__slope_per_hour,pH,0_48h,slope_per_hour,continuous,pH,training median; measured/count retained,True,"Primary excludes Time=48:00. Same-time values use median; MechVent uses max and Urine uses sum. Count is raw valid row count. Statistic 'delta' is last minus first, i.e. the (末值−首值) trend required by 实验方案 §4.1; 'slope_per_hour' is the least-squares trend per hour over the same window."
ph__0_48h__delta,pH,0_48h,delta,continuous,pH,training median; measured/count retained,True,"Primary excludes Time=48:00. Same-time values use median; MechVent uses max and Urine uses sum. Count is raw valid row count. Statistic 'delta' is last minus first, i.e. the (末值−首值) trend required by 实验方案 §4.1; 'slope_per_hour' is the least-squares trend per hour over the same window."
ph__0_48h__time_span_hours,pH,0_48h,time_span_hours,continuous,pH,training median; measured/count retained,True,"Primary excludes Time=48:00. Same-time values use median; MechVent uses max and Urine uses sum. Count is raw valid row count. Statistic 'delta' is last minus first, i.e. the (末值−首值) trend required by 实验方案 §4.1; 'slope_per_hour' is the least-squares trend per hour over the same window."
platelets__0_48h__measured,Platelets,0_48h,measured,binary,cells/nL,0 when absent,True,"Primary excludes Time=48:00. Same-time values use median; MechVent uses max and Urine uses sum. Count is raw valid row count. Statistic 'delta' is last minus first, i.e. the (末值−首值) trend required by 实验方案 §4.1; 'slope_per_hour' is the least-squares trend per hour over the same window."
platelets__0_48h__count,Platelets,0_48h,count,continuous,cells/nL,0 when absent,True,"Primary excludes Time=48:00. Same-time values use median; MechVent uses max and Urine uses sum. Count is raw valid row count. Statistic 'delta' is last minus first, i.e. the (末值−首值) trend required by 实验方案 §4.1; 'slope_per_hour' is the least-squares trend per hour over the same window."
platelets__0_48h__first,Platelets,0_48h,first,continuous,cells/nL,training median; measured/count retained,True,"Primary excludes Time=48:00. Same-time values use median; MechVent uses max and Urine uses sum. Count is raw valid row count. Statistic 'delta' is last minus first, i.e. the (末值−首值) trend required by 实验方案 §4.1; 'slope_per_hour' is the least-squares trend per hour over the same window."
platelets__0_48h__last,Platelets,0_48h,last,continuous,cells/nL,training median; measured/count retained,True,"Primary excludes Time=48:00. Same-time values use median; MechVent uses max and Urine uses sum. Count is raw valid row count. Statistic 'delta' is last minus first, i.e. the (末值−首值) trend required by 实验方案 §4.1; 'slope_per_hour' is the least-squares trend per hour over the same window."
platelets__0_48h__min,Platelets,0_48h,min,continuous,cells/nL,training median; measured/count retained,True,"Primary excludes Time=48:00. Same-time values use median; MechVent uses max and Urine uses sum. Count is raw valid row count. Statistic 'delta' is last minus first, i.e. the (末值−首值) trend required by 实验方案 §4.1; 'slope_per_hour' is the least-squares trend per hour over the same window."
platelets__0_48h__max,Platelets,0_48h,max,continuous,cells/nL,training median; measured/count retained,True,"Primary excludes Time=48:00. Same-time values use median; MechVent uses max and Urine uses sum. Count is raw valid row count. Statistic 'delta' is last minus first, i.e. the (末值−首值) trend required by 实验方案 §4.1; 'slope_per_hour' is the least-squares trend per hour over the same window."
platelets__0_48h__mean,Platelets,0_48h,mean,continuous,cells/nL,training median; measured/count retained,True,"Primary excludes Time=48:00. Same-time values use median; MechVent uses max and Urine uses sum. Count is raw valid row count. Statistic 'delta' is last minus first, i.e. the (末值−首值) trend required by 实验方案 §4.1; 'slope_per_hour' is the least-squares trend per hour over the same window."
platelets__0_48h__median,Platelets,0_48h,median,continuous,cells/nL,training median; measured/count retained,True,"Primary excludes Time=48:00. Same-time values use median; MechVent uses max and Urine uses sum. Count is raw valid row count. Statistic 'delta' is last minus first, i.e. the (末值−首值) trend required by 实验方案 §4.1; 'slope_per_hour' is the least-squares trend per hour over the same window."
platelets__0_48h__std,Platelets,0_48h,std,continuous,cells/nL,training median; measured/count retained,True,"Primary excludes Time=48:00. Same-time values use median; MechVent uses max and Urine uses sum. Count is raw valid row count. Statistic 'delta' is last minus first, i.e. the (末值−首值) trend required by 实验方案 §4.1; 'slope_per_hour' is the least-squares trend per hour over the same window."
platelets__0_48h__slope_per_hour,Platelets,0_48h,slope_per_hour,continuous,cells/nL,training median; measured/count retained,True,"Primary excludes Time=48:00. Same-time values use median; MechVent uses max and Urine uses sum. Count is raw valid row count. Statistic 'delta' is last minus first, i.e. the (末值−首值) trend required by 实验方案 §4.1; 'slope_per_hour' is the least-squares trend per hour over the same window."
platelets__0_48h__delta,Platelets,0_48h,delta,continuous,cells/nL,training median; measured/count retained,True,"Primary excludes Time=48:00. Same-time values use median; MechVent uses max and Urine uses sum. Count is raw valid row count. Statistic 'delta' is last minus first, i.e. the (末值−首值) trend required by 实验方案 §4.1; 'slope_per_hour' is the least-squares trend per hour over the same window."
platelets__0_48h__time_span_hours,Platelets,0_48h,time_span_hours,continuous,cells/nL,training median; measured/count retained,True,"Primary excludes Time=48:00. Same-time values use median; MechVent uses max and Urine uses sum. Count is raw valid row count. Statistic 'delta' is last minus first, i.e. the (末值−首值) trend required by 实验方案 §4.1; 'slope_per_hour' is the least-squares trend per hour over the same window."
resprate__0_48h__measured,RespRate,0_48h,measured,binary,bpm,0 when absent,True,"Primary excludes Time=48:00. Same-time values use median; MechVent uses max and Urine uses sum. Count is raw valid row count. Statistic 'delta' is last minus first, i.e. the (末值−首值) trend required by 实验方案 §4.1; 'slope_per_hour' is the least-squares trend per hour over the same window."
resprate__0_48h__count,RespRate,0_48h,count,continuous,bpm,0 when absent,True,"Primary excludes Time=48:00. Same-time values use median; MechVent uses max and Urine uses sum. Count is raw valid row count. Statistic 'delta' is last minus first, i.e. the (末值−首值) trend required by 实验方案 §4.1; 'slope_per_hour' is the least-squares trend per hour over the same window."
resprate__0_48h__first,RespRate,0_48h,first,continuous,bpm,training median; measured/count retained,True,"Primary excludes Time=48:00. Same-time values use median; MechVent uses max and Urine uses sum. Count is raw valid row count. Statistic 'delta' is last minus first, i.e. the (末值−首值) trend required by 实验方案 §4.1; 'slope_per_hour' is the least-squares trend per hour over the same window."
resprate__0_48h__last,RespRate,0_48h,last,continuous,bpm,training median; measured/count retained,True,"Primary excludes Time=48:00. Same-time values use median; MechVent uses max and Urine uses sum. Count is raw valid row count. Statistic 'delta' is last minus first, i.e. the (末值−首值) trend required by 实验方案 §4.1; 'slope_per_hour' is the least-squares trend per hour over the same window."
resprate__0_48h__min,RespRate,0_48h,min,continuous,bpm,training median; measured/count retained,True,"Primary excludes Time=48:00. Same-time values use median; MechVent uses max and Urine uses sum. Count is raw valid row count. Statistic 'delta' is last minus first, i.e. the (末值−首值) trend required by 实验方案 §4.1; 'slope_per_hour' is the least-squares trend per hour over the same window."
resprate__0_48h__max,RespRate,0_48h,max,continuous,bpm,training median; measured/count retained,True,"Primary excludes Time=48:00. Same-time values use median; MechVent uses max and Urine uses sum. Count is raw valid row count. Statistic 'delta' is last minus first, i.e. the (末值−首值) trend required by 实验方案 §4.1; 'slope_per_hour' is the least-squares trend per hour over the same window."
resprate__0_48h__mean,RespRate,0_48h,mean,continuous,bpm,training median; measured/count retained,True,"Primary excludes Time=48:00. Same-time values use median; MechVent uses max and Urine uses sum. Count is raw valid row count. Statistic 'delta' is last minus first, i.e. the (末值−首值) trend required by 实验方案 §4.1; 'slope_per_hour' is the least-squares trend per hour over the same window."
resprate__0_48h__median,RespRate,0_48h,median,continuous,bpm,training median; measured/count retained,True,"Primary excludes Time=48:00. Same-time values use median; MechVent uses max and Urine uses sum. Count is raw valid row count. Statistic 'delta' is last minus first, i.e. the (末值−首值) trend required by 实验方案 §4.1; 'slope_per_hour' is the least-squares trend per hour over the same window."
resprate__0_48h__std,RespRate,0_48h,std,continuous,bpm,training median; measured/count retained,True,"Primary excludes Time=48:00. Same-time values use median; MechVent uses max and Urine uses sum. Count is raw valid row count. Statistic 'delta' is last minus first, i.e. the (末值−首值) trend required by 实验方案 §4.1; 'slope_per_hour' is the least-squares trend per hour over the same window."
resprate__0_48h__slope_per_hour,RespRate,0_48h,slope_per_hour,continuous,bpm,training median; measured/count retained,True,"Primary excludes Time=48:00. Same-time values use median; MechVent uses max and Urine uses sum. Count is raw valid row count. Statistic 'delta' is last minus first, i.e. the (末值−首值) trend required by 实验方案 §4.1; 'slope_per_hour' is the least-squares trend per hour over the same window."
resprate__0_48h__delta,RespRate,0_48h,delta,continuous,bpm,training median; measured/count retained,True,"Primary excludes Time=48:00. Same-time values use median; MechVent uses max and Urine uses sum. Count is raw valid row count. Statistic 'delta' is last minus first, i.e. the (末值−首值) trend required by 实验方案 §4.1; 'slope_per_hour' is the least-squares trend per hour over the same window."
resprate__0_48h__time_span_hours,RespRate,0_48h,time_span_hours,continuous,bpm,training median; measured/count retained,True,"Primary excludes Time=48:00. Same-time values use median; MechVent uses max and Urine uses sum. Count is raw valid row count. Statistic 'delta' is last minus first, i.e. the (末值−首值) trend required by 实验方案 §4.1; 'slope_per_hour' is the least-squares trend per hour over the same window."
sao2__0_48h__measured,SaO2,0_48h,measured,binary,%,0 when absent,True,"Primary excludes Time=48:00. Same-time values use median; MechVent uses max and Urine uses sum. Count is raw valid row count. Statistic 'delta' is last minus first, i.e. the (末值−首值) trend required by 实验方案 §4.1; 'slope_per_hour' is the least-squares trend per hour over the same window."
sao2__0_48h__count,SaO2,0_48h,count,continuous,%,0 when absent,True,"Primary excludes Time=48:00. Same-time values use median; MechVent uses max and Urine uses sum. Count is raw valid row count. Statistic 'delta' is last minus first, i.e. the (末值−首值) trend required by 实验方案 §4.1; 'slope_per_hour' is the least-squares trend per hour over the same window."
sao2__0_48h__first,SaO2,0_48h,first,continuous,%,training median; measured/count retained,True,"Primary excludes Time=48:00. Same-time values use median; MechVent uses max and Urine uses sum. Count is raw valid row count. Statistic 'delta' is last minus first, i.e. the (末值−首值) trend required by 实验方案 §4.1; 'slope_per_hour' is the least-squares trend per hour over the same window."
sao2__0_48h__last,SaO2,0_48h,last,continuous,%,training median; measured/count retained,True,"Primary excludes Time=48:00. Same-time values use median; MechVent uses max and Urine uses sum. Count is raw valid row count. Statistic 'delta' is last minus first, i.e. the (末值−首值) trend required by 实验方案 §4.1; 'slope_per_hour' is the least-squares trend per hour over the same window."
sao2__0_48h__min,SaO2,0_48h,min,continuous,%,training median; measured/count retained,True,"Primary excludes Time=48:00. Same-time values use median; MechVent uses max and Urine uses sum. Count is raw valid row count. Statistic 'delta' is last minus first, i.e. the (末值−首值) trend required by 实验方案 §4.1; 'slope_per_hour' is the least-squares trend per hour over the same window."
sao2__0_48h__max,SaO2,0_48h,max,continuous,%,training median; measured/count retained,True,"Primary excludes Time=48:00. Same-time values use median; MechVent uses max and Urine uses sum. Count is raw valid row count. Statistic 'delta' is last minus first, i.e. the (末值−首值) trend required by 实验方案 §4.1; 'slope_per_hour' is the least-squares trend per hour over the same window."
sao2__0_48h__mean,SaO2,0_48h,mean,continuous,%,training median; measured/count retained,True,"Primary excludes Time=48:00. Same-time values use median; MechVent uses max and Urine uses sum. Count is raw valid row count. Statistic 'delta' is last minus first, i.e. the (末值−首值) trend required by 实验方案 §4.1; 'slope_per_hour' is the least-squares trend per hour over the same window."
sao2__0_48h__median,SaO2,0_48h,median,continuous,%,training median; measured/count retained,True,"Primary excludes Time=48:00. Same-time values use median; MechVent uses max and Urine uses sum. Count is raw valid row count. Statistic 'delta' is last minus first, i.e. the (末值−首值) trend required by 实验方案 §4.1; 'slope_per_hour' is the least-squares trend per hour over the same window."
sao2__0_48h__std,SaO2,0_48h,std,continuous,%,training median; measured/count retained,True,"Primary excludes Time=48:00. Same-time values use median; MechVent uses max and Urine uses sum. Count is raw valid row count. Statistic 'delta' is last minus first, i.e. the (末值−首值) trend required by 实验方案 §4.1; 'slope_per_hour' is the least-squares trend per hour over the same window."
sao2__0_48h__slope_per_hour,SaO2,0_48h,slope_per_hour,continuous,%,training median; measured/count retained,True,"Primary excludes Time=48:00. Same-time values use median; MechVent uses max and Urine uses sum. Count is raw valid row count. Statistic 'delta' is last minus first, i.e. the (末值−首值) trend required by 实验方案 §4.1; 'slope_per_hour' is the least-squares trend per hour over the same window."
sao2__0_48h__delta,SaO2,0_48h,delta,continuous,%,training median; measured/count retained,True,"Primary excludes Time=48:00. Same-time values use median; MechVent uses max and Urine uses sum. Count is raw valid row count. Statistic 'delta' is last minus first, i.e. the (末值−首值) trend required by 实验方案 §4.1; 'slope_per_hour' is the least-squares trend per hour over the same window."
sao2__0_48h__time_span_hours,SaO2,0_48h,time_span_hours,continuous,%,training median; measured/count retained,True,"Primary excludes Time=48:00. Same-time values use median; MechVent uses max and Urine uses sum. Count is raw valid row count. Statistic 'delta' is last minus first, i.e. the (末值−首值) trend required by 实验方案 §4.1; 'slope_per_hour' is the least-squares trend per hour over the same window."
sysabp__0_48h__measured,SysABP,0_48h,measured,binary,mmHg,0 when absent,True,"Primary excludes Time=48:00. Same-time values use median; MechVent uses max and Urine uses sum. Count is raw valid row count. Statistic 'delta' is last minus first, i.e. the (末值−首值) trend required by 实验方案 §4.1; 'slope_per_hour' is the least-squares trend per hour over the same window."
sysabp__0_48h__count,SysABP,0_48h,count,continuous,mmHg,0 when absent,True,"Primary excludes Time=48:00. Same-time values use median; MechVent uses max and Urine uses sum. Count is raw valid row count. Statistic 'delta' is last minus first, i.e. the (末值−首值) trend required by 实验方案 §4.1; 'slope_per_hour' is the least-squares trend per hour over the same window."
sysabp__0_48h__first,SysABP,0_48h,first,continuous,mmHg,training median; measured/count retained,True,"Primary excludes Time=48:00. Same-time values use median; MechVent uses max and Urine uses sum. Count is raw valid row count. Statistic 'delta' is last minus first, i.e. the (末值−首值) trend required by 实验方案 §4.1; 'slope_per_hour' is the least-squares trend per hour over the same window."
sysabp__0_48h__last,SysABP,0_48h,last,continuous,mmHg,training median; measured/count retained,True,"Primary excludes Time=48:00. Same-time values use median; MechVent uses max and Urine uses sum. Count is raw valid row count. Statistic 'delta' is last minus first, i.e. the (末值−首值) trend required by 实验方案 §4.1; 'slope_per_hour' is the least-squares trend per hour over the same window."
sysabp__0_48h__min,SysABP,0_48h,min,continuous,mmHg,training median; measured/count retained,True,"Primary excludes Time=48:00. Same-time values use median; MechVent uses max and Urine uses sum. Count is raw valid row count. Statistic 'delta' is last minus first, i.e. the (末值−首值) trend required by 实验方案 §4.1; 'slope_per_hour' is the least-squares trend per hour over the same window."
sysabp__0_48h__max,SysABP,0_48h,max,continuous,mmHg,training median; measured/count retained,True,"Primary excludes Time=48:00. Same-time values use median; MechVent uses max and Urine uses sum. Count is raw valid row count. Statistic 'delta' is last minus first, i.e. the (末值−首值) trend required by 实验方案 §4.1; 'slope_per_hour' is the least-squares trend per hour over the same window."
sysabp__0_48h__mean,SysABP,0_48h,mean,continuous,mmHg,training median; measured/count retained,True,"Primary excludes Time=48:00. Same-time values use median; MechVent uses max and Urine uses sum. Count is raw valid row count. Statistic 'delta' is last minus first, i.e. the (末值−首值) trend required by 实验方案 §4.1; 'slope_per_hour' is the least-squares trend per hour over the same window."
sysabp__0_48h__median,SysABP,0_48h,median,continuous,mmHg,training median; measured/count retained,True,"Primary excludes Time=48:00. Same-time values use median; MechVent uses max and Urine uses sum. Count is raw valid row count. Statistic 'delta' is last minus first, i.e. the (末值−首值) trend required by 实验方案 §4.1; 'slope_per_hour' is the least-squares trend per hour over the same window."
sysabp__0_48h__std,SysABP,0_48h,std,continuous,mmHg,training median; measured/count retained,True,"Primary excludes Time=48:00. Same-time values use median; MechVent uses max and Urine uses sum. Count is raw valid row count. Statistic 'delta' is last minus first, i.e. the (末值−首值) trend required by 实验方案 §4.1; 'slope_per_hour' is the least-squares trend per hour over the same window."
sysabp__0_48h__slope_per_hour,SysABP,0_48h,slope_per_hour,continuous,mmHg,training median; measured/count retained,True,"Primary excludes Time=48:00. Same-time values use median; MechVent uses max and Urine uses sum. Count is raw valid row count. Statistic 'delta' is last minus first, i.e. the (末值−首值) trend required by 实验方案 §4.1; 'slope_per_hour' is the least-squares trend per hour over the same window."
sysabp__0_48h__delta,SysABP,0_48h,delta,continuous,mmHg,training median; measured/count retained,True,"Primary excludes Time=48:00. Same-time values use median; MechVent uses max and Urine uses sum. Count is raw valid row count. Statistic 'delta' is last minus first, i.e. the (末值−首值) trend required by 实验方案 §4.1; 'slope_per_hour' is the least-squares trend per hour over the same window."
sysabp__0_48h__time_span_hours,SysABP,0_48h,time_span_hours,continuous,mmHg,training median; measured/count retained,True,"Primary excludes Time=48:00. Same-time values use median; MechVent uses max and Urine uses sum. Count is raw valid row count. Statistic 'delta' is last minus first, i.e. the (末值−首值) trend required by 实验方案 §4.1; 'slope_per_hour' is the least-squares trend per hour over the same window."
temp__0_48h__measured,Temp,0_48h,measured,binary,degC,0 when absent,True,"Primary excludes Time=48:00. Same-time values use median; MechVent uses max and Urine uses sum. Count is raw valid row count. Statistic 'delta' is last minus first, i.e. the (末值−首值) trend required by 实验方案 §4.1; 'slope_per_hour' is the least-squares trend per hour over the same window."
temp__0_48h__count,Temp,0_48h,count,continuous,degC,0 when absent,True,"Primary excludes Time=48:00. Same-time values use median; MechVent uses max and Urine uses sum. Count is raw valid row count. Statistic 'delta' is last minus first, i.e. the (末值−首值) trend required by 实验方案 §4.1; 'slope_per_hour' is the least-squares trend per hour over the same window."
temp__0_48h__first,Temp,0_48h,first,continuous,degC,training median; measured/count retained,True,"Primary excludes Time=48:00. Same-time values use median; MechVent uses max and Urine uses sum. Count is raw valid row count. Statistic 'delta' is last minus first, i.e. the (末值−首值) trend required by 实验方案 §4.1; 'slope_per_hour' is the least-squares trend per hour over the same window."
temp__0_48h__last,Temp,0_48h,last,continuous,degC,training median; measured/count retained,True,"Primary excludes Time=48:00. Same-time values use median; MechVent uses max and Urine uses sum. Count is raw valid row count. Statistic 'delta' is last minus first, i.e. the (末值−首值) trend required by 实验方案 §4.1; 'slope_per_hour' is the least-squares trend per hour over the same window."
temp__0_48h__min,Temp,0_48h,min,continuous,degC,training median; measured/count retained,True,"Primary excludes Time=48:00. Same-time values use median; MechVent uses max and Urine uses sum. Count is raw valid row count. Statistic 'delta' is last minus first, i.e. the (末值−首值) trend required by 实验方案 §4.1; 'slope_per_hour' is the least-squares trend per hour over the same window."
temp__0_48h__max,Temp,0_48h,max,continuous,degC,training median; measured/count retained,True,"Primary excludes Time=48:00. Same-time values use median; MechVent uses max and Urine uses sum. Count is raw valid row count. Statistic 'delta' is last minus first, i.e. the (末值−首值) trend required by 实验方案 §4.1; 'slope_per_hour' is the least-squares trend per hour over the same window."
temp__0_48h__mean,Temp,0_48h,mean,continuous,degC,training median; measured/count retained,True,"Primary excludes Time=48:00. Same-time values use median; MechVent uses max and Urine uses sum. Count is raw valid row count. Statistic 'delta' is last minus first, i.e. the (末值−首值) trend required by 实验方案 §4.1; 'slope_per_hour' is the least-squares trend per hour over the same window."
temp__0_48h__median,Temp,0_48h,median,continuous,degC,training median; measured/count retained,True,"Primary excludes Time=48:00. Same-time values use median; MechVent uses max and Urine uses sum. Count is raw valid row count. Statistic 'delta' is last minus first, i.e. the (末值−首值) trend required by 实验方案 §4.1; 'slope_per_hour' is the least-squares trend per hour over the same window."
temp__0_48h__std,Temp,0_48h,std,continuous,degC,training median; measured/count retained,True,"Primary excludes Time=48:00. Same-time values use median; MechVent uses max and Urine uses sum. Count is raw valid row count. Statistic 'delta' is last minus first, i.e. the (末值−首值) trend required by 实验方案 §4.1; 'slope_per_hour' is the least-squares trend per hour over the same window."
temp__0_48h__slope_per_hour,Temp,0_48h,slope_per_hour,continuous,degC,training median; measured/count retained,True,"Primary excludes Time=48:00. Same-time values use median; MechVent uses max and Urine uses sum. Count is raw valid row count. Statistic 'delta' is last minus first, i.e. the (末值−首值) trend required by 实验方案 §4.1; 'slope_per_hour' is the least-squares trend per hour over the same window."
temp__0_48h__delta,Temp,0_48h,delta,continuous,degC,training median; measured/count retained,True,"Primary excludes Time=48:00. Same-time values use median; MechVent uses max and Urine uses sum. Count is raw valid row count. Statistic 'delta' is last minus first, i.e. the (末值−首值) trend required by 实验方案 §4.1; 'slope_per_hour' is the least-squares trend per hour over the same window."
temp__0_48h__time_span_hours,Temp,0_48h,time_span_hours,continuous,degC,training median; measured/count retained,True,"Primary excludes Time=48:00. Same-time values use median; MechVent uses max and Urine uses sum. Count is raw valid row count. Statistic 'delta' is last minus first, i.e. the (末值−首值) trend required by 实验方案 §4.1; 'slope_per_hour' is the least-squares trend per hour over the same window."
troponini__0_48h__measured,TroponinI,0_48h,measured,binary,ug/L,0 when absent,True,"Primary excludes Time=48:00. Same-time values use median; MechVent uses max and Urine uses sum. Count is raw valid row count. Statistic 'delta' is last minus first, i.e. the (末值−首值) trend required by 实验方案 §4.1; 'slope_per_hour' is the least-squares trend per hour over the same window."
troponini__0_48h__count,TroponinI,0_48h,count,continuous,ug/L,0 when absent,True,"Primary excludes Time=48:00. Same-time values use median; MechVent uses max and Urine uses sum. Count is raw valid row count. Statistic 'delta' is last minus first, i.e. the (末值−首值) trend required by 实验方案 §4.1; 'slope_per_hour' is the least-squares trend per hour over the same window."
troponini__0_48h__first,TroponinI,0_48h,first,continuous,ug/L,training median; measured/count retained,True,"Primary excludes Time=48:00. Same-time values use median; MechVent uses max and Urine uses sum. Count is raw valid row count. Statistic 'delta' is last minus first, i.e. the (末值−首值) trend required by 实验方案 §4.1; 'slope_per_hour' is the least-squares trend per hour over the same window."
troponini__0_48h__last,TroponinI,0_48h,last,continuous,ug/L,training median; measured/count retained,True,"Primary excludes Time=48:00. Same-time values use median; MechVent uses max and Urine uses sum. Count is raw valid row count. Statistic 'delta' is last minus first, i.e. the (末值−首值) trend required by 实验方案 §4.1; 'slope_per_hour' is the least-squares trend per hour over the same window."
troponini__0_48h__min,TroponinI,0_48h,min,continuous,ug/L,training median; measured/count retained,True,"Primary excludes Time=48:00. Same-time values use median; MechVent uses max and Urine uses sum. Count is raw valid row count. Statistic 'delta' is last minus first, i.e. the (末值−首值) trend required by 实验方案 §4.1; 'slope_per_hour' is the least-squares trend per hour over the same window."
troponini__0_48h__max,TroponinI,0_48h,max,continuous,ug/L,training median; measured/count retained,True,"Primary excludes Time=48:00. Same-time values use median; MechVent uses max and Urine uses sum. Count is raw valid row count. Statistic 'delta' is last minus first, i.e. the (末值−首值) trend required by 实验方案 §4.1; 'slope_per_hour' is the least-squares trend per hour over the same window."
troponini__0_48h__mean,TroponinI,0_48h,mean,continuous,ug/L,training median; measured/count retained,True,"Primary excludes Time=48:00. Same-time values use median; MechVent uses max and Urine uses sum. Count is raw valid row count. Statistic 'delta' is last minus first, i.e. the (末值−首值) trend required by 实验方案 §4.1; 'slope_per_hour' is the least-squares trend per hour over the same window."
troponini__0_48h__median,TroponinI,0_48h,median,continuous,ug/L,training median; measured/count retained,True,"Primary excludes Time=48:00. Same-time values use median; MechVent uses max and Urine uses sum. Count is raw valid row count. Statistic 'delta' is last minus first, i.e. the (末值−首值) trend required by 实验方案 §4.1; 'slope_per_hour' is the least-squares trend per hour over the same window."
troponini__0_48h__std,TroponinI,0_48h,std,continuous,ug/L,training median; measured/count retained,True,"Primary excludes Time=48:00. Same-time values use median; MechVent uses max and Urine uses sum. Count is raw valid row count. Statistic 'delta' is last minus first, i.e. the (末值−首值) trend required by 实验方案 §4.1; 'slope_per_hour' is the least-squares trend per hour over the same window."
troponini__0_48h__slope_per_hour,TroponinI,0_48h,slope_per_hour,continuous,ug/L,training median; measured/count retained,True,"Primary excludes Time=48:00. Same-time values use median; MechVent uses max and Urine uses sum. Count is raw valid row count. Statistic 'delta' is last minus first, i.e. the (末值−首值) trend required by 实验方案 §4.1; 'slope_per_hour' is the least-squares trend per hour over the same window."
troponini__0_48h__delta,TroponinI,0_48h,delta,continuous,ug/L,training median; measured/count retained,True,"Primary excludes Time=48:00. Same-time values use median; MechVent uses max and Urine uses sum. Count is raw valid row count. Statistic 'delta' is last minus first, i.e. the (末值−首值) trend required by 实验方案 §4.1; 'slope_per_hour' is the least-squares trend per hour over the same window."
troponini__0_48h__time_span_hours,TroponinI,0_48h,time_span_hours,continuous,ug/L,training median; measured/count retained,True,"Primary excludes Time=48:00. Same-time values use median; MechVent uses max and Urine uses sum. Count is raw valid row count. Statistic 'delta' is last minus first, i.e. the (末值−首值) trend required by 实验方案 §4.1; 'slope_per_hour' is the least-squares trend per hour over the same window."
troponint__0_48h__measured,TroponinT,0_48h,measured,binary,ug/L,0 when absent,True,"Primary excludes Time=48:00. Same-time values use median; MechVent uses max and Urine uses sum. Count is raw valid row count. Statistic 'delta' is last minus first, i.e. the (末值−首值) trend required by 实验方案 §4.1; 'slope_per_hour' is the least-squares trend per hour over the same window."
troponint__0_48h__count,TroponinT,0_48h,count,continuous,ug/L,0 when absent,True,"Primary excludes Time=48:00. Same-time values use median; MechVent uses max and Urine uses sum. Count is raw valid row count. Statistic 'delta' is last minus first, i.e. the (末值−首值) trend required by 实验方案 §4.1; 'slope_per_hour' is the least-squares trend per hour over the same window."
troponint__0_48h__first,TroponinT,0_48h,first,continuous,ug/L,training median; measured/count retained,True,"Primary excludes Time=48:00. Same-time values use median; MechVent uses max and Urine uses sum. Count is raw valid row count. Statistic 'delta' is last minus first, i.e. the (末值−首值) trend required by 实验方案 §4.1; 'slope_per_hour' is the least-squares trend per hour over the same window."
troponint__0_48h__last,TroponinT,0_48h,last,continuous,ug/L,training median; measured/count retained,True,"Primary excludes Time=48:00. Same-time values use median; MechVent uses max and Urine uses sum. Count is raw valid row count. Statistic 'delta' is last minus first, i.e. the (末值−首值) trend required by 实验方案 §4.1; 'slope_per_hour' is the least-squares trend per hour over the same window."
troponint__0_48h__min,TroponinT,0_48h,min,continuous,ug/L,training median; measured/count retained,True,"Primary excludes Time=48:00. Same-time values use median; MechVent uses max and Urine uses sum. Count is raw valid row count. Statistic 'delta' is last minus first, i.e. the (末值−首值) trend required by 实验方案 §4.1; 'slope_per_hour' is the least-squares trend per hour over the same window."
troponint__0_48h__max,TroponinT,0_48h,max,continuous,ug/L,training median; measured/count retained,True,"Primary excludes Time=48:00. Same-time values use median; MechVent uses max and Urine uses sum. Count is raw valid row count. Statistic 'delta' is last minus first, i.e. the (末值−首值) trend required by 实验方案 §4.1; 'slope_per_hour' is the least-squares trend per hour over the same window."
troponint__0_48h__mean,TroponinT,0_48h,mean,continuous,ug/L,training median; measured/count retained,True,"Primary excludes Time=48:00. Same-time values use median; MechVent uses max and Urine uses sum. Count is raw valid row count. Statistic 'delta' is last minus first, i.e. the (末值−首值) trend required by 实验方案 §4.1; 'slope_per_hour' is the least-squares trend per hour over the same window."
troponint__0_48h__median,TroponinT,0_48h,median,continuous,ug/L,training median; measured/count retained,True,"Primary excludes Time=48:00. Same-time values use median; MechVent uses max and Urine uses sum. Count is raw valid row count. Statistic 'delta' is last minus first, i.e. the (末值−首值) trend required by 实验方案 §4.1; 'slope_per_hour' is the least-squares trend per hour over the same window."
troponint__0_48h__std,TroponinT,0_48h,std,continuous,ug/L,training median; measured/count retained,True,"Primary excludes Time=48:00. Same-time values use median; MechVent uses max and Urine uses sum. Count is raw valid row count. Statistic 'delta' is last minus first, i.e. the (末值−首值) trend required by 实验方案 §4.1; 'slope_per_hour' is the least-squares trend per hour over the same window."
troponint__0_48h__slope_per_hour,TroponinT,0_48h,slope_per_hour,continuous,ug/L,training median; measured/count retained,True,"Primary excludes Time=48:00. Same-time values use median; MechVent uses max and Urine uses sum. Count is raw valid row count. Statistic 'delta' is last minus first, i.e. the (末值−首值) trend required by 实验方案 §4.1; 'slope_per_hour' is the least-squares trend per hour over the same window."
troponint__0_48h__delta,TroponinT,0_48h,delta,continuous,ug/L,training median; measured/count retained,True,"Primary excludes Time=48:00. Same-time values use median; MechVent uses max and Urine uses sum. Count is raw valid row count. Statistic 'delta' is last minus first, i.e. the (末值−首值) trend required by 实验方案 §4.1; 'slope_per_hour' is the least-squares trend per hour over the same window."
troponint__0_48h__time_span_hours,TroponinT,0_48h,time_span_hours,continuous,ug/L,training median; measured/count retained,True,"Primary excludes Time=48:00. Same-time values use median; MechVent uses max and Urine uses sum. Count is raw valid row count. Statistic 'delta' is last minus first, i.e. the (末值−首值) trend required by 实验方案 §4.1; 'slope_per_hour' is the least-squares trend per hour over the same window."
urine__0_48h__measured,Urine,0_48h,measured,binary,mL,0 when absent,True,"Primary excludes Time=48:00. Same-time values use median; MechVent uses max and Urine uses sum. Count is raw valid row count. Statistic 'delta' is last minus first, i.e. the (末值−首值) trend required by 实验方案 §4.1; 'slope_per_hour' is the least-squares trend per hour over the same window."
urine__0_48h__count,Urine,0_48h,count,continuous,mL,0 when absent,True,"Primary excludes Time=48:00. Same-time values use median; MechVent uses max and Urine uses sum. Count is raw valid row count. Statistic 'delta' is last minus first, i.e. the (末值−首值) trend required by 实验方案 §4.1; 'slope_per_hour' is the least-squares trend per hour over the same window."
urine__0_48h__first,Urine,0_48h,first,continuous,mL,training median; measured/count retained,True,"Primary excludes Time=48:00. Same-time values use median; MechVent uses max and Urine uses sum. Count is raw valid row count. Statistic 'delta' is last minus first, i.e. the (末值−首值) trend required by 实验方案 §4.1; 'slope_per_hour' is the least-squares trend per hour over the same window."
urine__0_48h__last,Urine,0_48h,last,continuous,mL,training median; measured/count retained,True,"Primary excludes Time=48:00. Same-time values use median; MechVent uses max and Urine uses sum. Count is raw valid row count. Statistic 'delta' is last minus first, i.e. the (末值−首值) trend required by 实验方案 §4.1; 'slope_per_hour' is the least-squares trend per hour over the same window."
urine__0_48h__min,Urine,0_48h,min,continuous,mL,training median; measured/count retained,True,"Primary excludes Time=48:00. Same-time values use median; MechVent uses max and Urine uses sum. Count is raw valid row count. Statistic 'delta' is last minus first, i.e. the (末值−首值) trend required by 实验方案 §4.1; 'slope_per_hour' is the least-squares trend per hour over the same window."
urine__0_48h__max,Urine,0_48h,max,continuous,mL,training median; measured/count retained,True,"Primary excludes Time=48:00. Same-time values use median; MechVent uses max and Urine uses sum. Count is raw valid row count. Statistic 'delta' is last minus first, i.e. the (末值−首值) trend required by 实验方案 §4.1; 'slope_per_hour' is the least-squares trend per hour over the same window."
urine__0_48h__mean,Urine,0_48h,mean,continuous,mL,training median; measured/count retained,True,"Primary excludes Time=48:00. Same-time values use median; MechVent uses max and Urine uses sum. Count is raw valid row count. Statistic 'delta' is last minus first, i.e. the (末值−首值) trend required by 实验方案 §4.1; 'slope_per_hour' is the least-squares trend per hour over the same window."
urine__0_48h__median,Urine,0_48h,median,continuous,mL,training median; measured/count retained,True,"Primary excludes Time=48:00. Same-time values use median; MechVent uses max and Urine uses sum. Count is raw valid row count. Statistic 'delta' is last minus first, i.e. the (末值−首值) trend required by 实验方案 §4.1; 'slope_per_hour' is the least-squares trend per hour over the same window."
urine__0_48h__std,Urine,0_48h,std,continuous,mL,training median; measured/count retained,True,"Primary excludes Time=48:00. Same-time values use median; MechVent uses max and Urine uses sum. Count is raw valid row count. Statistic 'delta' is last minus first, i.e. the (末值−首值) trend required by 实验方案 §4.1; 'slope_per_hour' is the least-squares trend per hour over the same window."
urine__0_48h__slope_per_hour,Urine,0_48h,slope_per_hour,continuous,mL,training median; measured/count retained,True,"Primary excludes Time=48:00. Same-time values use median; MechVent uses max and Urine uses sum. Count is raw valid row count. Statistic 'delta' is last minus first, i.e. the (末值−首值) trend required by 实验方案 §4.1; 'slope_per_hour' is the least-squares trend per hour over the same window."
urine__0_48h__delta,Urine,0_48h,delta,continuous,mL,training median; measured/count retained,True,"Primary excludes Time=48:00. Same-time values use median; MechVent uses max and Urine uses sum. Count is raw valid row count. Statistic 'delta' is last minus first, i.e. the (末值−首值) trend required by 实验方案 §4.1; 'slope_per_hour' is the least-squares trend per hour over the same window."
urine__0_48h__time_span_hours,Urine,0_48h,time_span_hours,continuous,mL,training median; measured/count retained,True,"Primary excludes Time=48:00. Same-time values use median; MechVent uses max and Urine uses sum. Count is raw valid row count. Statistic 'delta' is last minus first, i.e. the (末值−首值) trend required by 实验方案 §4.1; 'slope_per_hour' is the least-squares trend per hour over the same window."
wbc__0_48h__measured,WBC,0_48h,measured,binary,cells/nL,0 when absent,True,"Primary excludes Time=48:00. Same-time values use median; MechVent uses max and Urine uses sum. Count is raw valid row count. Statistic 'delta' is last minus first, i.e. the (末值−首值) trend required by 实验方案 §4.1; 'slope_per_hour' is the least-squares trend per hour over the same window."
wbc__0_48h__count,WBC,0_48h,count,continuous,cells/nL,0 when absent,True,"Primary excludes Time=48:00. Same-time values use median; MechVent uses max and Urine uses sum. Count is raw valid row count. Statistic 'delta' is last minus first, i.e. the (末值−首值) trend required by 实验方案 §4.1; 'slope_per_hour' is the least-squares trend per hour over the same window."
wbc__0_48h__first,WBC,0_48h,first,continuous,cells/nL,training median; measured/count retained,True,"Primary excludes Time=48:00. Same-time values use median; MechVent uses max and Urine uses sum. Count is raw valid row count. Statistic 'delta' is last minus first, i.e. the (末值−首值) trend required by 实验方案 §4.1; 'slope_per_hour' is the least-squares trend per hour over the same window."
wbc__0_48h__last,WBC,0_48h,last,continuous,cells/nL,training median; measured/count retained,True,"Primary excludes Time=48:00. Same-time values use median; MechVent uses max and Urine uses sum. Count is raw valid row count. Statistic 'delta' is last minus first, i.e. the (末值−首值) trend required by 实验方案 §4.1; 'slope_per_hour' is the least-squares trend per hour over the same window."
wbc__0_48h__min,WBC,0_48h,min,continuous,cells/nL,training median; measured/count retained,True,"Primary excludes Time=48:00. Same-time values use median; MechVent uses max and Urine uses sum. Count is raw valid row count. Statistic 'delta' is last minus first, i.e. the (末值−首值) trend required by 实验方案 §4.1; 'slope_per_hour' is the least-squares trend per hour over the same window."
wbc__0_48h__max,WBC,0_48h,max,continuous,cells/nL,training median; measured/count retained,True,"Primary excludes Time=48:00. Same-time values use median; MechVent uses max and Urine uses sum. Count is raw valid row count. Statistic 'delta' is last minus first, i.e. the (末值−首值) trend required by 实验方案 §4.1; 'slope_per_hour' is the least-squares trend per hour over the same window."
wbc__0_48h__mean,WBC,0_48h,mean,continuous,cells/nL,training median; measured/count retained,True,"Primary excludes Time=48:00. Same-time values use median; MechVent uses max and Urine uses sum. Count is raw valid row count. Statistic 'delta' is last minus first, i.e. the (末值−首值) trend required by 实验方案 §4.1; 'slope_per_hour' is the least-squares trend per hour over the same window."
wbc__0_48h__median,WBC,0_48h,median,continuous,cells/nL,training median; measured/count retained,True,"Primary excludes Time=48:00. Same-time values use median; MechVent uses max and Urine uses sum. Count is raw valid row count. Statistic 'delta' is last minus first, i.e. the (末值−首值) trend required by 实验方案 §4.1; 'slope_per_hour' is the least-squares trend per hour over the same window."
wbc__0_48h__std,WBC,0_48h,std,continuous,cells/nL,training median; measured/count retained,True,"Primary excludes Time=48:00. Same-time values use median; MechVent uses max and Urine uses sum. Count is raw valid row count. Statistic 'delta' is last minus first, i.e. the (末值−首值) trend required by 实验方案 §4.1; 'slope_per_hour' is the least-squares trend per hour over the same window."
wbc__0_48h__slope_per_hour,WBC,0_48h,slope_per_hour,continuous,cells/nL,training median; measured/count retained,True,"Primary excludes Time=48:00. Same-time values use median; MechVent uses max and Urine uses sum. Count is raw valid row count. Statistic 'delta' is last minus first, i.e. the (末值−首值) trend required by 实验方案 §4.1; 'slope_per_hour' is the least-squares trend per hour over the same window."
wbc__0_48h__delta,WBC,0_48h,delta,continuous,cells/nL,training median; measured/count retained,True,"Primary excludes Time=48:00. Same-time values use median; MechVent uses max and Urine uses sum. Count is raw valid row count. Statistic 'delta' is last minus first, i.e. the (末值−首值) trend required by 实验方案 §4.1; 'slope_per_hour' is the least-squares trend per hour over the same window."
wbc__0_48h__time_span_hours,WBC,0_48h,time_span_hours,continuous,cells/nL,training median; measured/count retained,True,"Primary excludes Time=48:00. Same-time values use median; MechVent uses max and Urine uses sum. Count is raw valid row count. Statistic 'delta' is last minus first, i.e. the (末值−首值) trend required by 实验方案 §4.1; 'slope_per_hour' is the least-squares trend per hour over the same window."
weight__0_48h__measured,Weight,0_48h,measured,binary,kg,0 when absent,True,"Primary excludes Time=48:00. Same-time values use median; MechVent uses max and Urine uses sum. Count is raw valid row count. Statistic 'delta' is last minus first, i.e. the (末值−首值) trend required by 实验方案 §4.1; 'slope_per_hour' is the least-squares trend per hour over the same window."
weight__0_48h__count,Weight,0_48h,count,continuous,kg,0 when absent,True,"Primary excludes Time=48:00. Same-time values use median; MechVent uses max and Urine uses sum. Count is raw valid row count. Statistic 'delta' is last minus first, i.e. the (末值−首值) trend required by 实验方案 §4.1; 'slope_per_hour' is the least-squares trend per hour over the same window."
weight__0_48h__first,Weight,0_48h,first,continuous,kg,training median; measured/count retained,True,"Primary excludes Time=48:00. Same-time values use median; MechVent uses max and Urine uses sum. Count is raw valid row count. Statistic 'delta' is last minus first, i.e. the (末值−首值) trend required by 实验方案 §4.1; 'slope_per_hour' is the least-squares trend per hour over the same window."
weight__0_48h__last,Weight,0_48h,last,continuous,kg,training median; measured/count retained,True,"Primary excludes Time=48:00. Same-time values use median; MechVent uses max and Urine uses sum. Count is raw valid row count. Statistic 'delta' is last minus first, i.e. the (末值−首值) trend required by 实验方案 §4.1; 'slope_per_hour' is the least-squares trend per hour over the same window."
weight__0_48h__min,Weight,0_48h,min,continuous,kg,training median; measured/count retained,True,"Primary excludes Time=48:00. Same-time values use median; MechVent uses max and Urine uses sum. Count is raw valid row count. Statistic 'delta' is last minus first, i.e. the (末值−首值) trend required by 实验方案 §4.1; 'slope_per_hour' is the least-squares trend per hour over the same window."
weight__0_48h__max,Weight,0_48h,max,continuous,kg,training median; measured/count retained,True,"Primary excludes Time=48:00. Same-time values use median; MechVent uses max and Urine uses sum. Count is raw valid row count. Statistic 'delta' is last minus first, i.e. the (末值−首值) trend required by 实验方案 §4.1; 'slope_per_hour' is the least-squares trend per hour over the same window."
weight__0_48h__mean,Weight,0_48h,mean,continuous,kg,training median; measured/count retained,True,"Primary excludes Time=48:00. Same-time values use median; MechVent uses max and Urine uses sum. Count is raw valid row count. Statistic 'delta' is last minus first, i.e. the (末值−首值) trend required by 实验方案 §4.1; 'slope_per_hour' is the least-squares trend per hour over the same window."
weight__0_48h__median,Weight,0_48h,median,continuous,kg,training median; measured/count retained,True,"Primary excludes Time=48:00. Same-time values use median; MechVent uses max and Urine uses sum. Count is raw valid row count. Statistic 'delta' is last minus first, i.e. the (末值−首值) trend required by 实验方案 §4.1; 'slope_per_hour' is the least-squares trend per hour over the same window."
weight__0_48h__std,Weight,0_48h,std,continuous,kg,training median; measured/count retained,True,"Primary excludes Time=48:00. Same-time values use median; MechVent uses max and Urine uses sum. Count is raw valid row count. Statistic 'delta' is last minus first, i.e. the (末值−首值) trend required by 实验方案 §4.1; 'slope_per_hour' is the least-squares trend per hour over the same window."
weight__0_48h__slope_per_hour,Weight,0_48h,slope_per_hour,continuous,kg,training median; measured/count retained,True,"Primary excludes Time=48:00. Same-time values use median; MechVent uses max and Urine uses sum. Count is raw valid row count. Statistic 'delta' is last minus first, i.e. the (末值−首值) trend required by 实验方案 §4.1; 'slope_per_hour' is the least-squares trend per hour over the same window."
weight__0_48h__delta,Weight,0_48h,delta,continuous,kg,training median; measured/count retained,True,"Primary excludes Time=48:00. Same-time values use median; MechVent uses max and Urine uses sum. Count is raw valid row count. Statistic 'delta' is last minus first, i.e. the (末值−首值) trend required by 实验方案 §4.1; 'slope_per_hour' is the least-squares trend per hour over the same window."
weight__0_48h__time_span_hours,Weight,0_48h,time_span_hours,continuous,kg,training median; measured/count retained,True,"Primary excludes Time=48:00. Same-time values use median; MechVent uses max and Urine uses sum. Count is raw valid row count. Statistic 'delta' is last minus first, i.e. the (末值−首值) trend required by 实验方案 §4.1; 'slope_per_hour' is the least-squares trend per hour over the same window."
record__0_48h__valid_observation_count,all_dynamic,0_48h,valid_observation_count,continuous,count,always observed,True,"Number of finite, non-sentinel values across dynamic parameters."
record__0_48h__distinct_parameter_count,all_dynamic,0_48h,distinct_parameter_count,continuous,count,always observed,True,Number of dynamic parameters with at least one valid value.
record__0_48h__missing_parameter_fraction,all_dynamic,0_48h,missing_parameter_fraction,continuous,fraction,always observed,True,1 - distinct_parameter_count / 37.
urine__0_48h__total,Urine,0_48h,total,continuous,mL,training median; measured/count retained,True,Sum of recorded urine values; not extrapolated for unobserved intervals.
mechvent__0_48h__ever,MechVent,0_48h,ever,binary,binary,training median; measured/count retained,True,1 if any recorded MechVent value equals 1.
bp_sys__0_48h__measured,SysABP|NISysABP,0_48h,measured,binary,mmHg,0 when absent,True,"Derived merged blood pressure: uses SysABP when this window has at least one invasive reading, otherwise NISysABP. Source parallel columns are retained separately. Excluded from record-level distinct/total observation counters."
bp_sys__0_48h__count,SysABP|NISysABP,0_48h,count,continuous,mmHg,0 when absent,True,"Derived merged blood pressure: uses SysABP when this window has at least one invasive reading, otherwise NISysABP. Source parallel columns are retained separately. Excluded from record-level distinct/total observation counters."
bp_sys__0_48h__first,SysABP|NISysABP,0_48h,first,continuous,mmHg,training median; measured/count retained,True,"Derived merged blood pressure: uses SysABP when this window has at least one invasive reading, otherwise NISysABP. Source parallel columns are retained separately. Excluded from record-level distinct/total observation counters."
bp_sys__0_48h__last,SysABP|NISysABP,0_48h,last,continuous,mmHg,training median; measured/count retained,True,"Derived merged blood pressure: uses SysABP when this window has at least one invasive reading, otherwise NISysABP. Source parallel columns are retained separately. Excluded from record-level distinct/total observation counters."
bp_sys__0_48h__min,SysABP|NISysABP,0_48h,min,continuous,mmHg,training median; measured/count retained,True,"Derived merged blood pressure: uses SysABP when this window has at least one invasive reading, otherwise NISysABP. Source parallel columns are retained separately. Excluded from record-level distinct/total observation counters."
bp_sys__0_48h__max,SysABP|NISysABP,0_48h,max,continuous,mmHg,training median; measured/count retained,True,"Derived merged blood pressure: uses SysABP when this window has at least one invasive reading, otherwise NISysABP. Source parallel columns are retained separately. Excluded from record-level distinct/total observation counters."
bp_sys__0_48h__mean,SysABP|NISysABP,0_48h,mean,continuous,mmHg,training median; measured/count retained,True,"Derived merged blood pressure: uses SysABP when this window has at least one invasive reading, otherwise NISysABP. Source parallel columns are retained separately. Excluded from record-level distinct/total observation counters."
bp_sys__0_48h__median,SysABP|NISysABP,0_48h,median,continuous,mmHg,training median; measured/count retained,True,"Derived merged blood pressure: uses SysABP when this window has at least one invasive reading, otherwise NISysABP. Source parallel columns are retained separately. Excluded from record-level distinct/total observation counters."
bp_sys__0_48h__std,SysABP|NISysABP,0_48h,std,continuous,mmHg,training median; measured/count retained,True,"Derived merged blood pressure: uses SysABP when this window has at least one invasive reading, otherwise NISysABP. Source parallel columns are retained separately. Excluded from record-level distinct/total observation counters."
bp_sys__0_48h__slope_per_hour,SysABP|NISysABP,0_48h,slope_per_hour,continuous,mmHg,training median; measured/count retained,True,"Derived merged blood pressure: uses SysABP when this window has at least one invasive reading, otherwise NISysABP. Source parallel columns are retained separately. Excluded from record-level distinct/total observation counters."
bp_sys__0_48h__delta,SysABP|NISysABP,0_48h,delta,continuous,mmHg,training median; measured/count retained,True,"Derived merged blood pressure: uses SysABP when this window has at least one invasive reading, otherwise NISysABP. Source parallel columns are retained separately. Excluded from record-level distinct/total observation counters."
bp_sys__0_48h__time_span_hours,SysABP|NISysABP,0_48h,time_span_hours,continuous,mmHg,training median; measured/count retained,True,"Derived merged blood pressure: uses SysABP when this window has at least one invasive reading, otherwise NISysABP. Source parallel columns are retained separately. Excluded from record-level distinct/total observation counters."
bp_dias__0_48h__measured,DiasABP|NIDiasABP,0_48h,measured,binary,mmHg,0 when absent,True,"Derived merged blood pressure: uses DiasABP when this window has at least one invasive reading, otherwise NIDiasABP. Source parallel columns are retained separately. Excluded from record-level distinct/total observation counters."
bp_dias__0_48h__count,DiasABP|NIDiasABP,0_48h,count,continuous,mmHg,0 when absent,True,"Derived merged blood pressure: uses DiasABP when this window has at least one invasive reading, otherwise NIDiasABP. Source parallel columns are retained separately. Excluded from record-level distinct/total observation counters."
bp_dias__0_48h__first,DiasABP|NIDiasABP,0_48h,first,continuous,mmHg,training median; measured/count retained,True,"Derived merged blood pressure: uses DiasABP when this window has at least one invasive reading, otherwise NIDiasABP. Source parallel columns are retained separately. Excluded from record-level distinct/total observation counters."
bp_dias__0_48h__last,DiasABP|NIDiasABP,0_48h,last,continuous,mmHg,training median; measured/count retained,True,"Derived merged blood pressure: uses DiasABP when this window has at least one invasive reading, otherwise NIDiasABP. Source parallel columns are retained separately. Excluded from record-level distinct/total observation counters."
bp_dias__0_48h__min,DiasABP|NIDiasABP,0_48h,min,continuous,mmHg,training median; measured/count retained,True,"Derived merged blood pressure: uses DiasABP when this window has at least one invasive reading, otherwise NIDiasABP. Source parallel columns are retained separately. Excluded from record-level distinct/total observation counters."
bp_dias__0_48h__max,DiasABP|NIDiasABP,0_48h,max,continuous,mmHg,training median; measured/count retained,True,"Derived merged blood pressure: uses DiasABP when this window has at least one invasive reading, otherwise NIDiasABP. Source parallel columns are retained separately. Excluded from record-level distinct/total observation counters."
bp_dias__0_48h__mean,DiasABP|NIDiasABP,0_48h,mean,continuous,mmHg,training median; measured/count retained,True,"Derived merged blood pressure: uses DiasABP when this window has at least one invasive reading, otherwise NIDiasABP. Source parallel columns are retained separately. Excluded from record-level distinct/total observation counters."
bp_dias__0_48h__median,DiasABP|NIDiasABP,0_48h,median,continuous,mmHg,training median; measured/count retained,True,"Derived merged blood pressure: uses DiasABP when this window has at least one invasive reading, otherwise NIDiasABP. Source parallel columns are retained separately. Excluded from record-level distinct/total observation counters."
bp_dias__0_48h__std,DiasABP|NIDiasABP,0_48h,std,continuous,mmHg,training median; measured/count retained,True,"Derived merged blood pressure: uses DiasABP when this window has at least one invasive reading, otherwise NIDiasABP. Source parallel columns are retained separately. Excluded from record-level distinct/total observation counters."
bp_dias__0_48h__slope_per_hour,DiasABP|NIDiasABP,0_48h,slope_per_hour,continuous,mmHg,training median; measured/count retained,True,"Derived merged blood pressure: uses DiasABP when this window has at least one invasive reading, otherwise NIDiasABP. Source parallel columns are retained separately. Excluded from record-level distinct/total observation counters."
bp_dias__0_48h__delta,DiasABP|NIDiasABP,0_48h,delta,continuous,mmHg,training median; measured/count retained,True,"Derived merged blood pressure: uses DiasABP when this window has at least one invasive reading, otherwise NIDiasABP. Source parallel columns are retained separately. Excluded from record-level distinct/total observation counters."
bp_dias__0_48h__time_span_hours,DiasABP|NIDiasABP,0_48h,time_span_hours,continuous,mmHg,training median; measured/count retained,True,"Derived merged blood pressure: uses DiasABP when this window has at least one invasive reading, otherwise NIDiasABP. Source parallel columns are retained separately. Excluded from record-level distinct/total observation counters."
bp_mean__0_48h__measured,MAP|NIMAP,0_48h,measured,binary,mmHg,0 when absent,True,"Derived merged blood pressure: uses MAP when this window has at least one invasive reading, otherwise NIMAP. Source parallel columns are retained separately. Excluded from record-level distinct/total observation counters."
bp_mean__0_48h__count,MAP|NIMAP,0_48h,count,continuous,mmHg,0 when absent,True,"Derived merged blood pressure: uses MAP when this window has at least one invasive reading, otherwise NIMAP. Source parallel columns are retained separately. Excluded from record-level distinct/total observation counters."
bp_mean__0_48h__first,MAP|NIMAP,0_48h,first,continuous,mmHg,training median; measured/count retained,True,"Derived merged blood pressure: uses MAP when this window has at least one invasive reading, otherwise NIMAP. Source parallel columns are retained separately. Excluded from record-level distinct/total observation counters."
bp_mean__0_48h__last,MAP|NIMAP,0_48h,last,continuous,mmHg,training median; measured/count retained,True,"Derived merged blood pressure: uses MAP when this window has at least one invasive reading, otherwise NIMAP. Source parallel columns are retained separately. Excluded from record-level distinct/total observation counters."
bp_mean__0_48h__min,MAP|NIMAP,0_48h,min,continuous,mmHg,training median; measured/count retained,True,"Derived merged blood pressure: uses MAP when this window has at least one invasive reading, otherwise NIMAP. Source parallel columns are retained separately. Excluded from record-level distinct/total observation counters."
bp_mean__0_48h__max,MAP|NIMAP,0_48h,max,continuous,mmHg,training median; measured/count retained,True,"Derived merged blood pressure: uses MAP when this window has at least one invasive reading, otherwise NIMAP. Source parallel columns are retained separately. Excluded from record-level distinct/total observation counters."
bp_mean__0_48h__mean,MAP|NIMAP,0_48h,mean,continuous,mmHg,training median; measured/count retained,True,"Derived merged blood pressure: uses MAP when this window has at least one invasive reading, otherwise NIMAP. Source parallel columns are retained separately. Excluded from record-level distinct/total observation counters."
bp_mean__0_48h__median,MAP|NIMAP,0_48h,median,continuous,mmHg,training median; measured/count retained,True,"Derived merged blood pressure: uses MAP when this window has at least one invasive reading, otherwise NIMAP. Source parallel columns are retained separately. Excluded from record-level distinct/total observation counters."
bp_mean__0_48h__std,MAP|NIMAP,0_48h,std,continuous,mmHg,training median; measured/count retained,True,"Derived merged blood pressure: uses MAP when this window has at least one invasive reading, otherwise NIMAP. Source parallel columns are retained separately. Excluded from record-level distinct/total observation counters."
bp_mean__0_48h__slope_per_hour,MAP|NIMAP,0_48h,slope_per_hour,continuous,mmHg,training median; measured/count retained,True,"Derived merged blood pressure: uses MAP when this window has at least one invasive reading, otherwise NIMAP. Source parallel columns are retained separately. Excluded from record-level distinct/total observation counters."
bp_mean__0_48h__delta,MAP|NIMAP,0_48h,delta,continuous,mmHg,training median; measured/count retained,True,"Derived merged blood pressure: uses MAP when this window has at least one invasive reading, otherwise NIMAP. Source parallel columns are retained separately. Excluded from record-level distinct/total observation counters."
bp_mean__0_48h__time_span_hours,MAP|NIMAP,0_48h,time_span_hours,continuous,mmHg,training median; measured/count retained,True,"Derived merged blood pressure: uses MAP when this window has at least one invasive reading, otherwise NIMAP. Source parallel columns are retained separately. Excluded from record-level distinct/total observation counters."
bp__0_48h__has_arterial_line,SysABP|DiasABP|MAP,0_48h,has_arterial_line,binary,none,always observed,True,1 if any invasive arterial stream has a reading in this window; presence of an arterial line is itself a severity signal.
